hirise_id,lat,lon_360,lon_180,diameter_m,single_cluster,ice_exposing,halo,mars_year,hirise_date,before_inst,before_id,before_date,after_inst,after_id,after_date,in_any_swath,size_bin,swath_0-10E,swath_80-90E,swath_130-140E,swath_180-190E,swath_300-310E,swath_245-260E,prev_ref
PSP_007561_1290,-50.5988,305.9832,-54.01679999999999,7.0,single,n,y,29,2008-03-07,THEMIS,V18325004,2006-01-31,CTX,P14_006704_1279_XI_52S053W,2007-12-31,True,5-10m,False,False,False,False,True,False,Dundas et al. 2021
PSP_007596_1295,-50.1698,70.1013,70.1013,3.97,cluster,n,n,29,2008-03-10,THEMIS,I17522007,2005-11-26,CTX,P15_006739_1314_XN_48S290W,2008-01-03,False,2-5m,False,False,False,False,False,False,Dundas et al. 2021
PSP_009212_1640,-15.9344,217.3985,-142.6015,2.9,single,n,y,29,2008-07-14,THEMIS,V14497004,2005-03-21,CTX,P19_008566_1645_XN_15S142W,2008-05-24,False,2-5m,False,False,False,False,False,False,Bart et al. 2019
PSP_004770_1710,-8.786,182.6733,-177.3267,14.38,cluster,n,y,28,2007-08-03,MOC NA,M11-03845,2000-01-27,MOC NA,E02-01678,2001-03-19,True,10-20m,False,False,False,True,False,False,
PSP_007879_1725,-7.3832,256.0283,-103.9717,8.0,single,n,y,29,2008-04-01,THEMIS,V13697001,2005-01-15,THEMIS,V26551002,2007-12-09,True,5-10m,False,False,False,False,False,True,Bart et al. 2019
PSP_009265_1730,-7.052,210.263,-149.737,36.2,cluster,n,y,29,2008-07-18,THEMIS,V17742002,2005-12-14,CTX,P19_008263_1749_XI_05S150W,2008-05-01,False,20-50m,False,False,False,False,False,False,
PSP_007496_1735,-6.2423,273.9839,-86.0161,2.091,cluster,n,y,29,2008-03-02,CTX,P03_002103_1721_XN_07S085W,2007-01-07,CTX,P15_006850_1741_XN_05S086W,2008-01-12,False,2-5m,False,False,False,False,False,False,Daubar et al. 2019
PSP_007036_1765,-3.6161,234.2425,-125.7575,17.5171,cluster,n,n,29,2008-01-26,MOC WA,M13-00714,2000-03-11,MOC WA,R07-01236,2003-07-17,False,10-20m,False,False,False,False,False,False,Daubar et al. 2019
PSP_009185_1770,-3.1074,233.1054,-126.8946,10.12,cluster,n,y,29,2008-07-12,THEMIS,V18802001,2006-03-11,CTX,P06_003344_1782_XN_01S126W,2007-04-14,False,10-20m,False,False,False,False,False,False,
PSP_005666_1790,-0.7549,200.0656,-159.9344,10.0,single,n,y,28,2007-10-11,THEMIS,I03951001,2002-11-04,THEMIS,I11228001,2004-06-25,False,5-10m,False,False,False,False,False,False,Bart et al. 2019
PSP_002764_1800,-0.0325,226.9066,-133.0934,29.31,cluster,n,y,28,2007-02-27,THEMIS,I10652014,2004-05-09,MOC WA,S15-01463,2006-02-14,False,20-50m,False,False,False,False,False,False,
PSP_004728_1805,0.4558,247.4432,-112.55680000000001,4.0,single,n,n,28,2007-07-30,MOC NA,E09-00847,2001-10-12,MOC NA,S15-00275,2006-02-03,True,2-5m,False,False,False,False,False,True,
PSP_007499_1810,0.9329,191.7461,-168.2539,37.33,cluster,n,n,29,2008-03-02,MOC NA,M02-03734,1999-06-24,MOC NA,E11-00834,2001-12-05,False,20-50m,False,False,False,False,False,False,
PSP_003754_1815,1.6859,199.3819,-160.6181,11.95,single,n,y,28,2007-05-15,THEMIS,I07720022,2003-09-11,THEMIS,I09405011,2004-01-27,False,10-20m,False,False,False,False,False,False,
PSP_005942_1825,2.4786,224.1045,-135.8955,33.49,cluster,n,y,28,2007-11-02,THEMIS,I10103010,2004-03-25,THEMIS,I10727005,2004-05-15,False,20-50m,False,False,False,False,False,False,
PSP_009305_1830,2.9997,195.6448,-164.3552,7.3917,cluster,n,n,29,2008-07-21,THEMIS,V07820021,2003-09-19,CTX,P20_008804_1816_XN_01N164W,2008-06-12,False,5-10m,False,False,False,False,False,False,Daubar et al. 2019
PSP_010147_1830,3.1551,249.1778,-110.82220000000001,6.22,single,n,y,29,2008-09-25,THEMIS,V15718009,2005-06-30,CTX,P10_004873_1821_XN_02N110W,2007-08-11,True,5-10m,False,False,False,False,False,True,
PSP_007183_1850,4.7709,180.1448,-179.8552,12.0557,cluster,n,y,29,2008-02-07,THEMIS,I09518012,2004-02-06,THEMIS,I18416013,2006-02-07,True,10-20m,False,False,False,True,False,False,Daubar et al. 2019
PSP_010177_1850,5.0086,149.8493,149.8493,3.5927,cluster,n,y,29,2008-09-27,THEMIS,V14461028,2005-03-19,CTX,P16_007250_1841_XI_04N209W,2008-02-12,False,2-5m,False,False,False,False,False,False,Daubar et al. 2019
PSP_003674_1855,5.3526,223.3237,-136.6763,10.61,cluster,n,y,28,2007-05-09,MOC WA,R13-03428,2004-01-22,THEMIS,I10440047,2004-04-22,False,10-20m,False,False,False,False,False,False,
PSP_004030_1855,5.469,224.3526,-135.6474,25.2,single,n,y,28,2007-06-06,MOC WA,M01-05675,1999-06-02,THEMIS,I07457015,2003-08-20,False,20-50m,False,False,False,False,False,False,Bart et al. 2019
PSP_007378_1860,6.1177,254.3412,-105.65880000000001,7.69,cluster,n,y,29,2008-02-22,THEMIS,I05353011,2003-02-28,THEMIS,I06464013,2003-05-30,True,5-10m,False,False,False,False,False,True,
PSP_003172_1870,6.9891,247.9141,-112.08590000000001,36.81,cluster,n,y,28,2007-03-31,THEMIS,I16679016,2005-09-17,MOC NA,S15-02778,2006-02-26,True,20-50m,False,False,False,False,False,True,
ESP_011618_1885,8.6248,46.8301,46.8301,4.48,cluster,n,y,29,2009-01-17,THEMIS,V06477024,2003-05-31,CTX,P11_005421_1898_XI_09N313W,2007-09-22,False,2-5m,False,False,False,False,False,False,
PSP_007246_1890,9.0492,259.5074,-100.49259999999998,5.13,cluster,n,y,29,2008-02-12,CTX,P09_004477_1906_XN_10N100W,2007-07-11,CTX,P13_006178_1907_XN_10N100W,2007-11-20,True,5-10m,False,False,False,False,False,True,
PSP_007009_1905,10.3747,250.2159,-109.7841,20.78,cluster,n,y,29,2008-01-24,MOC NA,R05-01197,2003-05-14,MOC NA,S14-01320,2006-01-12,True,20-50m,False,False,False,False,False,True,
PSP_008300_1905,10.4201,278.408,-81.59199999999998,6.3106,cluster,n,y,29,2008-05-04,MOC NA,E15-00562,2002-04-15,THEMIS,I07942023,2003-09-29,False,5-10m,False,False,False,False,False,False,Daubar et al. 2019
PSP_004123_1915,11.3654,203.5051,-156.4949,9.9091,cluster,n,y,28,2007-06-13,MOC WA,E13-00919,2002-02-11,THEMIS,I07645020,2003-09-04,False,5-10m,False,False,False,False,False,False,Daubar et al. 2019
PSP_007773_1930,12.9786,267.9309,-92.06909999999999,7.35,cluster,n,y,29,2008-03-24,THEMIS,V11050005,2004-06-11,CTX,P16_007127_1939_XN_13N092W,2008-02-02,False,5-10m,False,False,False,False,False,False,
PSP_003527_1940,13.7091,275.6743,-84.32569999999998,16.85,cluster,n,y,28,2007-04-28,THEMIS,I09652013,2004-02-17,MOC WA,S15-02768,2006-02-26,False,10-20m,False,False,False,False,False,False,
PSP_003925_1940,13.8509,208.5816,-151.4184,18.58,cluster,n,y,28,2007-05-29,THEMIS,V12924012,2004-11-12,MOC WA,S14-00672,2006-01-06,False,10-20m,False,False,False,False,False,False,
PSP_007272_1945,14.5242,268.8501,-91.1499,16.03,cluster,n,y,29,2008-02-14,CTX,P03_002169_1937_XI_13N091W,2007-01-12,CTX,P14_006560_1936_XN_13N091W,2007-12-20,False,10-20m,False,False,False,False,False,False,Daubar et al. 2013
PSP_006629_1955,15.2295,184.3175,-175.6825,7.7,single,n,y,29,2007-12-25,MOC WA,M07-01876,1999-09-10,MOC WA,E10-02591,2001-11-17,True,5-10m,False,False,False,True,False,False,Bart et al. 2019
PSP_003780_2000,19.7744,207.4252,-152.5748,10.61,cluster,n,y,28,2007-05-17,THEMIS,I17267007,2005-11-05,MOC WA,S15-01354,2006-02-13,False,10-20m,False,False,False,False,False,False,Daubar et al. 2019
PSP_004038_2005,20.4269,3.2945,3.2945,22.62,cluster,n,y,28,2007-06-07,THEMIS,I02409005,2002-06-30,MOC WA,R05-00630,2003-05-07,True,20-50m,True,False,False,False,False,False,
PSP_003075_2020,21.9584,14.6045,14.6045,24.5,single,n,y,28,2007-03-24,MOC WA,E03-00127,2001-04-02,MOC WA,R12-01350,2003-12-11,False,20-50m,False,False,False,False,False,False,Bart et al. 2019
PSP_008045_2020,22.0167,40.245,40.245,4.2072,cluster,n,y,29,2008-04-14,THEMIS,V11632007,2004-07-29,CTX,P17_007544_2009_XN_20N319W,2008-03-06,False,2-5m,False,False,False,False,False,False,Daubar et al. 2019
PSP_003812_2035,23.087,52.879,52.879,15.62,single,n,y,28,2007-05-20,MOC WA,E01-00237,2001-02-04,MOC WA,S07-01349,2005-06-13,False,10-20m,False,False,False,False,False,False,Daubar et al. 2014
PSP_004374_2040,23.9758,189.2971,-170.7029,6.66,single,n,n,28,2007-07-03,THEMIS,I09680023,2004-02-19,MOC NA,S05-00831,2005-04-15,True,5-10m,False,False,False,True,False,False,
PSP_006758_2050,24.6758,261.5223,-98.47770000000003,15.36,cluster,n,y,29,2008-01-05,THEMIS,I18276013,2006-01-27,THEMIS,I18588008,2006-02-21,False,10-20m,False,False,False,False,False,False,
PSP_004175_2060,25.5007,221.7568,-138.2432,6.48,single,n,y,28,2007-06-17,THEMIS,I02002003,2002-05-28,THEMIS,I09604020,2004-02-13,False,5-10m,False,False,False,False,False,False,Daubar et al. 2014
PSP_005579_2060,25.6007,52.1467,52.1467,21.6612,cluster,n,y,28,2007-10-05,THEMIS,V17834021,2005-12-21,MOC WA,S14-03311,2006-01-31,False,20-50m,False,False,False,False,False,False,Daubar et al. 2019
PSP_006998_2060,25.6044,188.5794,-171.4206,2.1,cluster,n,y,29,2008-01-23,CTX,P06_003451_2035_XN_23N171W,2007-04-22,CTX,P13_006286_2073_XN_27N171W,2007-11-29,True,2-5m,False,False,False,True,False,False,Daubar et al. 2013
PSP_003101_2065,26.1584,23.6275,23.6275,16.73,single,n,y,28,2007-03-26,MOC WA,R12-00786,2003-12-08,THEMIS,I17523014,2005-11-26,False,10-20m,False,False,False,False,False,False,Daubar et al. 2014
PSP_002736_2075,27.0551,268.332,-91.668,16.77,cluster,n,y,28,2007-02-25,MOC WA,R04-01354,2003-04-18,THEMIS,I09540014,2004-02-07,False,10-20m,False,False,False,False,False,False,Bart et al. 2019
PSP_003602_2085,28.4547,25.1963,25.1963,17.73,cluster,n,y,28,2007-05-04,HRSC,H1483_0000_ND3,2005-03-14,MOC WA,S15-02721,2006-02-26,False,10-20m,False,False,False,False,False,False,
PSP_003958_2095,28.9901,26.9261,26.9261,10.69,single,n,y,28,2007-05-31,MOC WA,R05-00427,2003-05-05,MOC WA,S05-01885,2005-04-29,False,10-20m,False,False,False,False,False,False,Daubar et al. 2014
PSP_008236_2180,37.4811,222.26,-137.74,5.0,cluster,n,y,29,2008-04-29,THEMIS,V22246010,2006-12-20,CTX,P17_007735_2186_XN_38N137W,2008-03-21,False,2-5m,False,False,False,False,False,False,Dundas et al. 2021
PSP_008015_2205,40.3738,136.5761,136.5761,9.28,cluster,n,y,29,2008-04-12,THEMIS,V14237009,2005-02-28,CTX,P17_007514_2208_XN_40N223W,2008-03-03,True,5-10m,False,False,True,False,False,False,Daubar et al. 2019
PSP_010084_2235,43.2965,164.2101,164.2101,6.0,single,y,y,29,2008-09-20,THEMIS,V22273012,2006-12-22,CTX,P21_009095_2225_XN_42N195W,2008-07-05,False,5-10m,False,False,False,False,False,False,Dundas et al. 2021
PSP_009978_2265,46.3514,176.8906,176.8906,7.56,cluster,y,y,29,2008-09-12,CTX,P20_008699_2247_XN_44N182W,2008-06-04,CTX,P22_009556_2263_XI_46N183W,2008-08-10,False,5-10m,False,False,False,False,False,False,
ESP_011428_2200,39.5655,190.0457,-169.9543,3.06,cluster,n,y,29,2009-01-02,THEMIS,V26565016,2007-12-10,CTX,B02_010505_2205_XN_40N170W,2008-10-23,False,2-5m,False,False,False,False,False,False,
ESP_011425_1775,-2.355,278.2588,-81.74119999999999,53.9,single,n,y,29,2009-01-02,MOC NA,S03-00139,2005-02-03,MOC NA,S07-00871,2005-06-08,False,50-100m,False,False,False,False,False,False,
ESP_011360_1655,-14.3989,253.8538,-106.1462,2.39,cluster,n,y,29,2008-12-28,THEMIS,V26576005,2007-12-11,CTX,P19_008301_1656_XN_14S106W,2008-05-04,True,2-5m,False,False,False,False,False,True,
ESP_011368_1860,6.1132,32.2888,32.2888,4.01,cluster,n,y,29,2008-12-29,THEMIS,V11757007,2004-08-08,CTX,B02_010445_1868_XI_06N327W,2008-10-18,False,2-5m,False,False,False,False,False,False,
ESP_011295_2205,40.3216,221.222,-138.778,11.63,cluster,possible,y,29,2008-12-23,THEMIS,V13972003,2005-02-06,CTX,P20_009027_2190_XN_39N138W,2008-06-29,False,10-20m,False,False,False,False,False,False,
PSP_010331_1755,-4.5049,265.9059,-94.09410000000003,4.8,single,n,y,29,2008-10-09,THEMIS,V26064001,2007-10-30,CTX,P16_007259_1772_XN_02S094W,2008-02-13,False,2-5m,False,False,False,False,False,False,Daubar et al. 2014
PSP_010528_1770,-2.9551,287.8235,-72.17649999999998,3.6205,cluster,n,y,29,2008-10-24,CTX,P02_001997_1744_XN_05S072W,2006-12-30,CTX,P18_007891_1742_XN_05S071W,2008-04-02,False,2-5m,False,False,False,False,False,False,Daubar et al. 2019
PSP_010635_1780,-2.0209,246.5743,-113.4257,6.51,cluster,n,y,29,2008-11-02,CTX,B01_009923_1790_XN_01S113W,2008-09-07,CTX,B01_010213_1790_XN_01S113W,2008-09-30,True,5-10m,False,False,False,False,False,True,Daubar et al. 2013
PSP_010319_1780,-1.9284,233.1307,-126.86930000000001,6.4,cluster,n,y,29,2008-10-08,CTX,P06_003344_1782_XN_01S126W,2007-04-14,CTX,P19_008539_1776_XI_02S126W,2008-05-22,False,5-10m,False,False,False,False,False,False,Daubar et al. 2013
PSP_010292_1785,-1.2803,250.1199,-109.8801,12.34,cluster,n,y,29,2008-10-06,THEMIS,V15382001,2005-06-02,CTX,P19_008367_1791_XN_00S110W,2008-05-09,True,10-20m,False,False,False,False,False,True,
PSP_010200_1805,0.4988,242.327,-117.673,8.6,cluster,n,y,29,2008-09-29,THEMIS,V23518007,2007-04-03,CTX,P19_008420_1822_XI_02N117W,2008-05-13,False,5-10m,False,False,False,False,False,False,
PSP_010740_1840,3.9624,258.3892,-101.61079999999998,3.73,single,n,n,29,2008-11-10,THEMIS,V19524012,2006-05-09,CTX,P20_009039_1834_XN_03N101W,2008-06-30,True,2-5m,False,False,False,False,False,True,Daubar et al. 2014
PSP_010862_1880,8.0931,167.0077,167.0077,5.74,single,n,n,29,2008-11-19,THEMIS,V18092020,2006-01-12,CTX,P19_008515_1880_XI_08N192W,2008-05-20,False,5-10m,False,False,False,False,False,False,
PSP_010621_1960,15.6504,266.2163,-93.78370000000001,5.376,cluster,n,y,29,2008-11-01,CTX,P12_005558_1952_XN_15N093W,2007-10-03,CTX,P18_007984_1959_XN_15N093W,2008-04-09,False,5-10m,False,False,False,False,False,False,Daubar et al. 2019
PSP_010634_2135,33.1716,268.1102,-91.88979999999998,6.3033,cluster,n,y,29,2008-11-02,THEMIS,V12947007,2004-11-14,CTX,P21_009144_2133_XN_33N092W,2008-07-09,False,5-10m,False,False,False,False,False,False,Daubar et al. 2019
PSP_010547_2195,38.9384,123.7127,123.7127,6.0,single,n,y,29,2008-10-26,MOC NA,M02-02002,1999-06-15,THEMIS,V26742021,2007-12-25,False,5-10m,False,False,False,False,False,False,Dundas et al. 2021
PSP_010585_2255,45.0674,164.7022,164.7022,5.79,cluster,y,y,29,2008-10-29,THEMIS,V27090026,2008-01-22,CTX,B01_010018_2247_XN_44N195W,2008-09-15,False,5-10m,False,False,False,False,False,False,
PSP_010861_2265,46.1786,188.4953,-171.5047,12.0,single,y,n,29,2008-11-19,THEMIS,V11315010,2004-07-03,CTX,P20_009015_2262_XI_46N171W,2008-06-28,True,10-20m,False,False,False,True,False,False,Dundas et al. 2021
PSP_010625_2360,55.5832,150.6025,150.6025,6.41,cluster,y,n,29,2008-11-01,THEMIS,V27128013,2008-01-26,CTX,B01_010058_2375_XN_57N209W,2008-09-18,False,5-10m,False,False,False,False,False,False,
ESP_013161_1715,-8.6155,43.4768,43.4768,5.74,single,n,n,29,2009-05-18,THEMIS,V31125003,2008-12-20,CTX,B08_012594_1713_XN_08S316W,2009-04-03,False,5-10m,False,False,False,False,False,False,
ESP_012047_1755,-4.3747,217.1195,-142.8805,9.29,cluster,n,y,29,2009-02-20,THEMIS,V06497001,2003-06-02,CTX,P22_009568_1781_XI_01S143W,2008-08-11,False,5-10m,False,False,False,False,False,False,
ESP_012441_1775,-2.668,260.5269,-99.47309999999999,5.35,single,n,n,29,2009-03-22,THEMIS,V07981001,2003-10-02,CTX,B05_011452_1764_XN_03S099W,2009-01-04,False,5-10m,False,False,False,False,False,False,Daubar et al. 2014
PSP_010255_1700,-9.7199,181.3797,-178.6203,3.68,cluster,n,y,29,2008-10-03,THEMIS,V15896002,2005-07-15,CTX,P22_009688_1705_XI_09S178W,2008-08-20,True,2-5m,False,False,False,True,False,False,
ESP_011584_1785,-1.5685,256.1356,-103.86439999999999,5.86,single,n,y,29,2009-01-15,THEMIS,V27437001,2008-02-20,CTX,B01_009883_1781_XI_01S103W,2008-09-04,True,5-10m,False,False,False,False,False,True,Daubar et al. 2014
ESP_011698_1810,1.0743,24.4375,24.4375,6.57,cluster,n,y,29,2009-01-24,THEMIS,V17735030,2005-12-13,CTX,B02_010564_1805_XN_00N335W,2008-10-27,False,5-10m,False,False,False,False,False,False,
ESP_011610_1825,2.3859,266.7247,-93.27530000000002,10.33,cluster,n,n,29,2009-01-17,THEMIS,V16566015,2005-09-08,CTX,P19_008340_1839_XN_03N093W,2008-05-07,False,10-20m,False,False,False,False,False,False,
ESP_012349_1830,2.91,250.7689,-109.2311,2.72,single,n,y,29,2009-03-15,CTX,P17_007510_1851_XN_05N109W,2008-03-03,CTX,B05_011782_1818_XI_01N109W,2009-01-30,True,2-5m,False,False,False,False,False,True,Daubar et al. 2014
ESP_013287_1845,4.4312,201.3967,-158.6033,4.82,cluster,n,y,29,2009-05-27,CTX,P18_008171_1829_XN_02N158W,2008-04-24,CTX,B08_012931_1847_XN_04N158W,2009-04-30,False,2-5m,False,False,False,False,False,False,
ESP_012588_1855,5.3033,205.7821,-154.2179,9.5,single,n,y,29,2009-04-03,THEMIS,V12350011,2004-09-26,CTX,B06_011810_1839_XN_03N153W,2009-02-01,False,5-10m,False,False,False,False,False,False,Bart et al. 2019
ESP_012375_2035,23.2913,257.9596,-102.04039999999998,9.54,cluster,n,y,29,2009-03-17,THEMIS,I10364011,2004-04-15,THEMIS,V18039022,2006-01-07,True,5-10m,False,False,False,False,False,True,
ESP_011623_2100,29.5135,267.3997,-92.6003,6.9,single,n,y,29,2009-01-18,THEMIS,V11724006,2004-08-05,CTX,P17_007562_2072_XN_27N092W,2008-03-07,False,5-10m,False,False,False,False,False,False,Bart et al. 2019
ESP_011716_2100,29.6604,249.3825,-110.6175,5.0,single,n,y,29,2009-01-25,THEMIS,V22557007,2007-01-14,CTX,P15_006943_2123_XN_32N110W,2008-01-19,True,2-5m,False,False,False,False,False,True,Bart et al. 2019
ESP_011781_2100,29.9256,274.4034,-85.59660000000002,3.8,cluster,n,y,29,2009-01-30,THEMIS,V17714022,2005-12-11,CTX,B03_010647_2100_XN_30N085W,2008-11-03,False,2-5m,False,False,False,False,False,False,
ESP_011491_2090,28.5869,271.5039,-88.49610000000001,3.89,cluster,n,y,29,2009-01-07,THEMIS,V18076015,2006-01-10,CTX,P20_008722_2087_XN_28N088W,2008-06-06,False,2-5m,False,False,False,False,False,False,
ESP_014150_2130,32.7474,37.6323,37.6323,15.0,single,n,y,29,2009-08-03,HRSC,H1600_0001_ND3_02,2005-04-15,CTX,P20_008836_2138_XN_33N322W,2008-06-15,False,10-20m,False,False,False,False,False,False,Bart et al. 2019
ESP_016203_2195,39.3726,149.3754,149.3754,22.0,single,possible,y,30,2010-01-10,HRSC,H1533_0000_ND3_10,2005-03-28,CTX,P13_006261_2177_XN_37N210W,2007-11-27,False,20-50m,False,False,False,False,False,False,Dundas et al. 2021
ESP_016559_1855,5.5278,153.4704,153.4704,4.0985,cluster,n,y,30,2010-02-06,HRSC,H2143_0000_ND3_03,2005-09-14,CTX,P03_002081_1866_XN_06N206W,2007-01-05,False,2-5m,False,False,False,False,False,False,Daubar et al. 2019
ESP_016149_1905,10.5985,186.484,-173.516,4.3769,cluster,n,y,30,2010-01-05,CTX,P08_004150_1923_XI_12N173W,2007-06-15,CTX,B07_012259_1927_XI_12N173W,2009-03-08,True,2-5m,False,False,False,True,False,False,Daubar et al. 2019
ESP_013788_1910,10.6813,203.0204,-156.9796,3.7557,cluster,n,n,29,2009-07-05,THEMIS,V10890005,2004-05-29,CTX,B07_012443_1895_XI_09N156W,2009-03-23,False,2-5m,False,False,False,False,False,False,Daubar et al. 2019
ESP_013590_1625,-17.3476,211.9291,-148.0709,4.77,single,n,y,29,2009-06-20,THEMIS,V18291005,2006-01-28,CTX,B04_011322_1621_XI_17S148W,2008-12-25,False,2-5m,False,False,False,False,False,False,
ESP_018561_1710,-8.8785,217.6415,-142.3585,4.85,cluster,n,y,30,2010-07-12,CTX,P03_002382_1705_XN_09S142W,2007-01-29,CTX,B09_013181_1733_XN_06S142W,2009-05-19,False,2-5m,False,False,False,False,False,False,
ESP_013893_1755,-4.3046,218.3305,-141.6695,8.4,single,n,y,29,2009-07-14,THEMIS,V12363001,2004-09-27,CTX,B05_011414_1750_XN_05S141W,2009-01-01,False,5-10m,False,False,False,False,False,False,Bart et al. 2019
ESP_013629_1740,-5.7344,226.4139,-133.5861,10.107,cluster,n,y,29,2009-06-23,THEMIS,V15258002,2005-05-23,CTX,B09_013062_1730_XN_07S133W,2009-05-10,False,10-20m,False,False,False,False,False,False,Daubar et al. 2019
ESP_014143_1950,14.7599,230.1146,-129.8854,10.701,cluster,n,y,29,2009-08-02,CTX,P15_006746_1969_XN_16N130W,2008-01-04,CTX,B09_013220_1948_XN_14N130W,2009-05-22,False,10-20m,False,False,False,False,False,False,Daubar et al. 2019
ESP_015989_1835,3.4174,235.2306,-124.76939999999999,7.0,single,n,y,30,2009-12-24,THEMIS,V12636004,2004-10-19,CTX,B10_013655_1821_XN_02N124W,2009-06-25,False,5-10m,False,False,False,False,False,False,Bart et al. 2019
ESP_013800_1820,2.2213,236.4945,-123.50550000000001,9.7512,cluster,n,n,29,2009-07-06,THEMIS,V11076007,2004-06-13,HRSC,H1034_0000_ND3_02,2004-11-08,False,5-10m,False,False,False,False,False,False,Daubar et al. 2019
ESP_013655_1710,-9.0133,236.3692,-123.6308,9.3733,cluster,n,y,29,2009-06-25,THEMIS,V15345002,2005-05-30,CTX,P09_004412_1694_XI_10S123W,2007-07-06,False,5-10m,False,False,False,False,False,False,Daubar et al. 2019
ESP_016648_1665,-13.223,246.319,-113.68100000000001,7.46,single,n,y,30,2010-02-13,THEMIS,V22795002,2007-02-03,CTX,B08_012758_1658_XN_14S113W,2009-04-16,True,5-10m,False,False,False,False,False,True,Daubar et al. 2014
ESP_013694_2060,25.8463,247.6164,-112.3836,8.35,cluster,n,y,29,2009-06-28,THEMIS,V03549003,2002-10-02,THEMIS,V12436010,2004-10-03,True,5-10m,False,False,False,False,False,True,
ESP_016239_2060,25.8855,247.8557,-112.14429999999999,4.0621,cluster,n,n,30,2010-01-12,THEMIS,V12436010,2004-10-03,CTX,P12_005585_2053_XI_25N111W,2007-10-05,True,2-5m,False,False,False,False,False,True,Daubar et al. 2019
ESP_015949_1795,-0.6296,248.9133,-111.08670000000001,36.0,cluster,n,n,30,2009-12-21,CTX,P03_002394_1809_XN_00N111W,2007-01-29,CTX,B09_013193_1810_XI_01N111W,2009-05-20,True,20-50m,False,False,False,False,False,True,Daubar et al. 2013
ESP_013707_1915,11.476,255.0113,-104.9887,4.48,cluster,n,y,29,2009-06-29,CTX,P13_005954_1927_XI_12N105W,2007-11-03,CTX,B06_012006_1912_XI_11N104W,2009-02-17,True,2-5m,False,False,False,False,False,True,
ESP_013641_1745,-5.2494,258.6694,-101.3306,4.04,single,n,y,29,2009-06-24,HRSC,H2032_0000_ND3,2005-08-14,CTX,B09_013074_1741_XN_05S101W,2009-05-11,True,2-5m,False,False,False,False,False,True,
ESP_016331_1730,-6.848,259.395,-100.60500000000002,7.9,cluster,n,y,30,2010-01-20,CTX,P21_009250_1733_XI_06S100W,2008-07-17,CTX,B11_013786_1729_XI_07S100W,2009-07-05,True,5-10m,False,False,False,False,False,True,Daubar et al. 2013
ESP_014010_1800,0.1597,263.7519,-96.24810000000002,9.82,cluster,n,y,29,2009-07-23,THEMIS,V27573048,2008-03-02,CTX,B08_012665_1793_XI_00S096W,2009-04-09,False,5-10m,False,False,False,False,False,False,Bart et al. 2019
ESP_013799_1755,-4.37,264.5975,-95.40249999999997,11.0,single,n,y,29,2009-07-06,HRSC,H2402_0001_ND3_01,2005-11-26,HRSC,H2728_0001_ND3,2006-02-25,False,10-20m,False,False,False,False,False,False,Bart et al. 2019
ESP_014168_1920,12.1015,268.8375,-91.16250000000002,5.7,single,n,y,29,2009-08-04,THEMIS,V17165018,2005-10-27,CTX,B05_011478_1897_XN_09N090W,2009-01-06,False,5-10m,False,False,False,False,False,False,Bart et al. 2019
ESP_016238_1850,4.9619,277.7892,-82.2108,19.8656,cluster,n,y,30,2010-01-12,MOC NA,E05-02173,2001-06-23,MOC NA,E21-00409,2002-10-08,False,10-20m,False,False,False,False,False,False,Daubar et al. 2019
ESP_013640_2055,25.4291,282.5896,-77.41039999999998,6.0,single,n,y,29,2009-06-24,THEMIS,V12310005,2004-09-23,CTX,P15_006955_2062_XN_26N077W,2008-01-20,False,5-10m,False,False,False,False,False,False,Bart et al. 2019
ESP_015908_2310,50.6709,278.399,-81.601,5.75,single,y,n,30,2009-12-18,HRSC,H3305_0000_ND3,2006-08-06,CTX,P18_008102_2285_XI_48N081W,2008-04-18,False,5-10m,False,False,False,False,False,False,Dundas et al. 2021
ESP_016115_2010,20.8062,33.6409,33.6409,3.0,single,n,y,30,2010-01-03,THEMIS,V13916013,2005-02-02,CTX,B02_010524_2011_XN_21N326W,2008-10-24,False,2-5m,False,False,False,False,False,False,Bart et al. 2019
ESP_016133_1825,2.5386,264.1102,-95.88979999999998,4.5429,cluster,n,n,30,2010-01-04,THEMIS,V13858013,2005-01-28,CTX,B12_014155_1814_XN_01N095W,2009-08-03,False,2-5m,False,False,False,False,False,False,Daubar et al. 2019
ESP_016161_1755,-4.2191,220.5513,-139.4487,10.8009,cluster,n,y,30,2010-01-06,THEMIS,V13848001,2005-01-27,CTX,B12_014183_1762_XN_03S139W,2009-08-05,False,10-20m,False,False,False,False,False,False,Daubar et al. 2019
ESP_016186_1725,-7.3021,258.141,-101.85899999999998,21.92,cluster,n,n,30,2010-01-08,THEMIS,V19500001,2006-05-07,CTX,B11_013852_1742_XN_05S102W,2009-07-10,True,20-50m,False,False,False,False,False,True,
ESP_016200_1740,-6.0188,236.0335,-123.9665,5.64,cluster,n,y,30,2010-01-09,CTX,P07_003845_1749_XN_05S124W,2007-05-23,CTX,B05_011743_1731_XN_06S124W,2009-01-27,False,5-10m,False,False,False,False,False,False,
ESP_016299_2095,29.4368,49.1482,49.1482,23.3,single,n,y,30,2010-01-17,HRSC,H2963_0000_ND3_02,2006-05-02,CTX,B12_014321_2095_XN_29N310W,2009-08-16,False,20-50m,False,False,False,False,False,False,Bart et al. 2019
ESP_016344_1825,2.5982,264.196,-95.80399999999997,6.26,single,n,n,30,2010-01-21,MOC NA,E05-00681,2001-06-07,THEMIS,V13858013,2005-01-28,False,5-10m,False,False,False,False,False,False,
ESP_016465_1735,-6.4201,202.3956,-157.6044,7.94,cluster,n,y,30,2010-01-30,HRSC,H1941_0000_ND3,2005-07-20,HRSC,H5168_0000_ND3,2008-01-10,False,5-10m,False,False,False,False,False,False,
ESP_016557_2240,43.7776,203.3071,-156.6929,6.47,cluster,possible,y,30,2010-02-06,THEMIS,V30520007,2008-10-31,CTX,B16_015990_2226_XI_42N156W,2009-12-24,False,5-10m,False,False,False,False,False,False,
ESP_016501_2185,38.4291,293.7998,-66.2002,1.63,cluster,n,y,30,2010-02-02,HRSC,H5329_0000_ND3_06,2008-02-25,CTX,B16_016079_2203_XN_40N066W,2009-12-31,False,<2m,False,False,False,False,False,False,
ESP_016582_1760,-4.1677,246.7092,-113.29079999999999,5.05,cluster,n,y,30,2010-02-08,CTX,P09_004438_1763_XI_03S113W,2007-07-08,CTX,B11_014037_1761_XN_03S113W,2009-07-25,True,5-10m,False,False,False,False,False,True,
ESP_016610_1725,-7.3429,202.8598,-157.1402,4.24,cluster,n,y,30,2010-02-10,THEMIS,V06485001,2003-06-01,HRSC,H5168_0000_ND3,2008-01-10,False,2-5m,False,False,False,False,False,False,
ESP_016660_1860,6.1256,276.7063,-83.2937,3.13,single,n,n,30,2010-02-14,HRSC,H2957_0000_ND3,2006-04-30,HRSC,H5286_0001_ND3,2008-02-13,False,2-5m,False,False,False,False,False,False,
ESP_016676_1785,-1.4961,200.6245,-159.3755,16.38,cluster,n,y,30,2010-02-15,HRSC,H1963_0000_ND3_05,2005-07-26,CTX,B10_013353_1787_XN_01S159W,2009-06-01,False,10-20m,False,False,False,False,False,False,
ESP_016793_1855,5.4193,245.4656,-114.5344,5.85,single,n,y,30,2010-02-25,HRSC,H2208_0000_ND3,2005-10-02,CTX,P16_007352_1856_XN_05N114W,2008-02-20,True,5-10m,False,False,False,False,False,True,
ESP_016814_2125,32.2941,28.9591,28.9591,12.34,cluster,n,y,30,2010-02-26,HRSC,H1450_0000_ND3_16,2005-03-04,CTX,B16_016036_2128_XI_32N331W,2009-12-28,False,10-20m,False,False,False,False,False,False,
ESP_016954_2245,44.222,164.2014,164.2014,33.8043,cluster,y,y,30,2010-03-09,THEMIS,V30459009,2008-10-26,CTX,B17_016387_2256_XN_45N196W,2010-01-24,False,20-50m,False,False,False,False,False,False,Daubar et al. 2019
ESP_016919_2130,32.9339,42.6559,42.6559,2.91,single,n,y,30,2010-03-06,HRSC,H1578_0000_ND3,2005-04-09,CTX,B16_015930_2137_XN_33N317W,2009-12-19,False,2-5m,False,False,False,False,False,False,
ESP_016994_2245,44.3504,152.9248,152.9248,8.0,cluster,y,y,30,2010-03-12,THEMIS,V10530010,2004-04-29,CTX,B17_016216_2244_XN_44N207W,2010-01-11,False,5-10m,False,False,False,False,False,False,
ESP_017003_1825,2.3972,272.2549,-87.74509999999998,4.99,single,n,y,30,2010-03-13,THEMIS,V32351010,2009-03-31,CTX,B17_016436_1801_XN_00N087W,2010-01-28,False,2-5m,False,False,False,False,False,False,
ESP_017025_1515,-28.0168,36.0107,36.0107,7.44,cluster,n,n,30,2010-03-15,THEMIS,V26571009,2007-12-11,CTX,B17_016247_1509_XN_29S323W,2010-01-13,False,5-10m,False,False,False,False,False,False,Daubar et al. 2019
ESP_017030_1755,-4.5451,256.9135,-103.0865,11.2415,cluster,n,y,30,2010-03-15,HRSC,H0016_0008_ND3,2004-01-13,HRSC,H3210_0000_ND3,2006-07-10,True,10-20m,False,False,False,False,False,True,Daubar et al. 2019
ESP_017038_1790,-0.965,37.833,37.833,5.53,cluster,n,y,30,2010-03-16,CTX,P07_003694_1797_XI_00S322W,2007-05-11,CTX,B17_016260_1788_XN_01S322W,2010-01-14,False,5-10m,False,False,False,False,False,False,
ESP_017097_1780,-1.7913,227.4707,-132.5293,8.83,single,n,y,30,2010-03-20,THEMIS,V11563011,2004-07-23,CTX,B05_011651_1771_XN_02S132W,2009-01-20,False,5-10m,False,False,False,False,False,False,
ESP_017328_2055,25.3111,36.7949,36.7949,4.7,single,n,y,30,2010-04-07,THEMIS,V29590018,2008-08-15,CTX,B18_016761_2065_XN_26N323W,2010-02-22,False,2-5m,False,False,False,False,False,False,
ESP_017329_1850,4.7423,12.4393,12.4393,7.78,single,n,y,30,2010-04-07,HRSC,H3000_0000_ND3,2006-05-12,CTX,B18_016762_1852_XN_05N347W,2010-02-22,False,5-10m,False,False,False,False,False,False,
ESP_017262_2160,35.5174,36.3484,36.3484,6.66,cluster,n,y,30,2010-04-02,THEMIS,V20680010,2006-08-13,CTX,B18_016695_2168_XI_36N323W,2010-02-17,False,5-10m,False,False,False,False,False,False,
ESP_017192_2170,36.9152,148.2971,148.2971,10.85,cluster,n,y,30,2010-03-28,HRSC,H1262_0000_ND3,2005-01-11,CTX,B18_016625_2179_XN_37N212W,2010-02-11,False,10-20m,False,False,False,False,False,False,Dundas et al. 2021
ESP_017231_1880,7.8268,166.8812,166.8812,6.64,cluster,n,y,30,2010-03-31,THEMIS,V13799015,2005-01-23,CTX,P21_009161_1881_XI_08N193W,2008-07-10,False,5-10m,False,False,False,False,False,False,
ESP_017333_1935,13.2428,260.9528,-99.04719999999998,10.11,cluster,n,y,30,2010-04-08,HRSC,H5225_0000_ND3,2008-01-26,CTX,B16_015988_1933_XI_13N098W,2009-12-24,False,10-20m,False,False,False,False,False,False,
ESP_017425_2045,24.0728,268.9265,-91.07350000000002,10.42,cluster,n,y,30,2010-04-15,THEMIS,V20597003,2006-08-06,CTX,B19_016858_2029_XN_22N091W,2010-03-02,False,10-20m,False,False,False,False,False,False,
ESP_017447_1785,-1.3258,30.7988,30.7988,18.4,single,n,y,30,2010-04-16,HRSC,H2027_0000_ND3,2005-08-13,CTX,B17_016313_1811_XN_01N329W,2010-01-18,False,10-20m,False,False,False,False,False,False,Bart et al. 2019
ESP_017478_1760,-3.9384,264.9726,-95.0274,6.03,cluster,n,y,30,2010-04-19,THEMIS,V10140001,2004-03-28,CTX,B17_016344_1763_XN_03S095W,2010-01-21,False,5-10m,False,False,False,False,False,False,
ESP_017481_2110,30.494,178.2495,178.2495,9.02,cluster,n,y,30,2010-04-19,CTX,P18_008119_2106_XN_30N182W,2008-04-20,CTX,B17_016347_2105_XN_30N181W,2010-01-21,False,5-10m,False,False,False,False,False,False,
ESP_017492_1890,9.0191,241.3683,-118.6317,5.99,cluster,n,y,30,2010-04-20,THEMIS,V27761029,2008-03-18,CTX,B19_016925_1880_XN_08N118W,2010-03-07,False,5-10m,False,False,False,False,False,False,
ESP_017389_1690,-10.8395,176.0065,176.0065,6.18,cluster,n,y,30,2010-04-12,HRSC,H0024_0000_ND3_08,2004-01-16,HRSC,H1879_0000_ND3_01,2005-07-02,False,5-10m,False,False,False,False,False,False,
ESP_017637_1875,7.2953,241.9654,-118.03460000000001,4.6037,cluster,n,y,30,2010-05-01,THEMIS,V27162035,2008-01-28,CTX,B19_016925_1880_XN_08N118W,2010-03-07,False,2-5m,False,False,False,False,False,False,Daubar et al. 2019
ESP_017658_1830,2.7421,29.5329,29.5329,7.52,cluster,n,y,30,2010-05-03,HRSC,H3183_0001_ND3_02,2006-07-02,CTX,B18_016735_1809_XN_00N330W,2010-02-20,False,5-10m,False,False,False,False,False,False,
ESP_017566_2025,22.2947,19.1258,19.1258,5.78,cluster,n,y,30,2010-04-26,MOC NA,S15-00579,2006-02-06,THEMIS,V21317011,2006-10-04,False,5-10m,False,False,False,False,False,False,
ESP_017789_2335,53.2738,46.2576,46.2576,9.0,single,y,y,30,2010-05-13,THEMIS,V27194020,2008-01-31,CTX,B20_017433_2324_XI_52N313W,2010-04-15,False,5-10m,False,False,False,False,False,False,Dundas et al. 2021
ESP_017868_2440,63.9191,44.8778,44.8778,20.0,single,y,n,30,2010-05-19,THEMIS,V27868007,2008-03-26,CTX,B19_017156_2424_XI_62N314W,2010-03-25,False,10-20m,False,False,False,False,False,False,Dundas et al. 2021
ESP_017770_1990,18.6672,209.1481,-150.8519,5.01,cluster,n,y,30,2010-05-12,HRSC,H2987_0000_ND3,2006-05-09,CTX,B19_017058_1993_XN_19N151W,2010-03-17,False,5-10m,False,False,False,False,False,False,
ESP_017803_2080,27.5053,26.9636,26.9636,4.92,cluster,n,y,30,2010-05-14,THEMIS,V28355010,2008-05-06,CTX,B19_016880_2082_XI_28N332W,2010-03-03,False,2-5m,False,False,False,False,False,False,
ESP_017808_1755,-4.5565,254.9574,-105.0426,9.4547,cluster,n,y,30,2010-05-15,THEMIS,V06633001,2003-06-13,HRSC,H0068_0000_ND3,2004-01-31,True,5-10m,False,False,False,False,False,True,Daubar et al. 2019
ESP_017821_1820,2.1266,259.6874,-100.31259999999997,3.07,single,n,y,30,2010-05-16,THEMIS,V23767013,2007-04-24,CTX,B19_016898_1805_XN_00N100W,2010-03-05,True,2-5m,False,False,False,False,False,True,
ESP_017926_2310,50.5098,265.1962,-94.80380000000002,6.71,cluster,y,y,30,2010-05-24,THEMIS,V27124014,2008-01-25,CTX,B20_017570_2311_XN_51N094W,2010-04-26,False,5-10m,False,False,False,False,False,False,
ESP_017927_1875,7.4931,245.1876,-114.8124,9.08,cluster,n,y,30,2010-05-24,CTX,P17_007497_1865_XN_06N114W,2008-03-02,CTX,B20_017360_1895_XI_09N115W,2010-04-10,True,5-10m,False,False,False,False,False,True,Daubar et al. 2013
ESP_017969_1855,5.5427,177.8914,177.8914,11.08,cluster,n,y,30,2010-05-27,CTX,P02_001790_1871_XN_07N182W,2006-12-13,CTX,B06_012022_1845_XI_04N182W,2009-02-18,False,10-20m,False,False,False,False,False,False,
ESP_017991_2195,39.302,293.787,-66.21300000000002,3.11,cluster,n,y,30,2010-05-29,HRSC,H5329_0000_ND3_06,2008-02-25,CTX,B16_016079_2203_XN_40N066W,2009-12-31,False,2-5m,False,False,False,False,False,False,
ESP_018019_1735,-6.6436,254.7046,-105.2954,6.92,cluster,n,y,30,2010-05-31,THEMIS,V18639002,2006-02-26,CTX,B09_013061_1741_XI_05S105W,2009-05-10,True,5-10m,False,False,False,False,False,True,
ESP_018032_1770,-2.9532,259.1879,-100.81209999999999,6.19,cluster,n,y,30,2010-06-01,THEMIS,V31604001,2009-01-28,CTX,B19_017109_1777_XN_02S100W,2010-03-21,True,5-10m,False,False,False,False,False,True,
ESP_018045_1760,-3.792,264.801,-95.19900000000001,20.56,single,n,y,30,2010-06-02,HRSC,H2402_0001_ND3_01,2005-11-26,CTX,B17_016344_1763_XN_03S095W,2010-01-21,False,20-50m,False,False,False,False,False,False,Daubar et al. 2014
ESP_018125_2445,64.2878,231.501,-128.499,4.0,single,y,y,30,2010-06-08,THEMIS,V27874007,2008-03-27,CTX,B21_017848_2426_XI_62N128W,2010-05-18,False,2-5m,False,False,False,False,False,False,Dundas et al. 2021
ESP_018573_2415,60.9871,238.7229,-121.27709999999999,3.49,cluster,y,y,30,2010-07-13,THEMIS,V30469005,2008-10-27,CTX,B21_018006_2414_XN_61N121W,2010-05-30,False,2-5m,False,False,False,False,False,False,
ESP_018097_2190,38.648,280.2439,-79.7561,4.88,cluster,n,y,30,2010-06-06,HRSC,H1528_0000_ND3,2005-03-26,CTX,B19_016963_2186_XN_38N079W,2010-03-10,False,2-5m,False,False,False,False,False,False,
ESP_018192_1985,18.4741,209.2007,-150.7993,7.35,single,n,y,30,2010-06-14,HRSC,H2987_0000_ND3,2006-05-09,CTX,B19_017058_1993_XN_19N151W,2010-03-17,False,5-10m,False,False,False,False,False,False,
ESP_018217_1645,-15.3461,250.6273,-109.37270000000001,6.81,cluster,n,y,30,2010-06-15,CTX,B17_016305_1653_XI_14S109W,2010-01-17,CTX,B18_016727_1658_XI_14S109W,2010-02-19,True,5-10m,False,False,False,False,False,True,
ESP_018404_1775,-2.5661,183.9656,-176.0344,4.7,single,n,y,30,2010-06-30,CTX,B03_010901_1782_XN_01S176W,2008-11-22,CTX,B18_016492_1798_XN_00S176W,2010-02-01,True,2-5m,False,False,False,True,False,False,Daubar et al. 2013
ESP_023156_1820,1.8292,46.9099,46.9099,12.7,single,n,n,30,2011-07-05,HRSC,H5112_0000_ND3,2007-12-25,CTX,B21_017631_1805_XN_00N312W,2010-05-01,False,10-20m,False,False,False,False,False,False,Bart et al. 2019
ESP_018493_1925,12.3311,271.4644,-88.53559999999999,5.13,cluster,n,y,30,2010-07-07,CTX,P18_007997_1935_XN_13N088W,2008-04-10,CTX,B20_017570_1913_XN_11N088W,2010-04-26,False,5-10m,False,False,False,False,False,False,
ESP_018586_1735,-6.3254,254.7166,-105.2834,10.27,single,n,y,30,2010-07-14,HRSC,H3221_0000_ND3,2006-07-13,CTX,B08_012639_1739_XN_06S105W,2009-04-07,True,10-20m,False,False,False,False,False,True,
ESP_018707_2205,40.3406,185.5012,-174.4988,2.44,cluster,n,y,30,2010-07-24,CTX,B18_016650_2206_XN_40N174W,2010-02-13,CTX,B22_018140_2231_XI_43N174W,2010-06-09,True,2-5m,False,False,False,True,False,False,
ESP_018731_1770,-3.0166,256.2035,-103.79649999999998,12.5345,cluster,n,n,30,2010-07-26,HRSC,H0016_0008_ND3,2004-01-13,CTX,B21_017953_1765_XN_03S103W,2010-05-26,True,10-20m,False,False,False,False,False,True,Daubar et al. 2019
ESP_018746_2350,54.7669,196.8484,-163.1516,2.75,single,n,y,30,2010-07-27,THEMIS,V30196003,2008-10-04,CTX,B22_018390_2349_XN_54N162W,2010-06-29,False,2-5m,False,False,False,False,False,False,Dundas et al. 2021
ESP_018784_2050,24.9205,245.2886,-114.7114,6.4,cluster,n,y,30,2010-07-30,THEMIS,V31192008,2008-12-25,CTX,B18_016516_2043_XN_24N114W,2010-02-03,True,5-10m,False,False,False,False,False,True,Daubar et al. 2013
ESP_018800_2040,23.604,169.066,169.066,2.2,single,n,y,30,2010-07-31,MOC NA,E14-00652,2002-03-12,CTX,B03_010730_2046_XN_24N191W,2008-11-09,False,2-5m,False,False,False,False,False,False,
ESP_018854_2270,46.6112,133.7057,133.7057,2.95,cluster,n,y,30,2010-08-04,CTX,B21_017654_2279_XI_47N226W,2010-05-03,CTX,G01_018577_2279_XI_47N226W,2010-07-14,True,2-5m,False,False,True,False,False,False,
ESP_019165_2165,36.0137,282.0139,-77.98610000000002,7.0,cluster,n,y,30,2010-08-28,THEMIS,V29332024,2008-07-25,CTX,B20_017464_2165_XN_36N078W,2010-04-18,False,5-10m,False,False,False,False,False,False,Dundas et al. 2021
ESP_019195_2175,37.3408,182.1936,-177.8064,8.0,single,possible,y,30,2010-08-31,THEMIS,V26715017,2007-12-23,CTX,G02_018839_2157_XN_35N177W,2010-08-03,True,5-10m,False,False,False,True,False,False,Dundas et al. 2021
ESP_019287_2295,49.3535,189.6662,-170.3338,1.75,single,n,y,30,2010-09-07,THEMIS,V30059009,2008-09-23,CTX,G02_018865_2287_XN_48N170W,2010-08-05,True,<2m,False,False,False,True,False,False,Dundas et al. 2021
ESP_019707_2075,27.0541,245.3663,-114.6337,4.5,single,n,y,30,2010-10-10,THEMIS,V31192008,2008-12-25,CTX,B21_018006_2090_XN_29N114W,2010-05-30,True,2-5m,False,False,False,False,False,True,
ESP_019779_2205,40.4242,77.6026,77.6026,1.75,single,n,y,30,2010-10-15,THEMIS,V27380024,2008-02-15,CTX,G03_019212_2206_XI_40N282W,2010-09-01,False,<2m,False,False,False,False,False,False,Dundas et al. 2021
ESP_019830_2215,41.0169,126.3011,126.3011,17.41,cluster,n,y,30,2010-10-19,CTX,B19_016995_2190_XN_39N233W,2010-03-12,CTX,G02_019052_2214_XI_41N233W,2010-08-20,False,10-20m,False,False,False,False,False,False,Dundas et al. 2021
ESP_019926_2070,26.9364,27.3006,27.3006,14.2538,cluster,n,y,30,2010-10-27,Viking,675A57,1978-04-23,CTX,B21_017803_2064_XI_26N332W,2010-05-14,False,10-20m,False,False,False,False,False,False,Daubar et al. 2019
ESP_019983_1800,-0.0658,274.1036,-85.89640000000003,6.9479,cluster,n,y,30,2010-10-31,THEMIS,V01688007,2002-05-02,CTX,G02_019205_1808_XN_00N086W,2010-08-31,False,5-10m,False,False,False,False,False,False,Daubar et al. 2019
ESP_020592_1785,-1.5573,208.0138,-151.9862,9.74,single,n,y,30,2010-12-18,HRSC,H0299_0001_ND3,2004-04-13,HRSC,H2998_0000_ND3,2006-05-12,False,5-10m,False,False,False,False,False,False,
ESP_020714_2125,32.249,112.3887,112.3887,4.5,cluster,n,y,30,2010-12-27,CTX,B07_012288_2119_XI_31N247W,2009-03-10,CTX,G03_019580_2127_XN_32N247W,2010-09-30,False,2-5m,False,False,False,False,False,False,
ESP_020787_1805,0.3718,284.3251,-75.67489999999998,3.84,single,n,y,30,2011-01-02,HRSC,H5142_0000_ND3,2008-01-03,CTX,B20_017385_1804_XN_00N075W,2010-04-12,False,2-5m,False,False,False,False,False,False,Daubar et al. 2014
ESP_020803_2010,20.5763,204.7858,-155.2142,8.06,cluster,n,y,30,2011-01-03,MOC NA,M08-04132,1999-10-17,MOC NA,R10-00689,2003-10-04,False,5-10m,False,False,False,False,False,False,
ESP_020841_2105,30.3095,245.2005,-114.7995,4.69,single,n,y,30,2011-01-06,HRSC,H2950_0000_ND3,2006-04-28,CTX,B21_018006_2090_XN_29N114W,2010-05-30,True,2-5m,False,False,False,False,False,True,
ESP_020842_2030,22.8137,219.9104,-140.0896,15.33,cluster,n,y,30,2011-01-06,Viking,512A44,1977-11-11,MOC NA,R04-01074,2003-04-15,False,10-20m,False,False,False,False,False,False,
ESP_020853_1815,1.5063,281.637,-78.363,4.71,single,n,y,30,2011-01-07,THEMIS,V27510032,2008-02-26,CTX,B20_017451_1814_XN_01N078W,2010-04-17,False,2-5m,False,False,False,False,False,False,
ESP_020854_1965,16.322,252.3228,-107.6772,8.11,cluster,n,y,30,2011-01-07,THEMIS,V27561021,2008-03-01,CTX,B19_016885_1951_XI_15N107W,2010-03-04,True,5-10m,False,False,False,False,False,True,
ESP_020855_2035,23.3352,225.2457,-134.7543,9.75,cluster,n,y,30,2011-01-07,THEMIS,V36221027,2010-02-12,CTX,G04_019655_2027_XI_22N134W,2010-10-06,False,5-10m,False,False,False,False,False,False,
ESP_020869_1990,18.9352,202.796,-157.204,4.35,cluster,n,y,30,2011-01-08,CTX,B09_013076_1989_XN_18N157W,2009-05-11,CTX,G02_019168_1992_XN_19N157W,2010-08-29,False,2-5m,False,False,False,False,False,False,Daubar et al. 2013
ESP_020920_1855,5.3236,252.3123,-107.6877,4.83,cluster,n,n,30,2011-01-12,HRSC,H3254_0000_ND3.,2006-07-22,CTX,B17_016173_1869_XN_06N108W,2010-01-07,True,2-5m,False,False,False,False,False,True,
ESP_020947_1840,3.7625,235.96,-124.03999999999999,9.0,cluster,n,y,30,2011-01-14,THEMIS,V22757014,2007-01-31,CTX,B18_016767_1862_XN_06N124W,2010-02-22,False,5-10m,False,False,False,False,False,False,
ESP_020960_1895,9.4705,239.5163,-120.4837,6.47,single,n,y,30,2011-01-15,HRSC,H3027_0000_ND3,2006-05-20,CTX,G04_019615_1908_XN_10N120W,2010-10-02,False,5-10m,False,False,False,False,False,False,Daubar et al. 2014
ESP_020857_1870,7.0596,172.3607,172.3607,6.1,single,n,y,30,2011-01-07,HRSC,H3046_0000_ND3,2006-05-25,CTX,B16_015899_1844_XN_04N187W,2009-12-17,False,5-10m,False,False,False,False,False,False,Bart et al. 2019
ESP_021768_1785,-1.3437,141.5665,141.5665,4.61,cluster,n,y,30,2011-03-19,THEMIS,V27129001,2008-01-26,CTX,G04_019856_1797_XN_00S218W,2010-10-21,False,2-5m,False,False,False,False,False,False,
ESP_021883_1890,9.0335,239.9504,-120.0496,10.39,cluster,n,y,30,2011-03-28,THEMIS,V27786021,2008-03-20,CTX,G04_019615_1908_XN_10N120W,2010-10-02,False,10-20m,False,False,False,False,False,False,
ESP_022056_1925,12.2696,196.4839,-163.5161,3.68,cluster,n,y,30,2011-04-11,CTX,B19_016953_1945_XN_14N163W,2010-03-09,CTX,G04_019788_1920_XI_12N163W,2010-10-16,False,2-5m,False,False,False,False,False,False,
ESP_022279_1690,-10.6596,231.0771,-128.9229,7.97,cluster,n,y,30,2011-04-28,HRSC,H1981_0000_ND3,2005-07-31,HRSC,H5344_0001_ND3,2008-02-29,False,5-10m,False,False,False,False,False,False,
ESP_022299_2040,23.9187,41.4715,41.4715,6.726,cluster,n,y,30,2011-04-30,THEMIS,V04430008,2002-12-14,THEMIS,V27768023,2008-03-18,False,5-10m,False,False,False,False,False,False,Daubar et al. 2019
ESP_022536_1830,3.1168,53.3829,53.3829,2.67,cluster,n,y,30,2011-05-18,CTX,B01_009930_1835_XI_03N306W,2008-09-08,CTX,G01_018712_1840_XI_04N306W,2010-07-24,False,2-5m,False,False,False,False,False,False,
ESP_022912_1720,-7.7292,229.3621,-130.6379,6.19,single,n,y,30,2011-06-16,THEMIS,V13960001,2005-02-05,CTX,P16_007379_1742_XN_05S130W,2008-02-22,False,5-10m,False,False,False,False,False,False,
ESP_022964_1845,4.4719,246.8932,-113.10679999999999,5.59,cluster,n,y,30,2011-06-20,CTX,G02_018995_1846_XI_04N113W,2010-08-15,CTX,G11_022608_1848_XI_04N113W,2011-05-24,True,5-10m,False,False,False,False,False,True,Daubar et al. 2013
ESP_023108_1870,6.7744,275.679,-84.32100000000003,5.77,single,n,y,30,2011-07-02,HRSC,H5286_0001_ND3,2008-02-13,CTX,G04_019706_1879_XN_07N084W,2010-10-10,False,5-10m,False,False,False,False,False,False,
ESP_023363_1735,-6.6296,156.4455,156.4455,6.5774,cluster,n,y,30,2011-07-21,THEMIS,V19204002,2006-04-13,CTX,G03_019539_1737_XN_06S203W,2010-09-26,False,5-10m,False,False,False,False,False,False,Daubar et al. 2019
ESP_023399_1870,7.0616,251.7709,-108.22909999999999,10.2829,cluster,n,y,30,2011-07-24,HRSC,H3254_0000_ND3,2006-07-22,CTX,B17_016173_1869_XN_06N108W,2010-01-07,True,10-20m,False,False,False,False,False,True,Daubar et al. 2019
ESP_023426_1835,3.2406,235.1001,-124.8999,8.21,cluster,n,y,30,2011-07-26,CTX,P13_006113_1819_XN_01N124W,2007-11-15,CTX,B16_015989_1834_XN_03N124W,2009-12-24,False,5-10m,False,False,False,False,False,False,
ESP_023571_1835,3.6143,235.9084,-124.0916,5.7,single,n,n,30,2011-08-07,HRSC,H1034_0000_ND3,2004-11-08,CTX,B18_016767_1862_XN_06N124W,2010-02-22,False,5-10m,False,False,False,False,False,False,
ESP_026589_2045,24.1061,279.7989,-80.2011,2.97,cluster,n,y,31,2012-03-29,CTX,B02_010370_2044_XN_24N080W,2008-10-12,CTX,B17_016251_2044_XN_24N080W,2010-01-13,False,2-5m,False,False,False,False,False,False,
ESP_025943_1850,4.8646,279.3617,-80.63830000000002,3.17,cluster,n,y,31,2012-02-08,CTX,P17_007799_1860_XN_06N081W,2008-03-26,CTX,B17_016172_1863_XN_06N080W,2010-01-07,False,2-5m,False,False,False,False,False,False,
ESP_025732_1875,7.4567,279.1682,-80.83179999999999,5.22,cluster,n,y,31,2012-01-22,HRSC,H5250_0000_ND3,2008-02-02,CTX,B17_016172_1863_XN_06N080W,2010-01-07,False,5-10m,False,False,False,False,False,False,
ESP_024203_1795,-0.2678,262.285,-97.71499999999997,10.16,cluster,n,y,31,2011-09-25,HRSC,H5063_0000_ND3,2007-12-11,CTX,B22_018111_1770_XN_03S097W,2010-06-07,False,10-20m,False,False,False,False,False,False,
ESP_024211_2060,25.6627,41.615,41.615,2.75,cluster,n,y,31,2011-09-26,MOC NA,S07-00712,2006-06-07,THEMIS,V31224011,2008-12-28,False,2-5m,False,False,False,False,False,False,
ESP_024349_2020,21.5849,234.7706,-125.2294,4.43,cluster,n,y,31,2011-10-06,HRSC,H5308_0000_ND3,2008-02-19,CTX,B22_018191_2007_XI_20N125W,2010-06-13,False,2-5m,False,False,False,False,False,False,
ESP_024389_1795,-0.441,225.1893,-134.8107,5.36,cluster,n,y,31,2011-10-09,THEMIS,V12836017,2004-11-05,CTX,G02_019009_1781_XN_01S134W,2010-08-16,False,5-10m,False,False,False,False,False,False,
ESP_024646_1890,8.8715,47.6601,47.6601,7.4139,cluster,n,y,31,2011-10-29,THEMIS,V17572021,2005-11-30,CTX,G04_019688_1883_XI_08N312W,2010-10-08,False,5-10m,False,False,False,False,False,False,Daubar et al. 2019
ESP_024836_1975,17.4842,259.1499,-100.8501,12.07,single,n,y,31,2011-11-13,HRSC,H5243_0000_ND3,2008-01-31,CTX,G14_023847_1971_XN_17N100W,2011-08-28,True,10-20m,False,False,False,False,False,True,
ESP_025840_2240,43.9007,204.3473,-155.6527,12.75,single,y,y,31,2012-01-30,THEMIS,V28611017,2008-05-27,CTX,G19_025484_2254_XN_45N155W,2012-01-03,False,10-20m,False,False,False,False,False,False,Dundas et al. 2021
ESP_025864_1835,3.702,275.9915,-84.00850000000003,4.2,single,n,y,31,2012-02-01,CTX,B09_012981_1844_XI_04N084W,2009-05-03,CTX,G14_023886_1819_XN_01N083W,2011-08-31,False,2-5m,False,False,False,False,False,False,Daubar et al. 2013
ESP_026009_1920,11.8395,275.6939,-84.30610000000001,10.9515,cluster,n,y,31,2012-02-13,CTX,B17_016093_1915_XN_11N084W,2010-01-01,CTX,G17_025020_1914_XN_11N084W,2011-11-28,False,10-20m,False,False,False,False,False,False,Daubar et al. 2019
ESP_026038_2155,35.3183,201.3733,-158.6267,8.1,cluster,n,y,31,2012-02-15,CTX,G05_020091_2155_XN_35N158W,2010-11-09,CTX,G16_024482_2155_XN_35N158W,2011-10-17,False,5-10m,False,False,False,False,False,False,Dundas et al. 2021
ESP_026124_1935,13.261,15.7876,15.7876,7.14,cluster,n,y,31,2012-02-22,THEMIS,V39872017,2010-12-10,CTX,G17_024924_1938_XN_13N344W,2011-11-20,False,5-10m,False,False,False,False,False,False,
ESP_026248_2280,47.7167,225.1339,-134.8661,7.75,cluster,possible,y,31,2012-03-02,THEMIS,V13610007,2005-01-08,THEMIS,V38954014,2010-09-25,False,5-10m,False,False,False,False,False,False,Dundas et al. 2021
ESP_026221_1825,2.5794,248.5217,-111.47829999999999,13.45,cluster,n,y,31,2012-02-29,CTX,B09_013193_1810_XI_01N111W,2009-05-20,CTX,G18_025087_1836_XI_03N111W,2011-12-03,True,10-20m,False,False,False,False,False,True,Daubar et al. 2013
ESP_027555_2125,32.2279,186.824,-173.176,1.84,single,n,y,31,2012-06-12,CTX,B20_017573_2124_XI_32N173W,2010-04-26,HiRISE,ESP_026355_2125,2012-03-11,True,<2m,False,False,False,True,False,False,
ESP_026418_2010,20.5433,268.5694,-91.43060000000003,4.04,cluster,n,y,31,2012-03-16,HRSC,H1052_0000_ND3,2004-11-13,CTX,B21_017992_2025_XN_22N091W,2010-05-29,False,2-5m,False,False,False,False,False,False,
ESP_026445_1835,3.3972,253.9104,-106.08959999999999,10.6258,cluster,n,y,31,2012-03-18,THEMIS,V07431021,2003-08-18,THEMIS,V15618018,2005-06-22,True,10-20m,False,False,False,False,False,True,Daubar et al. 2019
ESP_026802_2305,50.3748,219.7098,-140.2902,4.28,cluster,y,y,31,2012-04-14,CTX,B21_018007_2306_XN_50N140W,2010-05-30,CTX,G21_026446_2327_XN_52N141W,2012-03-18,False,2-5m,False,False,False,False,False,False,
ESP_026892_1850,5.1306,290.5907,-69.40929999999997,36.4,single,n,y,31,2012-04-21,MOC NA,M01-02819,1999-05-20,MOC NA,S04-00988,2005-03-21,False,20-50m,False,False,False,False,False,False,
ESP_017229_2110,30.7907,219.2353,-140.7647,4.7,cluster,n,y,30,2010-03-31,CTX,P13_006153_2133_XN_33N141W,2007-11-18,CTX,B18_016662_2087_XN_28N140W,2010-02-14,False,2-5m,False,False,False,False,False,False,Daubar et al. 2013
ESP_026989_2205,40.1213,157.9341,157.9341,8.0,single,possible,y,31,2012-04-29,THEMIS,V27789010,2008-03-20,CTX,G21_026567_2214_XN_41N202W,2012-03-27,False,5-10m,False,False,False,False,False,False,Dundas et al. 2021
ESP_027000_2325,52.0089,214.6959,-145.3041,5.15,cluster,y,y,31,2012-04-30,THEMIS,V29584014,2008-08-15,CTX,G22_026644_2316_XN_51N145W,2012-04-02,False,5-10m,False,False,False,False,False,False,
ESP_026893_1995,19.0959,260.735,-99.26499999999999,3.1,cluster,n,y,31,2012-04-22,THEMIS,V26525020,2007-12-07,CTX,G18_025126_1982_XN_18N099W,2011-12-06,False,2-5m,False,False,False,False,False,False,
ESP_026934_1715,-8.6501,225.0481,-134.9519,16.2,single,n,y,31,2012-04-25,THEMIS,V10366001,2004-04-15,CTX,G03_019431_1711_XN_08S134W,2010-09-18,False,10-20m,False,False,False,False,False,False,Bart et al. 2019
ESP_026960_1710,-8.8804,235.7721,-124.2279,6.297,cluster,n,y,31,2012-04-27,CTX,P17_007682_1712_XI_08S124W,2008-03-17,THEMIS,V31742002,2009-02-08,False,5-10m,False,False,False,False,False,False,Daubar et al. 2019
ESP_026999_1985,18.1891,247.6687,-112.3313,9.59,single,n,y,31,2012-04-30,THEMIS,V18863011,2006-03-16,CTX,B18_016806_1993_XI_19N112W,2010-02-26,True,5-10m,False,False,False,False,False,True,
ESP_027077_1785,-1.3419,279.7307,-80.26929999999999,9.98,single,n,y,31,2012-05-06,THEMIS,V31279001,2009-01-01,CTX,G15_023965_1783_XN_01S080W,2011-09-06,False,5-10m,False,False,False,False,False,False,
ESP_027080_1715,-8.4147,199.2202,-160.7798,6.47,cluster,n,y,31,2012-05-06,HRSC,H6418_0000_ND3,2008-12-31,CTX,G18_025102_1701_XN_09S160W,2011-12-04,False,5-10m,False,False,False,False,False,False,
ESP_030243_1985,18.2744,244.9039,-115.0961,7.27,cluster,n,n,31,2013-01-08,THEMIS,V21097005,2006-09-16,THEMIS,V25964017,2007-10-22,False,5-10m,False,False,False,False,False,False,
ESP_027316_1810,1.0114,235.7982,-124.20179999999999,6.99,cluster,n,y,31,2012-05-24,HRSC,H1034_0000_ND3,2004-11-08,THEMIS,V22757014,2007-01-31,False,5-10m,False,False,False,False,False,False,
ESP_027410_1740,-5.8125,190.3714,-169.6286,15.0,single,n,y,31,2012-06-01,HRSC,H2073_0000_ND3_03,2005-08-26,CTX,B09_012971_1726_XN_07S169W,2009-05-03,False,10-20m,False,False,False,False,False,False,Bart et al. 2019
ESP_027975_1835,3.2902,246.8272,-113.1728,9.24,cluster,n,y,31,2012-07-15,CTX,B02_010424_1849_XI_04N113W,2008-10-16,CTX,G17_024942_1813_XI_01N112W,2011-11-22,True,5-10m,False,False,False,False,False,True,
ESP_028000_2070,26.9018,281.1491,-78.85090000000002,9.21,cluster,n,y,31,2012-07-17,HRSC,H1528_0000_ND3,2005-03-26,CTX,B19_017174_2065_XN_26N079W,2010-03-26,False,5-10m,False,False,False,False,False,False,
ESP_028633_2070,26.7381,281.2094,-78.79059999999998,6.68,cluster,n,y,31,2012-09-04,HRSC,H1528_0000_ND3,2005-03-26,CTX,B19_017174_2065_XN_26N079W,2010-03-26,False,5-10m,False,False,False,False,False,False,
ESP_028659_2050,24.5823,291.1092,-68.89080000000001,10.937,cluster,n,y,31,2012-09-06,CTX,P17_007693_2040_XN_24N068W,2008-03-17,CTX,G15_024215_2048_XN_24N069W,2011-09-26,False,10-20m,False,False,False,False,False,False,Daubar et al. 2019
ESP_028976_1770,-2.799,280.0517,-79.94830000000002,5.03,single,n,y,31,2012-10-01,HRSC,H2160_0001_ND3,2005-09-19,CTX,G15_023965_1783_XN_01S080W,2011-09-06,False,5-10m,False,False,False,False,False,False,
ESP_028979_1730,-6.9348,198.5487,-161.4513,6.52,cluster,n,y,31,2012-10-01,HRSC,H3119_0000_ND3_04,2006-06-15,THEMIS,V26553002,2007-12-09,False,5-10m,False,False,False,False,False,False,
ESP_029015_1705,-9.2393,295.8298,-64.17020000000002,11.12,cluster,n,y,31,2012-10-04,HRSC,H1984_0000_ND3,2005-08-01,CTX,G05_020035_1699_XN_10S064W,2010-11-04,False,10-20m,False,False,False,False,False,False,
ESP_029256_2195,39.1091,190.2525,-169.7475,16.1,cluster,y,y,31,2012-10-23,CTX,B02_010505_2205_XN_40N170W,2008-10-23,CTX,D02_027845_2198_XN_39N169W,2012-07-05,False,10-20m,False,False,False,False,False,False,
ESP_029386_1760,-4.0249,246.2143,-113.78569999999999,14.82,single,n,y,31,2012-11-02,CTX,P14_006495_1760_XN_04S114W,2007-12-15,CTX,G20_026142_1747_XN_05S113W,2012-02-23,True,10-20m,False,False,False,False,False,True,
ESP_029701_1935,13.3653,283.7708,-76.22919999999999,17.78,cluster,n,y,31,2012-11-26,HRSC,H3261_0000_ND3,2006-07-24,THEMIS,V39114013,2010-10-08,False,10-20m,False,False,False,False,False,False,
ESP_029821_1880,8.1331,249.044,-110.95599999999999,4.33,cluster,n,y,31,2012-12-06,THEMIS,V18189012,2006-01-20,CTX,B20_017584_1890_XI_09N111W,2010-04-27,True,2-5m,False,False,False,False,False,True,
ESP_030178_1990,18.6761,219.9111,-140.0889,9.8,single,n,y,31,2013-01-02,HRSC,H5247_0000_ND3,2008-02-01,CTX,G18_025233_1995_XI_19N140W,2011-12-14,False,5-10m,False,False,False,False,False,False,Bart et al. 2019
ESP_030566_1860,5.9976,68.9693,68.9693,18.08,single,n,y,31,2013-02-02,CTX,P20_008980_1869_XI_06N291W,2008-06-26,CTX,D05_029287_1857_XI_05N291W,2012-10-25,False,10-20m,False,False,False,False,False,False,
ESP_030705_1810,0.7835,234.8454,-125.15459999999999,10.6,single,n,y,31,2013-02-13,THEMIS,V27287041,2008-02-08,CTX,G12_022859_1787_XN_01S125W,2011-06-12,False,10-20m,False,False,False,False,False,False,Bart et al. 2019
ESP_030929_1715,-8.5362,239.6515,-120.3485,6.79,cluster,n,y,31,2013-03-02,CTX,P10_004913_1713_XI_08S120W,2007-08-14,CTX,D07_030151_1711_XI_08S120W,2012-12-31,False,5-10m,False,False,False,False,False,False,
ESP_031101_1685,-11.2,223.3209,-136.6791,2.95,cluster,n,y,31,2013-03-15,CTX,P04_002751_1681_XN_11S136W,2007-02-26,CTX,D07_030033_1680_XN_12S136W,2012-12-22,False,2-5m,False,False,False,False,False,False,
ESP_031248_1700,-9.8741,170.1286,170.1286,12.3,cluster,n,y,31,2013-03-27,HRSC,H4242_0000_ND3.,2007-04-25,CTX,D08_030325_1695_XN_10S189W,2013-01-14,False,10-20m,False,False,False,False,False,False,
ESP_031886_1785,-1.4744,29.6523,29.6523,5.29,cluster,n,y,31,2013-05-16,THEMIS,V26484001,2007-12-03,CTX,G09_021838_1783_XN_01S330W,2011-03-25,False,5-10m,False,False,False,False,False,False,
ESP_031912_1900,9.8865,39.0291,39.0291,3.66,cluster,n,y,31,2013-05-18,THEMIS,V27194034,2008-01-31,CTX,G22_026677_1903_XN_10N321W,2012-04-05,False,2-5m,False,False,False,False,False,False,
ESP_031965_2050,24.5437,31.0067,31.0067,11.29,single,n,y,31,2013-05-22,THEMIS,V39310003,2010-10-25,CTX,G18_025319_2022_XN_22N328W,2011-12-21,False,10-20m,False,False,False,False,False,False,
ESP_031969_1870,6.9114,282.7704,-77.2296,5.06,cluster,n,y,31,2013-05-22,HRSC,H3272_0001_ND3_07,2006-07-27,CTX,B16_016040_1868_XN_06N077W,2009-12-28,False,5-10m,False,False,False,False,False,False,
ESP_032039_1705,-9.2499,173.9719,173.9719,10.61,cluster,n,y,31,2013-05-28,THEMIS,V35999003,2010-01-25,CTX,D04_028703_1708_XN_09S186W,2012-09-10,False,10-20m,False,False,False,False,False,False,
ESP_032053_2010,20.6666,147.8234,147.8234,3.34,cluster,n,y,31,2013-05-29,THEMIS,V12402005,2004-09-30,CTX,G15_023917_2007_XN_20N212W,2011-09-03,False,2-5m,False,False,False,False,False,False,
ESP_032118_1085,-71.5108,191.5247,-168.4753,7.0,single,y,y,31,2013-06-03,THEMIS,V15396003,2005-06-04,CTX,D12_031841_1075_XN_72S167W,2013-05-12,False,5-10m,False,False,False,False,False,False,Dundas et al. 2021
ESP_032106_1055,-74.5128,157.8942,157.8942,3.5,single,n,y,31,2013-06-02,HRSC,H4689_0000_ND3,2007-08-28,CTX,D12_031750_1068_XN_73S203W,2013-05-05,False,2-5m,False,False,False,False,False,False,Dundas et al. 2021
ESP_032211_1780,-2.165,158.5617,158.5617,9.0,single,n,y,31,2013-06-10,THEMIS,V28238024,2008-04-26,CTX,G06_020607_1784_XN_01S201W,2010-12-19,False,5-10m,False,False,False,False,False,False,Bart et al. 2019
ESP_032340_1060,-73.691,250.6217,-109.3783,9.42,cluster,y,y,31,2013-06-20,CTX,D12_031773_1061_XN_73S110W,2013-05-07,CTX,D13_032129_1053_XI_74S108W,2013-06-04,True,5-10m,False,False,False,False,False,True,
ESP_032458_1780,-2.1606,254.2624,-105.73759999999999,5.52,cluster,n,y,31,2013-06-29,CTX,P18_008090_1775_XI_02S105W,2008-04-17,CTX,D02_028133_1789_XI_01S106W,2012-07-27,True,5-10m,False,False,False,False,False,True,
ESP_032479_2090,28.6027,36.8551,36.8551,15.26,cluster,n,y,31,2013-07-01,CTX,P17_007610_2068_XN_26N322W,2008-03-11,CTX,D02_027943_2057_XN_25N322W,2012-07-12,False,10-20m,False,False,False,False,False,False,
ESP_032577_1920,11.7819,243.6931,-116.30690000000001,5.81,cluster,n,y,31,2013-07-08,THEMIS,V13709012,2005-01-16,CTX,D12_032010_1902_XN_10N116W,2013-05-25,False,5-10m,False,False,False,False,False,False,
ESP_033078_1955,15.2077,244.7137,-115.28630000000001,7.95,cluster,n,y,32,2013-08-16,HRSC,H5146_0009_ND3,2008-01-04,CTX,D12_031944_1943_XN_14N115W,2013-05-20,False,5-10m,False,False,False,False,False,False,
ESP_033091_1885,8.1805,250.8974,-109.1026,8.9,cluster,n,n,32,2013-08-17,THEMIS,V20011011,2006-06-19,CTX,G20_025944_1858_XN_05N109W,2012-02-08,True,5-10m,False,False,False,False,False,True,
ESP_033093_1605,-19.3864,198.7123,-161.2877,9.77,cluster,n,n,32,2013-08-18,CTX,G18_025379_1591_XN_20S161W,2011-12-26,CTX,D07_029968_1600_XN_20S161W,2012-12-17,False,5-10m,False,False,False,False,False,False,
ESP_033144_1895,9.3073,243.6977,-116.3023,6.02,cluster,n,y,32,2013-08-22,HRSC,H5164_0009_ND3,2008-01-09,CTX,D12_032010_1902_XN_10N116W,2013-05-25,False,5-10m,False,False,False,False,False,False,
ESP_033233_1740,-6.0573,334.3419,-25.65809999999999,13.02,single,n,n,32,2013-08-29,THEMIS,V12646001,2004-10-20,CTX,P06_003248_1755_XN_04S025W,2007-04-06,False,10-20m,False,False,False,False,False,False,
ESP_033236_1995,19.3486,249.6546,-110.34540000000001,4.03,cluster,n,y,32,2013-08-29,CTX,P04_002473_2019_XN_21N110W,2007-02-05,CTX,P12_005730_1970_XN_17N109W,2007-10-16,True,2-5m,False,False,False,False,False,True,
ESP_033237_1855,5.649,224.1213,-135.8787,6.24,single,n,y,32,2013-08-29,THEMIS,V26938041,2008-01-10,CTX,D02_027989_1867_XN_06N136W,2012-07-16,False,5-10m,False,False,False,False,False,False,
ESP_033256_1730,-6.924,66.9471,66.9471,16.32,single,n,n,32,2013-08-30,CTX,G19_025542_1718_XN_08S292W,2012-01-07,CTX,D13_032188_1719_XN_08S293W,2013-06-08,False,10-20m,False,False,False,False,False,False,
ESP_033288_2120,31.5139,268.9214,-91.0786,4.54,single,n,y,32,2013-09-02,CTX,P22_009500_2119_XN_31N091W,2008-08-05,CTX,G16_024440_2117_XI_31N091W,2011-10-13,False,2-5m,False,False,False,False,False,False,
ESP_033302_2030,22.6235,246.7638,-113.2362,6.67,cluster,n,y,32,2013-09-03,THEMIS,V27399028,2008-02-17,CTX,G17_025021_2034_XN_23N113W,2011-11-28,True,5-10m,False,False,False,False,False,True,
ESP_033316_1805,0.567,228.3089,-131.6911,9.24,cluster,n,y,32,2013-09-04,THEMIS,V15232007,2005-05-21,HRSC,H5085_0000_ND3_02,2007-12-17,False,5-10m,False,False,False,False,False,False,
ESP_033319_2015,21.0413,143.4294,143.4294,4.55,cluster,n,y,32,2013-09-04,CTX,G06_020647_2017_XN_21N216W,2010-12-22,CTX,D13_032396_2017_XI_21N216W,2013-06-24,False,2-5m,False,False,False,False,False,False,
ESP_033328_2030,22.8008,257.7645,-102.2355,9.24,cluster,n,y,32,2013-09-05,HRSC,H5261_0000_ND3,2008-02-05,CTX,G18_025403_2054_XN_25N102W,2011-12-27,True,5-10m,False,False,False,False,False,True,
ESP_033342_2060,25.6093,235.4053,-124.59469999999999,5.05,single,n,y,32,2013-09-06,THEMIS,V13310006,2004-12-14,HRSC,H5308_0000_ND3_03,2008-02-19,False,5-10m,False,False,False,False,False,False,
ESP_033381_1830,2.9158,252.8588,-107.1412,14.84,cluster,n,y,32,2013-09-09,THEMIS,V18089020,2006-01-11,CTX,G20_025878_1822_XI_02N107W,2012-02-02,True,10-20m,False,False,False,False,False,True,
ESP_033384_1755,-4.5262,172.4524,172.4524,16.1,single,n,y,32,2013-09-09,CTX,G16_024325_1755_XN_04S187W,2011-10-04,CTX,G20_025881_1772_XN_02S187W,2012-02-03,False,10-20m,False,False,False,False,False,False,
ESP_033494_1900,9.6753,47.0765,47.0765,3.45,cluster,n,y,32,2013-09-18,CTX,D01_027613_1893_XN_09N312W,2012-06-17,CTX,D13_032215_1918_XI_11N313W,2013-06-10,False,2-5m,False,False,False,False,False,False,
ESP_033526_1840,3.9878,253.8955,-106.1045,9.71,cluster,n,y,32,2013-09-20,THEMIS,V06320026,2003-05-18,CTX,G17_024678_1859_XI_05N106W,2011-11-01,True,5-10m,False,False,False,False,False,True,
ESP_033659_1905,10.5834,221.8583,-138.1417,4.08,single,n,y,32,2013-10-01,CTX,G06_020631_1889_XN_08N138W,2010-12-21,CTX,G21_026367_1888_XN_08N137W,2012-03-12,False,2-5m,False,False,False,False,False,False,
ESP_033606_2210,40.9037,222.7119,-137.2881,3.0,single,n,y,32,2013-09-27,CTX,G15_024257_2224_XI_42N137W,2011-09-29,CTX,G19_025813_2224_XN_42N137W,2012-01-28,False,2-5m,False,False,False,False,False,False,Dundas et al. 2021
ESP_033543_1845,4.4219,149.7325,149.7325,3.63,single,n,y,32,2013-09-22,HRSC,H2176_0000_ND3,2005-09-24,CTX,P03_002213_1839_XN_03N210W,2007-01-15,False,2-5m,False,False,False,False,False,False,
ESP_033552_2060,25.7582,261.6661,-98.33390000000003,4.84,single,n,y,32,2013-09-22,CTX,P05_003145_2050_XI_25N098W,2007-03-29,CTX,G19_025838_2056_XI_25N098W,2012-01-30,False,2-5m,False,False,False,False,False,False,
ESP_033693_1825,2.2285,14.942,14.942,8.98,single,n,y,32,2013-10-03,THEMIS,V28243025,2008-04-26,CTX,G19_025623_1834_XN_03N345W,2012-01-14,False,5-10m,False,False,False,False,False,False,
ESP_033705_1900,9.8422,46.7534,46.7534,2.59,cluster,n,y,32,2013-10-04,CTX,P17_007557_1901_XI_10N313W,2008-03-07,CTX,G19_025846_1918_XI_11N313W,2012-01-31,False,2-5m,False,False,False,False,False,False,
ESP_033825_2490,68.54588,358.5282102,-1.4717898000000105,4.25,cluster,y,y,32,2013-10-14,CTX,B21_017685_2490_XN_69N001W,2010-05-05,CTX,D01_027588_2460_XN_66N000W,2012-06-15,False,2-5m,False,False,False,False,False,False,
ESP_033723_1895,9.5269,275.102,-84.89800000000002,6.38,single,n,y,32,2013-10-06,CTX,B09_013192_1895_XN_09N085W,2009-05-20,CTX,G18_025442_1881_XN_08N084W,2011-12-30,False,5-10m,False,False,False,False,False,False,
ESP_033724_1995,19.5034,246.5771,-113.4229,6.22,single,n,y,32,2013-10-06,CTX,P17_007576_1979_XN_17N113W,2008-03-08,CTX,G18_025232_1987_XI_18N113W,2011-12-14,True,5-10m,False,False,False,False,False,True,
ESP_033764_2020,21.5723,234.2452,-125.75479999999999,4.83,cluster,n,y,32,2013-10-09,CTX,P03_002223_2006_XN_20N125W,2007-01-16,CTX,D15_033197_2039_XN_23N125W,2013-08-26,False,2-5m,False,False,False,False,False,False,
ESP_033765_1655,-14.2393,212.0874,-147.9126,2.95,single,n,y,32,2013-10-09,HRSC,H4117_0000_ND3,2007-03-21,CTX,G22_026829_1658_XN_14S147W,2012-04-17,False,2-5m,False,False,False,False,False,False,
ESP_033776_1780,-1.978,269.0393,-90.96069999999997,4.96,cluster,n,n,32,2013-10-10,THEMIS,V31217001,2008-12-27,THEMIS,V38791001,2010-09-12,False,2-5m,False,False,False,False,False,False,
ESP_033777_1950,14.6488,239.826,-120.174,5.05,single,n,y,32,2013-10-10,HRSC,H3027_0000_ND3,2006-05-20,CTX,G20_025918_1949_XN_14N120W,2012-02-06,False,5-10m,False,False,False,False,False,False,
ESP_033804_2065,26.4351,222.5179,-137.4821,7.32,cluster,n,y,32,2013-10-12,CTX,P15_006944_2064_XN_26N137W,2008-01-19,CTX,G20_026090_2066_XN_26N137W,2012-02-19,False,5-10m,False,False,False,False,False,False,
ESP_033807_2025,22.3153,140.3072,140.3072,8.51,single,n,y,32,2013-10-12,THEMIS,V13176008,2004-12-03,CTX,G18_025315_2020_XN_22N219W,2011-12-21,False,5-10m,False,False,False,False,False,False,
ESP_033816_2035,23.2786,255.0058,-104.9942,3.03,single,n,y,32,2013-10-13,CTX,P18_008103_2046_XI_24N105W,2008-04-18,CTX,G23_027091_2028_XN_22N105W,2012-05-07,True,2-5m,False,False,False,False,False,True,
ESP_033829_2035,23.3006,260.0446,-99.9554,5.7,cluster,n,y,32,2013-10-14,HRSC,H5243_0000_ND3,2008-01-31,THEMIS,V37293050,2010-05-12,False,5-10m,False,False,False,False,False,False,
ESP_033843_1955,15.3187,238.8799,-121.12010000000001,4.21,cluster,n,y,32,2013-10-15,CTX,P16_007339_1970_XN_17N121W,2008-02-19,CTX,G20_026129_1943_XN_14N120W,2012-02-22,False,2-5m,False,False,False,False,False,False,
ESP_033855_1855,5.4749,272.644,-87.356,5.14,single,n,y,32,2013-10-16,CTX,B09_013113_1871_XN_07N087W,2009-05-14,CTX,G22_026919_1862_XN_06N087W,2012-04-24,False,5-10m,False,False,False,False,False,False,
ESP_033870_1625,-17.2679,225.2303,-134.7697,6.0,single,n,y,32,2013-10-17,THEMIS,V39928003,2010-12-14,CTX,G22_026789_1603_XN_19S134W,2012-04-13,False,5-10m,False,False,False,False,False,False,Bart et al. 2019
ESP_033923_2190,38.6849,210.4099,-149.5901,4.69,cluster,n,y,32,2013-10-21,CTX,B01_009990_2178_XN_37N149W,2008-09-12,CTX,G19_025853_2212_XI_41N150W,2012-01-31,False,2-5m,False,False,False,False,False,False,
ESP_033949_1850,4.7998,226.3356,-133.6644,14.69,cluster,n,y,32,2013-10-23,THEMIS,V36745024,2010-03-27,CTX,D15_033171_1869_XN_06N133W,2013-08-24,False,10-20m,False,False,False,False,False,False,
ESP_033954_2035,23.1367,86.7342,86.7342,5.83,single,n,y,32,2013-10-24,CTX,G20_025884_2049_XN_24N273W,2012-02-03,CTX,D16_033387_2052_XN_25N273W,2013-09-10,True,5-10m,False,True,False,False,False,False,
ESP_033962_2125,32.092,228.1213,-131.8787,10.13,single,n,y,32,2013-10-24,CTX,G03_019523_2138_XN_33N131W,2010-09-25,CTX,G23_027026_2115_XN_31N131W,2012-05-02,False,10-20m,False,False,False,False,False,False,
ESP_033976_2255,45.0234,203.2327,-156.7673,3.93,cluster,n,y,32,2013-10-25,CTX,B19_017124_2266_XN_46N156W,2010-03-22,CTX,D01_027528_2249_XN_44N156W,2012-06-10,False,2-5m,False,False,False,False,False,False,
ESP_033980_1955,15.4837,97.868,97.868,4.09,single,n,y,32,2013-10-26,CTX,G22_026688_1967_XN_16N262W,2012-04-06,CTX,D01_027743_1969_XN_16N262W,2012-06-27,False,2-5m,False,False,False,False,False,False,
ESP_033990_1995,19.4039,185.0918,-174.9082,4.07,cluster,n,y,32,2013-10-27,CTX,G21_026487_2014_XI_21N175W,2012-03-21,CTX,G23_027265_2010_XI_21N175W,2012-05-21,True,2-5m,False,False,False,True,False,False,
ESP_034001_2045,24.0912,243.2074,-116.7926,12.66,cluster,n,y,32,2013-10-27,THEMIS,V27187036,2008-01-30,CTX,G23_027131_2043_XN_24N117W,2012-05-10,False,10-20m,False,False,False,False,False,False,
ESP_034003_1705,-9.5484,192.7961,-167.2039,11.24,cluster,n,y,32,2013-10-28,CTX,P16_007354_1719_XI_08S167W,2008-02-20,CTX,G16_024588_1698_XN_10S167W,2011-10-25,False,10-20m,False,False,False,False,False,False,
ESP_034014_1840,4.1967,250.9984,-109.0016,5.83,cluster,n,y,32,2013-10-28,CTX,P17_007510_1851_XN_05N109W,2008-03-03,CTX,G22_026722_1864_XN_06N109W,2012-04-08,True,5-10m,False,False,False,False,False,True,
ESP_034022_2090,28.496,30.3516,30.3516,3.0,cluster,n,y,32,2013-10-29,CTX,P05_002837_2079_XN_27N329W,2007-03-05,CTX,G19_025530_2093_XN_29N329W,2012-01-06,False,2-5m,False,False,False,False,False,False,
ESP_034116_1610,-18.8522,349.9128,-10.087199999999996,13.85,single,n,n,32,2013-11-05,CTX,G05_020099_1624_XN_17S010W,2010-11-09,CTX,D10_030925_1597_XN_20S010W,2013-03-02,False,10-20m,False,False,False,False,False,False,
ESP_034133_1930,12.7518,241.2857,-118.71430000000001,6.42,single,n,y,32,2013-11-07,HRSC,H2994_0000_ND3,2006-05-11,THEMIS,V26900028,2008-01-07,False,5-10m,False,False,False,False,False,False,
ESP_034186_2340,53.5783,228.3042,-131.6958,6.74,cluster,possible,y,32,2013-11-11,HRSC,H5380_0000_ND3,2008-03-10,CTX,D03_028582_2323_XI_52N131W,2012-08-31,False,5-10m,False,False,False,False,False,False,
ESP_033942_2335,52.9605,50.8619,50.8619,7.0,single,y,y,32,2013-10-23,CTX,B20_017301_2329,2010-04-05,CTX,D03_028272_2335,2012-08-07,False,5-10m,False,False,False,False,False,False,Dundas et al. 2021
ESP_034259_2040,23.6778,39.9524,39.9524,2.54,cluster,n,y,32,2013-11-17,HRSC,H5238_0000_ND3,2008-01-30,CTX,G20_026189_2063_XN_26N320W,2012-02-27,False,2-5m,False,False,False,False,False,False,
ESP_034265_1845,4.6325,239.0274,-120.9726,9.57,cluster,n,y,32,2013-11-17,HRSC,H3027_0000_ND3,2006-05-20,THEMIS,V31479006,2009-01-18,False,5-10m,False,False,False,False,False,False,
ESP_034266_1980,17.7277,210.0146,-149.9854,3.2,single,n,y,32,2013-11-17,CTX,G02_018904_1986_XI_18N150W,2010-08-08,CTX,G23_027251_1990_XI_19N150W,2012-05-19,False,2-5m,False,False,False,False,False,False,
ESP_034272_1945,14.2729,46.5021,46.5021,2.8,single,n,y,32,2013-11-18,CTX,D13_032281_1918_XI_11N313W,2013-06-15,CTX,D16_033494_1918_XI_11N313W,2013-09-18,False,2-5m,False,False,False,False,False,False,
ESP_034273_2070,26.5319,17.4753,17.4753,4.2,cluster,n,y,32,2013-11-18,CTX,P18_008059_2071_XN_27N342W,2008-04-15,CTX,B19_017065_2042_XN_24N342W,2010-03-18,False,2-5m,False,False,False,False,False,False,
ESP_034278_1685,-11.2019,246.2581,-113.74189999999999,12.33,single,n,y,32,2013-11-18,THEMIS,V27899002,2008-03-29,CTX,G22_026775_1684_XN_11S113W,2012-04-12,True,10-20m,False,False,False,False,False,True,
ESP_034280_1885,8.6281,188.8389,-171.1611,3.7,cluster,n,y,32,2013-11-18,CTX,B19_016861_1884_XN_08N171W,2010-03-02,CTX,D04_028887_1892_XI_09N171W,2012-09-24,True,2-5m,False,False,False,True,False,False,
ESP_034285_1835,3.6796,53.4275,53.4275,22.83,single,n,y,32,2013-11-19,CTX,G01_018712_1840_XI_04N306W,2010-07-24,CTX,G23_027204_1834_XI_03N306W,2012-05-16,False,20-50m,False,False,False,False,False,False,
ESP_034304_2115,30.9776,250.9819,-109.0181,4.85,single,n,y,32,2013-11-20,THEMIS,V36607021,2010-03-16,CTX,D01_027645_2116_XN_31N109W,2012-06-19,True,2-5m,False,False,False,False,False,True,
ESP_034319_1625,-17.2769,207.3625,-152.6375,2.56,cluster,n,y,32,2013-11-21,CTX,B17_016122_1628_XN_17S152W,2010-01-03,CTX,D04_028715_1648_XN_15S152W,2012-09-10,False,2-5m,False,False,False,False,False,False,
ESP_034334_2270,46.8023,149.5055,149.5055,3.43,cluster,n,y,32,2013-11-22,THEMIS,V29137005,2008-07-09,CTX,G22_026831_2274_XN_47N210W,2012-04-17,False,2-5m,False,False,False,False,False,False,
ESP_034343_1765,-3.517,271.234,-88.76600000000002,3.84,cluster,n,y,32,2013-11-23,CTX,P16_007417_1781_XN_01S089W,2008-02-25,CTX,D05_029306_1744_XI_05S088W,2012-10-27,False,2-5m,False,False,False,False,False,False,
ESP_034344_2040,23.8172,239.855,-120.14500000000001,5.59,cluster,n,y,32,2013-11-23,HRSC,H5236_0000_ND3,2008-01-29,CTX,G22_026841_2050_XN_25N120W,2012-04-17,False,5-10m,False,False,False,False,False,False,
ESP_034357_2050,24.8777,245.2931,-114.70689999999999,4.62,cluster,n,y,32,2013-11-24,CTX,G21_026287_2048_XN_24N114W,2012-03-05,CTX,D04_028898_2047_XN_24N114W,2012-09-25,True,2-5m,False,False,False,False,False,True,
ESP_034372_1665,-13.2509,200.7267,-159.2733,7.96,single,n,y,32,2013-11-25,HRSC,H6418_0000_ND3,2008-12-31,CTX,D05_029124_1667_XN_13S159W,2012-10-12,False,5-10m,False,False,False,False,False,False,
ESP_034383_1840,4.1616,257.4686,-102.53140000000002,5.23,single,n,y,32,2013-11-26,THEMIS,V26550027,2007-12-09,CTX,G20_026102_1823_XN_02N102W,2012-02-20,True,5-10m,False,False,False,False,False,True,
ESP_034384_1930,12.7717,228.5649,-131.4351,6.71,cluster,n,y,32,2013-11-26,HRSC,H2014_0000_ND3,2005-08-09,CTX,D15_032894_1931_XN_13N131W,2013-08-02,False,5-10m,False,False,False,False,False,False,
ESP_034395_2100,29.8834,285.745,-74.255,8.29,single,n,y,32,2013-11-27,CTX,P17_007680_2097_XN_29N074W,2008-03-16,CTX,D03_028224_2120_XN_32N074W,2012-08-03,False,5-10m,False,False,False,False,False,False,
ESP_034397_1755,-4.4233,236.7932,-123.20679999999999,14.72,cluster,n,y,32,2013-11-27,CTX,B02_010398_1751_XI_04S123W,2008-10-14,CTX,D02_028015_1751_XI_04S123W,2012-07-18,False,10-20m,False,False,False,False,False,False,
ESP_034483_1935,13.2549,46.7319,46.7319,6.39,cluster,n,y,32,2013-12-04,CTX,G15_024079_1913_XI_11N313W,2011-09-15,CTX,D13_032215_1918_XI_11N313W,2013-06-10,False,5-10m,False,False,False,False,False,False,
ESP_034503_1780,-1.7507,221.2941,-138.7059,16.66,single,n,y,32,2013-12-06,CTX,B02_010570_1770_XI_03S138W,2008-10-28,CTX,G20_026077_1772_XI_02S138W,2012-02-18,False,10-20m,False,False,False,False,False,False,
ESP_034518_1675,-12.3002,173.7889,173.7889,3.46,single,n,y,32,2013-12-07,CTX,P17_007592_1657_XN_14S186W,2008-03-10,CTX,D05_029125_1706_XI_09S186W,2012-10-12,False,2-5m,False,False,False,False,False,False,
ESP_034590_1795,-0.3575,6.1354,6.1354,6.34,single,n,y,32,2013-12-12,CTX,G21_026520_1814_XN_01N354W,2012-03-23,CTX,D01_027786_1817_XI_01N354W,2012-06-30,True,5-10m,True,False,False,False,False,False,
ESP_034595_2315,50.9322,221.9358,-138.0642,6.18,cluster,n,y,32,2013-12-13,THEMIS,V27999010,2008-04-06,CTX,G22_026736_2324_XN_52N138W,2012-04-09,False,5-10m,False,False,False,False,False,False,
ESP_034778_2010,20.818,270.5772,-89.4228,3.94,cluster,n,y,32,2013-12-27,THEMIS,V29507013,2008-08-08,CTX,G23_027341_2034_XN_23N089W,2012-05-26,False,2-5m,False,False,False,False,False,False,
ESP_034687_1915,11.299,236.3629,-123.6371,3.64,single,n,y,32,2013-12-20,CTX,B19_016912_1896_XN_09N123W,2010-03-06,CTX,D05_029294_1897_XN_09N123W,2012-10-26,False,2-5m,False,False,False,False,False,False,
ESP_035209_2195,39.1234,21.3772,21.3772,5.5,single,n,y,32,2014-01-30,CTX,D05_029038_2197_XN_39N338W,2012-10-06,CTX,D19_034642_2194_XN_39N338W,2013-12-16,False,5-10m,False,False,False,False,False,False,Dundas et al. 2021
ESP_034859_1780,-1.75,221.2877,-138.7123,11.46,cluster,n,y,32,2014-01-02,CTX,D01_027554_1772_XI_02S138W,2012-06-12,CTX,D19_034503_1783_XI_01S138W,2013-12-06,False,10-20m,False,False,False,False,False,False,
ESP_034875_1740,-6.1523,145.5903,145.5903,3.7,single,n,y,32,2014-01-03,CTX,P17_007593_1739_XN_06S214W,2008-03-10,CTX,D10_031117_1738_XI_06S214W,2013-03-17,False,2-5m,False,False,False,False,False,False,
ESP_034886_1670,-13.0194,206.2754,-153.7246,5.17,cluster,n,y,32,2014-01-04,CTX,P18_008250_1679_XN_12S153W,2008-04-30,CTX,D07_030060_1678_XN_12S154W,2012-12-24,False,5-10m,False,False,False,False,False,False,
ESP_034897_2080,27.679,260.9988,-99.00119999999998,8.22,cluster,n,y,32,2014-01-05,CTX,D17_033763_2077_XI_27N098W,2013-10-09,CTX,D18_034330_2077_XI_27N098W,2013-11-22,False,5-10m,False,False,False,False,False,False,
ESP_034913_2110,30.7487,182.6138,-177.3862,4.07,single,n,y,32,2014-01-06,CTX,D01_027687_2115_XI_31N177W,2012-06-22,CTX,D18_034412_2115_XI_31N177W,2013-11-28,True,2-5m,False,False,False,True,False,False,
ESP_034923_2060,25.5083,270.3053,-89.69470000000001,7.45,cluster,n,y,32,2014-01-07,THEMIS,V34260008,2009-09-04,CTX,G23_027341_2034_XN_23N089W,2012-05-26,False,5-10m,False,False,False,False,False,False,
ESP_035003_1960,15.9423,248.6131,-111.3869,21.17,cluster,n,y,32,2014-01-13,THEMIS,V28210013,2008-04-24,CTX,G21_026366_1969_XN_16N111W,2012-03-11,True,20-50m,False,False,False,False,False,True,
ESP_035121_2025,22.1533,265.8374,-94.1626,6.08,single,n,y,32,2014-01-23,CTX,G05_020181_2022_XN_22N094W,2010-11-16,CTX,D01_027750_2013_XN_21N094W,2012-06-27,False,5-10m,False,False,False,False,False,False,
ESP_035152_2035,23.475,138.4986,138.4986,9.21,cluster,n,y,32,2014-01-25,THEMIS,V38308013,2010-08-03,CTX,G21_026370_2032_XN_23N221W,2012-03-12,True,5-10m,False,False,True,False,False,False,
ESP_035169_1745,-5.2532,39.0603,39.0603,4.13,single,n,y,32,2014-01-26,THEMIS,V18634001,2006-02-25,CTX,D19_034602_1769_XN_03S321W,2013-12-13,False,2-5m,False,False,False,False,False,False,
ESP_035195_1895,9.46,46.5261,46.5261,3.56,single,n,y,32,2014-01-28,CTX,P17_007557_1901_XI_10N313W,2008-03-07,CTX,G19_025846_1918_XI_11N313W,2012-01-31,False,2-5m,False,False,False,False,False,False,
ESP_035214_1985,18.1812,246.7774,-113.2226,4.45,cluster,n,y,32,2014-01-30,CTX,P17_007576_1979_XN_17N113W,2008-03-08,CTX,G18_025232_1987_XI_18N113W,2011-12-14,True,2-5m,False,False,False,False,False,True,
ESP_035254_2020,21.7426,234.4769,-125.5231,11.06,cluster,n,y,32,2014-02-02,HRSC,H5308_0000_ND3,2008-02-19,THEMIS,V40139009,2011-01-01,False,10-20m,False,False,False,False,False,False,
ESP_035309_1840,4.0151,175.3222,175.3222,4.28,single,n,y,32,2014-02-06,CTX,G05_020369_1837_XN_03N184W,2010-11-30,CTX,D08_030272_1858_XI_05N185W,2013-01-10,False,2-5m,False,False,False,False,False,False,
ESP_035319_1815,1.5577,263.0759,-96.92410000000001,4.93,single,n,y,32,2014-02-07,THEMIS,V31553012,2009-01-24,CTX,D18_034396_1816_XN_01N097W,2013-11-27,False,2-5m,False,False,False,False,False,False,
ESP_035345_1740,-6.0492,273.2905,-86.70949999999999,3.28,cluster,n,y,32,2014-02-09,CTX,P07_003870_1735_XN_06S086W,2007-05-25,CTX,D19_034633_1731_XN_06S086W,2013-12-16,False,2-5m,False,False,False,False,False,False,
ESP_035424_2035,23.1227,272.4771,-87.52289999999999,2.67,single,n,y,32,2014-02-15,THEMIS,V28621023,2008-05-27,CTX,D20_035068_2038_XN_23N087W,2014-01-19,False,2-5m,False,False,False,False,False,False,
ESP_035399_2050,24.766,234.6401,-125.35990000000001,6.6,single,n,y,32,2014-02-13,CTX,P11_005480_2041_XN_24N125W,2007-09-27,CTX,D20_035043_2053_XN_25N125W,2014-01-17,False,5-10m,False,False,False,False,False,False,
ESP_035426_1785,-1.3231,221.364,-138.636,8.94,cluster,n,y,32,2014-02-15,CTX,B02_010570_1770_XI_03S138W,2008-10-28,CTX,D01_027554_1772_XI_02S138W,2012-06-12,False,5-10m,False,False,False,False,False,False,
ESP_035437_1800,0.2051,280.6774,-79.32260000000002,6.07,cluster,n,y,32,2014-02-16,CTX,P14_006586_1800_XN_00N079W,2007-12-22,CTX,D01_027499_1822_XI_02N079W,2012-06-08,False,5-10m,False,False,False,False,False,False,
ESP_035438_2075,27.3316,249.692,-110.30799999999999,3.34,cluster,n,n,32,2014-02-16,THEMIS,V26775016,2007-12-27,CTX,G20_026089_2084_XN_28N110W,2012-02-19,True,2-5m,False,False,False,False,False,True,
ESP_035446_1925,12.5073,33.8458,33.8458,4.71,single,n,y,32,2014-02-17,THEMIS,V28467007,2008-05-15,CTX,D20_034879_1928_XN_12N326W,2014-01-04,False,2-5m,False,False,False,False,False,False,
ESP_035460_1965,16.3953,10.5791,10.5791,3.36,cluster,n,y,32,2014-02-18,CTX,G14_023777_1976_XN_17N349W,2011-08-23,CTX,D18_034392_1949_XI_14N349W,2013-11-27,False,2-5m,False,False,False,False,False,False,
ESP_035465_1815,1.6106,236.3474,-123.6526,8.45,single,n,y,32,2014-02-18,CTX,P08_003990_1824_XN_02N123W,2007-06-03,CTX,D03_028582_1840_XI_04N124W,2012-08-31,False,5-10m,False,False,False,False,False,False,
ESP_035473_1855,5.6694,17.4804,17.4804,5.32,single,n,y,32,2014-02-19,MOC NA,R12-00415,2003-12-04,CTX,G21_026480_1868_XN_06N342W,2012-03-20,False,5-10m,False,False,False,False,False,False,
ESP_035506_2115,31.3184,193.6348,-166.3652,10.93,single,n,n,32,2014-02-22,THEMIS,V26752018,2007-12-26,CTX,D20_034939_2102_XN_30N166W,2014-01-08,False,10-20m,False,False,False,False,False,False,
ESP_035538_1950,14.8642,41.7649,41.7649,5.92,cluster,n,y,32,2014-02-24,CTX,P08_004063_1952_XN_15N318W,2007-06-09,CTX,B19_017196_1975_XN_17N318W,2010-03-28,False,5-10m,False,False,False,False,False,False,
ESP_035545_1735,-6.3305,212.7625,-147.2375,6.1,single,n,n,32,2014-02-25,THEMIS,V27426003,2008-02-19,CTX,D04_028873_1740_XI_06S147W,2012-09-23,False,5-10m,False,False,False,False,False,False,
ESP_035552_1960,15.596,19.6619,19.6619,3.7407,cluster,n,y,32,2014-02-25,CTX,P19_008494_1974_XN_17N340W,2008-05-19,CTX,D18_034128_1938_XI_13N340W,2013-11-06,False,2-5m,False,False,False,False,False,False,Daubar et al. 2019
ESP_035610_2050,24.6904,234.9488,-125.0512,5.27,single,n,y,32,2014-03-02,THEMIS,V29658012,2008-08-21,THEMIS,V40139008,2011-01-01,False,5-10m,False,False,False,False,False,False,
ESP_035623_1905,10.4868,241.237,-118.763,5.85,cluster,n,y,32,2014-03-03,CTX,B19_016925_1880_XN_08N118W,2010-03-07,CTX,D20_035056_1908_XN_10N118W,2014-01-18,False,5-10m,False,False,False,False,False,False,
ESP_035677_1650,-14.9037,210.7389,-149.2611,4.5,single,n,y,32,2014-03-07,CTX,D15_033264_1645_XN_15S149W,2013-08-31,CTX,D19_034464_1651_XN_14S149W,2013-12-02,False,2-5m,False,False,False,False,False,False,
ESP_035682_1745,-5.6562,72.6199,72.6199,10.0425,cluster,n,n,32,2014-03-07,CTX,B21_017907_1733_XN_06S287W,2010-05-22,CTX,D02_027810_1756_XN_04S287W,2012-07-02,False,10-20m,False,False,False,False,False,False,Daubar et al. 2019
ESP_036033_2225,42.0635,205.2362,-154.7638,2.5,single,n,y,32,2014-04-04,CTX,B18_016491_2212_XN_41N154W,2010-02-01,CTX,D22_035611_2224_XN_42N155W,2014-03-02,False,2-5m,False,False,False,False,False,False,Dundas et al. 2021
ESP_035815_2175,37.2424,36.0081,36.0081,3.0,single,n,y,32,2014-03-18,CTX,B18_016695_2168_XI_36N323W,2010-02-17,CTX,D18_034325_2167_XI_36N323W,2013-11-22,False,2-5m,False,False,False,False,False,False,Dundas et al. 2021
ESP_034238_2025,22.5042,253.6713,-106.3287,5.55,cluster,n,y,32,2013-11-15,CTX,B18_016819_2042_XN_24N106W,2010-02-27,HiRISE,ESP_034238_2025,2013-11-15,True,5-10m,False,False,False,False,False,True,
ESP_035201_2310,50.359,232.8956,-127.1044,4.0,single,n,n,32,2014-01-29,HiRISE,ESP_034766_2310,2013-12-26,HiRISE,ESP_035201_2310,2014-01-29,False,2-5m,False,False,False,False,False,False,Dundas et al. 2021
ESP_035780_1765,-3.3475,277.0869,-82.91309999999999,8.5386,cluster,n,y,32,2014-03-15,HRSC,H0931_0000_ND3,2004-10-10,CTX,D20_035213_1779_XN_02S083W,2014-01-30,False,5-10m,False,False,False,False,False,False,Daubar et al. 2019
ESP_035824_1810,0.9247,154.8959,154.8959,3.7492,cluster,n,y,32,2014-03-18,CTX,P12_005694_1808_XI_00N205W,2007-10-14,CTX,D02_028163_1804_XI_00N205W,2012-07-29,False,2-5m,False,False,False,False,False,False,Daubar et al. 2019
ESP_034911_1975,17.3818,239.0617,-120.9383,3.3,single,n,y,32,2014-01-06,CTX,B08_012890_1979_XN_17N121W,2009-04-26,CTX,G23_027118_1989_XI_18N121W,2012-05-09,False,2-5m,False,False,False,False,False,False,
ESP_035354_1855,5.3682,26.0068,26.0068,3.2,single,n,y,32,2014-02-10,CTX,G15_024027_1859_XI_05N333W,2011-09-11,CTX,G20_025939_1864_XI_06N334W,2012-02-07,False,2-5m,False,False,False,False,False,False,Bart et al. 2019
ESP_036053_1945,14.3284,22.1165,22.1165,2.26,cluster,n,y,32,2014-04-05,CTX,P19_008283_1949_XI_14N337W,2008-05-02,CTX,D20_035064_1953_XI_15N337W,2014-01-18,False,2-5m,False,False,False,False,False,False,
ESP_036085_2455,65.0614,220.4894,-139.5106,4.5,cluster,y,y,32,2014-04-08,THEMIS,V29821008,2008-09-03,CTX,D21_035452_2471_XN_67N139W,2014-02-17,False,2-5m,False,False,False,False,False,False,
ESP_036059_1835,3.3498,219.4038,-140.5962,48.7,cluster,n,y,32,2014-04-06,MARCI,G21_026565_0888_MA_00N142W,2012-03-27,MARCI,G21_026578_0893_MA_00N137W,2012-03-28,False,20-50m,False,False,False,False,False,False,
ESP_036075_1990,19.0082,141.3643,141.3643,4.73,cluster,n,y,32,2014-04-07,HRSC,H3006_0000_ND3,2006-05-14,CTX,D20_035086_1996_XN_19N218W,2014-01-20,False,2-5m,False,False,False,False,False,False,
ESP_034358_1645,-15.1289,222.1473,-137.8527,6.23,single,n,y,32,2013-11-24,CTX,G13_023387_1645_XI_15S138W,2011-07-23,CTX,D02_027976_1638_XI_16S137W,2012-07-15,False,5-10m,False,False,False,False,False,False,
ESP_036343_2080,27.5582,24.6534,24.6534,5.3453,cluster,n,y,32,2014-04-28,CTX,P06_003457_2074_XN_27N335W,2007-04-22,CTX,D18_034220_2059_XN_25N335W,2013-11-13,False,5-10m,False,False,False,False,False,False,Daubar et al. 2019
ESP_036352_2005,20.4682,140.0233,140.0233,5.27,cluster,n,y,32,2014-04-29,THEMIS,V13488006,2004-12-28,CTX,D20_034941_2014_XN_21N220W,2014-01-09,False,5-10m,False,False,False,False,False,False,
ESP_036360_2145,34.19157,280.2614,-79.73860000000002,15.08,cluster,n,y,32,2014-04-29,CTX,G19_025745_2123_XN_32N079W,2012-01-23,CTX,D21_035305_2151_XN_35N079W,2014-02-06,False,10-20m,False,False,False,False,False,False,
ESP_036388_2095,29.3405,235.9843,-124.01570000000001,8.1911,cluster,n,y,32,2014-05-01,HRSC,H5290_0000_ND3,2008-02-14,CTX,D19_034621_2085_XN_28N124W,2013-12-15,False,5-10m,False,False,False,False,False,False,Daubar et al. 2019
ESP_036124_1935,13.4905,244.5064,-115.49359999999999,4.88,single,n,y,32,2014-04-11,HRSC,H5146_0009_ND3,2008-01-04,CTX,D20_035135_1952_XN_15N115W,2014-01-24,False,2-5m,False,False,False,False,False,False,
ESP_036178_2215,41.3989,206.8137,-153.1863,2.97,cluster,n,y,32,2014-04-15,THEMIS,V22284016,2006-12-23,CTX,B18_016636_2209_XN_40N152W,2010-02-12,False,2-5m,False,False,False,False,False,False,
ESP_036232_2245,44.3367,172.2976,172.2976,2.5,single,n,y,32,2014-04-19,CTX,G01_018602_2249_XI_44N187W,2010-07-15,CTX,D22_035810_2244_XN_44N187W,2014-03-17,False,2-5m,False,False,False,False,False,False,Dundas et al. 2021
ESP_036243_2250,44.7505,232.1105,-127.8895,4.25,cluster,n,y,32,2014-04-20,HRSC,H5344_0000_ND3,2008-02-29,CTX,D22_035610_2265_XN_46N128W,2014-03-02,False,2-5m,False,False,False,False,False,False,Dundas et al. 2021
ESP_036272_1995,19.2217,164.5255,164.5255,2.11,single,n,y,32,2014-04-22,CTX,D20_035072_1999_XN_19N195W,2014-01-19,CTX,D21_035428_1999_XN_19N195W,2014-02-16,False,2-5m,False,False,False,False,False,False,
ESP_036269_2360,55.5702,240.5211,-119.47890000000001,2.4,cluster,n,n,32,2014-04-22,CTX,D20_034858_2376_XI_57N119W,2014-01-02,CTX,F01_036058_2375_XI_57N119W,2014-04-06,False,2-5m,False,False,False,False,False,False,
ESP_036506_1850,4.9226,258.048,-101.952,7.05,single,n,y,32,2014-05-11,THEMIS,V14607014,2005-03-31,CTX,CTX P13_006244_1869_XN_06N,2007-11-25,True,5-10m,False,False,False,False,False,True,
ESP_036308_1840,4.0806,263.1323,-96.86770000000001,4.23,cluster,n,y,32,2014-04-25,CTX,G22_026682_1821_XN_02N096W,2012-04-05,CTX,D22_035675_1858_XN_05N097W,2014-03-07,False,2-5m,False,False,False,False,False,False,
ESP_036317_1915,11.3299,16.3791,16.3791,10.63,cluster,n,y,32,2014-04-26,HRSC,H5285_0001_ND3,2008-02-12,CTX,D22_035684_1897_XN_09N343W,2014-03-08,False,10-20m,False,False,False,False,False,False,
ESP_036356_2075,27.4492,30.2327,30.2327,3.16,single,n,y,32,2014-04-29,THEMIS,V37588023,2010-06-05,CTX,D02_027996_2063_XN_26N329W,2012-07-16,False,2-5m,False,False,False,False,False,False,
ESP_036443_2270,46.6265,171.8712,171.8712,5.27,cluster,y,y,32,2014-05-06,CTX,D22_035599_2273_XN_47N188W,2014-03-01,CTX,F01_036232_2255_XI_45N187W,2014-04-19,False,5-10m,False,False,False,False,False,False,
ESP_036426_2105,30.2519,278.3764,-81.62360000000001,4.8755,cluster,n,y,32,2014-05-04,CTX,G05_020286_2090_XN_29N081W,2010-11-24,CTX,D21_035582_2079_XN_27N081W,2014-02-28,False,2-5m,False,False,False,False,False,False,Daubar et al. 2019
ESP_036467_2375,57.3347,234.2001,-125.79990000000001,2.47,cluster,y,y,32,2014-05-08,THEMIS,V26913024,2008-01-08,CTX,F01_036045_2385_XN_58N126W,2014-04-05,False,2-5m,False,False,False,False,False,False,
ESP_036600_2235,43.1309,204.8059,-155.1941,2.0,single,n,y,32,2014-05-18,CTX,G19_025840_2248_XI_44N155W,2012-01-30,CTX,F01_036165_2238_XN_43N155W,2014-04-14,False,<2m,False,False,False,False,False,False,Dundas et al. 2021
ESP_036625_2045,24.0084,245.6348,-114.36519999999999,13.1,single,n,y,32,2014-05-20,CTX,B20_017439_2043_XI_24N114W,2010-04-16,CTX,D04_028898_2047_XN_24N114W,2012-09-25,True,10-20m,False,False,False,False,False,True,
ESP_036646_1775,-2.4114,35.3375,35.3375,12.32,single,n,y,32,2014-05-21,HRSC,H1972_0000_ND3,2005-07-28,CTX,D22_035657_1781_XN_01S324W,2014-03-05,False,10-20m,False,False,False,False,False,False,
ESP_036658_2550,74.6373,49.5508,49.5508,8.0,single,y,n,32,2014-05-22,THEMIS,V27893010,2008-03-29,CTX,F01_036368_2532_XN_73N309W,2014-04-30,False,5-10m,False,False,False,False,False,False,Dundas et al. 2021
ESP_036665_2345,54.3655,228.5427,-131.4573,2.5,single,n,y,32,2014-05-23,CTX,D03_028582_2323_XI_52N131W,2012-08-31,CTX,F01_036309_2370_XN_57N132W,2014-04-25,False,2-5m,False,False,False,False,False,False,Dundas et al. 2021
ESP_036666_2230,42.7696,204.2708,-155.7292,5.0,single,possible,y,32,2014-05-23,CTX,G19_025840_2248_XI_44N155W,2012-01-30,CTX,D20_035110_2249_XN_44N156W,2014-01-22,False,2-5m,False,False,False,False,False,False,Dundas et al. 2021
ESP_036703_2030,22.666,277.1276,-82.87240000000003,4.9429,cluster,n,y,32,2014-05-26,CTX,G02_019007_2004_XN_20N082W,2010-08-16,CTX,F01_036281_2037_XN_23N082W,2014-04-23,False,2-5m,False,False,False,False,False,False,Daubar et al. 2019
ESP_036771_1605,-19.1238,225.272,-134.728,6.75,cluster,n,Y,32,2014-05-31,CTX,G22_027000_1627_XN_17S135W,2012-04-30,CTX,D22_035782_1591_XN_20S134W,2014-03-15,False,5-10m,False,False,False,False,False,False,
ESP_036836_2360,55.6201,241.2399,-118.7601,10.0,single,y,y,32,2014-06-05,CTX,D02_028054_2377_XI_57N119W,2012-07-21,CTX,F02_036559_2376_XI_57N119W,2014-05-15,False,5-10m,False,False,False,False,False,False,Dundas et al. 2021
ESP_036792_1930,12.9427,7.1936,7.1936,4.33,single,n,y,32,2014-06-02,THEMIS,V12307004,2004-09-22,CTX,D21_035236_1914_XN_11N352W,2014-02-01,True,2-5m,True,False,False,False,False,False,
ESP_036712_1890,8.7306,33.6884,33.6884,4.8,cluster,n,y,32,2014-05-27,CTX,B18_016748_1887_XN_08N326W,2010-02-21,HiRISE,ESP_036712_1890,2014-05-27,False,2-5m,False,False,False,False,False,False,
ESP_036892_2100,29.4971,155.8253,155.8253,10.8343,cluster,n,y,32,2014-06-10,THEMIS,V14099001,2005-02-17,HRSC,H3222_0000_ND3,2006-07-13,False,10-20m,False,False,False,False,False,False,Daubar et al. 2019
ESP_036916_1665,-13.4173,225.9001,-134.0999,15.7,single,n,y,32,2014-06-12,THEMIS,V35810003,2010-01-09,CTX,D22_035927_1650_XN_15S134W,2014-03-26,False,10-20m,False,False,False,False,False,False,Bart et al. 2019
ESP_037139_1935,13.5383,253.1786,-106.82140000000001,7.35,single,n,y,32,2014-06-29,CTX,P19_008525_1934_XN_13N106W,2008-05-21,HiRISE,ESP_037139_1935,2014-06-29,True,5-10m,False,False,False,False,False,True,
ESP_036976_2095,29.2044,22.1765,22.1765,16.7,single,n,y,32,2014-06-16,HRSC,H5195_0000_ND3,2008-01-18,CTX,D22_035776_2098_XN_29N337W,2014-03-15,False,10-20m,False,False,False,False,False,False,Bart et al. 2019
ESP_037033_2040,23.8603,265.9224,-94.07760000000002,6.3,single,n,y,32,2014-06-21,THEMIS,V27598022,2008-03-04,CTX,F02_036677_2032_XN_23N093W,2014-05-24,False,5-10m,False,False,False,False,False,False,Bart et al. 2019
ESP_037069_2375,57.241,358.0247,-1.9753000000000043,2.47,cluster,possible,y,32,2014-06-23,THEMIS,V27308015,2008-02-09,CTX,F02_036713_2367_XN_56N002W,2014-05-27,False,2-5m,False,False,False,False,False,False,
ESP_037086_2440,63.6693,251.4107,-108.58930000000001,2.71,cluster,y,y,32,2014-06-25,THEMIS,V28335008,2008-05-04,CTX,F02_036730_2436_XN_63N108W,2014-05-28,True,2-5m,False,False,False,False,False,True,
ESP_037121_2075,27.1906,22.4322,22.4322,6.94,single,n,y,32,2014-06-28,HRSC,H5195_0000_ND3,2008-01-18,CTX,D22_035776_2098_XN_29N337W,2014-03-15,False,5-10m,False,False,False,False,False,False,
ESP_037169_2230,42.5216,150.9859,150.9859,5.0,single,n,y,32,2014-07-01,CTX,D05_029297_2217_XN_41N208W,2012-10-26,CTX,F03_036958_2214_XN_41N208W,2014-06-15,False,2-5m,False,False,False,False,False,False,Dundas et al. 2021
ESP_037328_1845,4.2827,135.2539,135.2539,5.26,single,n,y,32,2014-07-14,THEMIS,V27565028,2008-03-02,CTX,D06_029601_1846_XN_04N224W,2012-11-19,True,5-10m,False,False,True,False,False,False,
ESP_037187_1890,9.0619,23.3688,23.3688,3.41,cluster,n,y,32,2014-07-03,CTX,G11_022537_1910_XI_11N336W,2011-05-18,CTX,F02_036475_1887_XN_08N336W,2014-05-08,False,2-5m,False,False,False,False,False,False,
ESP_037203_1680,-11.7651,308.7796,-51.220399999999984,8.43,single,n,n,32,2014-07-04,CTX,B17_016171_1680_XN_12S051W,2010-01-07,CTX,D21_035502_1679_XN_12S051W,2014-02-21,True,5-10m,False,False,False,False,True,False,
ESP_037239_1820,2.0373,44.5461,44.5461,19.5528,cluster,n,y,32,2014-07-07,HRSC,H5148_0000_ND3,2008-01-04,CTX,G23_027112_1820_XN_02N315W,2012-05-09,False,10-20m,False,False,False,False,False,False,Daubar et al. 2019
ESP_037336_2300,49.9049,270.2421,-89.7579,4.22,cluster,n,y,32,2014-07-14,HRSC,H1572_0000_ND3,2005-04-07,CTX,F02_036769_2298_XN_49N089W,2014-05-31,False,2-5m,False,False,False,False,False,False,
ESP_037341_1935,13.2354,138.2863,138.2863,2.29,cluster,n,y,32,2014-07-15,THEMIS,V38857014,2010-09-17,CTX,F02_036629_1958_XN_15N222W,2014-05-20,True,2-5m,False,False,True,False,False,False,
ESP_037345_2095,29.2914,27.3434,27.3434,4.01,single,n,y,32,2014-07-15,CTX,B07_012423_2099_XN_29N332W,2009-03-21,CTX,F03_036923_2096_XN_29N332W,2014-06-12,False,2-5m,False,False,False,False,False,False,
ESP_037354_1950,15.078,143.7085,143.7085,2.49,single,n,y,32,2014-07-16,THEMIS,V26841019,2008-01-02,CTX,F01_036009_1963_XN_16N216W,2014-04-02,False,2-5m,False,False,False,False,False,False,
ESP_037420_1830,2.7398,143.3886,143.3886,3.1,single,n,y,32,2014-07-21,CTX,B17_016177_1830_XN_03N216W,2010-01-08,CTX,F02_036497_1830_XN_03N216W,2014-05-10,False,2-5m,False,False,False,False,False,False,
ESP_037433_2000,19.558,146.3739,146.3739,4.27,single,n,y,32,2014-07-22,THEMIS,V12427010,2004-10-02,CTX,D20_035099_1998_XN_19N213W,2014-01-21,False,2-5m,False,False,False,False,False,False,
ESP_037442_1855,5.4554,262.3178,-97.68220000000002,17.54,single,n,n,32,2014-07-23,THEMIS,V27910022,2008-03-30,HRSC,H6252_0000_ND3,2008-11-14,False,10-20m,False,False,False,False,False,False,
ESP_037502_1170,-62.5427,76.00392,76.00392,4.5,single,y,n,32,2014-07-27,CTX,B11_014070_1174_XN_62S284W,2009-07-27,CTX,G12_022852_1165_XI_63S283W,2011-06-12,False,2-5m,False,False,False,False,False,False,Dundas et al. 2021
ESP_037522_1845,4.5648,238.4684,-121.5316,3.94,cluster,n,y,32,2014-07-29,THEMIS,I52398047,2013-10-06,CTX,F02_036599_1858_XN_05N121W,2014-05-18,False,2-5m,False,False,False,False,False,False,
ESP_037544_2060,25.6344,355.8839,-4.116100000000017,4.37,single,n,y,32,2014-07-30,THEMIS,V26659033,2007-12-18,CTX,D01_027628_2055_XN_25N004W,2012-06-18,False,2-5m,False,False,False,False,False,False,
ESP_037565_2050,24.7895,141.5597,141.5597,9.86,single,n,y,32,2014-08-01,HRSC,H3006_0000_ND3,2006-05-14,CTX,F02_036642_2054_XN_25N218W,2014-05-21,False,5-10m,False,False,False,False,False,False,
ESP_037679_2010,20.9713,270.0808,-89.91919999999999,7.3092,cluster,n,y,32,2014-08-10,CTX,G18_025363_2020_XN_22N089W,2011-12-24,CTX,F03_036901_2026_XN_22N090W,2014-06-10,False,5-10m,False,False,False,False,False,False,Daubar et al. 2019
ESP_037682_2030,22.6303,188.5996,-171.4004,10.1,single,n,y,32,2014-08-10,CTX,D22_035915_2032_XI_23N171W,2014-03-26,CTX,F02_036548_2014_XN_21N171W,2014-05-14,True,10-20m,False,False,False,True,False,False,
ESP_037697_2030,22.8656,138.7479,138.7479,3.91,cluster,n,y,32,2014-08-11,CTX,G21_026370_2032_XN_23N221W,2012-03-12,CTX,F03_036919_2044_XN_24N221W,2014-06-12,True,2-5m,False,False,True,False,False,False,
ESP_037706_1765,-3.4366,256.3268,-103.67320000000001,11.3676,cluster,n,y,32,2014-08-12,CTX,F02_036572_1765_XN_03S103W,2014-05-16,CTX,F03_036928_1765_XN_03S103W,2014-06-12,True,10-20m,False,False,False,False,False,True,Daubar et al. 2019
ESP_037761_2155,35.2727,191.1978,-168.8022,4.5,single,n,y,32,2014-08-16,CTX,P15_006866_2147_XN_34N168W,2008-01-13,CTX,F03_037128_2173_XN_37N169W,2014-06-28,False,2-5m,False,False,False,False,False,False,Dundas et al. 2021
ESP_037284_1240,-55.86884005633,264.75874507763,-95.24125492236999,4.06,cluster,n,y,32,2014-07-10,CTX,G03_019443_1252_XN_54S095W,2010-09-19,HiRISE,ESP_037284_1240,2014-07-10,False,2-5m,False,False,False,False,False,False,
ESP_037863_1945,14.5864,288.9837,-71.0163,7.05,single,n,y,32,2014-08-24,CTX,D22_035674_1928_XN_12N070W,2014-03-07,CTX,F04_037230_1944_XN_14N071W,2014-07-06,False,5-10m,False,False,False,False,False,False,
ESP_037878_1970,17.0055,239.6703,-120.3297,5.99,cluster,n,n,32,2014-08-26,HRSC,H5236_0000_ND3,2008-01-29,CTX,F02_036678_1953_XN_15N120W,2014-05-24,False,5-10m,False,False,False,False,False,False,
ESP_037885_1850,5.1307,49.892,49.892,2.34,single,n,y,32,2014-08-26,THEMIS,V27543037,2008-02-29,CTX,D21_035485_1854_XN_05N310W,2014-02-20,False,2-5m,False,False,False,False,False,False,
ESP_039276_1885,8.2231,245.3502,-114.6498,6.42,cluster,n,y,32,2014-12-12,CTX,P13_006284_1871_XN_07N114W,2007-11-29,CTX,F03_037047_1858_XN_05N114W,2014-06-22,True,5-10m,False,False,False,False,False,True,
ESP_039329_1830,2.9514,238.8821,-121.11789999999999,8.97,cluster,n,y,32,2014-12-17,CTX,D04_028661_1810_XN_01N120W,2012-09-06,CTX,F04_037311_1828_XN_02N121W,2014-07-12,False,5-10m,False,False,False,False,False,False,
ESP_037946_1960,15.827,183.5578,-176.4422,3.1013,cluster,n,y,32,2014-08-31,CTX,B20_017415_1958_XI_15N176W,2010-04-14,CTX,F03_037102_1960_XN_16N176W,2014-06-26,True,2-5m,False,False,False,True,False,False,Daubar et al. 2019
ESP_037958_2125,32.2914,212.9484,-147.0516,15.95,single,n,y,32,2014-09-01,CTX,P17_007709_2112_XI_31N147W,2008-03-19,CTX,D22_035769_2120_XI_32N146W,2014-03-14,False,10-20m,False,False,False,False,False,False,
ESP_037987_1970,16.8494,144.0949,144.0949,9.9,single,n,y,32,2014-09-03,THEMIS,V27128025,2008-01-26,CTX,D02_027860_1976_XN_17N216W,2012-07-06,False,5-10m,False,False,False,False,False,False,
ESP_038000_1840,4.06,150.3272,150.3272,2.58,single,n,y,32,2014-09-04,CTX,P16_007250_1841_XI_04N209W,2008-02-12,CTX,D21_035534_1838_XI_03N209W,2014-02-24,False,2-5m,False,False,False,False,False,False,
ESP_038057_1770,-3.1405,35.9536,35.9536,6.0171,cluster,n,y,32,2014-09-08,THEMIS,V26933002,2008-01-09,THEMIS,V42705001,2011-07-31,False,5-10m,False,False,False,False,False,False,Daubar et al. 2019
ESP_038074_1885,8.2009,290.4344,-69.56560000000002,15.33,single,n,y,32,2014-09-10,THEMIS,V15467015,2005-06-09,CTX,F02_036663_1884_XN_08N069W,2014-05-23,False,10-20m,False,False,False,False,False,False,
ESP_038216_1765,-3.3262,15.0195,15.0195,12.37,cluster,n,y,32,2014-09-21,CTX,P06_003352_1763_XN_03S345W,2007-04-14,CTX,F01_036238_1787_XI_01S345W,2014-04-20,False,10-20m,False,False,False,False,False,False,
ESP_038258_1930,13.1016,307.5879,-52.41210000000001,4.1936,cluster,n,y,32,2014-09-24,CTX,D20_035225_1907_XN_10N052W,2014-01-31,CTX,F05_037559_1913_XN_11N052W,2014-08-01,True,2-5m,False,False,False,False,True,False,Daubar et al. 2019
ESP_038391_2095,29.173,275.9036,-84.09640000000002,5.03,single,n,y,32,2014-10-04,CTX,D22_035925_2097_XI_29N084W,2014-03-26,CTX,F03_037125_2093_XI_29N084W,2014-06-28,False,5-10m,False,False,False,False,False,False,
ESP_038396_2000,19.8771,140.4964,140.4964,4.66,cluster,n,y,32,2014-10-05,THEMIS,V36174022,2010-02-08,CTX,F03_037064_1991_XN_19N219W,2014-06-23,False,2-5m,False,False,False,False,False,False,
ESP_038458_2030,22.7738,247.5913,-112.40870000000001,16.0661,cluster,n,y,32,2014-10-10,CTX,P20_008802_2030_XN_23N112W,2008-06-12,THEMIS,V39290012,2010-10-23,True,10-20m,False,False,False,False,False,True,Daubar et al. 2019
ESP_038462_1995,19.2945,139.5052,139.5052,2.5,single,n,y,32,2014-10-10,THEMIS,V27228030,2008-02-03,CTX,F04_037486_2003_XN_20N220W,2014-07-26,True,2-5m,False,False,True,False,False,False,
ESP_038612_1935,13.2102,6.6334,6.6334,2.0,single,n,y,32,2014-10-22,THEMIS,V26409027,2007-11-27,CTX,G17_024898_1933_XI_13N353W,2011-11-18,True,<2m,True,False,False,False,False,False,
ESP_039197_1925,12.4197,241.3362,-118.66380000000001,5.1,cluster,n,n,32,2014-12-06,THEMIS,V26900028,2008-01-07,CTX,D18_034133_1919_XI_11N118W,2013-11-07,False,5-10m,False,False,False,False,False,False,
ESP_039211_1630,-17.0563,222.7616,-137.2384,4.4,single,n,y,32,2014-12-07,CTX,P16_007432_1624_XI_17S137W,2008-02-26,CTX,F05_037615_1622_XN_17S137W,2014-08-05,False,2-5m,False,False,False,False,False,False,
ESP_038842_1740,-6.1103,213.6015,-146.3985,3.39,single,n,y,32,2014-11-09,HRSC,H0917_0000_ND3,2004-10-06,CTX,D06_029440_1741_XI_05S146W,2012-11-06,False,2-5m,False,False,False,False,False,False,
ESP_037799_1575,-22.1815,239.206,-120.79400000000001,5.2,single,n,y,32,2014-08-19,CTX,G16_024560_1578_XN_22S120W,2011-10-23,HiRISE,ESP_037799_1575,2014-08-19,False,5-10m,False,False,False,False,False,False,
ESP_038985_2005,20.3456,268.9725,-91.02749999999997,6.3,single,n,y,32,2014-11-20,THEMIS,V27236026,2008-02-03,CTX,F04_037534_2021_XN_22N091W,2014-07-30,False,5-10m,False,False,False,False,False,False,
ESP_039104_2050,24.5804,259.1419,-100.85809999999998,7.77,cluster,n,y,32,2014-11-29,CTX,P11_005189_2038_XN_23N100W,2007-09-04,CTX,D16_033618_2049_XN_24N100W,2013-09-28,True,5-10m,False,False,False,False,False,True,
ESP_039148_1980,18.0307,138.6634,138.6634,12.1,single,n,y,32,2014-12-02,CTX,G20_026014_1982_XN_18N221W,2012-02-13,CTX,F03_037130_1994_XN_19N221W,2014-06-28,True,10-20m,False,False,True,False,False,False,
ESP_039243_1850,5.063,67.3149,67.3149,8.1,single,n,n,32,2014-12-10,THEMIS,V27193034,2008-01-31,CTX,G12_022786_1857_XN_05N292W,2011-06-07,False,5-10m,False,False,False,False,False,False,
ESP_039335_1835,3.3193,75.518,75.518,1.6,single,n,y,32,2014-12-17,CTX,D20_034983_1833_XN_03N284W,2014-01-12,CTX,F07_038504_1841_XN_04N284W,2014-10-13,False,<2m,False,False,False,False,False,False,
ESP_039521_1790,-0.8666,38.1623,38.1623,1.92,cluster,n,y,32,2014-12-31,CTX,D08_030409_1791_XN_00S322W,2013-01-20,CTX,F03_037081_1815_XN_01N322W,2014-06-24,False,<2m,False,False,False,False,False,False,
ESP_039553_2050,24.5884,241.4454,-118.5546,7.5,single,n,y,32,2015-01-03,CTX,B16_016081_2060_XN_26N118W,2009-12-31,CTX,F06_037957_2046_XN_24N118W,2014-09-01,False,5-10m,False,False,False,False,False,False,
ESP_039574_1995,19.2163,28.8138,28.8138,5.33,cluster,n,y,32,2015-01-05,CTX,P15_007083_1978_XI_17N331W,2008-01-30,CTX,F03_037134_1988_XI_18N331W,2014-06-29,False,5-10m,False,False,False,False,False,False,
ESP_039861_1225,-57.3551,125.1724,125.1724,5.1,cluster,y,y,32,2015-01-27,CTX,P14_006592_1221_XN_57S234W,2007-12-23,CTX,F10_039650_1218_XI_58S235W,2015-01-11,False,5-10m,False,False,False,False,False,False,
ESP_039946_1150,-64.9984,329.8375,-30.162500000000023,6.0,single,y,y,32,2015-02-03,THEMIS,V23553014,2007-04-06,CTX,F09_039392_1150_XN_65S030W,2014-12-21,False,5-10m,False,False,False,False,False,False,Dundas et al. 2021
ESP_039864_1905,10.1654,33.8826,33.8826,12.26,cluster,n,y,32,2015-01-27,CTX,B18_016748_1887_XN_08N326W,2010-02-21,CTX,F01_036290_1915_XI_11N326W,2014-04-24,False,10-20m,False,False,False,False,False,False,
ESP_041141_1755,-4.4232,90.3396,90.3396,9.59,cluster,n,y,32,2015-05-07,HRSC,H0010_0009_ND3,2004-01-10,CTX,F09_039229_1760_XN_04S269W,2014-12-09,False,5-10m,False,False,False,False,False,False,
ESP_041208_1755,-4.5626,62.3622,62.3622,3.32,cluster,n,y,32,2015-05-12,CTX,G23_027085_1760_XN_04S297W,2012-05-06,CTX,F06_038333_1754_XN_04S297W,2014-09-30,False,2-5m,False,False,False,False,False,False,
ESP_041953_1885,8.6348,239.4271,-120.5729,15.8,single,n,n,33,2015-07-09,THEMIS,V43758008,2011-10-26,CTX,F08_039118_1882_XN_08N120W,2014-11-30,False,10-20m,False,False,False,False,False,False,
ESP_041874_1960,15.7389,234.9626,-125.03739999999999,2.2,single,n,y,33,2015-07-03,CTX,G10_022226_1977_XN_17N125W,2011-04-24,CTX,F11_040173_1981_XI_18N125W,2015-02-20,False,2-5m,False,False,False,False,False,False,
ESP_041952_1985,18.0757,265.2722,-94.7278,7.58,cluster,n,y,33,2015-07-09,THEMIS,V18176015,2006-01-18,CTX,F08_038906_1986_XN_18N094W,2014-11-14,False,5-10m,False,False,False,False,False,False,
ESP_041925_1935,13.2835,283.5924,-76.4076,5.27,cluster,n,y,33,2015-07-07,CTX,G18_025112_1939_XN_13N076W,2011-12-05,CTX,F06_038338_1937_XN_13N076W,2014-09-30,False,5-10m,False,False,False,False,False,False,
ESP_041913_1910,10.8693,251.5987,-108.40129999999999,7.19,cluster,n,y,33,2015-07-06,CTX,P20_008736_1912_XN_11N108W,2008-06-07,CTX,F05_037627_1917_XN_11N108W,2014-08-06,True,5-10m,False,False,False,False,False,True,
ESP_041886_2015,21.4424,267.224,-92.77600000000001,12.36,cluster,n,y,33,2015-07-04,HRSC,H1085_0000_ND3,2004-11-22,THEMIS,V31291010,2009-01-02,False,10-20m,False,False,False,False,False,False,
ESP_041875_1690,-10.8552,211.7159,-148.2841,4.75,cluster,n,y,33,2015-07-03,CTX,B19_016913_1697_XN_10S148W,2010-03-06,CTX,F05_037800_1671_XI_12S147W,2014-08-19,False,2-5m,False,False,False,False,False,False,
ESP_042757_2030,22.9086,247.3423,-112.6577,3.6,single,n,y,33,2015-09-10,CTX,B16_015883_2021_XN_22N112W,2009-12-16,CTX,F01_035992_2021_XN_22N112W,2014-04-01,True,2-5m,False,False,False,False,False,True,
ESP_042103_2175,37.3888,100.0038,100.0038,6.18,cluster,n,y,33,2015-07-21,CTX,G22_026701_2165_XN_36N259W,2012-04-07,CTX,F05_037883_2151_XN_35N259W,2014-08-26,False,5-10m,False,False,False,False,False,False,
ESP_042138_1985,18.357,226.6142,-133.3858,6.5,single,n,y,33,2015-07-23,CTX,G23_027369_1985_XN_18N133W,2012-05-29,CTX,F08_038947_1985_XN_18N133W,2014-11-17,False,5-10m,False,False,False,False,False,False,
ESP_042380_2050,24.8199,99.7961,99.7961,3.3,single,n,y,33,2015-08-11,CTX,B16_016073_2035_XN_23N260W,2009-12-30,CTX,F05_037949_2052_XN_25N260W,2014-08-31,False,2-5m,False,False,False,False,False,False,
ESP_042461_2150,34.4841,46.745,46.745,4.7,single,n,y,33,2015-08-18,CTX,P14_006634_2130_XI_33N313W,2007-12-26,CTX,F04_037397_2143_XN_34N313W,2014-07-19,False,2-5m,False,False,False,False,False,False,
ESP_043537_2230,42.5792,189.02,-170.98,5.69,cluster,y,y,33,2015-11-09,CTX,F04_037550_2241_XI_44N171W,2014-07-31,CTX,F18_042759_2242_XI_44N171W,2015-09-10,True,5-10m,False,False,False,True,False,False,Dundas et al. 2021
ESP_043130_2150,34.6555,140.3625,140.3625,6.38,cluster,n,y,33,2015-10-09,THEMIS,V11379007,2004-07-08,CTX,D22_035798_2137_XN_33N219W,2014-03-16,False,5-10m,False,False,False,False,False,False,
ESP_043173_2145,34.1164,46.8828,46.8828,3.73,cluster,n,y,33,2015-10-12,CTX,B18_016510_2166_XI_36N313W,2010-02-02,CTX,F04_037397_2143_XN_34N313W,2014-07-19,False,2-5m,False,False,False,False,False,False,
ESP_043196_1980,17.9261,141.0904,141.0904,7.12,single,n,y,33,2015-10-14,THEMIS,V28351011,2008-05-05,CTX,F16_041917_1983_XN_18N219W,2015-07-06,False,5-10m,False,False,False,False,False,False,
ESP_043262_1940,13.8406,140.0172,140.0172,2.37,single,n,y,33,2015-10-19,CTX,F05_037697_1932_XN_13N220W,2014-08-11,CTX,F18_042695_1959_XN_15N220W,2015-09-05,False,2-5m,False,False,False,False,False,False,
ESP_043406_2235,43.0519,164.776,164.776,4.0,single,n,y,33,2015-10-30,CTX,F06_038118_2232_XI_43N195W,2014-09-13,CTX,F18_042839_2231_XI_43N195W,2015-09-16,False,2-5m,False,False,False,False,False,False,Dundas et al. 2021
ESP_043605_1845,4.5105,135.8219,135.8219,5.5,cluster,n,y,33,2015-11-15,CTX,F18_042827_1842_XN_04N224W,2015-09-15,CTX,F19_043183_1844_XN_04N224W,2015-10-13,True,5-10m,False,False,True,False,False,False,
ESP_043134_1800,0.2192,38.4902,38.4902,3.18,cluster,n,y,33,2015-10-09,HRSC,H1928_0000_ND3,2005-07-16,CTX,F16_042145_1803_XI_00N321W,2015-07-24,False,2-5m,False,False,False,False,False,False,
ESP_043853_2200,39.5611,202.4249,-157.5751,5.5,single,y,y,33,2015-12-04,CTX,D22_035809_2177_XN_37N157W,2014-03-17,CTX,F18_042653_2203_XN_40N157W,2015-09-02,False,5-10m,False,False,False,False,False,False,Dundas et al. 2021
ESP_043606_2175,37.168,104.5331,104.5331,4.0,single,n,y,33,2015-11-15,CTX,P17_007502_2195_XI_39N256W,2008-03-03,CTX,F18_042683_2177_XN_37N255W,2015-09-04,False,2-5m,False,False,False,False,False,False,Dundas et al. 2021
ESP_043648_1865,6.2771,43.2549,43.2549,1.73,cluster,n,y,33,2015-11-18,THEMIS,V31623009,2009-01-30,CTX,D21_035327_1839_XN_03N316W,2014-02-08,False,<2m,False,False,False,False,False,False,
ESP_043776_1985,18.4508,146.6137,146.6137,5.78,single,n,y,33,2015-11-28,THEMIS,V26504050,2007-12-05,CTX,D20_035099_1998_XN_19N213W,2014-01-21,False,5-10m,False,False,False,False,False,False,
ESP_043310_2065,26.2704,267.1748,-92.8252,3.91,cluster,n,y,33,2015-10-23,THEMIS,V36257027,2010-02-15,HiRISE,ESP_043310_2065,2015-10-23,False,2-5m,False,False,False,False,False,False,
ESP_045008_2150,34.6819,352.9809,-7.01909999999998,58.15,single,n,n,33,2016-03-03,THEMIS,I03096002,2002-08-26,THEMIS,V13593007,2005-01-06,False,50-100m,False,False,False,False,False,False,
ESP_044341_1610,-18.6642,207.0748,-152.9252,2.1,single,n,y,33,2016-01-11,CTX,P12_005679_1595_XI_20S152W,2007-10-12,CTX,F19_043141_1625_XN_17S153W,2015-10-10,False,2-5m,False,False,False,False,False,False,
ESP_044910_1890,8.7578,151.3873,151.3873,1.7,single,n,y,33,2016-02-24,THEMIS,V47244054,2012-08-08,CTX,F21_043855_1895_XN_09N208W,2015-12-04,False,<2m,False,False,False,False,False,False,
ESP_044887_1735,-6.556,62.277,62.277,2.6,single,n,n,33,2016-02-23,THEMIS,V27556002,2008-03-01,CTX,F19_043199_1723_XN_07S297W,2015-10-14,False,2-5m,False,False,False,False,False,False,
ESP_045323_1560,-23.7871,42.4907,42.4907,7.5,single,n,y,33,2016-03-28,CTX,B09_013082_1560_XN_24S317W,2009-05-11,CTX,F07_038347_1561_XN_23S317W,2014-10-01,False,5-10m,False,False,False,False,False,False,
ESP_045118_1990,18.7736,233.487,-126.513,9.9,single,n,y,33,2016-03-12,THEMIS,V09953012,2004-03-12,CTX,G23_027105_2007_XN_20N126W,2012-05-08,False,5-10m,False,False,False,False,False,False,
ESP_044655_1730,-7.0461,275.0284,-84.97160000000002,11.08,cluster,n,y,33,2016-02-05,CTX,P06_003237_1734_XI_06S085W,2007-04-05,CTX,D17_033789_1733_XN_06S085W,2013-10-11,False,10-20m,False,False,False,False,False,False,
ESP_044696_2145,34.3493,230.8952,-129.1048,7.22,cluster,n,y,33,2016-02-08,CTX,G19_025549_2126_XN_32N129W,2012-01-08,CTX,F19_043219_2133_XN_33N128W,2015-10-16,False,5-10m,False,False,False,False,False,False,
ESP_044698_2245,43.9431,173.7518,173.7518,1.0,single,n,y,33,2016-02-08,CTX,P19_008475_2241_XI_44N186W,2008-05-17,CTX,F21_044065_2248_XI_44N186W,2015-12-21,False,<2m,False,False,False,False,False,False,Dundas et al. 2021
ESP_044722_2030,22.644,241.697,-118.303,11.05,single,n,y,33,2016-02-10,THEMIS,V26925032,2008-01-09,CTX,F22_044234_2024_XI_22N118W,2016-01-03,False,10-20m,False,False,False,False,False,False,
ESP_044730_2025,22.2815,23.1658,23.1658,8.26,cluster,n,y,33,2016-02-10,CTX,D01_027416_2037_XN_23N337W,2012-06-01,CTX,F22_044242_2028_XI_22N336W,2016-01-03,False,5-10m,False,False,False,False,False,False,
ESP_044862_2145,34.2995,18.9698,18.9698,9.88,single,n,y,33,2016-02-21,CTX,P12_005923_2123_XI_32N340W,2007-10-31,CTX,F21_044018_2114_XI_31N340W,2015-12-17,False,5-10m,False,False,False,False,False,False,
ESP_045098_2175,37.408,56.259,56.259,4.25,single,n,y,33,2016-03-10,THEMIS,V27556002,2008-03-01,CTX,F19_043199_1723_XN_07S297W,2015-10-14,False,2-5m,False,False,False,False,False,False,Dundas et al. 2021
ESP_044915_1715,-8.2617,16.9022,16.9022,7.28,single,n,n,33,2016-02-25,CTX,B21_017764_1701_XN_09S342W,2010-05-11,CTX,F19_043082_1713_XN_08S343W,2015-10-05,False,5-10m,False,False,False,False,False,False,
ESP_044992_2555,75.4193,57.2452,57.2452,3.04,cluster,possible,y,33,2016-03-02,CTX,D18_034126_2531_XI_73N301W,2013-11-06,CTX,F22_044359_2553_XN_75N302W,2016-01-12,False,2-5m,False,False,False,False,False,False,
ESP_045020_1935,13.3698,29.1454,29.1454,12.85,cluster,n,y,33,2016-03-04,CTX,P17_007584_1915_XI_11N330W,2008-03-09,CTX,D16_033442_1915_XI_11N330W,2013-09-14,False,10-20m,False,False,False,False,False,False,
ESP_045473_2080,27.7303,261.0102,-98.9898,8.14,cluster,n,y,33,2016-04-08,CTX,F14_041161_2077_XI_27N098W,2015-05-08,CTX,F17_042440_2077_XI_27N098W,2015-08-16,False,5-10m,False,False,False,False,False,False,
ESP_045103_1810,1.09,284.4201,-75.57990000000001,12.88,cluster,n,y,33,2016-03-10,HRSC,H1235_0001_ND3,2005-01-03,HRSC,H2116_0000_ND3,2005-09-07,False,10-20m,False,False,False,False,False,False,
ESP_045323_2200,39.8581,34.5346,34.5346,2.0,single,n,y,33,2016-03-28,CTX,F18_042725_2212_XN_41N325W,2015-09-07,CTX,F23_044835_2216_XI_41N325W,2016-02-19,False,<2m,False,False,False,False,False,False,Dundas et al. 2021
ESP_045328_2375,57.2867,255.1137,-104.8863,1.75,single,n,y,33,2016-03-28,CTX,F04_037231_2370_XN_57N105W,2014-07-06,CTX,F23_044840_2370_XN_57N104W,2016-02-19,True,<2m,False,False,False,False,False,True,Dundas et al. 2021
ESP_045231_1615,-18.4615,33.2485,33.2485,9.45,single,n,n,33,2016-03-20,THEMIS,V47636005,2012-09-09,CTX,F21_044110_1591_XI_20S326W,2015-12-24,False,5-10m,False,False,False,False,False,False,
ESP_045236_1865,6.211246,254.3588,-105.6412,6.38,cluster,n,n,33,2016-03-21,CTX,D18_034093_1861_XN_06N105W,2013-11-04,CTX,F17_042559_1861_XN_06N105W,2015-08-25,True,5-10m,False,False,False,False,False,True,
ESP_045270_1950,14.8504,43.8933,43.8933,23.95,cluster,n,y,33,2016-03-23,THEMIS,V25946013,2007-10-20,CTX,D21_035472_1956_XN_15N316W,2014-02-19,False,20-50m,False,False,False,False,False,False,
ESP_045271_1930,12.8394,17.4572,17.4572,6.0,cluster,n,n,33,2016-03-24,THEMIS,V08725014,2003-12-02,CTX,F04_037174_1917_XI_11N342W,2014-07-02,False,5-10m,False,False,False,False,False,False,
ESP_045543_2250,44.7939,147.0983,147.0983,1.5,single,n,n,33,2016-04-14,CTX,G21_026541_2231_XN_43N212W,2012-03-25,CTX,F23_044910_2259_XN_45N213W,2016-02-24,False,<2m,False,False,False,False,False,False,Dundas et al. 2021
ESP_045447_2085,28.1384,250.7709,-109.22909999999999,4.32,cluster,n,y,33,2016-04-06,HiRISE,ESP_028700_2085,2012-09-09,CTX,F18_042770_2075_XI_27N109W,2015-09-11,True,2-5m,False,False,False,False,False,True,
ESP_045448_2285,48.2955,221.9267,-138.0733,5.5,single,possible,y,33,2016-04-06,HRSC,H8273_0000_ND3,2010-06-19,THEMIS,V54197013,2014-03-03,False,5-10m,False,False,False,False,False,False,Dundas et al. 2021
ESP_045539_2350,54.8943,254.5451,-105.45490000000001,2.0,single,possible,n,33,2016-04-13,HRSC,H1455_0000_ND3,2005-03-06,CTX,F23_044906_2338_XN_53N105W,2016-02-24,True,<2m,False,False,False,False,False,True,Dundas et al. 2021
ESP_045547_1870,7.0937,43.1644,43.1644,5.89,cluster,n,y,33,2016-04-14,HRSC,H5184_0000_ND3,2008-01-14,CTX,F20_043648_1881_XI_08N317W,2015-11-18,False,5-10m,False,False,False,False,False,False,
ESP_046189_2495,69.3474,142.1919,142.1919,12.0,single,y,y,33,2016-06-03,CTX,F18_043011_2493_XN_69N217W,2015-09-29,CTX,J01_045332_2505_XN_70N218W,2016-03-28,False,10-20m,False,False,False,False,False,False,Dundas et al. 2021
ESP_045754_2260,45.8551,147.195,147.195,9.94,cluster,y,y,33,2016-04-30,HRSC,H1533_0000_ND3,2005-03-28,CTX,F23_044910_2259_XN_45N213W,2016-02-24,False,5-10m,False,False,False,False,False,False,
ESP_045596_2005,20.2163,143.64,143.64,5.29,cluster,n,y,33,2016-04-18,CTX,G06_020647_2017_XN_21N216W,2010-12-22,CTX,F23_044963_1982_XN_18N215W,2016-02-29,False,5-10m,False,False,False,False,False,False,
ESP_047004_2110,30.7734,221.8594,-138.1406,8.25,single,n,y,33,2016-08-06,HRSC,H0143_0009_ND3,2004-02-24,CTX,G18_025101_2109_XN_30N138W,2011-12-04,False,5-10m,False,False,False,False,False,False,
ESP_046444_1865,6.2539,34.0502,34.0502,2.43,cluster,n,y,33,2016-06-23,CTX,P22_009812_1847_XN_04N325W,2008-08-30,CTX,D22_035868_1881_XN_08N326W,2014-03-22,False,2-5m,False,False,False,False,False,False,
ESP_049891_1985,18.5199,242.1063,-117.8937,5.89,cluster,n,n,33,2017-03-19,HRSC,H5182_0000_ND3,2008-01-14,CTX,J08_047979_1975_XN_17N117W,2016-10-21,False,5-10m,False,False,False,False,False,False,
ESP_045875_2445,64.3783,77.5811,77.5811,4.5,cluster,y,y,33,2016-05-10,CTX,F19_043053_2456_XI_65N283W,2015-10-03,CTX,J02_045519_2439_XI_63N282W,2016-04-12,False,2-5m,False,False,False,False,False,False,
ESP_045767_2200,39.6502,153.3514,153.3514,4.25,single,n,y,33,2016-05-01,CTX,F02_036747_2186_XN_38N206W,2014-05-29,CTX,J01_045345_2220_XN_42N207W,2016-03-29,False,2-5m,False,False,False,False,False,False,Dundas et al. 2021
ESP_045771_1940,14.0722,46.358,46.358,2.11,cluster,n,n,33,2016-05-01,CTX,D18_034272_1949_XI_14N313W,2013-11-18,CTX,F19_043094_1945_XN_14N313W,2015-10-06,False,2-5m,False,False,False,False,False,False,
ESP_045772_1890,9.1369,20.2449,20.2449,3.37,cluster,n,y,33,2016-05-02,CTX,G22_026770_1890_XN_09N339W,2012-04-12,CTX,D20_035196_1875_XI_07N339W,2014-01-29,False,2-5m,False,False,False,False,False,False,
ESP_045776_1765,-3.5405,271.8203,-88.17970000000003,4.31,single,n,y,33,2016-05-02,CTX,P12_005848_1741_XI_05S088W,2007-10-26,CTX,F16_042031_1744_XI_05S087W,2015-07-15,False,2-5m,False,False,False,False,False,False,
ESP_045798_1965,16.0898,28.7416,28.7416,3.26,cluster,n,n,33,2016-05-04,CTX,P07_003747_1964_XN_16N331W,2007-05-15,THEMIS,V27132027,2008-01-26,False,2-5m,False,False,False,False,False,False,
ESP_045803_2070,26.6067,250.9987,-109.00129999999999,4.15,single,n,y,33,2016-05-04,CTX,P15_007088_2084_XN_28N109W,2008-01-30,CTX,F18_042770_2075_XI_27N109W,2015-09-11,True,2-5m,False,False,False,False,False,True,
ESP_045857_1675,-12.4509,222.2706,-137.7294,8.78,cluster,n,y,33,2016-05-08,CTX,P03_002039_1672_XN_12S137W,2007-01-02,CTX,F04_037193_1675_XN_12S137W,2014-07-03,False,5-10m,False,False,False,False,False,False,
ESP_045930_1860,5.8734,26.7887,26.7887,3.09,single,n,y,33,2016-05-14,CTX,B19_017012_1877_XN_07N333W,2010-03-14,CTX,F05_037688_1852_XN_05N333W,2014-08-11,False,2-5m,False,False,False,False,False,False,
ESP_045973_2440,63.9511,282.3931,-77.6069,5.0,cluster,y,y,33,2016-05-17,CTX,D20_035041_2447_XN_64N078W,2014-01-16,CTX,J02_045617_2439_XI_63N077W,2016-04-19,False,2-5m,False,False,False,False,False,False,Dundas et al. 2021
ESP_045956_1855,5.369,37.306,37.306,5.01,cluster,n,y,33,2016-05-16,CTX,B01_009891_1865_XN_06N322W,2008-09-05,CTX,F21_044057_1854_XN_05N322W,2015-12-20,False,5-10m,False,False,False,False,False,False,
ESP_045982_1860,5.727,46.6701,46.6701,3.2,cluster,n,n,33,2016-05-18,THEMIS,V36589021,2010-03-15,CTX,J01_044993_1885_XN_08N313W,2016-03-02,False,2-5m,False,False,False,False,False,False,
ESP_045990_2300,49.559,181.611,-178.389,2.01,cluster,n,y,33,2016-05-19,CTX,G01_018773_2275_XN_47N177W,2010-07-29,CTX,J02_045489_2294_XN_49N178W,2016-04-10,True,2-5m,False,False,False,True,False,False,
ESP_046005_2000,19.702,137.248,137.248,2.27,single,n,y,33,2016-05-20,THEMIS,V47694006,2012-09-14,CTX,F19_043328_1992_XN_19N222W,2015-10-24,True,2-5m,False,False,True,False,False,False,
ESP_046040_2085,28.444,260.815,-99.185,6.54,cluster,n,y,33,2016-05-22,CTX,F04_037376_2094_XN_29N099W,2014-07-17,CTX,J02_045473_2081_XI_28N099W,2016-04-08,False,5-10m,False,False,False,False,False,False,
ESP_046073_2450,64.662,70.853,70.853,2.21,single,n,y,33,2016-05-25,CTX,B22_018210_2445_XN_64N289W,2010-06-15,CTX,J01_045150_2475_XN_67N289W,2016-03-14,False,2-5m,False,False,False,False,False,False,
ESP_046096_1915,11.536,173.716,173.716,4.57,cluster,n,y,33,2016-05-27,HRSC,H3035_0000_ND3,2006-05-22,CTX,F03_037076_1923_XN_12N186W,2014-06-24,False,2-5m,False,False,False,False,False,False,
ESP_046160_2275,46.927,222.256,-137.744,6.03,cluster,n,y,33,2016-06-01,CTX,B20_017387_2254_XN_45N137W,2010-04-12,CTX,J02_045593_2287_XN_48N138W,2016-04-18,False,5-10m,False,False,False,False,False,False,
ESP_046199_1900,9.8804,242.408,-117.59200000000001,13.78,cluster,n,n,33,2016-06-04,HRSC,H0957_0000_ND3,2004-10-17,CTX,J02_045632_1911_XN_11N117W,2016-04-21,False,10-20m,False,False,False,False,False,False,
ESP_046214_2025,22.475,191.573,-168.427,14.03,single,n,n,33,2016-06-05,CTX,P07_003741_2049_XN_24N168W,2007-05-14,CTX,F01_036205_2052_XN_25N168W,2014-04-17,False,10-20m,False,False,False,False,False,False,
ESP_046215_1815,1.469,165.359,165.359,3.34,cluster,n,y,33,2016-06-05,HRSC,H5136_0000_ND3,2008-01-01,CTX,F02_036483_1832_XN_03N194W,2014-05-09,False,2-5m,False,False,False,False,False,False,
ESP_046278_2255,45.0611,240.5787,-119.4213,8.5,single,n,y,33,2016-06-10,CTX,J01_045355_2237_XI_43N119W,2016-03-30,CTX,J02_045632_2276_XI_47N119W,2016-04-21,False,5-10m,False,False,False,False,False,False,Dundas et al. 2021
ESP_046378_2440,63.8241,26.0693,26.0693,2.0,single,possible,y,33,2016-06-18,CTX,B20_017460_2423_XN_62N333W,2010-04-18,CTX,J03_045811_2440_XN_64N334W,2016-05-05,False,<2m,False,False,False,False,False,False,Dundas et al. 2021
ESP_046338_1900,10.014,46.253,46.253,8.4,single,n,y,33,2016-06-15,CTX,G19_025635_1880_XN_08N313W,2012-01-15,CTX,J01_044993_1885_XN_08N313W,2016-03-02,False,5-10m,False,False,False,False,False,False,
ESP_046344_1925,12.3,242.27,-117.72999999999999,6.24,single,n,y,33,2016-06-15,HRSC,H2994_0000_ND3,2006-05-11,CTX,J02_045632_1911_XN_11N117W,2016-04-21,False,5-10m,False,False,False,False,False,False,
ESP_046378_1930,12.694,34.85,34.85,3.39,cluster,n,y,33,2016-06-18,THEMIS,V27868021,2008-03-26,CTX,F01_036224_1943_XN_14N325W,2014-04-19,False,2-5m,False,False,False,False,False,False,
ESP_046382_1770,-2.921,286.654,-73.346,7.36,single,n,y,33,2016-06-18,CTX,G10_022277_1760_XI_04S073W,2011-04-28,CTX,F17_042360_1761_XN_03S073W,2015-08-10,False,5-10m,False,False,False,False,False,False,
ESP_046384_1640,-15.979,233.805,-126.195,6.19,single,n,y,33,2016-06-18,HRSC,H1959_0000_ND3,2005-07-25,CTX,P07_003766_1639_XN_16S126W,2007-05-16,False,5-10m,False,False,False,False,False,False,
ESP_046479_2055,25.29,155.523,155.523,16.28,cluster,n,y,33,2016-06-26,CTX,B01_010058_2052_XN_25N204W,2008-09-18,CTX,J02_045556_2067_XN_26N204W,2016-04-15,False,10-20m,False,False,False,False,False,False,
ESP_046489_1935,13.122,244.189,-115.811,21.75,cluster,n,y,33,2016-06-26,CTX,G12_023030_1929_XI_12N115W,2011-06-26,CTX,F18_042744_1932_XN_13N115W,2015-09-09,False,20-50m,False,False,False,False,False,False,
ESP_046509_2035,23.471,56.066,56.066,6.19,single,n,n,33,2016-06-28,CTX,G05_020281_2020_XI_22N303W,2010-11-23,CTX,J01_045230_2051_XN_25N304W,2016-03-20,False,5-10m,False,False,False,False,False,False,
ESP_046536_1925,12.267,41.079,41.079,4.79,single,n,y,33,2016-06-30,THEMIS,V45263016,2012-02-27,CTX,F10_039745_1932_XN_13N318W,2015-01-18,False,2-5m,False,False,False,False,False,False,
ESP_046549_1790,-0.869,47.515,47.515,9.49,cluster,n,y,33,2016-07-01,HRSC,H5094_0000_ND3,2007-12-20,CTX,D17_033916_1794_XN_00S312W,2013-10-21,False,5-10m,False,False,False,False,False,False,
ESP_046608_1730,-6.961,237.771,-122.22900000000001,4.05,cluster,n,y,33,2016-07-06,CTX,B19_017123_1734_XN_06S122W,2010-03-22,CTX,F21_044142_1734_XI_06S122W,2015-12-27,False,2-5m,False,False,False,False,False,False,
ESP_046747_2220,41.913,36.426,36.426,16.0,single,y,n,33,2016-07-17,CTX,P18_007900_2237_XN_43N324W,2008-04-03,CTX,J04_046180_2216_XN_41N323W,2016-06-02,False,10-20m,False,False,False,False,False,False,Dundas et al. 2021
ESP_046661_2115,31.203,225.876,-134.124,3.71,cluster,n,y,33,2016-07-10,CTX,G23_027092_2119_XI_31N134W,2012-05-07,CTX,D21_035307_2114_XN_31N134W,2014-02-06,False,2-5m,False,False,False,False,False,False,
ESP_046707_2220,41.464,48.765,48.765,48.0,single,y,y,33,2016-07-13,CTX,G04_019780_2215_XN_41N311W,2010-10-15,CTX,J03_046140_2207_XN_40N311W,2016-05-30,False,20-50m,False,False,False,False,False,False,Dundas et al. 2021
ESP_046806_2070,26.608,227.308,-132.692,4.55,cluster,n,y,33,2016-07-21,CTX,F06_038129_2089_XI_28N133W,2014-09-14,CTX,F18_042995_2067_XI_26N132W,2015-09-28,False,2-5m,False,False,False,False,False,False,
ESP_046850_1415,-37.983,114.302,114.302,13.43,cluster,n,y,33,2016-07-25,CTX,F03_036907_1418_XN_38S245W,2014-06-11,CTX,J04_046283_1424_XN_37S246W,2016-06-10,False,10-20m,False,False,False,False,False,False,
ESP_047005_1210,-58.545,207.234,-152.766,6.0,cluster,y,n,33,2016-08-06,THEMIS,V25292006,2007-08-27,CTX,J04_046227_1220_XN_58S152W,2016-06-06,False,5-10m,False,False,False,False,False,False,
ESP_046866_1760,-3.905,34.093,34.093,3.5,cluster,n,y,33,2016-07-26,CTX,F05_037701_1764_XN_03S325W,2014-08-12,CTX,J03_046088_1764_XN_03S326W,2016-05-26,False,2-5m,False,False,False,False,False,False,
ESP_046870_1485,-31.391,287.907,-72.09300000000002,30.21,cluster,n,n,33,2016-07-26,THEMIS,V26999010,2008-01-15,CTX,D09_030690_1474_XN_32S071W,2013-02-11,False,20-50m,False,False,False,False,False,False,
ESP_046871_2005,20.055,254.769,-105.231,5.51,cluster,n,y,33,2016-07-26,THEMIS,V17490023,2005-11-23,CTX,J03_046093_1999_XN_19N105W,2016-05-27,True,5-10m,False,False,False,False,False,True,
ESP_046880_2015,21.081,8.928,8.928,5.17,cluster,n,y,33,2016-07-27,CTX,B17_016406_2000_XN_20N350W,2010-01-25,CTX,F03_037082_2030_XN_23N351W,2014-06-24,True,5-10m,True,False,False,False,False,False,
ESP_046885_1970,16.659,233.284,-126.71600000000001,27.85,single,n,y,33,2016-07-27,CTX,F16_042230_1980_XI_18N126W,2015-07-31,CTX,J03_046107_1953_XN_15N126W,2016-05-28,False,20-50m,False,False,False,False,False,False,
ESP_046891_1705,-9.509,72.738,72.738,8.59,single,n,n,33,2016-07-28,CTX,P05_002862_1714_XI_08S287W,2007-03-07,CTX,D17_034047_1708_XN_09S287W,2013-10-31,False,5-10m,False,False,False,False,False,False,
ESP_046918_1885,8.642,52.027,52.027,10.08,cluster,n,y,33,2016-07-30,THEMIS,V27805015,2008-03-21,CTX,J04_046351_1869_XN_06N307W,2016-06-16,False,10-20m,False,False,False,False,False,False,
ESP_046945_1775,-2.402,36.411,36.411,6.1,single,n,y,33,2016-08-01,HRSC,H1961_0000_ND3,2005-07-25,CTX,J04_046167_1785_XN_01S323W,2016-06-01,False,5-10m,False,False,False,False,False,False,
ESP_046977_1910,11.074,242.037,-117.963,4.95,cluster,n,y,33,2016-08-03,CTX,D12_031865_1919_XN_11N118W,2013-05-14,CTX,J04_046199_1906_XI_10N117W,2016-06-04,False,2-5m,False,False,False,False,False,False,
ESP_047011_1775,-2.243,34.692,34.692,1.17,cluster,n,y,33,2016-08-06,CTX,B07_012291_1799_XI_00S325W,2009-03-11,CTX,F03_036857_1784_XN_01S325W,2014-06-07,False,<2m,False,False,False,False,False,False,
ESP_047018_1920,11.838,201.946,-158.054,7.55,single,n,y,33,2016-08-07,CTX,F04_037431_1926_XN_12N158W,2014-07-22,CTX,J03_045884_1912_XN_11N158W,2016-05-10,False,5-10m,False,False,False,False,False,False,
ESP_047123_1680,-11.865,218.322,-141.678,1.64,single,n,y,33,2016-08-15,CTX,P21_009357_1679_XN_12S141W,2008-07-25,CTX,J04_046345_1678_XN_12S141W,2016-06-15,False,<2m,False,False,False,False,False,False,
ESP_047130_1770,-2.971,26.221,26.221,3.04,cluster,n,y,33,2016-08-15,THEMIS,V27420001,2008-02-19,CTX,J04_046352_1781_XN_01S334W,2016-06-16,False,2-5m,False,False,False,False,False,False,
ESP_047175_1955,15.572,234.09,-125.91,7.94,cluster,n,y,33,2016-08-19,CTX,F11_040094_1981_XI_18N126W,2015-02-14,CTX,F23_044841_1961_XN_16N126W,2016-02-19,False,5-10m,False,False,False,False,False,False,
ESP_047196_2085,28.101,19.718,19.718,3.2,cluster,n,y,33,2016-08-21,CTX,G05_020190_2079_XN_27N340W,2010-11-16,CTX,F21_044018_2114_XI_31N340W,2015-12-17,False,2-5m,False,False,False,False,False,False,
ESP_047201_2040,23.664,243.872,-116.12799999999999,5.09,single,n,y,33,2016-08-21,CTX,B11_013826_2037_XN_23N116W,2009-07-08,CTX,G23_027342_2051_XN_25N116W,2012-05-27,False,5-10m,False,False,False,False,False,False,
ESP_047209_2135,33.083,24.573,24.573,12.23,cluster,n,y,33,2016-08-22,CTX,B20_017513_2122_XN_32N335W,2010-04-22,CTX,J03_045864_2148_XN_34N336W,2016-05-09,False,10-20m,False,False,False,False,False,False,
ESP_047214_2035,23.502,249.118,-110.882,8.14,cluster,n,y,33,2016-08-22,THEMIS,V47815004,2012-09-24,CTX,J01_045368_2032_XN_23N110W,2016-03-31,True,5-10m,False,False,False,False,False,True,
ESP_047241_1840,3.929,234.114,-125.886,3.15,cluster,n,y,33,2016-08-24,CTX,F10_039672_1824_XI_02N125W,2015-01-12,CTX,J05_046819_1824_XI_02N125W,2016-07-22,False,2-5m,False,False,False,False,False,False,
ESP_047244_1995,19.208,150.359,150.359,4.34,single,n,y,33,2016-08-24,HiRISE,ESP_016836_1995,2010-02-28,CTX,G19_025763_1986_XI_18N209W,2012-01-24,False,2-5m,False,False,False,False,False,False,
ESP_047270_2045,24.051,160.181,160.181,12.31,single,n,y,33,2016-08-26,HRSC,H5226_0000_ND3,2008-01-26,CTX,J05_046703_2046_XN_24N199W,2016-07-13,False,10-20m,False,False,False,False,False,False,
ESP_047301_1770,-2.905,37.072,37.072,1.41,cluster,n,y,33,2016-08-29,CTX,G21_026598_1772_XN_02S322W,2012-03-30,CTX,F06_037991_1765_XN_03S323W,2014-09-03,False,<2m,False,False,False,False,False,False,
ESP_047307_1745,-5.295,233.461,-126.53899999999999,7.33,cluster,n,n,33,2016-08-29,CTX,F20_043641_1746_XI_05S126W,2015-11-18,CTX,J04_046173_1752_XN_04S126W,2016-06-02,False,5-10m,False,False,False,False,False,False,
ESP_047322_1950,14.851,181.367,-178.633,3.47,single,n,y,33,2016-08-30,THEMIS,V39155010,2010-10-12,CTX,F05_037801_1954_XN_15N178W,2014-08-20,True,2-5m,False,False,False,True,False,False,
ESP_047327_2135,33.125,42.369,42.369,3.76,cluster,n,y,33,2016-08-31,THEMIS,V39397014,2010-11-01,CTX,F19_043305_2132_XN_33N317W,2015-10-22,False,2-5m,False,False,False,False,False,False,
ESP_047358_2085,28.126,276.195,-83.805,3.47,single,n,y,33,2016-09-02,CTX,F04_037415_2092_XI_29N084W,2014-07-20,CTX,F19_043191_2077_XN_27N083W,2015-10-13,False,2-5m,False,False,False,False,False,False,
ESP_047359_2030,22.825,250.053,-109.947,3.81,single,n,y,33,2016-09-02,CTX,F18_042981_2033_XI_23N110W,2015-09-27,CTX,F21_044036_2032_XI_23N110W,2015-12-18,True,2-5m,False,False,False,False,False,True,
ESP_047379_2055,25.279,63.817,63.817,6.24,cluster,n,y,33,2016-09-04,CTX,P15_006963_2037_XN_23N295W,2008-01-21,CTX,F19_043146_2037_XI_23N295W,2015-10-10,False,5-10m,False,False,False,False,False,False,
ESP_047384_2005,20.506,287.908,-72.09199999999998,7.95,cluster,n,y,33,2016-09-04,CTX,P08_003988_2005_XI_20N072W,2007-06-03,CTX,G21_026536_2017_XI_21N072W,2012-03-25,False,5-10m,False,False,False,False,False,False,
ESP_047386_1895,9.382,234.767,-125.233,5.48,cluster,n,y,33,2016-09-04,CTX,G22_026894_1898_XN_09N125W,2012-04-22,CTX,F03_036876_1896_XN_09N125W,2014-06-08,False,5-10m,False,False,False,False,False,False,
ESP_047393_1795,-0.303,44.729,44.729,2.21,single,n,y,33,2016-09-05,CTX,B20_017341_1791_XN_00S315W,2010-04-08,CTX,F02_036527_1821_XN_02N315W,2014-05-12,False,2-5m,False,False,False,False,False,False,
ESP_047399_2135,33.1122,236.4798,-123.52019999999999,6.61,cluster,n,y,33,2016-09-05,CTX,F05_037667_2151_XN_35N123W,2014-08-09,CTX,J02_045553_2153_XN_35N124W,2016-04-14,False,5-10m,False,False,False,False,False,False,
ESP_047427_1715,-8.579,197.344,-162.656,3.69,single,n,y,33,2016-09-08,CTX,G23_027146_1723_XN_07S162W,2012-05-11,CTX,J04_046504_1725_XN_07S163W,2016-06-28,False,2-5m,False,False,False,False,False,False,
ESP_047443_1910,11.118,117.494,117.494,9.49,cluster,n,y,33,2016-09-09,CTX,G06_020648_1918_XN_11N242W,2010-12-22,CTX,J03_045953_1917_XN_11N242W,2016-05-16,False,5-10m,False,False,False,False,False,False,
ESP_047451_2015,21.504,258.333,-101.66699999999997,2.31,single,n,y,33,2016-09-09,THEMIS,V31204007,2008-12-26,CTX,J04_046528_1995_XN_19N101W,2016-06-29,True,2-5m,False,False,False,False,False,True,
ESP_047464_1895,9.191,264.89,-95.11000000000001,6.45,single,n,y,33,2016-09-10,HRSC,H5135_0000_ND3,2008-01-01,CTX,F02_036598_1889_XN_08N095W,2014-05-18,False,5-10m,False,False,False,False,False,False,
ESP_047477_2055,25.049,267.408,-92.59199999999998,3.88,cluster,n,y,33,2016-09-11,CTX,P11_005281_2070_XN_27N092W,2007-09-11,CTX,G19_025851_2028_XN_22N092W,2012-01-31,False,2-5m,False,False,False,False,False,False,
ESP_047485_1900,9.843,51.925,51.925,6.45,single,n,y,33,2016-09-12,CTX,F04_037542_1895_XN_09N308W,2014-07-30,CTX,J05_046918_1909_XI_10N308W,2016-07-30,False,5-10m,False,False,False,False,False,False,
ESP_047530_2080,27.791,260.808,-99.19200000000001,9.08,cluster,n,y,33,2016-09-16,THEMIS,V37293049,2010-05-12,CTX,D20_034897_2079_XI_27N099W,2014-01-05,False,5-10m,False,False,False,False,False,False,
ESP_047538_1900,9.931,44.607,44.607,5.4,cluster,n,y,33,2016-09-16,CTX,G21_026479_1884_XN_08N315W,2012-03-20,CTX,J03_046048_1898_XN_09N315W,2016-05-23,False,5-10m,False,False,False,False,False,False,
ESP_047596_1845,4.644,261.403,-98.59699999999998,7.64,single,n,y,33,2016-09-21,THEMIS,V26475022,2007-12-03,CTX,D03_028225_1829_XN_02N098W,2012-08-03,False,5-10m,False,False,False,False,False,False,
ESP_047622_2005,20.041,269.893,-90.10700000000003,6.26,cluster,n,y,33,2016-09-23,THEMIS,V26924038,2008-01-09,CTX,F03_037112_2001_XN_20N090W,2014-06-27,False,5-10m,False,False,False,False,False,False,
ESP_047636_1720,-8.05,251.412,-108.588,6.15,cluster,n,y,33,2016-09-24,CTX,P03_002328_1715_XN_08S108W,2007-01-24,CTX,J04_046357_1728_XI_07S108W,2016-06-16,True,5-10m,False,False,False,False,False,True,
ESP_047643_2050,24.57,55.629,55.629,6.26,cluster,n,y,33,2016-09-24,CTX,G09_021626_2050_XI_25N304W,2011-03-08,CTX,J01_045230_2051_XN_25N304W,2016-03-20,False,5-10m,False,False,False,False,False,False,
ESP_047650_1935,13.157,226.534,-133.466,5.47,cluster,n,y,33,2016-09-25,CTX,P15_006878_1947_XN_14N133W,2008-01-14,CTX,J04_046305_1952_XN_15N133W,2016-06-12,False,5-10m,False,False,False,False,False,False,
ESP_047768_1995,19.289,242.494,-117.506,7.42,cluster,n,y,33,2016-10-04,HRSC,H5182_0000_ND3,2008-01-14,CTX,F02_036757_1998_XN_19N117W,2014-05-30,False,5-10m,False,False,False,False,False,False,
ESP_047789_1890,8.8106,30.6526,30.6526,9.0,cluster,n,y,33,2016-10-06,CTX,P21_009166_1902_XN_10N329W,2008-07-10,CTX,J06_047288_1870_XI_07N329W,2016-08-28,False,5-10m,False,False,False,False,False,False,
ESP_047798_2000,19.7049,143.7983,143.7983,4.76,cluster,n,y,33,2016-10-06,CTX,G06_020647_2017_XN_21N216W,2010-12-22,CTX,F23_044963_1982_XN_18N215W,2016-02-29,False,2-5m,False,False,False,False,False,False,
ESP_047861_1995,19.1166,223.4107,-136.5893,7.3,cluster,n,y,33,2016-10-11,CTX,J05_046793_2003_XI_20N137W,2016-07-20,CTX,J07_047360_2003_XN_20N136W,2016-09-02,False,5-10m,False,False,False,False,False,False,
ESP_049100_1740,-5.889,237.469,-122.531,5.55,cluster,n,y,33,2017-01-16,THEMIS,V47604002,2012-09-06,CTX,F21_043997_1753_XI_04S122W,2015-12-15,False,5-10m,False,False,False,False,False,False,
ESP_047900_1990,18.752,239.486,-120.51400000000001,5.59,cluster,n,y,33,2016-10-14,CTX,F05_037878_1994_XI_19N120W,2014-08-25,CTX,J04_046410_1994_XI_19N120W,2016-06-20,False,5-10m,False,False,False,False,False,False,
ESP_047913_1915,11.448,245.079,-114.92099999999999,4.33,single,n,y,33,2016-10-15,HRSC,H5146_0009_ND3,2008-01-04,CTX,F07_038379_1907_XN_10N114W,2014-10-04,True,2-5m,False,False,False,False,False,True,
ESP_047921_1780,-2.157,28.782,28.782,4.38,cluster,n,y,33,2016-10-16,THEMIS,V27370001,2008-02-14,CTX,J02_045719_1778_XN_02S331W,2016-04-27,False,2-5m,False,False,False,False,False,False,
ESP_047947_1795,-0.648,37.916,37.916,1.69,single,n,y,33,2016-10-18,CTX,D08_030409_1791_XN_00S322W,2013-01-20,CTX,D19_034813_1791_XN_00S322W,2013-12-30,False,<2m,False,False,False,False,False,False,
ESP_047948_1945,14.369,8.254,8.254,1.13,cluster,n,y,33,2016-10-18,THEMIS,V26958029,2008-01-12,CTX,F05_037715_1938_XI_13N351W,2014-08-13,True,<2m,True,False,False,False,False,False,
ESP_047960_2035,23.501,39.443,39.443,1.42,single,n,y,33,2016-10-19,CTX,G02_019108_2040_XN_24N320W,2010-08-24,CTX,J01_044980_2040_XN_24N320W,2016-03-01,False,<2m,False,False,False,False,False,False,
ESP_048101_1920,11.626,151.662,151.662,6.31,cluster,n,y,33,2016-10-30,CTX,F06_038145_1922_XN_12N208W,2014-09-15,CTX,J05_046677_1936_XN_13N208W,2016-07-11,False,5-10m,False,False,False,False,False,False,
ESP_048106_1675,-12.283,18.4847,18.4847,3.71,single,n,n,33,2016-10-30,CTX,B21_017909_1688_XI_11S341W,2010-05-22,CTX,F10_039680_1675_XN_12S341W,2015-01-13,False,2-5m,False,False,False,False,False,False,
ESP_048123_1750,-4.933,272.719,-87.281,3.06,cluster,n,y,33,2016-11-01,CTX,P17_007707_1751_XN_04S087W,2008-03-19,CTX,J04_046488_1743_XI_05S087W,2016-06-26,False,2-5m,False,False,False,False,False,False,
ESP_048126_1700,-10.009,191.826,-168.174,1.38,cluster,n,y,33,2016-11-01,THEMIS,V39168003,2010-10-13,CTX,J03_046135_1680_XN_12S168W,2016-05-30,False,<2m,False,False,False,False,False,False,
ESP_048149_1810,1.0645,282.9381,-77.06189999999998,6.6,cluster,n,y,33,2016-11-03,CTX,P15_006876_1820_XN_02N077W,2008-01-14,CTX,D08_030479_1798_XI_00S076W,2013-01-26,False,5-10m,False,False,False,False,False,False,
ESP_048162_1790,-1.1167,287.8882,-72.11180000000002,2.18,cluster,n,y,33,2016-11-04,CTX,P02_001786_1787_XN_01S072W,2006-12-13,CTX,J02_045459_1770_XN_03S071W,2016-04-07,False,2-5m,False,False,False,False,False,False,
ESP_048176_1865,6.2536,264.4444,-95.55560000000003,21.03,cluster,n,y,33,2016-11-05,HRSC,H5153_0000_ND3,2008-01-06,CTX,F04_037165_1826_XN_02N095W,2014-07-01,False,20-50m,False,False,False,False,False,False,
ESP_048203_1805,0.589,247.9845,-112.0155,11.49,cluster,n,y,33,2016-11-07,CTX,P10_005084_1811_XI_01N112W,2007-08-27,CTX,F13_040766_1810_XN_01N112W,2015-04-07,True,10-20m,False,False,False,False,False,True,
ESP_048241_1760,-3.919,291.239,-68.76100000000002,12.04,single,n,y,33,2016-11-10,CTX,G16_024558_1780_XN_02S069W,2011-10-23,CTX,J05_046817_1766_XN_03S069W,2016-07-22,False,10-20m,False,False,False,False,False,False,
ESP_048325_2025,22.2741,154.0583,154.0583,3.73,single,n,y,33,2016-11-17,CTX,J03_045978_2012_XN_21N205W,2016-05-18,CTX,J06_047112_2024_XN_22N206W,2016-08-14,False,2-5m,False,False,False,False,False,False,
ESP_048374_2075,27.4632,255.2572,-104.74279999999999,6.25,single,n,y,33,2016-11-20,CTX,B19_017109_2066_XN_26N104W,2010-03-21,CTX,J05_046805_2058_XN_25N104W,2016-07-21,True,5-10m,False,False,False,False,False,True,
ESP_048382_1845,4.683,39.953,39.953,8.18,single,n,y,33,2016-11-21,THEMIS,V17722025,2005-12-12,CTX,J03_046035_1849_XN_04N320W,2016-05-22,False,5-10m,False,False,False,False,False,False,
ESP_048888_1735,-6.534,264.802,-95.19799999999998,9.01,single,n,n,33,2016-12-30,THEMIS,V38579001,2010-08-25,CTX,F18_043007_1725_XI_07S095W,2015-09-29,False,5-10m,False,False,False,False,False,False,
ESP_048431_2040,23.6916,139.7535,139.7535,5.68,cluster,n,y,33,2016-11-25,CTX,G04_019790_2055_XI_25N220W,2010-10-16,CTX,J07_047574_2033_XN_23N220W,2016-09-19,True,5-10m,False,False,True,False,False,False,
ESP_048456_1640,-15.632,181.071,-178.929,17.16,cluster,n,n,33,2016-11-27,CTX,G23_027173_1631_XI_16S179W,2012-05-13,CTX,J07_047454_1642_XN_15S178W,2016-09-10,True,10-20m,False,False,False,True,False,False,
ESP_048466_1830,2.939,265.789,-94.21100000000001,7.51,cluster,n,y,33,2016-11-27,CTX,D20_035187_1828_XN_02N094W,2014-01-28,CTX,J06_047108_1809_XN_00N094W,2016-08-14,False,5-10m,False,False,False,False,False,False,
ESP_048483_1705,-9.5388,163.4077,163.4077,11.84,single,n,y,33,2016-11-29,HRSC,H2000_0000_ND3,2005-08-05,CTX,J07_047481_1678_XN_12S196W,2016-09-12,False,10-20m,False,False,False,False,False,False,
ESP_048487_1860,6.1089,52.9273,52.9273,5.99,single,n,y,33,2016-11-29,THEMIS,V46798018,2012-07-02,CTX,F21_043885_1857_XN_05N307W,2015-12-07,False,5-10m,False,False,False,False,False,False,
ESP_048495_1910,11.0419,193.0091,-166.9909,36.63,single,n,y,33,2016-11-30,THEMIS,V28162023,2008-04-20,CTX,J08_047849_1916_XI_11N167W,2016-10-10,False,20-50m,False,False,False,False,False,False,
ESP_048514_1885,8.3359,34.8646,34.8646,8.23,cluster,n,y,33,2016-12-01,CTX,B06_011869_1879_XI_07N325W,2009-02-06,CTX,J08_047802_1881_XI_08N325W,2016-10-07,False,5-10m,False,False,False,False,False,False,
ESP_048559_1820,1.775,247.612,-112.388,7.81,single,n,y,33,2016-12-05,CTX,P05_002816_1820_XI_02N112W,2007-03-03,CTX,F20_043535_1805_XI_00N112W,2015-11-09,True,5-10m,False,False,False,False,False,True,
ESP_048572_2035,23.0144,249.8732,-110.1268,6.63,cluster,n,y,33,2016-12-06,CTX,F22_044326_2035_XN_23N110W,2016-01-10,CTX,J07_047359_2030_XI_23N110W,2016-09-02,True,5-10m,False,False,False,False,False,True,
ESP_048599_1820,1.923,234.377,-125.62299999999999,4.24,single,n,y,33,2016-12-08,CTX,F10_039672_1824_XI_02N125W,2015-01-12,CTX,J05_046819_1824_XI_02N125W,2016-07-22,False,2-5m,False,False,False,False,False,False,
ESP_048636_1870,6.909,303.5601,-56.43990000000002,6.34,cluster,n,y,33,2016-12-11,CTX,B19_016870_1857_XN_05N056W,2010-03-03,CTX,F06_037968_1845_XN_04N056W,2014-09-02,True,5-10m,False,False,False,False,True,False,
ESP_048686_1785,-1.585,20.588,20.588,3.73,cluster,n,y,33,2016-12-15,THEMIS,V35268001,2009-11-26,CTX,F06_038229_1786_XN_01S339W,2014-09-22,False,2-5m,False,False,False,False,False,False,
ESP_048703_1750,-5.1129,275.8817,-84.11829999999998,7.09,cluster,n,n,33,2016-12-16,CTX,P08_004160_1736_XN_06S084W,2007-06-16,CTX,F01_036268_1737_XN_06S084W,2014-04-22,False,5-10m,False,False,False,False,False,False,
ESP_048720_1735,-6.209,172.756,172.756,4.02,single,n,y,33,2016-12-17,THEMIS,V39855001,2010-12-08,CTX,J03_046017_1736_XN_06S187W,2016-05-21,False,2-5m,False,False,False,False,False,False,
ESP_048734_2005,20.481,145.967,145.967,3.19,cluster,n,n,33,2016-12-18,HRSC,H2951_0000_ND3,2006-04-28,CTX,J04_046453_1988_XN_18N213W,2016-06-24,False,2-5m,False,False,False,False,False,False,
ESP_048742_1760,-4.029,290.587,-69.41300000000001,11.54,single,n,n,33,2016-12-19,CTX,G04_019600_1763_XN_03S069W,2010-10-01,CTX,G08_021512_1757_XI_04S069W,2011-02-27,False,10-20m,False,False,False,False,False,False,
ESP_048743_1745,-5.4485,264.2955,-95.7045,4.7,cluster,n,y,33,2016-12-19,CTX,P17_007615_1764_XN_03S096W,2008-03-11,CTX,F21_043996_1763_XI_03S096W,2015-12-15,False,2-5m,False,False,False,False,False,False,
ESP_048769_1950,14.8535,271.4805,-88.5195,4.7,single,n,y,33,2016-12-21,CTX,P18_007997_1935_XN_13N088W,2008-04-10,CTX,F09_039486_1952_XN_15N088W,2014-12-29,False,2-5m,False,False,False,False,False,False,
ESP_048770_2010,20.7403,243.075,-116.92500000000001,8.56,single,n,y,33,2016-12-21,CTX,D01_027408_2026_XN_22N117W,2012-06-01,CTX,J09_048124_2005_XI_20N116W,2016-11-01,False,5-10m,False,False,False,False,False,False,
ESP_048773_1670,-12.7483,165.4502,165.4502,9.83,cluster,n,y,33,2016-12-21,CTX,G18_025156_1662_XN_13S194W,2011-12-08,CTX,J06_047059_1670_XN_13S194W,2016-08-10,False,5-10m,False,False,False,False,False,False,
ESP_048817_1880,7.963,41.544,41.544,5.38,cluster,n,y,33,2016-12-25,CTX,B17_016273_1864_XN_06N318W,2010-01-15,CTX,J09_048316_1868_XN_06N318W,2016-11-16,False,5-10m,False,False,False,False,False,False,
ESP_048841_1610,-18.608,109.442,109.442,2.65,single,n,n,33,2016-12-27,THEMIS,V25982004,2007-10-23,CTX,J09_048340_1613_XN_18S250W,2016-11-18,False,2-5m,False,False,False,False,False,False,
ESP_048847_1640,-15.6863,305.4962,-54.50380000000001,9.72,single,n,n,33,2016-12-27,CTX,D08_030386_1651_XN_14S054W,2013-01-19,CTX,J06_047133_1652_XN_14S054W,2016-08-16,True,5-10m,False,False,False,False,True,False,
ESP_048883_1905,10.5618,39.9032,39.9032,6.65,cluster,n,y,33,2016-12-30,CTX,G23_027033_1900_XN_10N319W,2012-05-02,CTX,J08_048026_1904_XN_10N320W,2016-10-24,False,5-10m,False,False,False,False,False,False,
ESP_048902_2075,27.0291,238.5707,-121.42930000000001,3.1,single,n,y,33,2016-12-31,CTX,P12_005704_2048_XN_24N121W,2007-10-14,CTX,J03_046054_2078_XN_27N121W,2016-05-24,False,2-5m,False,False,False,False,False,False,
ESP_048919_1905,10.398,136.465,136.465,3.56,single,n,y,33,2017-01-02,CTX,D03_028190_1893_XN_09N223W,2012-08-01,CTX,J06_047205_1895_XN_09N223W,2016-08-21,True,2-5m,False,False,True,False,False,False,
ESP_049061_1370,-42.583,226.829,-133.171,6.38,cluster,possible,y,33,2017-01-13,CTX,J06_046991_1369_XI_43S133W,2016-08-05,CTX,J10_048705_1364_XN_43S133W,2016-12-16,False,5-10m,False,False,False,False,False,False,
ESP_049033_1865,6.458,264.455,-95.54500000000002,6.94,cluster,n,y,33,2017-01-11,CTX,F04_037165_1826_XN_02N095W,2014-07-01,CTX,J09_048176_1866_XI_06N095W,2016-11-05,False,5-10m,False,False,False,False,False,False,
ESP_049175_1490,-30.66,353.58,-6.420000000000016,12.07,cluster,n,n,33,2017-01-22,CTX,B07_012530_1490_XI_31S006W,2009-03-29,CTX,J04_046327_1494_XN_30S006W,2016-06-14,False,10-20m,False,False,False,False,False,False,
ESP_049245_1855,5.6094,237.101,-122.899,9.52,cluster,n,y,33,2017-01-27,CTX,P22_009554_1858_XN_05N122W,2008-08-09,CTX,F02_036454_1853_XN_05N122W,2014-05-07,False,5-10m,False,False,False,False,False,False,
ESP_049252_1835,3.341,47.298,47.298,2.81,single,n,y,33,2017-01-28,CTX,F10_039758_1834_XN_03N312W,2015-01-19,CTX,J09_048329_1834_XN_03N312W,2016-11-17,False,2-5m,False,False,False,False,False,False,
ESP_049310_1755,-4.511,264.812,-95.18799999999999,4.36,cluster,n,y,33,2017-02-01,CTX,B11_013799_1756_XI_04S095W,2009-07-06,CTX,F16_042018_1729_XI_07S094W,2015-07-14,False,2-5m,False,False,False,False,False,False,
ESP_049349_1735,-6.282,279.1302,-80.8698,3.1,cluster,n,y,33,2017-02-04,CTX,B03_010647_1734_XN_06S080W,2008-11-03,CTX,F21_044035_1747_XI_05S081W,2015-12-18,False,2-5m,False,False,False,False,False,False,
ESP_049377_1985,18.218,232.654,-127.346,4.57,cluster,n,y,33,2017-02-06,CTX,D06_029716_1979_XN_17N127W,2012-11-27,CTX,J09_048243_1991_XN_19N127W,2016-11-10,False,2-5m,False,False,False,False,False,False,
ESP_049403_1900,9.7405,242.927,-117.07300000000001,9.42,cluster,n,y,33,2017-02-09,THEMIS,V19874010,2006-06-07,CTX,B20_017426_1886_XN_08N117W,2010-04-15,False,5-10m,False,False,False,False,False,False,
ESP_049482_2005,20.079,245.683,-114.31700000000001,2.37,single,n,y,33,2017-02-15,CTX,D15_033012_2011_XN_21N114W,2013-08-11,CTX,J03_046146_1985_XN_18N114W,2016-05-31,True,2-5m,False,False,False,False,False,True,
ESP_049508_1905,10.519,257.818,-102.18200000000002,8.25,single,n,n,33,2017-02-17,THEMIS,V27723030,2008-03-15,CTX,G15_024124_1905_XI_10N102W,2011-09-19,True,5-10m,False,False,False,False,False,True,
ESP_049543_2085,28.321,19.903,19.903,8.13,cluster,n,y,33,2017-02-19,CTX,G04_019979_2089_XN_28N340W,2010-10-31,CTX,J06_047196_2084_XI_28N340W,2016-08-21,False,5-10m,False,False,False,False,False,False,
ESP_049556_2090,28.696,23.859,23.859,3.2,single,n,y,33,2017-02-20,THEMIS,V19058012,2006-04-01,CTX,D18_034431_2076_XN_27N336W,2013-11-30,False,2-5m,False,False,False,False,False,False,
ESP_049574_2030,22.8305,254.424,-105.576,2.28,cluster,n,y,33,2017-02-22,CTX,B17_016397_2034_XN_23N105W,2010-01-25,CTX,J05_046660_2008_XN_20N105W,2016-07-10,True,2-5m,False,False,False,False,False,True,
ESP_049600_1815,1.322,266.804,-93.19600000000003,7.04,cluster,n,y,33,2017-02-24,CTX,B19_017201_1807_XN_00N093W,2010-03-28,CTX,J05_046897_1833_XN_03N093W,2016-07-28,False,5-10m,False,False,False,False,False,False,
ESP_049640_1715,-8.533,255.861,-104.13900000000001,9.22,cluster,n,y,33,2017-02-27,CTX,B17_016107_1696_XN_10S104W,2010-01-02,CTX,F01_036005_1683_XN_11S103W,2014-04-02,True,5-10m,False,False,False,False,False,True,
ESP_049653_1775,-2.451,260.467,-99.53300000000002,9.54,single,n,n,33,2017-02-28,CTX,B03_010885_1782_XI_01S099W,2008-11-21,CTX,J04_046172_1768_XN_03S099W,2016-06-02,False,5-10m,False,False,False,False,False,False,
ESP_049661_1510,-28.881,46.279,46.279,5.87,cluster,n,n,33,2017-03-01,CTX,G04_019675_1500_XN_30S313W,2010-10-07,CTX,F11_039956_1518_XI_28S313W,2015-02-03,False,5-10m,False,False,False,False,False,False,
ESP_049733_1810,0.8496,235.818,-124.18199999999999,4.88,cluster,n,y,33,2017-03-06,CTX,G23_027316_1810_XI_01N124W,2012-05-24,CTX,F01_036309_1810_XN_01N124W,2014-04-25,False,2-5m,False,False,False,False,False,False,
ESP_049740_1800,0.1659,44.871,44.871,7.38,cluster,n,y,33,2017-03-07,CTX,B20_017341_1791_XN_00S315W,2010-04-08,CTX,F02_036527_1821_XN_02N315W,2014-05-12,False,5-10m,False,False,False,False,False,False,
ESP_049806_1990,18.557,41.972,41.972,3.31,cluster,n,y,33,2017-03-12,CTX,P12_005764_1994_XI_19N318W,2007-10-19,CTX,J10_048751_1995_XN_19N318W,2016-12-20,False,2-5m,False,False,False,False,False,False,
ESP_049865_2045,24.296,230.144,-129.856,6.55,single,n,y,33,2017-03-17,CTX,B05_011453_2047_XN_24N130W,2009-01-04,CTX,G05_020301_2043_XN_24N129W,2010-11-25,False,5-10m,False,False,False,False,False,False,
ESP_049917_1760,-4.022,254.529,-105.471,5.19,cluster,n,y,33,2017-03-21,CTX,G09_021632_1756_XN_04S105W,2011-03-09,CTX,J04_046370_1746_XN_05S105W,2016-06-17,True,5-10m,False,False,False,False,False,True,
ESP_049930_2050,24.787,255.195,-104.805,4.37,single,n,y,33,2017-03-22,THEMIS,V05259020,2003-02-20,CTX,P18_008103_2046_XI_24N105W,2008-04-18,True,2-5m,False,False,False,False,False,True,
ESP_050446_1650,-14.811,211.718,-148.282,2.9,single,n,y,33,2017-05-01,CTX,P15_006760_1658_XN_14S148W,2008-01-05,CTX,G20_025906_1652_XN_14S148W,2012-02-05,False,2-5m,False,False,False,False,False,False,
ESP_049957_1955,15.269,239.976,-120.024,8.42,single,n,y,33,2017-03-24,THEMIS,V35896016,2010-01-17,CTX,F02_036678_1953_XN_15N120W,2014-05-24,False,5-10m,False,False,False,False,False,False,
ESP_049958_1700,-9.671,215.448,-144.552,3.65,cluster,n,y,33,2017-03-24,CTX,F01_036112_1703_XI_09S144W,2014-04-10,CTX,J05_046833_1706_XN_09S144W,2016-07-23,False,2-5m,False,False,False,False,False,False,
ESP_049965_1835,3.269,23.739,23.739,2.83,cluster,n,y,33,2017-03-24,THEMIS,V37064029,2010-04-23,CTX,F19_043174_1842_XN_04N336W,2015-10-12,False,2-5m,False,False,False,False,False,False,
ESP_050023_1855,5.604,239.469,-120.531,4.81,single,n,y,33,2017-03-29,CTX,B20_017558_1837_XN_03N120W,2010-04-25,CTX,J09_048467_1832_XI_03N120W,2016-11-28,False,2-5m,False,False,False,False,False,False,
ESP_050043_1880,7.676,52.286,52.286,3.84,cluster,n,y,33,2017-03-30,CTX,F04_037542_1895_XN_09N308W,2014-07-30,CTX,J04_046351_1869_XN_06N307W,2016-06-16,False,2-5m,False,False,False,False,False,False,
ESP_055324_1930,12.705,230.516,-129.484,4.79,cluster,n,y,34,2018-05-16,THEMIS,V35784011,2010-01-07,CTX,F04_037364_1925_XN_12N129W,2014-07-16,False,2-5m,False,False,False,False,False,False,
ESP_050115_2005,20.332,245.495,-114.505,4.39,single,n,y,33,2017-04-05,THEMIS,V45593022,2012-03-25,CTX,J03_046146_1985_XN_18N114W,2016-05-31,True,2-5m,False,False,False,False,False,True,
ESP_050128_2025,22.303,250.301,-109.69900000000001,4.1,single,n,y,33,2017-04-06,CTX,P17_007800_2047_XI_24N110W,2008-03-26,CTX,F12_040423_2033_XI_23N109W,2015-03-12,True,2-5m,False,False,False,False,False,True,
ESP_050129_2055,25.462,222.453,-137.547,8.55,cluster,n,y,33,2017-04-06,CTX,G20_026090_2066_XN_26N137W,2012-02-19,CTX,J09_048217_2051_XN_25N137W,2016-11-08,False,5-10m,False,False,False,False,False,False,
ESP_050141_1765,-3.342,257.826,-102.17399999999998,4.1,cluster,n,y,33,2017-04-07,CTX,F21_043983_1741_XI_05S101W,2015-12-14,CTX,J13_049719_1741_XI_05S102W,2017-03-05,True,2-5m,False,False,False,False,False,True,
ESP_050154_1750,-5.082,263.259,-96.74099999999999,8.115,cluster,n,y,33,2017-04-08,CTX,B19_017188_1768_XN_03S097W,2010-03-27,CTX,F19_043073_1745_XN_05S096W,2015-10-04,False,5-10m,False,False,False,False,False,False,
ESP_050168_1885,8.605,239.818,-120.18199999999999,5.88,single,n,y,33,2017-04-09,CTX,G06_020459_1887_XI_08N120W,2010-12-07,CTX,F10_039685_1891_XN_09N120W,2015-01-13,False,5-10m,False,False,False,False,False,False,
ESP_050181_1830,2.945,245.721,-114.279,5.64,single,n,y,33,2017-04-10,CTX,B05_011769_1815_XN_01N114W,2009-01-29,CTX,J10_048625_1812_XI_01N114W,2016-12-10,True,5-10m,False,False,False,False,False,True,
ESP_050202_2110,30.614,28.048,28.048,3.14,cluster,n,y,33,2017-04-12,CTX,B22_018159_2107_XN_30N332W,2010-06-11,CTX,F04_037490_2104_XI_30N331W,2014-07-26,False,2-5m,False,False,False,False,False,False,
ESP_050228_2100,29.503,38.905,38.905,4.81,cluster,n,y,33,2017-04-14,THEMIS,V29278041,2008-07-21,CTX,B20_017407_2108_XN_30N321W,2010-04-13,False,2-5m,False,False,False,False,False,False,
ESP_050239_1275,-52.093,109.244,109.244,6.14,cluster,possible,y,33,2017-04-15,THEMIS,V16984009,2005-10-12,CTX,J13_049672_1271_XN_52S250W,2017-03-01,False,5-10m,False,False,False,False,False,False,
ESP_050246_2055,25.141,267.229,-92.77100000000002,6.66,cluster,n,y,33,2017-04-15,CTX,P18_007918_2042_XN_24N092W,2008-04-04,CTX,J07_047477_2052_XI_25N092W,2016-09-11,False,5-10m,False,False,False,False,False,False,
ESP_050300_1735,-6.392,237.627,-122.37299999999999,4.22,single,n,n,33,2017-04-19,CTX,J04_046397_1728_XI_07S122W,2016-06-19,CTX,J08_047887_1728_XI_07S122W,2016-10-13,False,2-5m,False,False,False,False,False,False,
ESP_050300_2170,36.919,230.689,-129.311,4.5,single,n,y,33,2017-04-19,CTX,F05_037654_2186_XN_38N129W,2014-08-08,CTX,J02_045540_2189_XN_38N129W,2016-04-13,False,2-5m,False,False,False,False,False,False,Dundas et al. 2021
ESP_050325_2085,28.015,269.521,-90.47899999999998,3.7,cluster,n,y,33,2017-04-21,HRSC,H1041_0000_ND3,2004-11-10,CTX,F18_042677_2085_XN_28N090W,2015-09-03,False,2-5m,False,False,False,False,False,False,
ESP_050326_2010,20.969,243.172,-116.828,6.6,cluster,n,y,33,2017-04-21,CTX,D01_027408_2026_XN_22N117W,2012-06-01,CTX,J09_048124_2005_XI_20N116W,2016-11-01,False,5-10m,False,False,False,False,False,False,
ESP_050437_1070,-72.643,109.642,109.642,3.5,single,possible,y,33,2017-04-30,CTX,D04_028930_1082_XI_71S251W,2012-09-27,CTX,J13_049936_1080_XN_72S250W,2017-03-22,False,2-5m,False,False,False,False,False,False,Dundas et al. 2021
ESP_057315_1065,-73.45238866776,264.10880196666,-95.89119803334,5.5,single,n,n,34,2018-10-18,CTX,F14_041122_1053_XN_74S095W,2015-05-05,CTX,J13_050049_1046_XN_75S094W,2017-03-31,False,5-10m,False,False,False,False,False,False,Dundas et al. 2021
ESP_050431_1800,0.1413,258.892,-101.108,2.68,cluster,n,y,33,2017-04-30,CTX,G21_026458_1808_XN_00N101W,2012-03-19,CTX,F03_036862_1792_XN_00S100W,2014-06-07,True,2-5m,False,False,False,False,False,True,
ESP_050457_2070,26.528,265.479,-94.52100000000002,3.76,single,n,y,33,2017-05-02,CTX,P13_006270_2064_XN_26N094W,2007-11-28,CTX,F03_037033_2063_XI_26N094W,2014-06-21,False,2-5m,False,False,False,False,False,False,
ESP_050501_1965,16.124,145.603,145.603,5.91,cluster,n,y,34,2017-05-05,HRSC,H2973_0000_ND3,2006-05-05,CTX,F23_044686_1968_XN_16N214W,2016-02-07,False,5-10m,False,False,False,False,False,False,
ESP_050505_1915,11.333,37.008,37.008,3.05,cluster,n,y,34,2017-05-05,THEMIS,V11058005,2004-06-11,CTX,J06_047235_1927_XI_12N323W,2016-08-24,False,2-5m,False,False,False,False,False,False,
ESP_050524_1920,11.718,238.208,-121.792,2.74,cluster,n,y,34,2017-05-07,HRSC,H3038_0000_ND3,2006-05-23,CTX,D05_029228_1930_XN_13N121W,2012-10-20,False,2-5m,False,False,False,False,False,False,
ESP_050571_2090,28.836,32.632,32.632,3.93,cluster,n,y,34,2017-05-11,CTX,D01_027442_2098_XN_29N327W,2012-06-03,CTX,J08_048013_2093_XN_29N327W,2016-10-23,False,2-5m,False,False,False,False,False,False,
ESP_050589_1830,2.728,265.185,-94.815,6.07,cluster,n,n,34,2017-05-12,THEMIS,V27261044,2008-02-05,CTX,J10_048677_1813_XN_01N094W,2016-12-14,False,5-10m,False,False,False,False,False,False,
ESP_050959_1520,-27.858,247.632,-112.368,3.7,single,n,y,34,2017-06-10,CTX,D20_035201_1520_XN_28S112W,2014-01-29,CTX,J07_047478_1507_XN_29S112W,2016-09-11,True,2-5m,False,False,False,False,False,True,
ESP_050628_2105,30.128,276.146,-83.85399999999998,7.75,cluster,n,y,34,2017-05-15,HRSC,H1550_0000_ND3,2005-04-01,CTX,G14_023754_2103_XN_30N083W,2011-08-21,False,5-10m,False,False,False,False,False,False,
ESP_050655_1810,1.128,262.922,-97.07799999999997,4.27,cluster,n,y,34,2017-05-17,HRSC,H1988_0000_ND3,2005-08-02,CTX,D18_034396_1816_XN_01N097W,2013-11-27,False,2-5m,False,False,False,False,False,False,
ESP_050668_1975,17.105,265.774,-94.226,4.35,cluster,n,y,34,2017-05-18,CTX,P18_007984_1959_XN_15N093W,2008-04-09,CTX,J02_045552_2003_XN_20N094W,2016-04-14,False,2-5m,False,False,False,False,False,False,
ESP_050669_1970,16.695,239.778,-120.22200000000001,5.71,single,n,y,34,2017-05-18,HRSC,H5236_0000_ND3,2008-01-29,CTX,F02_036678_1953_XN_15N120W,2014-05-24,False,5-10m,False,False,False,False,False,False,
ESP_050670_1935,13.229,211.833,-148.167,3.63,single,n,y,34,2017-05-18,CTX,P18_007986_1946_XI_14N148W,2008-04-09,CTX,J03_045910_1936_XN_13N148W,2016-05-12,False,2-5m,False,False,False,False,False,False,
ESP_050695_1925,12.403,249.29,-110.71000000000001,7.39,cluster,n,y,34,2017-05-20,THEMIS,V18501008,2006-02-14,CTX,D04_028832_1933_XN_13N110W,2012-09-20,True,5-10m,False,False,False,False,False,True,
ESP_050708_2025,22.252,254.477,-105.523,5.1,cluster,n,y,34,2017-05-21,CTX,B17_016397_2034_XN_23N105W,2010-01-25,CTX,J05_046660_2008_XN_20N105W,2016-07-10,True,5-10m,False,False,False,False,False,True,
ESP_050734_1805,0.283,266.007,-93.993,7.39,cluster,n,y,34,2017-05-23,HRSC,H5117_0000_ND3,2007-12-26,CTX,J06_047108_1809_XN_00N094W,2016-08-14,False,5-10m,False,False,False,False,False,False,
ESP_050800_2050,24.503,260.9,-99.10000000000002,6.51,single,n,y,34,2017-05-28,THEMIS,V45580019,2012-03-24,CTX,J06_047174_2030_XN_23N098W,2016-08-19,False,5-10m,False,False,False,False,False,False,
ESP_050814_1880,7.704,242.011,-117.989,6.36,cluster,n,y,34,2017-05-29,CTX,B16_015936_1882_XN_08N117W,2009-12-20,CTX,J06_047333_1881_XN_08N118W,2016-08-31,False,5-10m,False,False,False,False,False,False,
ESP_050854_1735,-6.391,230.446,-129.554,8.63,single,n,y,34,2017-06-02,CTX,P16_007168_1735_XN_06S130W,2008-02-05,CTX,J03_045804_1746_XI_05S129W,2016-05-04,False,5-10m,False,False,False,False,False,False,
ESP_050879_2055,25.061,265.247,-94.75299999999999,3.72,single,n,y,34,2017-06-04,CTX,G18_025139_2058_XN_25N095W,2011-12-07,CTX,F18_043020_2055_XN_25N094W,2015-09-30,False,2-5m,False,False,False,False,False,False,
ESP_050880_1945,14.253,237.962,-122.03800000000001,10.11,cluster,n,y,34,2017-06-04,HRSC,H3038_0000_ND3,2006-05-23,THEMIS,V31055004,2008-12-14,False,10-20m,False,False,False,False,False,False,
ESP_050946_1715,-8.405,239.071,-120.929,8.48,single,n,y,34,2017-06-09,CTX,D07_029927_1711_XI_08S120W,2012-12-14,CTX,F22_044353_1711_XN_08S120W,2016-01-12,False,5-10m,False,False,False,False,False,False,
ESP_050958_2070,26.919,266.898,-93.10199999999998,3.94,cluster,n,y,34,2017-06-10,CTX,G10_022027_2074_XN_27N093W,2011-04-08,CTX,J14_050246_2062_XI_26N092W,2017-04-15,False,2-5m,False,False,False,False,False,False,
ESP_051070_1285,-51.289,101.058,101.058,3.91,cluster,y,y,34,2017-06-18,HRSC,H2389_0000_ND3,2005-11-22,CTX,J15_050503_1279_XN_52S259W,2017-05-05,False,2-5m,False,False,False,False,False,False,
ESP_051011_1660,-14.07,265.656,-94.344,3.08,single,n,y,34,2017-06-14,CTX,D08_030427_1643_XN_15S094W,2013-01-22,CTX,J11_049099_1674_XN_12S094W,2017-01-16,False,2-5m,False,False,False,False,False,False,
ESP_051020_2035,23.075,14.713,14.713,3.41,single,n,y,34,2017-06-15,THEMIS,V27145032,2008-01-27,CTX,F04_037451_2035_XN_23N345W,2014-07-23,False,2-5m,False,False,False,False,False,False,
ESP_051037_2085,28.013,269.786,-90.214,4.34,cluster,n,y,34,2017-06-16,CTX,P15_006995_2100_XI_30N090W,2008-01-23,CTX,J14_050325_2073_XI_27N090W,2017-04-21,False,2-5m,False,False,False,False,False,False,
ESP_051080_1920,12.052,179.284,179.284,5.12,single,n,y,34,2017-06-19,CTX,G11_022439_1931_XI_13N180W,2011-05-10,CTX,J04_046465_1948_XN_14N181W,2016-06-25,False,5-10m,False,False,False,False,False,False,
ESP_051144_1755,-4.285,233.585,-126.41499999999999,5.24,single,n,y,34,2017-06-24,CTX,F09_039171_1752_XI_04S126W,2014-12-04,CTX,F14_041294_1752_XI_04S126W,2015-05-19,False,5-10m,False,False,False,False,False,False,
ESP_051196_2025,22.239,249.766,-110.23400000000001,3.97,single,n,y,34,2017-06-28,THEMIS,V28497005,2008-05-17,CTX,F18_042981_2033_XI_23N110W,2015-09-27,True,2-5m,False,False,False,False,False,True,
ESP_051209_2045,24.444,255.219,-104.781,8.44,cluster,n,y,34,2017-06-29,CTX,G20_025891_2050_XN_25N105W,2012-02-03,CTX,J13_049930_2050_XI_25N104W,2017-03-22,True,5-10m,False,False,False,False,False,True,
ESP_051223_1845,4.635,236.021,-123.97900000000001,10.01,single,n,y,34,2017-06-30,CTX,D03_028582_1840_XI_04N124W,2012-08-31,CTX,J10_048744_1867_XI_06N124W,2016-12-19,False,10-20m,False,False,False,False,False,False,
ESP_051236_2135,33.332,237.484,-122.51599999999999,3.12,cluster,n,y,34,2017-07-01,THEMIS,V29633014,2008-08-19,CTX,F02_036678_2159_XN_35N122W,2014-05-24,False,2-5m,False,False,False,False,False,False,
ESP_051329_1730,-6.815,223.032,-136.968,4.91,single,n,y,34,2017-07-09,CTX,B09_012983_1734_XN_06S137W,2009-05-04,CTX,J03_045791_1733_XN_06S137W,2016-05-03,False,2-5m,False,False,False,False,False,False,
ESP_051344_1735,-6.349,172.586,172.586,4.8,cluster,n,y,34,2017-07-10,HRSC,H1009_0009_ND3,2004-11-01,CTX,P02_001843_1716_XN_08S187W,2006-12-18,False,2-5m,False,False,False,False,False,False,
ESP_051349_2130,32.815,30.968,30.968,2.57,single,n,y,34,2017-07-10,CTX,B16_015970_2133_XN_33N329W,2009-12-22,CTX,F23_044822_2130_XN_33N329W,2016-02-18,False,2-5m,False,False,False,False,False,False,
ESP_051354_2030,22.598,257.112,-102.88799999999998,7.81,cluster,n,y,34,2017-07-11,HRSC,H5279_0000_ND3,2008-02-11,CTX,F01_036229_2025_XN_22N103W,2014-04-19,True,5-10m,False,False,False,False,False,True,
ESP_051357_1880,7.807,176.451,176.451,29.6,cluster,n,y,34,2017-07-11,CTX,B05_011666_1858_XI_05N183W,2009-01-21,CTX,J10_048522_1879_XN_07N183W,2016-12-02,False,20-50m,False,False,False,False,False,False,
ESP_051362_1960,16.001,38.514,38.514,1.8,cluster,n,y,34,2017-07-11,CTX,D05_029143_1939_XN_13N321W,2012-10-14,CTX,J06_047169_1942_XN_14N321W,2016-08-18,False,<2m,False,False,False,False,False,False,
ESP_051363_2075,27.223,11.008,11.008,3.46,single,n,n,34,2017-07-11,THEMIS,V26359015,2007-11-23,CTX,G09_021799_2086_XN_28N349W,2011-03-22,False,2-5m,False,False,False,False,False,False,
ESP_051368_1985,18.258,234.582,-125.418,5.09,single,n,y,34,2017-07-12,CTX,G10_022226_1977_XN_17N125W,2011-04-24,CTX,F11_040173_1981_XI_18N125W,2015-02-20,False,5-10m,False,False,False,False,False,False,
ESP_051370_1655,-14.473,183.725,-176.275,4.58,cluster,n,y,34,2017-07-12,CTX,B18_016769_1639_XN_16S176W,2010-02-23,CTX,J11_049102_1633_XN_16S176W,2017-01-16,True,2-5m,False,False,False,True,False,False,
ESP_051394_1920,11.681,245.289,-114.71100000000001,3.22,single,n,y,34,2017-07-14,HRSC,H5128_0000_ND3,2007-12-30,CTX,D12_031944_1943_XN_14N115W,2013-05-20,True,2-5m,False,False,False,False,False,True,
ESP_051395_1670,-12.724,222.351,-137.649,3.9,cluster,n,y,34,2017-07-14,CTX,B21_017651_1670_XN_13S137W,2010-05-02,CTX,F04_037193_1675_XN_12S137W,2014-07-03,False,2-5m,False,False,False,False,False,False,
ESP_051412_1675,-12.141,116.985,116.985,8.49,cluster,n,y,34,2017-07-15,CTX,G09_021703_1682_XN_11S243W,2011-03-14,CTX,F23_044885_1678_XN_12S243W,2016-02-22,False,5-10m,False,False,False,False,False,False,
ESP_051782_2130,32.497,90.28005,90.28005,2.59,single,n,y,34,2017-08-13,CTX,F23_044899_2115_XI_31N269W,2016-02-24,CTX,J03_046033_2150_XN_35N270W,2016-05-22,False,2-5m,False,False,False,False,False,False,
ESP_051857_1650,-14.858,208.715,-151.285,3.36,single,n,y,34,2017-08-19,HRSC,H4161_0000_ND3,2007-04-02,CTX,F04_037299_1644_XN_15S151W,2014-07-11,False,2-5m,False,False,False,False,False,False,
ESP_051884_2015,21.41007,186.722,-173.278,3.42,cluster,n,y,34,2017-08-21,CTX,D08_030232_2010_XN_21N173W,2013-01-07,CTX,J07_047480_2014_XN_21N173W,2016-09-12,True,2-5m,False,False,False,True,False,False,
ESP_051886_1715,-8.588,136.608,136.608,3.59,cluster,n,y,34,2017-08-21,CTX,B02_010494_1737_XN_06S223W,2008-10-22,CTX,F09_039412_1709_XN_09S223W,2014-12-23,True,2-5m,False,False,True,False,False,False,
ESP_051897_1660,-13.711,197.322,-162.678,4.03,cluster,n,y,34,2017-08-22,CTX,P11_005442_1648_XI_15S162W,2007-09-24,CTX,J12_049629_1648_XN_15S162W,2017-02-26,False,2-5m,False,False,False,False,False,False,
ESP_051920_1850,4.981,286.014,-73.98599999999999,2.4,single,n,y,34,2017-08-24,CTX,G21_026602_1840_XN_04N073W,2012-03-30,CTX,J07_047516_1856_XN_05N074W,2016-09-14,False,2-5m,False,False,False,False,False,False,
ESP_051930_2080,27.657,11.597,11.597,19.86,cluster,n,y,34,2017-08-24,CTX,P12_005831_2080_XN_28N348W,2007-10-24,CTX,F10_039746_2074_XI_27N348W,2015-01-18,False,10-20m,False,False,False,False,False,False,
ESP_051948_1895,9.261,241.894,-118.106,32.49,cluster,n,y,34,2017-08-26,CTX,B16_015936_1882_XN_08N117W,2009-12-20,CTX,J15_050814_1882_XI_08N118W,2017-05-29,False,20-50m,False,False,False,False,False,False,
ESP_051982_1760,-4.125,35.729,35.729,2.77,single,n,y,34,2017-08-28,CTX,G22_026664_1765_XN_03S324W,2012-04-04,CTX,J09_048369_1772_XN_02S324W,2016-11-20,False,2-5m,False,False,False,False,False,False,
ESP_053631_1920,11.961,11.455,11.455,3.38,cluster,n,y,34,2018-01-04,CTX,F13_040801_1918_XN_11N348W,2015-04-10,CTX,F19_043359_1918_XN_11N348W,2015-10-27,False,2-5m,False,False,False,False,False,False,
ESP_052000_1690,-10.743,265.258,-94.74200000000002,3.01,single,n,y,34,2017-08-30,CTX,J11_049099_1674_XN_12S094W,2017-01-16,CTX,J16_051011_1675_XI_12S094W,2017-06-14,False,2-5m,False,False,False,False,False,False,
ESP_052002_1845,4.552,207.483,-152.517,4.88,cluster,n,y,34,2017-08-30,THEMIS,V31293016,2009-01-03,CTX,J16_051079_1870_XI_07N152W,2017-06-19,False,2-5m,False,False,False,False,False,False,
ESP_052755_2200,39.6901,164.523,164.523,10.0,single,n,y,34,2017-10-28,CTX,J16_050843_2197_XN_39N195W,2017-06-01,CTX,J18_051832_2196_XN_39N195W,2017-08-17,False,5-10m,False,False,False,False,False,False,Dundas et al. 2021
ESP_052048_1770,-2.805,33.839,33.839,3.27,cluster,n,y,34,2017-09-03,CTX,G21_026519_1777_XN_02S326W,2012-03-23,CTX,J03_046088_1764_XN_03S326W,2016-05-26,False,2-5m,False,False,False,False,False,False,
ESP_052057_1985,18.29,144.199,144.199,3.51,single,n,y,34,2017-09-03,CTX,F23_044963_1982_XN_18N215W,2016-02-29,CTX,J16_050923_1981_XN_18N215W,2017-06-07,False,2-5m,False,False,False,False,False,False,
ESP_052080_1920,11.929,238.332,-121.668,5.31,cluster,n,y,34,2017-09-05,HRSC,H3038_0000_ND3,2006-05-23,CTX,D05_029228_1930_XN_13N121W,2012-10-20,False,5-10m,False,False,False,False,False,False,
ESP_052124_1860,5.929,117.311,117.311,1.34,cluster,n,y,34,2017-09-09,CTX,D01_027439_1866_XN_06N242W,2012-06-03,CTX,J04_046164_1872_XN_07N242W,2016-06-01,False,<2m,False,False,False,False,False,False,
ESP_052141_1955,15.166,12.805,12.805,5.08,single,n,y,34,2017-09-10,CTX,D12_031847_1950_XN_15N347W,2013-05-13,CTX,J09_048172_1959_XN_15N347W,2016-11-05,False,5-10m,False,False,False,False,False,False,
ESP_052173_1670,-12.814,222.575,-137.425,5.56,single,n,y,34,2017-09-12,CTX,P11_005296_1655_XN_14S137W,2007-09-13,CTX,F04_037193_1675_XN_12S137W,2014-07-03,False,5-10m,False,False,False,False,False,False,
ESP_052752_2010,20.944,249.48,-110.52000000000001,5.63,cluster,n,y,34,2017-10-27,CTX,P04_002473_2019_XN_21N110W,2007-02-05,CTX,J04_046436_2024_XN_22N110W,2016-06-22,True,5-10m,False,False,False,False,False,True,
ESP_052219_1880,7.958,43.102,43.102,4.23,single,n,y,34,2017-09-16,HRSC,H8324_0009_ND3,2010-07-04,CTX,F20_043648_1881_XI_08N317W,2015-11-18,False,2-5m,False,False,False,False,False,False,
ESP_052228_1875,7.425,157.293,157.293,9.61,cluster,n,y,34,2017-09-17,CTX,B18_016638_1876_XI_07N202W,2010-02-12,CTX,J06_047336_1888_XN_08N202W,2016-08-31,False,5-10m,False,False,False,False,False,False,
ESP_052238_2005,20.396,242.529,-117.471,2.7,cluster,n,n,34,2017-09-17,CTX,D03_028252_2031_XN_23N117W,2012-08-05,CTX,F02_036757_1998_XN_19N117W,2014-05-30,False,2-5m,False,False,False,False,False,False,
ESP_052250_1755,-4.502,278.115,-81.88499999999999,6.54,cluster,n,y,34,2017-09-18,CTX,P16_007219_1744_XN_05S081W,2008-02-09,CTX,F19_043112_1732_XI_06S081W,2015-10-07,False,5-10m,False,False,False,False,False,False,
ESP_052253_1670,-13.025,197.301,-162.699,3.95,cluster,n,y,34,2017-09-19,CTX,P11_005442_1648_XI_15S162W,2007-09-24,CTX,J09_048139_1650_XN_15S162W,2016-11-02,False,2-5m,False,False,False,False,False,False,
ESP_052278_1835,3.333,233.821,-126.179,6.85,cluster,n,y,34,2017-09-21,HRSC,H1078_0000_ND3 (Nov 2004),2004-11-20,CTX,F01_036164_1822_XN_02N126W,2014-04-14,False,5-10m,False,False,False,False,False,False,
ESP_052325_1920,11.708,29.423,29.423,3.95,cluster,n,y,34,2017-09-24,THEMIS,V27394037,2008-02-16,CTX,F07_038598_1924_XN_12N330W,2014-10-21,False,2-5m,False,False,False,False,False,False,
ESP_052330_1770,-2.802,254.607,-105.393,6.45,cluster,n,y,34,2017-09-25,CTX,P15_007088_1796_XN_00S105W,2008-01-30,CTX,J02_045381_1752_XI_04S105W,2016-04-01,True,5-10m,False,False,False,False,False,True,
ESP_052356_1745,-5.503,265.041,-94.959,6.63,single,n,y,34,2017-09-27,CTX,P16_007114_1729_XN_07S094W,2008-02-01,CTX,F16_042018_1729_XI_07S094W,2015-07-14,False,5-10m,False,False,False,False,False,False,
ESP_052439_2155,35.378,152.083,152.083,2.5,single,n,y,34,2017-10-03,CTX,B19_017060_2182_XN_38N208W,2010-03-17,CTX,D05_029086_2139_XN_33N208W,2012-10-09,False,2-5m,False,False,False,False,False,False,Dundas et al. 2021
ESP_052441_2005,20.463,100.743,100.743,7.3,cluster,n,y,34,2017-10-03,CTX,B19_017207_2021_XN_22N259W,2010-03-29,CTX,J03_045914_2021_XN_22N259W,2016-05-13,False,5-10m,False,False,False,False,False,False,
ESP_052475_1850,4.713,254.498,-105.50200000000001,10.5,cluster,n,y,34,2017-10-06,CTX,F02_036427_1847_XN_04N105W,2014-05-04,CTX,J17_051341_1842_XI_04N105W,2017-07-10,True,10-20m,False,False,False,False,False,True,
ESP_052479_1980,17.759,142.849,142.849,10.29,cluster,n,y,34,2017-10-06,HRSC,H3006_0000_ND3,2006-05-14,CTX,J04_046374_1950_XN_15N216W,2016-06-17,False,10-20m,False,False,False,False,False,False,
ESP_059425_1850,4.947,245.763,-114.237,5.47,single,n,y,35,2019-03-31,CTX,K04_055007_1851_XN_05N114W,2018-04-21,CTX,K13_058502_1851_XI_05N114W,2019-01-18,True,5-10m,False,False,False,False,False,True,
ESP_053003_1910,10.762,237.673,-122.327,5.39,cluster,n,y,34,2017-11-16,CTX,G01_018547_1899_XN_09N122W,2010-07-11,CTX,J04_046331_1902_XN_10N122W,2016-06-14,False,5-10m,False,False,False,False,False,False,
ESP_052843_2195,39.137,281.006,-78.99400000000003,7.49,cluster,n,y,34,2017-11-04,THEMIS,V29070006,2008-07-03,CTX,J19_052342_2195_XN_39N079W,2017-09-26,False,5-10m,False,False,False,False,False,False,Dundas et al. 2021
ESP_052866_1870,7.035,17.466,17.466,6.83,cluster,n,y,34,2017-11-05,CTX,D04_028590_1846_XI_04N342W,2012-09-01,CTX,D21_035473_1885_XI_08N342W,2014-02-19,False,5-10m,False,False,False,False,False,False,
ESP_052870_2090,28.53,266.558,-93.44200000000001,4.94,cluster,n,y,34,2017-11-06,THEMIS,V39801005,2010-12-04,CTX,J16_050958_2068_XI_26N093W,2017-06-10,False,2-5m,False,False,False,False,False,False,
ESP_052872_2265,45.986,209.711,-150.289,5.75,single,y,y,34,2017-11-06,THEMIS,V38393003,2010-08-10,CTX,J20_052516_2259_XN_45N150W,2017-10-09,False,5-10m,False,False,False,False,False,False,Dundas et al. 2021
ESP_052875_1980,17.74924,131.446,131.446,8.52,single,n,y,34,2017-11-06,THEMIS,V26517020,2007-12-06,CTX,F17_042247_1984_XN_18N228W,2015-08-01,True,5-10m,False,False,True,False,False,False,
ESP_052897_1740,-5.754424,252.8849,-107.11510000000001,9.36,single,n,y,34,2017-11-08,CTX,J08_047781_1723_XI_07S107W,2016-10-05,CTX,J19_052251_1728_XI_07S106W,2017-09-18,True,5-10m,False,False,False,False,False,True,
ESP_052914_1995,19.417,145.552,145.552,4.44,cluster,n,y,34,2017-11-09,HRSC,H2973_0000_ND3,2006-05-05,CTX,J03_046097_1989_XN_18N214W,2016-05-27,False,2-5m,False,False,False,False,False,False,
ESP_052962_1745,-5.253,278.354,-81.64600000000002,3.55,cluster,n,y,34,2017-11-13,CTX,J05_046923_1731_XI_06S081W,2016-07-30,CTX,J19_052250_1749_XI_05S081W,2017-09-18,False,2-5m,False,False,False,False,False,False,
ESP_053006_1980,17.81994,154.8095,154.8095,10.04,cluster,n,y,34,2017-11-16,THEMIS,V44922010,2012-01-30,CTX,J07_047468_1975_XN_17N205W,2016-09-11,False,10-20m,False,False,False,False,False,False,
ESP_053028_1915,11.436,273.981,-86.019,3.31,cluster,n,y,34,2017-11-18,CTX,F20_043745_1918_XI_11N086W,2015-11-26,CTX,J19_052316_1906_XI_10N086W,2017-09-23,False,2-5m,False,False,False,False,False,False,
ESP_053039_1640,-15.929,338.049,-21.951000000000022,9.89,single,n,n,34,2017-11-19,CTX,D01_027431_1619_XN_18S021W,2012-06-02,CTX,F11_039998_1621_XI_17S021W,2015-02-07,False,5-10m,False,False,False,False,False,False,
ESP_053623_1445,-35.069,235.731,-124.269,12.0,single,n,y,34,2018-01-03,CTX,B21_017677_1448_XN_35S124W,2010-05-04,CTX,J10_048731_1431_XN_36S123W,2016-12-18,False,10-20m,False,False,False,False,False,False,Dundas et al. 2021
ESP_053063_1820,2.176,39.206,39.206,2.08,single,n,y,34,2017-11-21,CTX,B02_010603_1820_XN_02N320W,2008-10-30,CTX,F19_043213_1830_XN_03N321W,2015-10-15,False,2-5m,False,False,False,False,False,False,
ESP_053083_2310,50.611,206.426,-153.574,4.83,cluster,n,y,34,2017-11-22,CTX,F02_036455_2294_XN_49N153W,2014-05-07,CTX,J20_052582_2308_XN_50N153W,2017-10-14,False,2-5m,False,False,False,False,False,False,
ESP_053192_2070,26.903,114.574,114.574,7.14,single,n,y,34,2017-12-01,THEMIS,V31209008,2008-12-27,CTX,J04_046375_2061_XN_26N245W,2016-06-18,False,5-10m,False,False,False,False,False,False,
ESP_053243_2020,21.649,162.997,162.997,2.88,single,n,y,34,2017-12-05,THEMIS,V45496021,2012-03-17,CTX,J17_051397_2008_XN_20N197W,2017-07-14,False,2-5m,False,False,False,False,False,False,
ESP_053272_2025,22.094,90.468,90.468,7.56,single,n,n,34,2017-12-07,CTX,B18_016825_2018_XN_21N269W,2010-02-27,CTX,D03_028218_2013_XN_21N269W,2012-08-03,False,5-10m,False,False,False,False,False,False,
ESP_053338_2030,22.939,88.709,88.709,3.5,cluster,n,y,34,2017-12-12,THEMIS,V45561026,2012-03-22,CTX,J03_045954_2021_XN_22N271W,2016-05-16,True,2-5m,False,True,False,False,False,False,
ESP_053345_1915,11.196,259.143,-100.85700000000003,4.14,single,n,n,34,2017-12-13,CTX,J10_048809_1925_XI_12N100W,2016-12-24,CTX,J13_049864_1925_XN_12N100W,2017-03-16,True,2-5m,False,False,False,False,False,True,
ESP_055548_1705,-9.268,239.069,-120.93100000000001,7.33,single,n,n,34,2018-06-02,CTX,D07_029927_1711_XI_08S120W,2012-12-14,CTX,J16_050946_1712_XI_08S121W,2017-06-09,False,5-10m,False,False,False,False,False,False,
ESP_053363_1880,8.007,128.712,128.712,8.09,single,n,n,34,2017-12-14,THEMIS,V31408009,2009-01-12,CTX,G18_025210_1903_XN_10N231W,2011-12-12,False,5-10m,False,False,False,False,False,False,
ESP_053372_2080,27.85778,239.5792,-120.42080000000001,10.66,cluster,n,y,34,2017-12-15,CTX,D22_035623_2072_XN_27N120W,2014-03-03,CTX,J21_052871_2073_XI_27N120W,2017-11-06,False,10-20m,False,False,False,False,False,False,
ESP_053500_2095,29.245,344.392,-15.608000000000004,2.36,cluster,n,y,34,2017-12-25,CTX,F23_044771_2109_XI_30N015W,2016-02-14,CTX,J20_052788_2109_XI_30N016W,2017-10-30,False,2-5m,False,False,False,False,False,False,
ESP_053552_2060,25.913,6.375,6.375,3.48,single,n,y,34,2017-12-29,CTX,B17_016472_2055_XI_25N353W,2010-01-31,CTX,J03_045957_2064_XI_26N353W,2016-05-16,True,2-5m,True,False,False,False,False,False,
ESP_053598_1770,-2.7504,194.072,-165.928,11.47,cluster,n,y,34,2018-01-01,CTX,P22_009582_1782_XN_01S166W,2008-08-12,CTX,J12_049484_1776_XN_02S166W,2017-02-15,False,10-20m,False,False,False,False,False,False,
ESP_053635_1655,-14.43333,264.1693,-95.83069999999998,6.85,single,n,y,34,2018-01-04,CTX,J08_047807_1663_XI_13S096W,2016-10-07,CTX,J20_052501_1668_XI_13S096W,2017-10-08,False,5-10m,False,False,False,False,False,False,
ESP_053653_1850,4.775,131.433,131.433,3.17,cluster,n,y,34,2018-01-06,THEMIS,V45884016,2012-04-18,CTX,F22_044291_1848_XN_04N228W,2016-01-07,True,2-5m,False,False,True,False,False,False,
ESP_053676_1685,-11.259,225.625,-134.375,4.82,single,n,y,34,2018-01-07,THEMIS,V26864003,2008-01-04,CTX,D22_035927_1650_XN_15S134W,2014-03-26,False,2-5m,False,False,False,False,False,False,
ESP_053703_2015,21.189,203.571,-156.429,3.9,single,n,y,34,2018-01-10,CTX,G05_020091_2002_XN_20N156W,2010-11-09,CTX,J04_046174_1996_XN_19N156W,2016-06-02,False,2-5m,False,False,False,False,False,False,
ESP_053727_1740,-5.959,272.599,-87.40100000000001,1.85,cluster,n,y,34,2018-01-11,CTX,D04_028673_1752_XN_04S087W,2012-09-07,CTX,J15_050747_1741_XN_05S087W,2017-05-24,False,<2m,False,False,False,False,False,False,
ESP_053743_1750,-4.997,194.342,-165.658,5.59,single,n,y,34,2018-01-13,CTX,F04_037194_1736_XN_06S165W,2014-07-03,CTX,J15_050618_1736_XN_06S165W,2017-05-14,False,5-10m,False,False,False,False,False,False,
ESP_053745_1915,11.311,138.279,138.279,15.6,single,n,y,34,2018-01-13,THEMIS,V37397022,2010-05-20,CTX,J09_048352_1914_XN_11N221W,2016-11-19,True,10-20m,False,False,True,False,False,False,
ESP_053774_1685,-11.557,69.771,69.771,5.08,cluster,n,y,34,2018-01-15,CTX,D14_032478_1686_XI_11S290W,2013-07-01,CTX,J17_051361_1686_XI_11S290W,2017-07-11,False,5-10m,False,False,False,False,False,False,
ESP_053912_1940,13.803,258.715,-101.28500000000003,13.79,cluster,n,y,34,2018-01-26,THEMIS,V37293052,2010-05-12,CTX,J13_049864_1925_XN_12N100W,2017-03-16,True,10-20m,False,False,False,False,False,True,
ESP_053995_2165,35.999,149.578,149.578,4.0,single,n,y,34,2018-02-01,CTX,J03_045899_2174_XN_37N210W,2016-05-11,CTX,J21_053072_2167_XI_36N210W,2017-11-21,False,2-5m,False,False,False,False,False,False,Dundas et al. 2021
ESP_054031_2410,60.822,241.135,-118.86500000000001,2.5,cluster,n,y,34,2018-02-04,CTX,F23_044735_2412_XN_61N119W,2016-02-11,CTX,K01_053675_2407_XN_60N118W,2018-01-07,False,2-5m,False,False,False,False,False,False,Dundas et al. 2021
ESP_054066_1920,11.801,14.767,14.767,4.99,cluster,n,y,34,2018-02-07,THEMIS,V27981024,2008-04-05,CTX,J22_053499_1918_XN_11N345W,2017-12-25,False,2-5m,False,False,False,False,False,False,
ESP_054070_1800,-0.2069,266.873,-93.12700000000001,3.12,single,n,y,34,2018-02-07,CTX,J12_049600_1803_XI_00N093W,2017-02-24,CTX,J22_053503_1804_XN_00N093W,2017-12-25,False,2-5m,False,False,False,False,False,False,
ESP_054112_1820,1.738,199.736,-160.264,5.05,single,n,n,34,2018-02-10,HRSC,H1963_0000_ND3,2005-07-26,CTX,P12_005666_1802_XI_00N160W,2007-10-11,False,5-10m,False,False,False,False,False,False,
ESP_054125_2215,41.296,199.631,-160.369,4.54,cluster,n,y,34,2018-02-11,THEMIS,V46868004,2012-07-08,CTX,J22_053558_2214_XN_41N160W,2017-12-29,False,2-5m,False,False,False,False,False,False,Dundas et al. 2021
ESP_054143_1630,-16.672,76.235,76.235,3.1,single,n,y,34,2018-02-13,CTX,F02_036460_1630_XN_17S283W,2014-05-07,CTX,J22_053220_1630_XI_17S283W,2017-12-03,False,2-5m,False,False,False,False,False,False,
ESP_047030_1955,15.573,234.091,-125.90899999999999,7.99,cluster,n,y,33,2016-08-08,CTX,P16_007215_1929_XN_12N334W,2008-02-09,CTX,D21_035565_1915_XN_11N334W,2014-02-26,False,5-10m,False,False,False,False,False,False,
ESP_032391_2080,27.613,279.526,-80.47399999999999,14.27,cluster,n,y,31,2013-06-24,THEMIS,V02749003,2002-07-28,CTX,P05_003118_2078_XI_27N080W,2007-03-27,False,10-20m,False,False,False,False,False,False,
ESP_057429_1810,1.212,16.916,16.916,2.58,cluster,n,y,34,2018-10-27,CTX,G04_019821_1800_XN_00S342W,2010-10-18,CTX,F04_037451_1828_XI_02N343W,2014-07-23,False,2-5m,False,False,False,False,False,False,
ESP_057034_2020,21.554,355.138,-4.862000000000023,6.06,cluster,n,y,34,2018-09-26,HRSC,H5296_0000_ND3,2008-02-15,CTX,J05_046775_2022_XN_22N004W,2016-07-19,False,5-10m,False,False,False,False,False,False,
ESP_055133_2160,35.591,42.506,42.506,17.5,single,n,y,34,2018-05-01,THEMIS,V45313013,2012-03-02,CTX,K01_053722_2163_XI_36N317W,2018-01-11,False,10-20m,False,False,False,False,False,False,Dundas et al. 2021
ESP_055134_1865,6.394,17.776,17.776,5.18,cluster,n,y,34,2018-05-01,CTX,D04_028590_1846_XI_04N342W,2012-09-01,CTX,F18_042805_1888_XN_08N342W,2015-09-13,False,5-10m,False,False,False,False,False,False,
ESP_055286_2235,43.274,183.053,-176.947,3.16,cluster,n,y,34,2018-05-13,CTX,B18_016505_2223_XN_42N176W,2010-02-02,CTX,K03_054719_2222_XN_42N177W,2018-03-30,True,2-5m,False,False,False,True,False,False,
ESP_055287_2010,20.995,160.619,160.619,4.38,cluster,n,y,34,2018-05-13,CTX,G05_020053_2018_XN_21N199W,2010-11-06,CTX,K03_054654_1989_XN_18N199W,2018-03-25,False,2-5m,False,False,False,False,False,False,
ESP_055345_1875,7.563,17.712,17.712,5.66,single,n,y,34,2018-05-18,CTX,G04_019755_1874_XN_07N342W,2010-10-13,CTX,F18_042805_1888_XN_08N342W,2015-09-13,False,5-10m,False,False,False,False,False,False,
ESP_055376_2095,29.258,249.908,-110.09200000000001,7.95,cluster,n,y,34,2018-05-20,CTX,P11_005308_2081_XN_28N110W,2007-09-14,CTX,K01_053965_2083_XN_28N110W,2018-01-30,True,5-10m,False,False,False,False,False,True,
ESP_055383_2135,33.202,58.064,58.064,4.16,cluster,n,y,34,2018-05-20,CTX,J20_052482_2125_XI_32N301W,2017-10-06,CTX,K03_054539_2153_XN_35N302W,2018-03-16,False,2-5m,False,False,False,False,False,False,
ESP_055417_1935,13.496,212.413,-147.587,5.52,cluster,n,y,34,2018-05-23,CTX,J06_047189_1937_XN_13N147W,2016-08-20,CTX,K04_054784_1909_XN_10N147W,2018-04-04,False,5-10m,False,False,False,False,False,False,
ESP_055420_1745,-5.367,132.138,132.138,23.96,cluster,n,y,34,2018-05-23,CTX,P07_003651_1763_XN_03S228W,2007-05-07,CTX,D13_032357_1743_XN_05S227W,2013-06-21,True,20-50m,False,False,True,False,False,False,
ESP_055581_1985,18.49,52.322,52.322,8.19,cluster,n,y,34,2018-06-05,THEMIS,V46486019,2012-06-06,CTX,K05_055225_1981_XN_18N307W,2018-05-08,False,5-10m,False,False,False,False,False,False,
ESP_055470_2205,39.988,200.753,-159.247,5.0,single,n,n,34,2018-05-27,CTX,B19_016900_2195_XN_39N159W,2010-03-05,CTX,J20_052780_2195_XI_39N159W,2017-10-30,False,2-5m,False,False,False,False,False,False,Dundas et al. 2021
ESP_055502_2185,38.045,48.279,48.279,7.5,single,n,y,34,2018-05-30,CTX,F05_037753_2179_XN_37N311W,2014-08-16,CTX,K04_054869_2177_XN_37N311W,2018-04-10,False,5-10m,False,False,False,False,False,False,Dundas et al. 2021
ESP_055507_2070,26.666,273.145,-86.85500000000002,5.32,cluster,n,y,34,2018-05-30,THEMIS,V17115014,2005-10-23,CTX,G16_024308_2063_XN_26N086W,2011-10-03,False,5-10m,False,False,False,False,False,False,
ESP_055535_2155,35.157,228.743,-131.257,8.25,single,n,y,34,2018-06-01,CTX,J03_045962_2151_XN_35N131W,2016-05-16,CTX,K02_054124_2151_XI_35N131W,2018-02-11,False,5-10m,False,False,False,False,False,False,Dundas et al. 2021
ESP_055587_1830,2.722,252.442,-107.55799999999999,5.64,cluster,n,y,34,2018-06-05,HRSC,H7248_0001_ND3,2009-08-27,CTX,G14_023755_1822_XN_02N107W,2011-08-21,True,5-10m,False,False,False,False,False,True,
ESP_055641_1700,-10.122,220.782,-139.218,19.08,single,n,n,34,2018-06-10,CTX,P13_005929_1722_XN_07S139W,2007-11-01,CTX,K03_054586_1696_XN_10S139W,2018-03-19,False,10-20m,False,False,False,False,False,False,
ESP_057173_2050,24.8102,161.254,161.254,2.17,cluster,n,y,34,2018-10-07,CTX,J09_048417_2047_XN_24N198W,2016-11-24,CTX,K02_054021_2046_XN_24N198W,2018-02-03,False,2-5m,False,False,False,False,False,False,
ESP_056900_1935,13.309,54.461,54.461,15.66,single,n,n,34,2018-09-16,CTX,D19_034720_1905_XI_10N305W,2013-12-22,CTX,J21_052957_1931_XI_13N305W,2017-11-12,False,10-20m,False,False,False,False,False,False,
ESP_057218_1935,13.124,14.454,14.454,3.6,cluster,n,y,34,2018-10-10,CTX,J22_053499_1918_XN_11N345W,2017-12-25,CTX,K05_055200_1918_XN_11N345W,2018-05-06,False,2-5m,False,False,False,False,False,False,
ESP_056722_2000,19.704,231.986,-128.014,5.17,cluster,n,y,34,2018-09-02,THEMIS,V39303012,2010-10-24,CTX,K04_054836_2014_XN_21N128W,2018-04-08,False,5-10m,False,False,False,False,False,False,
ESP_056708_1890,8.805,254.482,-105.518,6.24,single,n,n,34,2018-09-01,THEMIS,V45318021,2012-03-02,CTX,J15_050497_1892_XI_09N105W,2017-05-05,True,5-10m,False,False,False,False,False,True,
ESP_056602_2080,27.918,267.035,-92.96499999999997,6.13,cluster,n,y,34,2018-08-23,CTX,P11_005281_2070_XN_27N092W,2007-09-11,CTX,K03_054505_2077_XN_27N092W,2018-03-13,False,5-10m,False,False,False,False,False,False,
ESP_056089_2005,20.498,228.129,-131.871,14.42,single,n,n,34,2018-07-14,CTX,J03_045883_1996_XN_19N131W,2016-05-10,CTX,K05_055390_2007_XN_20N132W,2018-05-21,False,10-20m,False,False,False,False,False,False,
ESP_056155_1980,17.762,226.942,-133.058,9.12,single,n,y,34,2018-07-20,CTX,J10_048797_1974_XN_17N133W,2016-12-23,CTX,K04_055034_1985_XN_18N133W,2018-04-23,False,5-10m,False,False,False,False,False,False,
ESP_057381_1815,1.634,247.225,-112.775,4.93,cluster,n,n,34,2018-10-23,CTX,J15_050471_1812_XI_01N112W,2017-05-03,CTX,K05_055152_1817_XI_01N112W,2018-05-02,True,2-5m,False,False,False,False,False,True,
ESP_059279_1635,-16.419,274.739,-85.26100000000002,17.29,cluster,n,y,34,2019-03-20,CTX,J07_047622_1640_XI_16S085W,2016-09-23,CTX,K14_058712_1643_XN_15S085W,2019-02-04,False,10-20m,False,False,False,False,False,False,
ESP_060255_1790,-0.8188,267.151,-92.84899999999999,4.68,single,n,n,35,2019-06-04,THEMIS,V26925001,2008-01-09,CTX,B16_016067_1781_XN_01S092W,2009-12-30,False,2-5m,False,False,False,False,False,False,
ESP_060268_1750,-4.956,272.586,-87.41399999999999,1.39,single,n,y,35,2019-06-05,CTX,J09_048123_1751_XI_04S087W,2016-11-01,CTX,J20_052593_1751_XI_04S087W,2017-10-15,False,<2m,False,False,False,False,False,False,
ESP_060361_2000,19.726,251.259,-108.74100000000001,13.3,single,n,n,35,2019-06-12,THEMIS,V54021017,2014-02-16,CTX,K13_058594_1988_XN_18N108W,2019-01-26,True,10-20m,False,False,False,False,False,True,
ESP_056774_1900,10.091,253.434,-106.566,8.98,single,n,n,34,2018-09-06,CTX,P10_004886_1916_XN_11N106W,2007-08-12,CTX,K04_054888_1914_XN_11N106W,2018-04-12,True,5-10m,False,False,False,False,False,True,
ESP_056906_2160,35.741,247.085,-112.91499999999999,4.13,cluster,n,n,34,2018-09-16,CTX,G20_025944_2156_XN_35N113W,2012-02-08,CTX,K04_054809_2185_XN_38N113W,2018-04-06,True,2-5m,False,False,False,False,False,True,
ESP_056920_1950,14.699,227.369,-132.631,19.46,single,n,n,34,2018-09-17,CTX,B21_017888_1944_XN_14N132W,2010-05-21,CTX,J20_052410_1944_XN_14N132W,2017-10-01,False,10-20m,False,False,False,False,False,False,
ESP_056931_2180,37.885,284.672,-75.32799999999997,8.05,cluster,n,y,34,2018-09-18,THEMIS,V45392012,2012-03-08,CTX,K04_055124_2177_XI_37N075W,2018-04-30,False,5-10m,False,False,False,False,False,False,Dundas et al. 2021
ESP_056958_2075,27.071,268.643,-91.35700000000003,6.17,cluster,n,y,34,2018-09-20,CTX,P19_008498_2070_XI_27N091W,2008-05-19,CTX,J22_053582_2069_XI_26N091W,2017-12-31,False,5-10m,False,False,False,False,False,False,
ESP_056988_1720,-7.884,174.407,174.407,4.26,cluster,n,y,34,2018-09-23,CTX,P18_007882_1703_XN_09S185W,2008-04-01,CTX,D02_027859_1708_XI_09S185W,2012-07-06,False,2-5m,False,False,False,False,False,False,
ESP_057090_2055,25.3304,266.559,-93.44099999999997,4.91,single,n,y,34,2018-09-30,CTX,B19_016924_2070_XN_27N093W,2010-03-07,CTX,J12_049468_2066_XN_26N093W,2017-02-14,False,2-5m,False,False,False,False,False,False,
ESP_057118_1615,-18.214,227.594,-132.406,5.22,cluster,n,y,34,2018-10-03,CTX,J03_045870_1633_XN_16S132W,2016-05-09,CTX,J07_047716_1630_XN_17S132W,2016-09-30,False,5-10m,False,False,False,False,False,False,
ESP_057152_0985,-81.491,41.349,41.349,15.25,cluster,n,y,34,2018-10-05,CTX,K07_056176_0977_XN_82S317W,2018-07-21,CTX,K09_056875_0978_XN_82S316W,2018-09-14,False,10-20m,False,False,False,False,False,False,Dundas et al. 2021
ESP_057183_1745,-5.345,251.607,-108.393,5.85,single,n,n,34,2018-10-08,CTX,B03_010648_1726_XN_07S108W,2008-11-03,CTX,J03_045790_1726_XI_07S108W,2016-05-03,True,5-10m,False,False,False,False,False,True,
ESP_057209_1685,-11.501,263.0504,-96.94959999999998,5.58,single,n,y,34,2018-10-10,CTX,F23_044695_1685_XN_11S097W,2016-02-08,CTX,J10_048598_1660_XI_14S096W,2016-12-08,False,5-10m,False,False,False,False,False,False,
ESP_057235_1700,-9.951,272.642,-87.358,7.23,cluster,n,y,34,2018-10-12,CTX,D22_035767_1675_XN_12S087W,2014-03-14,CTX,J22_053371_1675_XI_12S087W,2017-12-15,False,5-10m,False,False,False,False,False,False,
ESP_057262_1950,14.958,253.659,-106.34100000000001,8.68,single,n,y,34,2018-10-14,THEMIS,V53434008,2013-12-30,CTX,K05_055455_1938_XI_13N106W,2018-05-26,True,5-10m,False,False,False,False,False,True,
ESP_057291_1640,-15.844,185.712,-174.288,5.47,single,n,y,34,2018-10-16,CTX,D05_029085_1636_XN_16S174W,2012-10-09,CTX,K06_055550_1650_XN_15S174W,2018-06-02,True,5-10m,False,False,False,True,False,False,
ESP_057301_2085,28.401,266.464,-93.536,2.99,cluster,n,y,34,2018-10-17,CTX,J16_050958_2068_XI_26N093W,2017-06-10,CTX,J21_052870_2088_XI_28N093W,2017-11-06,False,2-5m,False,False,False,False,False,False,
ESP_057302_2065,26.38,240.03,-119.97,6.87,single,n,y,34,2018-10-17,CTX,D22_035623_2072_XN_27N120W,2014-03-03,CTX,J21_052805_2075_XI_27N120W,2017-11-01,False,5-10m,False,False,False,False,False,False,
ESP_057328_1740,-5.733,254.535,-105.465,7.66,cluster,n,y,34,2018-10-19,CTX,B09_013206_1741_XI_05S105W,2009-05-21,CTX,J04_046370_1746_XN_05S105W,2016-06-17,True,5-10m,False,False,False,False,False,True,
ESP_057341_1755,-4.323,259.003,-100.99700000000001,12.18,cluster,n,y,34,2018-10-20,CTX,B21_017676_1779_XN_02S101W,2010-05-04,CTX,K01_053767_1732_XI_06S100W,2018-01-15,True,10-20m,False,False,False,False,False,True,
ESP_057354_2005,20.235,261.332,-98.668,1.58,single,n,y,34,2018-10-21,THEMIS,V45555028,2012-03-22,CTX,J04_046251_1988_XN_18N098W,2016-06-08,False,<2m,False,False,False,False,False,False,
ESP_057660_2180,37.617,188.378,-171.622,7.0,single,n,y,34,2018-11-14,HRSC,H7420_0000_ND3,2009-10-15,CTX,K05_055154_2175_XN_37N171W,2018-05-03,True,5-10m,False,False,False,True,False,False,Dundas et al. 2021
ESP_057671_2055,25.275,248.505,-111.495,4.96,single,n,y,34,2018-11-15,CTX,J02_045724_2034_XN_23N110W,2016-04-28,CTX,J19_052396_2060_XN_26N111W,2017-09-30,True,2-5m,False,False,False,False,False,True,
ESP_057687_1930,12.691,174.205,174.205,2.98,cluster,n,y,34,2018-11-16,CTX,P07_003623_1903_XN_10N185W,2007-05-05,CTX,F21_043986_1916_XN_11N185W,2015-12-14,False,2-5m,False,False,False,False,False,False,
ESP_057842_1785,-1.454,266.204,-93.79599999999999,5.14,cluster,n,y,34,2018-11-28,CTX,B03_010687_1779_XI_02S093W,2008-11-06,CTX,J09_048466_1806_XI_00N094W,2016-11-27,False,5-10m,False,False,False,False,False,False,
ESP_057957_1655,-14.292,9.166,9.166,9.56,cluster,n,n,34,2018-12-07,CTX,G09_021852_1654_XN_14S350W,2011-03-26,CTX,K04_054963_1657_XN_14S350W,2018-04-18,True,5-10m,True,False,False,False,False,False,
ESP_059441_2185,38.024,164.014,164.014,4.74,cluster,n,y,35,2019-04-02,CTX,J22_053322_2189_XI_38N196W,2017-12-11,CTX,K05_055445_2190_XI_39N196W,2018-05-25,False,2-5m,False,False,False,False,False,False,
ESP_057927_1620,-17.935,108.34,108.34,8.1,cluster,n,y,34,2018-12-05,CTX,G23_027057_1655_XN_14S252W,2012-05-04,CTX,K05_055355_1594_XN_20S251W,2018-05-18,False,5-10m,False,False,False,False,False,False,
ESP_059414_1280,-51.884,194.991,-165.009,4.75,single,n,y,35,2019-03-31,CTX,J02_045489_1273_XN_52S164W,2016-04-09,CTX,K15_059203_1268_XI_53S165W,2019-03-14,False,2-5m,False,False,False,False,False,False,Dundas et al. 2021
ESP_058014_1755,-4.536,252.45,-107.55000000000001,11.65,cluster,n,y,34,2018-12-11,CTX,G01_018652_1759_XI_04S107W,2010-07-19,CTX,J18_051829_1756_XN_04S107W,2017-08-17,True,10-20m,False,False,False,False,False,True,
ESP_058045_1610,-18.994,128.179,128.179,1.06,cluster,n,y,34,2018-12-14,THEMIS,V31596004,2009-01-27,CTX,J15_050726_1599_XN_20S231W,2017-05-23,False,<2m,False,False,False,False,False,False,
ESP_058061_1540,-25.689,51.034,51.034,11.65,single,n,n,34,2018-12-15,CTX,B17_016286_1529_XN_27S308W,2010-01-16,CTX,K05_055278_1558_XI_24S309W,2018-05-12,False,10-20m,False,False,False,False,False,False,
ESP_058127_2075,27.079,43.257,43.257,4.69,cluster,n,y,34,2018-12-20,THEMIS,V46374014,2012-05-28,CTX,J16_050953_2061_XI_26N316W,2017-06-09,False,2-5m,False,False,False,False,False,False,
ESP_058149_1670,-12.907,167.422,167.422,10.24,cluster,n,y,34,2018-12-22,THEMIS,V53288003,2013-12-18,CTX,K05_055155_1671_XN_12S192W,2018-05-03,False,10-20m,False,False,False,False,False,False,
ESP_058176_1970,16.849,145.633,145.633,3.06,single,n,y,34,2018-12-24,THEMIS,V27677026,2008-03-11,CTX,F23_044686_1968_XN_16N214W,2016-02-07,False,2-5m,False,False,False,False,False,False,
ESP_058205_2165,36.264,71.381,71.381,5.0,single,n,n,34,2018-12-26,CTX,B17_016430_2143_XN_34N288W,2010-01-27,CTX,J02_045414_2166_XN_36N288W,2016-04-04,False,2-5m,False,False,False,False,False,False,Dundas et al. 2021
ESP_058220_1945,14.385,24.622,24.622,34.33,cluster,n,y,34,2018-12-27,CTX,P19_008507_1964_XN_16N335W,2008-05-20,CTX,K11_057798_1955_XN_15N335W,2018-11-25,False,20-50m,False,False,False,False,False,False,
ESP_058226_1780,-2.148,223.342,-136.658,9.57,single,n,y,34,2018-12-28,CTX,D01_027633_1778_XN_02S136W,2012-06-18,CTX,K03_054454_1778_XN_02S136W,2018-03-09,False,5-10m,False,False,False,False,False,False,
ESP_058227_2050,24.949,193.127,-166.873,15.47,single,n,n,34,2018-12-28,CTX,P03_002330_2060_XN_26N167W,2007-01-25,CTX,F23_044671_2051_XN_25N166W,2016-02-06,False,10-20m,False,False,False,False,False,False,
ESP_058735_1125,-67.144,15.351,15.351,2.0,single,y,y,34,2019-02-06,CTX,F05_037768_1110_XN_69S344W,2014-08-17,CTX,K11_057812_1119_XN_68S344W,2018-11-26,False,<2m,False,False,False,False,False,False,Dundas et al. 2021
ESP_058453_1115,-68.308,156.611,156.611,3.5,single,y,y,34,2019-01-15,CTX,K08_056567_1107_XN_69S202W,2018-08-21,CTX,K12_057886_1122_XN_67S203W,2018-12-01,False,2-5m,False,False,False,False,False,False,Dundas et al. 2021
ESP_058514_2140,33.816,274.173,-85.827,11.08,cluster,n,n,34,2019-01-19,CTX,P17_007509_2130_XN_33N085W,2008-03-03,CTX,K05_055230_2123_XN_32N085W,2018-05-09,False,10-20m,False,False,False,False,False,False,
ESP_058562_1800,-0.0303,47.927,47.927,2.81,cluster,n,y,34,2019-01-23,CTX,F02_036606_1789_XN_01S312W,2014-05-18,CTX,K05_055489_1766_XI_03S311W,2018-05-29,False,2-5m,False,False,False,False,False,False,
ESP_058569_1695,-10.322,219.1104,-140.8896,6.26,cluster,n,y,34,2019-01-24,CTX,P06_003305_1713_XN_08S141W,2007-04-10,CTX,J07_047558_1671_XI_12S140W,2016-09-18,False,5-10m,False,False,False,False,False,False,
ESP_058595_1645,-15.115,228.482,-131.518,6.14,cluster,n,y,34,2019-01-26,THEMIS,V63601005,2016-04-15,CTX,K12_057883_1618_XN_18S131W,2018-12-01,False,5-10m,False,False,False,False,False,False,
ESP_058608_1720,-7.961,232.645,-127.35499999999999,6.71,cluster,n,y,34,2019-01-27,THEMIS,V45457003,2012-03-14,CTX,K12_057896_1705_XN_09S127W,2018-12-02,False,5-10m,False,False,False,False,False,False,
ESP_058620_1990,18.922,261.463,-98.53699999999998,5.4,cluster,n,y,34,2019-01-28,THEMIS,V41361004,2011-04-12,CTX,J04_046251_1988_XN_18N098W,2016-06-08,False,5-10m,False,False,False,False,False,False,
ESP_058634_1975,17.515,240.522,-119.47800000000001,6.15,cluster,n,y,34,2019-01-29,THEMIS,V53884017,2014-02-05,CTX,K05_055139_1995_XN_19N119W,2018-05-01,False,5-10m,False,False,False,False,False,False,
ESP_058649_1895,9.264,192.371,-167.629,2.95,cluster,n,y,34,2019-01-30,THEMIS,V39791006,2010-12-03,CTX,K06_055576_1894_XN_09N167W,2018-06-05,False,2-5m,False,False,False,False,False,False,
ESP_058699_1805,0.5056,267.008,-92.99200000000002,4.42,cluster,n,y,34,2019-02-03,CTX,B19_017201_1807_XN_00N093W,2010-03-28,CTX,J12_049600_1803_XI_00N093W,2017-02-24,False,2-5m,False,False,False,False,False,False,
ESP_058805_1755,-4.645,254.564,-105.436,5.18,cluster,n,y,34,2019-02-11,CTX,F06_038049_1754_XN_04S105W,2014-09-08,CTX,J04_046370_1746_XN_05S105W,2016-06-17,True,5-10m,False,False,False,False,False,True,
ESP_058809_1080,-71.736,156.634,156.634,4.0,single,y,y,34,2019-02-11,CTX,K08_056633_1068_XN_73S202W,2018-08-26,CTX,K13_058308_1087_XN_71S203W,2019-01-03,False,2-5m,False,False,False,False,False,False,Dundas et al. 2021
ESP_058871_1780,-1.994,251.864,-108.136,5.45,cluster,n,n,34,2019-02-16,CTX,B01_009870_1778_XI_02S108W,2008-09-03,CTX,J19_052396_1774_XN_02S108W,2017-09-30,True,5-10m,False,False,False,False,False,True,
ESP_060954_1760,-4.088,265.506,-94.49400000000003,4.0,single,n,y,35,2019-07-29,THEMIS,V31267001,2008-12-31,CTX,F18_042941_1742_XI_05S094W,2015-09-24,False,2-5m,False,False,False,False,False,False,
ESP_060955_1880,8.017,237.299,-122.701,8.38,single,n,y,35,2019-07-29,THEMIS,V37718016,2010-06-16,CTX,J05_046753_1881_XN_08N122W,2016-07-17,False,5-10m,False,False,False,False,False,False,
ESP_058897_2035,23.178,259.009,-100.99099999999999,7.18,cluster,n,y,34,2019-02-18,HRSC,H5243_0000_ND3,2008-01-31,CTX,D19_034607_2027_XN_22N100W,2013-12-14,True,5-10m,False,False,False,False,False,True,
ESP_058912_1710,-8.913,212.652,-147.348,3.63,single,n,y,34,2019-02-19,THEMIS,V47480002,2012-08-27,CTX,J07_047466_1724_XN_07S147W,2016-09-11,False,2-5m,False,False,False,False,False,False,
ESP_058951_1685,-11.494,228.325,-131.675,4.78,single,n,y,34,2019-02-22,CTX,B01_010161_1692_XI_10S131W,2008-09-26,CTX,K05_055522_1692_XN_10S131W,2018-05-31,False,2-5m,False,False,False,False,False,False,
ESP_058963_2065,26.439,256.591,-103.40899999999999,8.08,cluster,n,y,34,2019-02-23,CTX,P19_008538_2050_XN_25N103W,2008-05-22,CTX,B18_016687_2052_XN_25N103W,2010-02-16,True,5-10m,False,False,False,False,False,True,
ESP_058964_1700,-9.993,234.266,-125.73400000000001,8.97,cluster,n,y,34,2019-02-23,CTX,G04_019945_1698_XN_10S125W,2010-10-28,CTX,K06_055746_1683_XN_11S125W,2018-06-18,False,5-10m,False,False,False,False,False,False,
ESP_058977_2025,21.211,234.027,-125.97300000000001,3.36,cluster,n,y,34,2019-02-24,THEMIS,V14558020,2005-03-27,CTX,K03_054559_2026_XN_22N126W,2018-03-17,False,2-5m,False,False,False,False,False,False,
ESP_058989_2050,24.691,265.975,-94.02499999999998,4.47,single,n,y,34,2019-02-25,CTX,P12_005703_2072_XN_27N094W,2007-10-14,CTX,F03_037033_2063_XI_26N094W,2014-06-21,False,2-5m,False,False,False,False,False,False,
ESP_058991_1670,-12.681,217.286,-142.714,11.56,single,n,y,34,2019-02-26,CTX,P18_007920_1672_XN_12S142W,2008-04-04,CTX,K04_054929_1698_XN_10S143W,2018-04-15,False,10-20m,False,False,False,False,False,False,
ESP_059004_1780,-2.19001,220.9501,-139.0499,3.04,single,n,y,34,2019-02-27,CTX,B07_012271_1772_XI_02S139W,2009-03-09,CTX,K05_055153_1773_XN_02S139W,2018-05-03,False,2-5m,False,False,False,False,False,False,
ESP_059030_2150,34.899,226.788,-133.212,6.3,cluster,n,y,34,2019-03-01,CTX,P12_005889_2144_XI_34N133W,2007-10-29,CTX,K04_054757_2167_XN_36N133W,2018-04-02,False,5-10m,False,False,False,False,False,False,
ESP_059043_1980,17.716,233.726,-126.274,3.64,single,n,y,34,2019-03-02,THEMIS,V31130016,2008-12-20,CTX,F10_039817_1981_XI_18N126W,2015-01-24,False,2-5m,False,False,False,False,False,False,
ESP_059254_1805,0.4758,234.359,-125.64099999999999,6.11,single,n,y,34,2019-03-18,CTX,D16_033474_1789_XN_01S125W,2013-09-16,CTX,J05_046819_1824_XI_02N125W,2016-07-22,False,5-10m,False,False,False,False,False,False,
ESP_059283_1180,-61.589,171.575,171.575,3.0,single,possible,y,34,2019-03-20,HRSC,H2293_0000_ND3,2005-10-26,CTX,K13_058426_1175_XN_62S188W,2019-01-13,False,2-5m,False,False,False,False,False,False,Dundas et al. 2021
ESP_059291_2070,26.725,301.538,-58.46199999999999,8.04,single,n,y,34,2019-03-21,CTX,D02_027841_2072_XN_27N058W,2012-07-04,CTX,K05_055506_2079_XN_27N058W,2018-05-30,True,5-10m,False,False,False,False,True,False,
ESP_059292_2030,22.527,273.854,-86.14600000000002,6.78,cluster,n,y,34,2019-03-21,CTX,P13_006006_2027_XN_22N085W,2007-11-07,CTX,B20_017438_2005_XN_20N086W,2010-04-16,False,5-10m,False,False,False,False,False,False,
ESP_059293_2125,32.03,245.55,-114.44999999999999,7.01,cluster,n,y,34,2019-03-21,CTX,J15_050550_2117_XI_31N114W,2017-05-09,CTX,K10_057249_2141_XN_34N114W,2018-10-13,True,5-10m,False,False,False,False,False,True,
ESP_059294_1720,-7.87,224.162,-135.838,8.27,cluster,n,y,34,2019-03-21,CTX,B17_016451_1725_XN_07S135W,2010-01-29,CTX,K14_058727_1723_XN_07S135W,2019-02-05,False,5-10m,False,False,False,False,False,False,
ESP_059332_1705,-9.409,265.845,-94.15499999999997,4.95,cluster,n,n,35,2019-03-24,CTX,F23_044774_1728_XI_07S094W,2016-02-14,CTX,J03_045974_1730_XN_07S094W,2016-05-17,False,2-5m,False,False,False,False,False,False,
ESP_059372_2105,30.171,248.95,-111.05000000000001,6.02,cluster,n,y,35,2019-03-27,CTX,K05_055165_2121_XN_32N111W,2018-05-03,CTX,K10_057117_2091_XI_29N110W,2018-10-03,True,5-10m,False,False,False,False,False,True,
ESP_059387_1605,-19.111,205.564,-154.436,11.84,cluster,n,y,35,2019-03-28,CTX,K06_055602_1607_XN_19S154W,2018-06-07,CTX,K14_058820_1600_XN_20S154W,2019-02-12,False,10-20m,False,False,False,False,False,False,
ESP_059399_1940,13.977,233.865,-126.13499999999999,4.96,single,n,y,35,2019-03-29,CTX,J08_047742_1966_XN_16N126W,2016-10-02,CTX,K05_055403_1966_XN_16N126W,2018-05-22,False,2-5m,False,False,False,False,False,False,
ESP_059400_1735,-6.654,209.379,-150.621,6.24,cluster,n,y,35,2019-03-29,THEMIS,V26328002,2007-11-21,CTX,K04_054982_1722_XN_07S150W,2018-04-19,False,5-10m,False,False,False,False,False,False,
ESP_059413_1740,-6.091,214.485,-145.515,8.08,cluster,n,y,35,2019-03-30,HRSC,H0895_0000_ND3,2004-09-30,CTX,P22_009634_1746_XI_05S145W,2008-08-16,False,5-10m,False,False,False,False,False,False,
ESP_059451_1950,14.66,254.108,-105.892,14.06,cluster,n,y,35,2019-04-02,CTX,B09_013140_1952_XN_15N105W,2009-05-16,CTX,K05_055455_1938_XI_13N106W,2018-05-26,True,10-20m,False,False,False,False,False,True,
ESP_059453_1335,-46.2097,208.6446,-151.3554,5.64,cluster,y,y,35,2019-04-03,CTX,K12_058174_1341_XI_45S151W,2018-12-24,CTX,K15_059242_1334_XN_46S151W,2019-03-17,False,5-10m,False,False,False,False,False,False,
ESP_059491_1990,18.7017,242.5864,-117.4136,3.83,cluster,n,y,35,2019-04-06,THEMIS,V69749003,2017-09-04,CTX,K05_055495_1991_XN_19N117W,2018-05-29,False,2-5m,False,False,False,False,False,False,
ESP_059523_2020,21.5936,88.2547,88.2547,23.25,cluster,n,y,35,2019-04-08,CTX,B17_016113_2013_XN_21N271W,2010-01-03,CTX,K04_055105_2013_XN_21N271W,2018-04-29,True,20-50m,False,True,False,False,False,False,
ESP_059632_1975,17.5551,352.8298,-7.1702000000000226,7.14,cluster,n,y,35,2019-04-17,THEMIS,V27570042,2008-03-02,CTX,J04_046485_1975_XN_17N007W,2016-06-26,False,5-10m,False,False,False,False,False,False,
ESP_059642_1340,-45.4331,88.015,88.015,2.5,single,n,y,35,2019-04-17,CTX,J19_052244_1337_XN_46S271W,2017-09-18,CTX,K15_059075_1336_XN_46S271W,2019-03-04,True,2-5m,False,True,False,False,False,False,Dundas et al. 2021
ESP_059668_1300,-49.8757,99.9564,99.9564,1.97,cluster,n,y,35,2019-04-19,CTX,G13_023418_1293_XI_50S259W,2011-07-26,CTX,K15_059246_1305_XN_49S259W,2019-03-17,False,<2m,False,False,False,False,False,False,
ESP_059701_1955,15.2702,269.1441,-90.85590000000002,4.51,cluster,n,y,35,2019-04-22,CTX,P12_005637_1965_XN_16N090W,2007-10-09,CTX,K13_058422_1964_XN_16N091W,2019-01-12,False,2-5m,False,False,False,False,False,False,
ESP_059705_1980,17.6332,159.783,159.783,9.77,cluster,n,y,35,2019-04-22,CTX,B21_017785_1997_XN_19N200W,2010-05-13,CTX,J09_048338_1982_XN_18N200W,2016-11-18,False,5-10m,False,False,False,False,False,False,
ESP_059728_1740,-5.8284,254.8211,-105.1789,7.0,cluster,n,y,35,2019-04-24,CTX,K12_058238_1746_XI_05S105W,2018-12-29,CTX,K14_059016_1745_XN_05S105W,2019-02-28,True,5-10m,False,False,False,False,False,True,
ESP_059741_1750,-4.8767,259.5914,-100.40859999999998,4.39,single,n,y,35,2019-04-25,CTX,G19_025469_1725_XN_07S100W,2012-01-02,CTX,J03_046027_1754_XN_04S100W,2016-05-21,True,2-5m,False,False,False,False,False,True,
ESP_059769_1710,-8.713,216.394,-143.606,4.78,single,n,y,35,2019-04-27,CTX,P11_005494_1698_XN_10S143W,2007-09-28,CTX,K05_055140_1698_XN_10S143W,2018-05-02,False,2-5m,False,False,False,False,False,False,
ESP_059960_1825,2.435,40.754,40.754,3.32,single,n,y,35,2019-05-12,CTX,D17_033969_1837_XN_03N319W,2013-10-25,CTX,J20_052496_1837_XI_03N319W,2017-10-08,False,2-5m,False,False,False,False,False,False,
ESP_059973_1985,18.363,44.069,44.069,1.47,single,n,y,35,2019-05-13,CTX,G04_019965_2002_XI_20N316W,2010-10-30,CTX,K05_055344_2002_XI_20N316W,2018-05-17,False,<2m,False,False,False,False,False,False,
ESP_059994_2055,25.07888879373,188.59863464496,-171.40136535504,6.87,cluster,n,y,35,2019-05-15,CTX,J06_047058_2039_XN_23N171W,2016-08-10,CTX,K04_054798_2039_XN_23N171W,2018-04-05,True,5-10m,False,False,False,True,False,False,
ESP_059998_2115,31.128,79.945,79.945,8.59,cluster,n,y,35,2019-05-15,HRSC,H9589_0000_ND3,2011-07-07,CTX,K16_059576_2116_XN_31N280W,2019-04-12,False,5-10m,False,False,False,False,False,False,
ESP_060047_1915,11.383,184.741,-175.259,7.84,cluster,n,y,35,2019-05-19,THEMIS,V45645016,2012-03-29,CTX,J16_051172_1913_XI_11N175W,2017-06-26,True,5-10m,False,False,False,True,False,False,
ESP_060058_1940,13.642,243.949,-116.05099999999999,5.04,cluster,n,y,35,2019-05-20,CTX,J15_050537_1929_XI_12N115W,2017-05-08,CTX,K05_055429_1956_XN_15N116W,2018-05-24,False,5-10m,False,False,False,False,False,False,
ESP_060071_1725,-7.353,251.529,-108.471,5.85,single,n,y,35,2019-05-21,CTX,J09_048137_1710_XN_09S108W,2016-11-02,CTX,K05_055442_1737_XN_06S108W,2018-05-25,True,5-10m,False,False,False,False,False,True,
ESP_060091_1630,-16.969,66.489,66.489,3.69,cluster,n,y,35,2019-05-22,CTX,B19_016892_1605_XN_19S293W,2010-03-04,CTX,J05_046733_1643_XN_15S293W,2016-07-15,False,2-5m,False,False,False,False,False,False,
ESP_060110_1800,0.016,266.106,-93.894,3.65,single,n,y,35,2019-05-24,THEMIS,V31266021,2008-12-31,CTX,J06_047108_1809_XN_00N094W,2016-08-14,False,2-5m,False,False,False,False,False,False,
ESP_060112_1940,13.779,208.784,-151.216,3.65,single,n,y,35,2019-05-24,CTX,D04_028728_1948_XN_14N151W,2012-09-12,CTX,F04_037378_1944_XN_14N151W,2014-07-18,False,2-5m,False,False,False,False,False,False,
ESP_060138_1675,-12.601,222.392,-137.608,4.06,single,n,y,35,2019-05-26,CTX,P03_002039_1672_XN_12S137W,2007-01-02,CTX,F04_037193_1675_XN_12S137W,2014-07-03,False,2-5m,False,False,False,False,False,False,
ESP_060164_1790,-0.7799,231.071,-128.929,1.37,cluster,n,y,35,2019-05-28,CTX,F21_043918_1779_XN_02S128W,2015-12-09,CTX,J21_052911_1770_XI_03S128W,2017-11-09,False,<2m,False,False,False,False,False,False,
ESP_060177_1865,6.209,235.245,-124.755,23.74,single,n,y,35,2019-05-29,CTX,P20_008908_1874_XN_07N125W,2008-06-20,CTX,K05_055192_1874_XN_07N125W,2018-05-06,False,20-50m,False,False,False,False,False,False,
ESP_060203_1850,4.756,245.668,-114.332,6.24,single,n,y,35,2019-05-31,CTX,K04_055007_1851_XN_05N114W,2018-04-21,CTX,K13_058502_1851_XI_05N114W,2019-01-18,True,5-10m,False,False,False,False,False,True,
ESP_060237_2125,32.249,35.057,35.057,3.41,single,n,y,35,2019-06-03,CTX,B19_016972_2125_XN_32N324W,2010-03-10,CTX,F20_043424_2131_XN_33N325W,2015-11-01,False,2-5m,False,False,False,False,False,False,
ESP_060242_1745,-5.391,262.1,-97.89999999999998,8.59,cluster,n,n,35,2019-06-03,CTX,G22_026959_1743_XN_05S097W,2012-04-27,CTX,J02_045750_1726_XN_07S097W,2016-04-30,False,5-10m,False,False,False,False,False,False,
ESP_060263_1875,7.199,47.279,47.279,3.35,single,n,y,35,2019-06-05,THEMIS,V39222003,2010-10-17,CTX,K04_055067_1882_XN_08N312W,2018-04-26,False,2-5m,False,False,False,False,False,False,
ESP_060304_2135,33.3656,4.7771,4.7771,13.14,single,n,y,35,2019-06-08,CTX,K13_058392_2112_XN_31N354W,2019-01-10,CTX,K16_059737_2159_XI_35N355W,2019-04-25,True,10-20m,True,False,False,False,False,False,
ESP_060342_1315,-48.0732,58.2481,58.2481,5.81,cluster,n,y,35,2019-06-11,CTX,D14_032861_1321_XN_47S302W,2013-07-31,CTX,K16_059775_1313_XI_48S302W,2019-04-28,False,5-10m,False,False,False,False,False,False,
ESP_060902_1775,-2.715,246.524,-113.476,10.58,single,n,y,35,2019-07-24,CTX,D22_035702_1773_XN_02S113W,2014-03-09,CTX,K04_055007_1764_XN_03S113W,2018-04-21,True,10-20m,False,False,False,False,False,True,
ESP_060444_1850,5.167,146.711,146.711,3.32,single,n,y,35,2019-06-19,CTX,F10_039873_1853_XN_05N213W,2015-01-28,CTX,K05_055459_1871_XN_07N213W,2018-05-26,False,2-5m,False,False,False,False,False,False,
ESP_061104_1655,-14.433,132.7,132.7,24.22,cluster,n,y,35,2019-08-09,CTX,G15_024221_1656_XN_14S227W,2011-09-26,CTX,G21_026555_1643_XN_15S227W,2012-03-26,True,20-50m,False,False,True,False,False,False,
ESP_061112_1670,-12.632,273.394,-86.606,1.56,single,n,y,35,2019-08-10,CTX,P10_004859_1648_XN_15S086W,2007-08-10,CTX,K14_058923_1649_XN_15S086W,2019-02-20,False,<2m,False,False,False,False,False,False,
ESP_061200_1790,-1.166,30.775,30.775,3.84,single,n,y,35,2019-08-17,CTX,D20_034866_1787_XN_01S329W,2014-01-03,CTX,J21_053182_1787_XN_01S329W,2017-11-30,False,2-5m,False,False,False,False,False,False,
ESP_061206_1735,-6.5697,227.6905,-132.3095,6.75,cluster,n,y,35,2019-08-17,THEMIS,V06222002,2003-05-10,CTX,G19_025457_1726_XN_07S132W,2012-01-01,False,5-10m,False,False,False,False,False,False,
ESP_061587_1995,19.3766,263.1242,-96.87580000000003,2.4,single,n,n,35,2019-09-16,HRSC,H7355_0000_ND3,2009-09-26,CTX,K14_058765_2006_XN_20N097W,2019-02-08,False,2-5m,False,False,False,False,False,False,
ESP_061714_1730,-6.7398,39.647,39.647,6.41,single,n,y,35,2019-09-26,CTX,D02_028009_1732_XN_06S320W,2012-07-17,CTX,K01_053630_1732_XI_06S320W,2018-01-04,False,5-10m,False,False,False,False,False,False,
ESP_061574_1925,12.408,259.0553,-100.94470000000001,2.94,cluster,n,y,35,2019-09-15,CTX,P13_006178_1907_XN_10N100W,2007-11-20,CTX,J10_048809_1925_XI_12N100W,2016-12-24,True,2-5m,False,False,False,False,False,True,
ESP_061806_1810,1.0089,47.743,47.743,6.61,cluster,n,y,35,2019-10-03,HRSC,H5094_0000_ND3,2007-12-20,CTX,K15_059129_1801_XI_00N312W,2019-03-08,False,5-10m,False,False,False,False,False,False,
ESP_061812_2230,42.7907,238.0865,-121.9135,5.34,cluster,n,y,35,2019-10-03,THEMIS,V60400004,2015-07-27,CTX,K19_060902_2225_XI_42N121W,2019-07-24,False,5-10m,False,False,False,False,False,False,
ESP_061859_1785,-1.493,41.1851,41.1851,1.68,single,n,y,35,2019-10-07,CTX,K15_059182_1792_XI_00S318W,2019-03-12,CTX,K17_060171_1792_XI_00S318W,2019-05-29,False,<2m,False,False,False,False,False,False,
ESP_061869_1690,-11.1142,129.743,129.743,11.02,cluster,n,y,35,2019-10-08,CTX,P22_009769_1686_XI_11S230W,2008-08-26,CTX,K05_055130_1689_XN_11S230W,2018-05-01,False,10-20m,False,False,False,False,False,False,
ESP_061997_2275,46.936,225.592,-134.408,5.5,cluster,possible,y,35,2019-10-18,CTX,J16_050999_2273_XI_47N134W,2017-06-13,CTX,K21_061641_2278_XN_47N134W,2019-09-20,False,5-10m,False,False,False,False,False,False,
ESP_061930_2250,44.4284,257.5299,-102.4701,3.75,single,n,y,35,2019-10-13,THEMIS,V37418008,2010-05-22,CTX,K04_054769_2249_XN_44N102W,2018-04-03,True,2-5m,False,False,False,False,False,True,Dundas et al. 2021
ESP_061935_1850,4.9261,126.2644,126.2644,4.3,cluster,n,y,35,2019-10-13,CTX,J04_046256_1821_XN_02N233W,2016-06-08,CTX,K06_055618_1856_XN_05N233W,2018-06-08,False,2-5m,False,False,False,False,False,False,
ESP_062128_1725,-7.3569,258.2291,-101.77089999999998,17.63,single,n,y,35,2019-10-28,CTX,J13_049719_1741_XI_05S102W,2017-03-05,CTX,K18_060229_1727_XN_07S101W,2019-06-02,True,10-20m,False,False,False,False,False,True,
ESP_062140_1745,-5.528,290.848,-69.15199999999999,3.76,cluster,n,n,35,2019-10-29,CTX,P08_004199_1728_XI_07S069W,2007-06-19,CTX,G19_025547_1745_XN_05S069W,2012-01-08,False,2-5m,False,False,False,False,False,False,
ESP_063498_1980,17.94930043283,286.60830332367,-73.39169667633001,3.5,cluster,n,n,35,2020-02-12,CTX,D05_029068_1957_XI_15N073W,2012-10-08,CTX,F03_037085_1957_XI_15N073W,2014-06-25,False,2-5m,False,False,False,False,False,False,
ESP_062370_2095,29.2409,126.4076,126.4076,13.03,cluster,n,y,35,2019-11-16,CTX,B16_016072_2108_XN_30N233W,2009-12-30,CTX,K04_054853_2106_XN_30N233W,2018-04-09,False,10-20m,False,False,False,False,False,False,
ESP_063433_2075,27.4086,261.1571,-98.84289999999999,4.6,single,n,n,35,2020-02-07,CTX,K20_061165_2077_XI_27N098W,2019-08-14,CTX,K22_061864_2077_XI_27N098W,2019-10-07,False,2-5m,False,False,False,False,False,False,
ESP_064783_1920,11.973,126.289,126.289,18.15,cluster,n,y,35,2020-05-22,HRSC,H5122_0000_ND3,2007-12-28,CTX,J05_046823_1923_XN_12N233W,2016-07-22,False,10-20m,False,False,False,False,False,False,
ESP_062237_1845,4.4365,158.938,158.938,4.11,cluster,n,y,35,2019-11-05,CTX,P18_007988_1831_XI_03N200W,2008-04-09,CTX,B21_017706_1847_XN_04N201W,2010-05-07,False,2-5m,False,False,False,False,False,False,
ESP_062356_1855,5.2344,149.56,149.56,0.9,single,n,y,35,2019-11-15,CTX,G19_025473_1839_XI_03N210W,2012-01-02,CTX,D16_033543_1838_XI_03N210W,2013-09-22,False,<2m,False,False,False,False,False,False,
ESP_063305_1835,3.5633,158.9144,158.9144,2.23,cluster,n,y,35,2020-01-28,CTX,P18_007988_1831_XI_03N200W,2008-04-09,CTX,G18_025433_1848_XI_04N201W,2011-12-30,False,2-5m,False,False,False,False,False,False,
ESP_062550_2030,22.5777,252.62,-107.38,12.79,cluster,n,y,35,2019-11-30,CTX,B17_016463_2014_XN_21N107W,2010-01-30,CTX,K14_058739_2014_XN_21N107W,2019-02-06,True,10-20m,False,False,False,False,False,True,
ESP_062571_1960,15.8614,38.929,38.929,10.51,cluster,n,y,35,2019-12-02,CTX,G18_025266_1940_XN_14N320W,2011-12-17,CTX,J07_047525_1941_XN_14N321W,2016-09-15,False,10-20m,False,False,False,False,False,False,
ESP_062585_2085,28.3506,15.3514,15.3514,2.59,single,possible,n,35,2019-12-03,CTX,B03_010762_2095_XI_29N344W,2008-11-12,CTX,K12_057917_2089_XI_28N344W,2018-12-04,False,2-5m,False,False,False,False,False,False,
ESP_062805_1880,8.0035,131.8104,131.8104,2.86,single,n,y,35,2019-12-20,CTX,F05_037882_1857_XN_05N228W,2014-08-26,CTX,J04_046414_1861_XI_06N227W,2016-06-21,True,2-5m,False,False,True,False,False,False,
ESP_062861_1845,4.5079,42.3686,42.3686,5.32,cluster,n,y,35,2019-12-24,HRSC,H5184_0000_ND3,2008-01-14,CTX,F04_037516_1812_XN_01N317W,2014-07-28,False,5-10m,False,False,False,False,False,False,
ESP_062984_1975,17.1098,282.1799,-77.82010000000002,4.26,cluster,n,y,35,2020-01-03,CTX,G14_023622_1965_XN_16N078W,2011-08-11,CTX,K05_055243_1962_XI_16N077W,2018-05-10,False,2-5m,False,False,False,False,False,False,
ESP_062999_2145,34.1696,231.2663,-128.7337,1.89,cluster,n,y,35,2020-01-04,CTX,D04_028793_2131_XN_33N128W,2012-09-17,CTX,K05_055258_2151_XI_35N128W,2018-05-11,False,<2m,False,False,False,False,False,False,
ESP_063228_2180,37.831,97.106,97.106,3.02,cluster,n,y,35,2020-01-22,CTX,P13_006197_2161_XN_36N262W,2007-11-22,CTX,K22_061804_2183_XI_38N262W,2019-10-03,False,2-5m,False,False,False,False,False,False,
ESP_063229_1820,1.9343,75.3391,75.3391,7.37,single,n,n,35,2020-01-22,CTX,P13_005987_1808_XN_00N284W,2007-11-05,CTX,K04_055066_1819_XN_01N284W,2018-04-26,False,5-10m,False,False,False,False,False,False,
ESP_063257_1450,-34.64910449892,35.96689388193,35.96689388193,52.94,cluster,n,n,35,2020-01-24,CTX,F02_036422_1460_XN_34S324W,2014-05-04,CTX,K11_057811_1461_XN_33S324W,2018-11-26,False,50-100m,False,False,False,False,False,False,
ESP_063261_1775,-2.513,282.314,-77.68599999999998,2.13,single,n,y,35,2020-01-24,CTX,F11_040211_1784_XI_01S077W,2015-02-23,CTX,K19_060650_1767_XN_03S077W,2019-07-05,False,2-5m,False,False,False,False,False,False,
ESP_062214_1755,-4.405,69.459,69.459,9.71,single,n,y,35,2019-11-04,CTX,P20_008835_1755_XN_04S290W,2008-06-14,CTX,J22_053563_1755_XI_04S290W,2017-12-30,False,5-10m,False,False,False,False,False,False,
ESP_063406_2240,43.6951,275.8546,-84.1454,3.58,single,n,y,35,2020-02-05,CTX,F05_037771_1406_XN_39S072W,2014-08-17,CTX,K12_058237_1406_XN_39S072W,2018-12-29,False,2-5m,False,False,False,False,False,False,
ESP_062234_2080,27.766,239.385,-120.61500000000001,10.27,cluster,n,y,35,2019-11-05,CTX,G22_026841_2050_XN_25N120W,2012-04-17,CTX,D04_028740_2077_XN_27N120W,2012-09-12,False,10-20m,False,False,False,False,False,False,
ESP_063413_2160,35.739,85.859,85.859,2.5,single,n,n,35,2020-02-05,CTX,P17_007595_2154_XN_35N274W,2008-03-10,CTX,F20_043699_2141_XI_34N273W,2015-11-22,True,2-5m,False,True,False,False,False,False,Dundas et al. 2021
ESP_063533_1975,17.075,52.449,52.449,4.96,cluster,n,y,35,2020-02-15,CTX,D18_034430_1976_XN_17N307W,2013-11-30,CTX,K05_055225_1981_XN_18N307W,2018-05-08,False,2-5m,False,False,False,False,False,False,
ESP_063768_2270,46.833,112.362,112.362,3.24,cluster,n,y,35,2020-03-04,CTX,J22_053548_2287_XI_48N247W,2017-12-29,CTX,N02_063201_2268_XI_46N247W,2020-01-20,False,2-5m,False,False,False,False,False,False,
ESP_063736_1945,14.464,270.351,-89.649,6.27,single,n,y,35,2020-03-01,CTX,P17_007707_1934_XI_13N089W,2008-03-19,CTX,K11_057789_1921_XN_12N089W,2018-11-24,False,5-10m,False,False,False,False,False,False,
ESP_063817_2235,42.999,215.353,-144.647,3.5,single,n,y,35,2020-03-08,CTX,F01_036270_2240_XN_44N144W,2014-04-22,CTX,N02_063250_2240_XI_44N144W,2020-01-23,False,2-5m,False,False,False,False,False,False,Dundas et al. 2021
ESP_063861_1855,5.635,99.573,99.573,3.47,cluster,n,y,35,2020-03-11,THEMIS,V72660011,2018-05-02,CTX,N02_063294_1864_XI_06N260W,2020-01-27,False,2-5m,False,False,False,False,False,False,
ESP_063930_2125,32.193,11.766,11.766,5.96,cluster,n,y,35,2020-03-16,CTX,K21_061583_2122_XN_32N348W,2019-09-16,CTX,N01_062862_2121_XN_32N348W,2019-12-24,False,5-10m,False,False,False,False,False,False,
ESP_063938_1855,5.319,156.883,156.883,6.25,single,n,y,35,2020-03-17,CTX,P19_008489_1852_XN_05N203W,2008-05-18,CTX,K04_054852_1855_XN_05N203W,2018-04-09,False,5-10m,False,False,False,False,False,False,
ESP_063947_1750,-4.956,272.587,-87.41300000000001,1.74,single,n,y,35,2020-03-18,CTX,J09_048123_1751_XI_04S087W,2016-11-01,CTX,J20_052593_1751_XI_04S087W,2017-10-15,False,<2m,False,False,False,False,False,False,
ESP_063964_1550,-24.8905,171.1353,171.1353,4.44,single,n,n,35,2020-03-19,CTX,K03_054667_1545_XN_25S188W,2018-03-26,CTX,K19_060707_1535_XN_26S188W,2019-07-09,False,2-5m,False,False,False,False,False,False,
ESP_063979_2280,47.429,112.015,112.015,10.55,cluster,y,y,35,2020-03-20,CTX,D01_027650_2269_XI_46N247W,2012-06-20,CTX,N02_063201_2268_XI_46N247W,2020-01-20,False,10-20m,False,False,False,False,False,False,
ESP_057627_1860,5.9589,12.4084,12.4084,3.4,single,n,n,34,2018-11-11,CTX,D13_032414_1844_XI_04N347W,2013-06-26,CTX,K05_055398_1867_XI_06N347W,2018-05-22,False,2-5m,False,False,False,False,False,False,
ESP_057917_2090,28.9711,15.4178,15.4178,6.97,cluster,n,y,34,2018-12-04,CTX,B03_010762_2095_XI_29N344W,2008-11-12,CTX,K05_055345_2095_XN_29N344W,2018-05-18,False,5-10m,False,False,False,False,False,False,
ESP_063406_1385,-41.257,287.674,-72.32600000000002,10.75,single,possible,n,35,2020-02-05,CTX,F05_037771_1406_XN_39S072W,2014-08-17,CTX,K12_058237_1406_XN_39S072W,2018-12-29,False,10-20m,False,False,False,False,False,False,Dundas et al. 2021
ESP_036657_2495,69.468,80.444,80.444,7.5,single,y,y,32,2014-05-22,THEMIS,V27193016,2008-01-31,CTX,F01_036367_2495_XN_69N279W,2014-04-30,True,5-10m,False,True,False,False,False,False,Dundas et al. 2021
ESP_045823_2390,58.968,58.578,58.578,3.41,cluster,y,y,33,2016-05-06,CTX,P22_009613_2380_XN_58N301W,2008-08-14,CTX,J03_045823_2391_XN_59N301W,2016-05-06,False,2-5m,False,False,False,False,False,False,
ESP_064717_1945,14.3059,128.9147,128.9147,2.55,single,n,y,35,2020-05-17,CTX,J04_046335_1959_XN_15N231W,2016-06-14,CTX,N03_063372_1959_XN_15N231W,2020-02-02,False,2-5m,False,False,False,False,False,False,
ESP_064681_1915,11.4087,30.8703,30.8703,14.26,cluster,n,y,35,2020-05-14,CTX,P18_008019_1928_XN_12N329W,2008-04-12,CTX,J19_052404_1928_XI_12N329W,2017-09-30,False,10-20m,False,False,False,False,False,False,
ESP_064760_1795,-0.4876,36.7734,36.7734,3.03,cluster,n,y,35,2020-05-20,CTX,P16_007386_1801_XN_00N323W,2008-02-22,CTX,F06_037991_1765_XN_03S323W,2014-09-03,False,2-5m,False,False,False,False,False,False,
ESP_064852_1890,8.977,43.7766,43.7766,4.43,cluster,n,y,35,2020-05-27,CTX,P06_003219_1881_XI_08N316W,2007-04-04,CTX,K04_054988_1881_XN_08N316W,2018-04-20,False,2-5m,False,False,False,False,False,False,
ESP_064642_1920,11.9955,16.5093,16.5093,2.51,single,n,n,35,2020-05-11,CTX,F10_039891_1933_XI_13N343W,2015-01-29,CTX,F19_043372_1939_XI_13N343W,2015-10-28,False,2-5m,False,False,False,False,False,False,
ESP_064651_1865,6.3198,131.4562,131.4562,3.26,cluster,n,y,35,2020-05-12,CTX,F22_044291_1848_XN_04N228W,2016-01-07,CTX,N04_063873_1853_XI_05N228W,2020-03-12,True,2-5m,False,False,True,False,False,False,
ESP_064450_2250,44.5546,212.3266,-147.6734,5.25,cluster,n,y,35,2020-04-26,HRSC,H7484_0000_ND3,2009-11-03,CTX,N04_064028_2260_XI_46N148W,2020-03-24,False,5-10m,False,False,False,False,False,False,
ESP_064826_1900,10.0155,32.5112,32.5112,4.07,cluster,n,y,35,2020-05-25,CTX,F05_037635_1903_XI_10N327W,2014-08-07,CTX,J05_046932_1903_XI_10N327W,2016-07-31,False,2-5m,False,False,False,False,False,False,
ESP_064488_1765,-3.3634,261.3785,-98.62150000000003,4.64,single,n,y,35,2020-04-29,CTX,P12_005611_1760_XN_04S098W,2007-10-07,CTX,J13_049798_1760_XI_04S098W,2017-03-11,False,2-5m,False,False,False,False,False,False,
ESP_064497_1770,-2.867,16.1993,16.1993,15.59,single,n,y,35,2020-04-30,CTX,P04_002719_1763_XN_03S343W,2007-02-24,CTX,K05_055266_1756_XN_04S343W,2018-05-11,False,10-20m,False,False,False,False,False,False,
ESP_064641_1830,2.7309,44.6085,44.6085,1.7,single,n,y,35,2020-05-11,CTX,F01_036105_1824_XN_02N315W,2014-04-09,CTX,F16_042158_1818_XN_01N315W,2015-07-25,False,<2m,False,False,False,False,False,False,
ESP_046463_2160,35.869,230.8726,-129.1274,17.64,cluster,n,y,33,2016-06-24,CTX,B10_013655_2154_XN_35N128W,2009-06-25,THEMIS,V39665008,2010-11-23,False,10-20m,False,False,False,False,False,False,
ESP_064646_1975,17.4671,266.6747,-93.32530000000003,3.27,cluster,n,y,35,2020-05-11,CTX,F23_044853_1984_XN_18N093W,2016-02-20,CTX,K04_054782_1959_XN_15N093W,2018-04-04,False,2-5m,False,False,False,False,False,False,
ESP_064662_1930,13.0735,189.6645,-170.3355,2.92,single,n,y,35,2020-05-12,CTX,F22_044447_1924_XI_12N170W,2016-01-19,CTX,J22_053308_1924_XI_12N170W,2017-12-10,True,2-5m,False,False,False,True,False,False,
ESP_064685_1480,-31.9229,287.9421,-72.05790000000002,9.16,single,n,y,35,2020-05-14,CTX,D09_030690_1474_XN_32S071W,2013-02-11,CTX,F04_037283_1485_XN_31S072W,2014-07-10,False,5-10m,False,False,False,False,False,False,
ESP_064686_2090,28.6863,251.8223,-108.17769999999999,12.75,cluster,n,y,35,2020-05-14,CTX,K05_055521_2087_XN_28N108W,2018-05-31,CTX,N04_064119_2087_XN_28N108W,2020-03-31,True,10-20m,False,False,False,False,False,True,
ESP_064687_2045,24.2373,226.5288,-133.4712,2.84,cluster,n,y,35,2020-05-14,CTX,K06_055667_2032_XN_23N133W,2018-06-12,CTX,K22_062129_2043_XI_24N133W,2019-10-28,False,2-5m,False,False,False,False,False,False,
ESP_064694_1745,-5.3788,38.4396,38.4396,7.42,single,n,y,35,2020-05-15,CTX,F04_037503_1757_XN_04S321W,2014-07-27,CTX,N01_062703_1735_XI_06S321W,2019-12-12,False,5-10m,False,False,False,False,False,False,
ESP_064721_1710,-9.1248,21.8685,21.8685,12.48,cluster,n,n,35,2020-05-17,CTX,G01_018555_1715_XI_08S338W,2010-07-12,CTX,K23_062519_1715_XI_08S338W,2019-11-27,False,10-20m,False,False,False,False,False,False,
ESP_064728_2030,22.8924,186.875,-173.125,3.44,cluster,n,y,35,2020-05-18,CTX,K04_055075_2022_XN_22N172W,2018-04-26,CTX,N04_063950_2021_XN_22N173W,2020-03-18,True,2-5m,False,False,False,True,False,False,
ESP_064738_1855,5.1902,276.7289,-83.27109999999999,9.06,cluster,n,y,35,2020-05-18,CTX,F02_036769_1854_XN_05N083W,2014-05-31,CTX,N04_064105_1854_XI_05N083W,2020-03-30,False,5-10m,False,False,False,False,False,False,
ESP_064740_1760,-3.9268,223.05,-136.95,6.08,cluster,n,y,35,2020-05-19,CTX,B01_009937_1770_XI_03S137W,2008-09-08,CTX,N04_063751_1769_XI_03S137W,2020-03-02,False,5-10m,False,False,False,False,False,False,
ESP_064747_2065,26.43,26.8358,26.8358,4.78,cluster,n,y,35,2020-05-19,CTX,J03_046009_2042_XI_24N332W,2016-05-20,CTX,K05_055226_2041_XI_24N332W,2018-05-08,False,2-5m,False,False,False,False,False,False,
ESP_064756_2275,47.3282,138.9112,138.9112,2.16,single,n,y,35,2020-05-20,CTX,P19_008529_2284_XN_48N221W,2008-05-22,CTX,N05_064189_2284_XI_48N221W,2020-04-06,True,2-5m,False,False,True,False,False,False,
ESP_064773_1900,9.8819,40.3123,40.3123,2.31,single,n,y,35,2020-05-21,CTX,G19_025833_1911_XN_11N319W,2012-01-30,CTX,G23_027033_1900_XN_10N319W,2012-05-02,False,2-5m,False,False,False,False,False,False,
ESP_064833_2190,38.6715,198.4812,-161.5188,11.03,cluster,n,y,35,2020-05-26,CTX,G16_024548_2195_XI_39N161W,2011-10-22,CTX,K16_059809_2195_XI_39N161W,2019-04-30,False,10-20m,False,False,False,False,False,False,
ESP_064880_1920,12.0638,359.1007,-0.8992999999999824,2.83,cluster,n,y,35,2020-05-29,CTX,K13_058366_1892_XI_09N000W,2019-01-08,CTX,K18_060212_1941_XN_14N001W,2019-06-01,False,2-5m,False,False,False,False,False,False,
ESP_066506_1720,-8.065,261.458,-98.54199999999997,2.37,single,n,y,35,2020-10-03,CTX,P15_006890_1717_XN_08S098W,2008-01-15,CTX,F23_044972_1721_XN_07S098W,2016-02-29,False,2-5m,False,False,False,False,False,False,
ESP_060062_1840,3.866,135.613,135.613,1.5,single,n,y,35,2019-05-20,CTX,K14_058928_1845_XN_04N224W,2019-02-21,CTX,K16_059495_1829_XN_02N224W,2019-04-06,True,<2m,False,False,True,False,False,False,
ESP_066559_2085,28.421,250.431,-109.56899999999999,5.55,cluster,n,y,35,2020-10-07,CTX,P07_003752_2085_XN_28N109W,2007-05-15,CTX,F17_042414_2075_XI_27N109W,2015-08-14,True,5-10m,False,False,False,False,False,True,
ESP_066018_1765,-3.21741,259.4148,-100.58519999999999,4.94,cluster,n,y,35,2020-08-26,CTX,B19_017109_1777_XN_02S100W,2010-03-21,CTX,G23_027025_1765_XN_03S100W,2012-05-02,True,2-5m,False,False,False,False,False,True,
ESP_066792_1795,-0.437296622,16.46840844,16.46840844,4.61,cluster,n,y,35,2020-10-25,CTX,B02_010261_1786_XI_01S343W,2008-10-04,CTX,F23_044704_1797_XN_00S343W,2016-02-08,False,2-5m,False,False,False,False,False,False,
ESP_066480_1970,16.6122,246.3148,-113.68520000000001,10.31,cluster,n,n,35,2020-10-01,CTX,P03_002183_1972_XI_17N113W,2007-01-13,CTX,P12_005717_1973_XI_17N113W,2007-10-15,True,10-20m,False,False,False,False,False,True,
ESP_066902_1830,2.8903,254.1615,-105.83850000000001,11.36,cluster,n,y,35,2020-11-03,CTX,P18_008235_1828_XI_02N106W,2008-04-29,CTX,K12_058093_1807_XN_00N105W,2018-12-18,True,10-20m,False,False,False,False,False,True,
ESP_028897_1730,-6.839,277.721,-82.279,5.38,cluster,n,y,35,2012-09-25,CTX,B02_010568_1726_XN_07S082W,2008-10-27,CTX,D04_028897_1729_XN_07S082W,2012-09-25,False,5-10m,False,False,False,False,False,False,
ESP_066598_2020,21.543,267.235,-92.76499999999999,7.25,cluster,n,y,35,2020-10-10,CTX,F16_041886_2016_XI_21N092W,2015-07-04,CTX,K15_059134_2016_XI_21N092W,2019-03-09,False,5-10m,False,False,False,False,False,False,
ESP_067377_1750,-4.87,253.929,-106.071,9.06,cluster,n,y,35,2020-12-10,CTX,B18_016740_1742_XN_05S106W,2010-02-20,CTX,J12_049561_1737_XI_06S105W,2017-02-21,True,5-10m,False,False,False,False,False,True,
ESP_066915_2035,23.319,257.04,-102.95999999999998,4.97,cluster,n,y,35,2020-11-04,CTX,F01_036229_2025_XN_22N103W,2014-04-19,CTX,K04_055112_2058_XN_25N103W,2018-04-29,True,2-5m,False,False,False,False,False,True,
ESP_066916_1700,-10.094,233.146,-126.85400000000001,4.37,cluster,n,y,35,2020-11-04,CTX,P22_009607_1715_XI_08S127W,2008-08-14,CTX,K12_057896_1705_XN_09S127W,2018-12-02,False,2-5m,False,False,False,False,False,False,
ESP_065360_1900,10.061,217.057,-142.943,14.87,single,n,n,35,2020-07-06,THEMIS,V45544057,2012-03-21,CTX,K19_060692_1900_XI_10N143W,2019-07-08,False,10-20m,False,False,False,False,False,False,
ESP_066493_2090,28.8,251.7929,-108.2071,5.56,cluster,n,y,35,2020-10-02,CTX,K05_055521_2087_XN_28N108W,2018-05-31,CTX,N04_063763_2087_XN_28N108W,2020-03-03,True,5-10m,False,False,False,False,False,True,
ESP_065387_1805,0.519,202.266,-157.734,11.92,cluster,n,y,35,2020-07-08,CTX,K19_060653_1834_XN_03N158W,2019-07-05,CTX,N03_063554_1791_XI_00S157W,2020-02-16,False,10-20m,False,False,False,False,False,False,
ESP_065886_1825,2.33008,261.313,-98.68700000000001,6.71,single,n,n,35,2020-08-16,CTX,B03_010819_1822_XI_02N098W,2008-11-16,CTX,K05_055257_1822_XN_02N098W,2018-05-11,False,5-10m,False,False,False,False,False,False,
ESP_065908_1910,10.826,19.405,19.405,1.63,single,n,y,35,2020-08-18,CTX,P15_007057_1932_XN_13N340W,2008-01-28,CTX,F05_037741_1903_XN_10N340W,2014-08-15,False,<2m,False,False,False,False,False,False,
ESP_065180_1880,7.66468048696,89.72671037599,89.72671037599,5.29,cluster,n,y,35,2020-06-22,CTX,D01_027440_1895_XN_09N270W,2012-06-03,CTX,J04_046376_1897_XN_09N270W,2016-06-18,True,5-10m,False,True,False,False,False,False,
ESP_065189_1700,-9.953,206.012,-153.988,4.72,cluster,n,y,35,2020-06-23,CTX,K06_055536_1705_XN_09S154W,2018-06-01,CTX,N05_064200_1706_XI_09S154W,2020-04-06,False,2-5m,False,False,False,False,False,False,
ESP_065206_1950,14.70968638921,99.80635517688,99.80635517688,27.47,cluster,n,n,35,2020-06-24,HRSC,H5241_0000_ND3,2008-01-31,CTX,F02_036459_1970_XN_17N260W,2014-05-07,False,20-50m,False,False,False,False,False,False,
ESP_065213_2020,21.783,268.039,-91.96100000000001,5.28,single,n,n,35,2020-06-24,THEMIS,V13833012,2005-01-26,CTX,G19_025851_2028_XN_22N092W,2012-01-31,False,5-10m,False,False,False,False,False,False,
ESP_065222_2095,29.031,21.203,21.203,4.85,cluster,n,y,35,2020-06-25,CTX,F04_037543_2097_XI_29N338W,2014-07-30,CTX,J05_046563_2067_XN_26N338W,2016-07-02,False,2-5m,False,False,False,False,False,False,
ESP_065246_1560,-23.9938,92.73723,92.73723,5.3,single,n,n,35,2020-06-27,CTX,P11_005525_1571_XI_22S267W,2007-09-30,CTX,J09_048367_1563_XN_23S267W,2016-11-20,False,5-10m,False,False,False,False,False,False,
ESP_065248_1880,8.006321,34.30942,34.30942,1.4,single,n,y,35,2020-06-27,CTX,G05_020150_1887_XN_08N325W,2010-11-13,CTX,F02_036501_1878_XI_07N325W,2014-05-10,False,<2m,False,False,False,False,False,False,
ESP_065256_1935,13.273,174.274,174.274,3.75,single,n,y,35,2020-06-28,CTX,G22_026738_1946_XN_14N185W,2012-04-09,CTX,K11_057687_1928_XI_12N185W,2018-11-16,False,2-5m,False,False,False,False,False,False,
ESP_065281_1950,15.081,211.549,-148.451,11.76,single,n,n,35,2020-06-30,CTX,P18_007986_1946_XI_14N148W,2008-04-09,CTX,J18_052015_1950_XN_15N148W,2017-08-31,False,10-20m,False,False,False,False,False,False,
ESP_065324_1350,-44.6558,125.6089,125.6089,2.06,cluster,n,n,35,2020-07-03,THEMIS,V50005001,2013-03-23,CTX,K11_057755_1347_XN_45S234W,2018-11-21,False,2-5m,False,False,False,False,False,False,
ESP_065327_1765,-3.331,38.389,38.389,9.85,single,n,y,35,2020-07-03,THEMIS,V18347001,2006-02-01,CTX,D22_035947_1768_XN_03S321W,2014-03-28,False,5-10m,False,False,False,False,False,False,
ESP_065336_1835,3.307,151.866,151.866,3.76,single,n,y,35,2020-07-04,CTX,G10_021939_1827_XN_02N208W,2011-04-02,CTX,G21_026607_1834_XI_03N208W,2012-03-30,False,2-5m,False,False,False,False,False,False,
ESP_065340_1890,8.902,41.958,41.958,6.86,cluster,n,y,35,2020-07-04,HRSC,H8324_0009_ND3,2010-07-04,CTX,K05_055476_1907_XN_10N318W,2018-05-28,False,5-10m,False,False,False,False,False,False,
ESP_065341_1780,-1.849,16.858,16.858,7.94,single,n,y,35,2020-07-04,CTX,P17_007835_1792_XN_00S343W,2008-03-28,CTX,J04_046471_1786_XN_01S343W,2016-06-25,False,5-10m,False,False,False,False,False,False,
ESP_065347_1830,2.918,211.485,-148.515,8.66,cluster,n,n,35,2020-07-05,CTX,B21_017770_1834_XN_03N148W,2010-05-12,CTX,J22_053360_1834_XI_03N148W,2017-12-14,False,5-10m,False,False,False,False,False,False,
ESP_065385_1940,13.646,252.922,-107.078,3.67,single,n,n,35,2020-07-08,CTX,B19_016885_1951_XI_15N107W,2010-03-04,CTX,K04_055099_1913_XN_11N106W,2018-04-28,True,2-5m,False,False,False,False,False,True,
ESP_065464_1770,-2.859,259.977,-100.02300000000002,9.17,cluster,n,y,35,2020-07-14,THEMIS,V31130001,2008-12-20,CTX,J19_052132_1754_XI_04S099W,2017-09-09,True,5-10m,False,False,False,False,False,True,
ESP_065476_1830,2.767,290.386,-69.61399999999998,6.52,cluster,n,y,35,2020-07-15,THEMIS,V17601019,2005-12-02,CTX,G22_026681_1841_XN_04N069W,2012-04-05,False,5-10m,False,False,False,False,False,False,
ESP_065478_1820,1.863,236.017,-123.983,15.63,cluster,n,y,35,2020-07-15,CTX,F09_039395_1825_XI_02N124W,2014-12-22,CTX,K08_056656_1823_XN_02N123W,2018-08-28,False,10-20m,False,False,False,False,False,False,
ESP_065490_2000,20.005,267.496,-92.50400000000002,5.32,cluster,n,y,35,2020-07-16,CTX,G23_027051_2021_XN_22N092W,2012-05-04,CTX,K05_055349_1995_XN_19N092W,2018-05-18,False,5-10m,False,False,False,False,False,False,
ESP_065517_1930,12.762,251.467,-108.53299999999999,3.63,single,n,y,35,2020-07-18,CTX,P20_008881_1913_XN_11N108W,2008-06-18,CTX,F05_037627_1917_XN_11N108W,2014-08-06,True,2-5m,False,False,False,False,False,True,
ESP_065709_1820,1.912,52.507,52.507,1.61,cluster,n,y,35,2020-08-02,THEMIS,V14377012,2005-03-12,CTX,F19_043318_1807_XN_00N307W,2015-10-23,False,<2m,False,False,False,False,False,False,
ESP_065717_1680,-12.108,195.949,-164.051,5.51,single,n,y,35,2020-08-03,HRSC,H9345_0000_ND3,2011-04-27,CTX,K15_059150_1670_XI_13S164W,2019-03-10,False,5-10m,False,False,False,False,False,False,
ESP_065745_0980,-82.03,175.7034,175.7034,51.6,single,n,y,35,2020-08-05,CTX,K09_056791_0987_XN_81S186W,2018-09-07,CTX,N07_065257_0997_XN_80S189W,2020-06-28,False,50-100m,False,False,False,False,False,False,
ESP_065746_1880,7.766,121.761,121.761,3.4,cluster,n,y,35,2020-08-05,CTX,F02_036656_1893_XN_09N238W,2014-05-22,CTX,K12_057900_1901_XN_10N238W,2018-12-03,False,2-5m,False,False,False,False,False,False,
ESP_065754_1820,1.91,264.158,-95.84199999999998,15.54,cluster,n,y,35,2020-08-06,CTX,B12_014155_1814_XN_01N095W,2009-08-03,CTX,K12_057908_1819_XN_01N096W,2018-12-03,False,10-20m,False,False,False,False,False,False,
ESP_066594_1915,11.5063,17.6132,17.6132,2.46,cluster,n,y,35,2020-10-10,CTX,F04_037174_1917_XI_11N342W,2014-07-02,CTX,N02_063297_1917_XI_11N342W,2020-01-27,False,2-5m,False,False,False,False,False,False,
ESP_065775_2000,19.625,49.01,49.01,6.04,cluster,n,y,35,2020-08-07,CTX,P11_005500_2006_XN_20N311W,2007-09-29,CTX,N02_063297_1917_XI_11N342W,2020-01-27,False,5-10m,False,False,False,False,False,False,
ESP_065782_1775,-2.631,219.583,-140.417,5.49,single,n,y,35,2020-08-08,CTX,P21_009080_1764_XI_03S140W,2008-07-04,CTX,J08_047914_1772_XN_02S140W,2016-10-15,False,5-10m,False,False,False,False,False,False,
ESP_065843_1775,-2.718,354.863,-5.1370000000000005,20.84,cluster,n,y,35,2020-08-12,CTX,K19_060898_1775_XN_02S005W,2019-07-24,CTX,N02_063021_1778_XN_02S005W,2020-01-06,False,20-50m,False,False,False,False,False,False,
ESP_066062_1945,14.413,136.688,136.688,3.65,cluster,n,y,35,2020-08-30,THEMIS,V53975015,2014-02-13,CTX,N06_064598_1926_XN_12N223W,2020-05-07,True,2-5m,False,False,True,False,False,False,
ESP_066123_1905,10.442,271.999,-88.00099999999998,4.01,cluster,n,y,35,2020-09-03,THEMIS,V39052016,2010-10-03,CTX,K05_055217_1896_XN_09N087W,2018-05-08,False,2-5m,False,False,False,False,False,False,
ESP_066136_1870,6.763,277.492,-82.50799999999998,6.66,single,n,y,35,2020-09-04,CTX,G02_019073_1881_XN_08N082W,2010-08-21,CTX,K19_060848_1886_XN_08N083W,2019-07-20,False,5-10m,False,False,False,False,False,False,
ESP_066823_1840,3.997,250.529,-109.471,5.11,single,n,y,35,2020-10-28,HRSC,H9348_0000_ND3,2011-04-28,CTX,N08_065583_1848_XN_04N109W,2020-07-23,True,5-10m,False,False,False,False,False,True,
ESP_066141_1800,-0.063,142.138,142.138,4.5,single,n,y,35,2020-09-05,CTX,K04_054813_1807_XN_00N217W,2018-04-06,CTX,N08_065310_1810_XI_01N218W,2020-07-02,False,2-5m,False,False,False,False,False,False,
ESP_066176_1790,-1.073,267.031,-92.969,4.11,cluster,n,y,35,2020-09-07,CTX,N06_064712_1801_XN_00N093W,2020-05-16,CTX,N08_065345_1801_XN_00N093W,2020-07-05,False,2-5m,False,False,False,False,False,False,
ESP_066207_1925,12.355,139.662,139.662,7.76,cluster,n,y,35,2020-09-10,CTX,J05_046717_1970_XN_17N221W,2016-07-14,CTX,N08_065587_1914_XI_11N220W,2020-07-24,True,5-10m,False,False,True,False,False,False,
ESP_066471_1335,-46.345,143.346,143.346,4.91,single,n,n,35,2020-09-30,CTX,P13_006288_1329_XN_47S216W,2007-11-29,CTX,K11_057728_1328_XN_47S216W,2018-11-19,False,2-5m,False,False,False,False,False,False,
ESP_066585_1805,0.6722,265.498,-94.50200000000001,4.1,cluster,n,y,35,2020-10-09,HRSC,H5117_0000_ND3,2007-12-26,CTX,G19_025627_1813_XN_01N094W,2012-01-14,False,2-5m,False,False,False,False,False,False,
ESP_066421_1945,14.401,58.785,58.785,4.86,single,n,y,35,2020-09-27,CTX,F01_036355_1942_XN_14N301W,2014-04-29,CTX,K13_058522_1943_XN_14N301W,2019-01-20,False,2-5m,False,False,False,False,False,False,
ESP_066429_1840,4.199,201.314,-158.686,4.53,single,n,y,35,2020-09-27,CTX,D10_031049_1844_XN_04N158W,2013-03-11,CTX,F11_039937_1844_XN_04N158W,2015-02-02,False,2-5m,False,False,False,False,False,False,
ESP_066520_1855,5.5423,237.6038,-122.3962,13.33,single,n,y,35,2020-10-04,CTX,G21_026617_1850_XN_05N122W,2012-03-31,CTX,K12_058054_1839_XI_03N122W,2018-12-15,False,10-20m,False,False,False,False,False,False,
ESP_066527_1835,3.562,46.758,46.758,6.37,cluster,n,y,35,2020-10-05,CTX,J03_045982_1841_XI_04N313W,2016-05-18,CTX,N03_063441_1841_XI_04N313W,2020-02-07,False,5-10m,False,False,False,False,False,False,
ESP_066528_1890,8.971,19.611,19.611,4.47,cluster,n,y,35,2020-10-05,CTX,F14_041315_1892_XI_09N340W,2015-05-20,CTX,J04_046339_1892_XN_09N340W,2016-06-15,False,2-5m,False,False,False,False,False,False,
ESP_066536_1875,7.2,160.681,160.681,8.12,single,n,y,35,2020-10-05,CTX,G03_019341_1890_XI_09N199W,2010-09-11,CTX,F04_037327_1865_XN_06N199W,2014-07-14,False,5-10m,False,False,False,False,False,False,
ESP_066550_1925,12.329,138.807,138.807,8.4,cluster,n,y,35,2020-10-07,CTX,F05_037763_1935_XN_13N221W,2014-08-17,CTX,N06_064532_1939_XN_13N221W,2020-05-02,True,5-10m,False,False,True,False,False,False,
ESP_066551_1300,-49.76,119.701,119.701,2.08,cluster,n,y,35,2020-10-07,CTX,K16_059720_1299_XN_50S240W,2019-04-23,CTX,N10_066208_1305_XI_49S240W,2020-09-01,False,2-5m,False,False,False,False,False,False,
ESP_066566_2090,28.891,60.435,60.435,7.62,single,n,y,35,2020-10-08,CTX,K03_054684_2084_XN_28N299W,2018-03-27,CTX,N05_064271_2099_XI_29N299W,2020-04-01,False,5-10m,False,False,False,False,False,False,
ESP_066587_2040,23.583,206.871,-153.129,54.22,cluster,n,y,35,2020-10-09,HRSC,HD747_0000_ND3,2014-10-30,CTX,N09_066033_2029_XN_22N153W,2020-08-01,False,50-100m,False,False,False,False,False,False,
ESP_067051_1865,6.427,148.015,148.015,3.37,cluster,n,y,35,2020-11-15,CTX,K20_061156_1866_XN_06N212W,2019-08-13,CTX,N10_066088_1840_XN_04N211W,2020-09-01,False,2-5m,False,False,False,False,False,False,
ESP_066611_1760,-3.754,275.953,-84.04700000000003,5.37,cluster,n,y,35,2020-10-11,CTX,G06_020695_1777_XN_02S084W,2010-12-26,CTX,F17_042400_1748_XI_05S083W,2015-08-13,False,5-10m,False,False,False,False,False,False,
ESP_066625_1935,13.4,251.704,-108.29599999999999,6.14,cluster,n,y,35,2020-10-12,CTX,P22_009593_1916_XI_11N107W,2008-08-12,CTX,F14_041069_1917_XI_11N108W,2015-05-01,True,5-10m,False,False,False,False,False,True,
ESP_067259_1810,1.189,231.813,-128.187,4.86,single,n,y,35,2020-12-01,CTX,D15_033184_1806_XN_00N128W,2013-08-25,CTX,N09_066019_1809_XN_00N128W,2020-08-26,False,2-5m,False,False,False,False,False,False,
ESP_066986_1920,12.005,120.487,120.487,9.06,single,n,y,35,2020-11-10,CTX,N08_065469_1944_XN_14N239W,2020-07-14,CTX,N09_065812_1938_XI_13N239W,2020-08-10,False,5-10m,False,False,False,False,False,False,
ESP_068015_1855,5.328,126.959,126.959,4.54,cluster,n,y,35,2021-01-29,THEMIS,V65488007,2016-09-18,CTX,N09_065759_1871_XI_07N233W,2020-08-06,False,2-5m,False,False,False,False,False,False,
ESP_067009_1900,10.081,213.596,-146.404,6.65,cluster,n,y,35,2020-11-11,CTX,K11_057646_1899_XN_09N146W,2018-11-13,CTX,N09_066046_1900_XN_10N146W,2020-08-28,False,5-10m,False,False,False,False,False,False,
ESP_067443_1745,-5.2849,253.1273,-106.87270000000001,1.5,single,n,n,35,2020-12-15,CTX,J05_046858_1731_XI_06S106W,2016-07-25,CTX,K05_055376_1746_XN_05S106W,2018-05-20,True,<2m,False,False,False,False,False,True,
ESP_067035_1790,-0.88506,225.3444,-134.6556,5.67,single,n,y,35,2020-11-13,HRSC,H9394_0000_ND3,2011-05-11,CTX,N09_066072_1794_XI_00S134W,2020-08-30,False,5-10m,False,False,False,False,False,False,
ESP_067173_2190,38.87262,55.21625,55.21625,5.5388,cluster,n,y,35,2020-11-24,CTX,D01_027573_2189_XI_38N304W,2012-06-14,CTX,K04_055027_2196_XN_39N305W,2018-04-23,False,5-10m,False,False,False,False,False,False,
ESP_067047_1765,-3.53083,258.1301,-101.86989999999997,7.9,cluster,n,y,35,2020-11-14,CTX,P19_008604_1741_XI_05S101W,2008-05-27,CTX,F21_043983_1741_XI_05S101W,2015-12-14,True,5-10m,False,False,False,False,False,True,
ESP_067548_1985,18.05592,265.4384,-94.5616,5.92,cluster,n,y,35,2020-12-23,THEMIS,V18176015,2006-01-18,CTX,F16_041952_1982_XI_18N094W,2015-07-09,False,5-10m,False,False,False,False,False,False,
ESP_066752_1955,15.117,26.122,26.122,6.62,cluster,n,y,35,2020-10-22,CTX,B16_016023_1964_XN_16N334W,2009-12-27,CTX,K04_055015_1945_XN_14N333W,2018-04-22,False,5-10m,False,False,False,False,False,False,
ESP_066768_1605,-19.334,313.464,-46.536,6.82,single,n,n,35,2020-10-24,CTX,G22_026733_1605_XN_19S046W,2012-04-09,CTX,D19_034803_1596_XI_20S046W,2013-12-29,False,5-10m,False,False,False,False,False,False,
ESP_066778_1800,0.218,38.489,38.489,3.12,cluster,n,y,35,2020-10-24,HRSC,H1928_0000_ND3,2005-07-16,CTX,F16_042145_1803_XI_00N321W,2015-07-24,False,2-5m,False,False,False,False,False,False,
ESP_066502_2065,26.371,6.554,6.554,3.41,cluster,n,y,35,2020-10-03,CTX,B08_012938_2091_XN_29N353W,2009-04-30,CTX,J22_053552_2064_XI_26N353W,2017-12-29,True,2-5m,True,False,False,False,False,False,
ESP_066533_1895,9.199,242.679,-117.321,7.41,cluster,n,y,35,2020-10-05,CTX,P18_008064_1868_XN_06N117W,2008-04-15,CTX,J04_046344_1906_XI_10N117W,2016-06-15,False,5-10m,False,False,False,False,False,False,
ESP_066612_1830,2.998,247.46,-112.53999999999999,4.98,single,n,y,35,2020-10-11,CTX,P05_002816_1820_XI_02N112W,2007-03-03,CTX,D02_028120_1842_XI_04N112W,2012-07-26,True,2-5m,False,False,False,False,False,True,
ESP_066633_1770,-3.206,35.43,35.43,3.27,cluster,n,y,35,2020-10-13,CTX,G22_026664_1765_XN_03S324W,2012-04-04,CTX,J18_051982_1764_XI_03S324W,2017-08-28,False,2-5m,False,False,False,False,False,False,
ESP_066857_2100,29.549,39.018,39.018,3.26,single,n,y,35,2020-10-30,CTX,B20_017407_2108_XN_30N321W,2010-04-13,CTX,J03_045969_2118_XN_31N321W,2016-05-17,False,2-5m,False,False,False,False,False,False,
ESP_066883_2020,21.812,50.823,50.823,2.27,single,n,y,35,2020-11-02,CTX,F02_036764_2018_XN_21N309W,2014-05-31,CTX,K04_055080_2045_XN_24N309W,2018-04-27,False,2-5m,False,False,False,False,False,False,
ESP_066943_2280,47.602,209.036,-150.964,4.73,cluster,n,y,35,2020-11-06,CTX,P20_008711_2286_XN_48N151W,2008-06-05,CTX,D22_035624_2280_XN_48N151W,2014-03-03,False,2-5m,False,False,False,False,False,False,
ESP_066968_1755,-4.425,254.333,-105.667,7.15,cluster,n,y,35,2020-11-08,CTX,G09_021632_1756_XN_04S105W,2011-03-09,CTX,F06_038049_1754_XN_04S105W,2014-09-08,True,5-10m,False,False,False,False,False,True,
ESP_067007_2200,39.61419,264.8912171,-95.1087829,6.29,cluster,n,y,35,2020-11-11,CTX,B20_017280_2195_XN_39N095W,2010-04-03,CTX,F03_036822_2191_XN_39N095W,2014-06-04,False,5-10m,False,False,False,False,False,False,
ESP_067073_2060,25.897,265.376,-94.62400000000002,7.96,cluster,n,y,35,2020-11-16,CTX,P13_006270_2064_XN_26N094W,2007-11-28,CTX,J15_050457_2070_XI_27N094W,2017-05-02,False,5-10m,False,False,False,False,False,False,
ESP_067122_1920,11.89,10.056,10.056,2.88,single,n,y,35,2020-11-20,CTX,G07_020797_1918_XI_11N349W,2011-01-03,CTX,J07_047592_1917_XN_11N350W,2016-09-20,False,2-5m,False,False,False,False,False,False,
ESP_067126_1760,-4.196,262.503,-97.49700000000001,5.67,cluster,n,y,35,2020-11-20,CTX,G21_026537_1784_XN_01S097W,2012-03-25,CTX,K22_061996_1784_XI_01S097W,2019-10-18,False,5-10m,False,False,False,False,False,False,
ESP_067306_1890,8.901,29.606,29.606,4.34,cluster,n,y,35,2020-12-04,CTX,P17_007584_1915_XI_11N330W,2008-03-09,CTX,D16_033442_1915_XI_11N330W,2013-09-14,False,2-5m,False,False,False,False,False,False,
ESP_067310_1830,2.746,279.816,-80.18400000000003,2.84,single,n,y,35,2020-12-05,CTX,P08_004173_1812_XI_01N080W,2007-06-17,CTX,J05_046791_1808_XI_00N079W,2016-07-20,False,2-5m,False,False,False,False,False,False,
ESP_067311_1795,-0.607,254.017,-105.983,8.51,cluster,n,n,35,2020-12-05,CTX,P07_003752_1796_XN_00S105W,2007-05-15,CTX,P21_009237_1800_XI_00N106W,2008-07-16,True,5-10m,False,False,False,False,False,True,
ESP_067245_2095,29.08,251.038,-108.96199999999999,4.81,cluster,n,n,35,2020-11-30,CTX,P04_002763_2080_XN_28N109W,2007-02-27,CTX,P11_005453_2080_XN_28N108W,2007-09-25,True,2-5m,False,False,False,False,False,True,
ESP_067192_1905,10.618,259.547,-100.45299999999997,5.64,cluster,n,y,35,2020-11-26,CTX,B18_016832_1895_XI_09N100W,2010-02-28,CTX,J10_048809_1925_XI_12N100W,2016-12-24,True,5-10m,False,False,False,False,False,True,
ESP_067179_1755,-4.227,256.571,-103.42899999999997,9.72,cluster,n,y,35,2020-11-25,CTX,F05_037706_1761_XI_03S103W,2014-08-12,CTX,K10_057196_1739_XN_06S103W,2018-10-09,True,5-10m,False,False,False,False,False,True,
ESP_066773_1825,2.643,174.425,174.425,1.26,single,n,y,35,2020-10-24,CTX,D02_028004_1840_XN_04N185W,2012-07-17,CTX,F20_043630_1858_XN_05N185W,2015-11-17,False,<2m,False,False,False,False,False,False,
ESP_067319_2070,26.814,32.515,32.515,1.94,cluster,n,y,35,2020-12-05,CTX,G21_026453_2074_XN_27N327W,2012-03-18,CTX,K23_062558_2073_XI_27N327W,2019-12-01,False,<2m,False,False,False,False,False,False,
ESP_067325_1685,-11.089,233.571,-126.429,7.79,cluster,n,y,35,2020-12-06,THEMIS,V61979003,2015-12-04,HiRISE,ESP_067325_1685,2020-12-06,False,5-10m,False,False,False,False,False,False,
ESP_064701_1745,-5.584,207.627,-152.373,7.59,single,n,y,35,2020-05-16,THEMIS,V72569020,2018-04-24,THEMIS,V81627017,2020-05-09,False,5-10m,False,False,False,False,False,False,
ESP_067341_1830,2.829,155.607,155.607,1.5,single,n,y,35,2020-12-07,CTX,P15_006762_1831_XI_03N204W,2008-01-05,CTX,D18_034123_1816_XN_01N204W,2013-11-06,False,<2m,False,False,False,False,False,False,
ESP_067438_1805,0.306,28.481,28.481,4.42,cluster,n,y,35,2020-12-15,CTX,B05_011566_1800_XI_00N331W,2009-01-13,CTX,K11_057666_1787_XI_01S331W,2018-11-14,False,2-5m,False,False,False,False,False,False,
ESP_067469_1740,-5.811,263.488,-96.512,7.08,cluster,n,n,35,2020-12-17,CTX,F19_043073_1745_XN_05S096W,2015-10-04,CTX,K05_055402_1716_XI_08S096W,2018-05-22,False,5-10m,False,False,False,False,False,False,
ESP_067034_2015,21.315,249.401,-110.59899999999999,5.31,cluster,n,y,35,2020-11-13,CTX,P04_002473_2019_XN_21N110W,2007-02-05,CTX,J01_045368_2032_XN_23N110W,2016-03-31,True,5-10m,False,False,False,False,False,True,
ESP_067390_1755,-4.487,258.675,-101.32499999999999,6.34,cluster,n,y,35,2020-12-11,CTX,G09_021856_1765_XN_03S101W,2011-03-26,CTX,J10_048875_1730_XI_07S101W,2016-12-29,True,5-10m,False,False,False,False,False,True,
ESP_067543_2045,24.292,41.51,41.51,4.11,cluster,n,y,35,2020-12-23,CTX,F05_037661_2046_XN_24N318W,2014-08-09,CTX,J15_050452_2046_XI_24N318W,2017-05-01,False,2-5m,False,False,False,False,False,False,
ESP_067491_1780,-1.997,23.566,23.566,4.11,single,n,y,35,2020-12-19,CTX,B02_010419_1771_XI_02S336W,2008-10-16,CTX,K06_055569_1756_XI_04S336W,2018-06-04,False,2-5m,False,False,False,False,False,False,
ESP_067556_1930,12.793,48.459,48.459,3.83,single,n,y,35,2020-12-24,CTX,G14_023802_1932_XN_13N311W,2011-08-25,CTX,D15_033072_1950_XN_15N311W,2013-08-16,False,2-5m,False,False,False,False,False,False,
ESP_067781_2105,30.369,27.372,27.372,3.17,cluster,n,y,35,2021-01-10,CTX,B07_012423_2099_XN_29N332W,2009-03-21,CTX,F03_036923_2096_XN_29N332W,2014-06-12,False,2-5m,False,False,False,False,False,False,
ESP_067720_1820,1.76,254.429,-105.571,5.67,single,n,y,35,2021-01-06,CTX,P19_008380_1807_XI_00N105W,2008-05-10,CTX,J07_047649_1825_XN_02N105W,2016-09-25,True,5-10m,False,False,False,False,False,True,
ESP_068355_1990,18.86856135,211.5511488,-148.4488512,4.9,cluster,n,y,36,2021-02-24,CTX,G04_019972_1991_XI_19N148W,2010-10-30,CTX,K04_054995_1990_XN_19N148W,2018-04-20,False,2-5m,False,False,False,False,False,False,
ESP_068287_1770,-2.92438,270.0695,-89.9305,2.25,single,n,y,36,2021-02-19,CTX,B09_013034_1786_XN_01S090W,2009-05-08,CTX,K12_058132_1766_XN_03S090W,2018-12-21,False,2-5m,False,False,False,False,False,False,
ESP_068824_1920,11.79085,21.48203,21.48203,4.08,cluster,n,n,36,2021-04-02,CTX,P08_004222_1917_XI_11N338W,2007-06-21,CTX,F02_036541_1943_XI_14N338W,2014-05-13,False,2-5m,False,False,False,False,False,False,
ESP_068315_1655,-14.5268,225.9985,-134.0015,7.88,cluster,n,y,36,2021-02-21,CTX,F03_036916_1674_XI_12S134W,2014-06-12,CTX,K02_054032_1674_XN_12S134W,2018-02-04,False,5-10m,False,False,False,False,False,False,
ESP_068907_1755,-4.384541564,279.6717549,-80.3282451,2.75,single,n,y,36,2021-04-08,CTX,P17_007654_1730_XN_07S080W,2008-03-14,CTX,J04_046501_1730_XN_07S080W,2016-06-27,False,2-5m,False,False,False,False,False,False,
ESP_068305_1855,5.52,137.757,137.757,2.77,cluster,n,y,36,2021-02-20,CTX,N11_066616_1880_XI_08N222W,2020-10-12,CTX,N14_067975_1841_XI_04N222W,2021-01-26,True,2-5m,False,False,True,False,False,False,
ESP_068345_1850,4.940010447,126.9608196,126.9608196,3.12,cluster,n,y,36,2021-02-23,CTX,N11_066616_1880_XI_08N222W,2020-10-12,CTX,N14_067975_1841_XI_04N222W,2021-01-26,False,2-5m,False,False,False,False,False,False,
ESP_068886_1905,10.27624,133.5209,133.5209,3.53,cluster,n,y,36,2021-04-06,CTX,K22_062027_1921_XI_12N226W,2019-10-20,CTX,N14_067698_1881_XI_08N226W,2021-01-04,True,2-5m,False,False,True,False,False,False,
ESP_068181_1850,5.2697,278.1548,-81.84519999999998,10.0,single,n,y,36,2021-02-11,CTX,P06_003461_1853_XN_05N081W,2007-04-23,CTX,N10_066413_1855_XN_05N081W,2020-09-26,False,5-10m,False,False,False,False,False,False,
