ctxID,wholepath,output_folder,lat_min,lat_max,areakm2_original,areakm2_clipped
G10_022148_0957_XN_84S118W_G09_021726_0957_XN_84S117W,G:\crater_flux_output_folders\output_-115_-110_-85_-70\G10_022148_0957_XN_84S118W_G09_021726_0957_XN_84S117W,output_-115_-110_-85_-70,-84.482,-84.2953,19.0806,0.0
G09_021726_0957_XN_84S117W_D12_031774_0958_XN_84S118W,G:\crater_flux_output_folders\output_-115_-110_-85_-70\G09_021726_0957_XN_84S117W_D12_031774_0958_XN_84S118W,output_-115_-110_-85_-70,-84.3702,-84.3038,1.6278,0.0
J09_048494_0994_XN_80S113W_J11_049285_0994_XN_80S110W,G:\crater_flux_output_folders\output_-115_-110_-85_-70\J09_048494_0994_XN_80S113W_J11_049285_0994_XN_80S110W,output_-115_-110_-85_-70,-81.4187,-79.8782,144.2785,0.0
P05_002936_0957_XI_84S118W_P10_005046_0956_XI_84S117W,G:\crater_flux_output_folders\output_-115_-110_-85_-70\P05_002936_0957_XI_84S118W_P10_005046_0956_XI_84S117W,output_-115_-110_-85_-70,-84.5264,-84.3648,16.0763,0.0
P04_002646_0957_XI_84S118W_P10_005046_0956_XI_84S117W,G:\crater_flux_output_folders\output_-115_-110_-85_-70\P04_002646_0957_XI_84S118W_P10_005046_0956_XI_84S117W,output_-115_-110_-85_-70,-84.4914,-84.3319,14.1964,0.0
P10_005046_0956_XI_84S117W_J08_048046_0951_XN_84S112W,G:\crater_flux_output_folders\output_-115_-110_-85_-70\P10_005046_0956_XI_84S117W_J08_048046_0951_XN_84S112W,output_-115_-110_-85_-70,-85.0,-84.2227,302.9137,0.0
F12_040648_1005_XN_79S111W_J14_050287_1030_XI_77S113W,G:\crater_flux_output_folders\output_-115_-110_-85_-70\F12_040648_1005_XN_79S111W_J14_050287_1030_XI_77S113W,output_-115_-110_-85_-70,-79.6309,-79.014,683.3919,0.0
B09_012983_0976_XN_82S111W_J13_049905_0992_XN_80S115W,G:\crater_flux_output_folders\output_-115_-110_-85_-70\B09_012983_0976_XN_82S111W_J13_049905_0992_XN_80S115W,output_-115_-110_-85_-70,-81.7933,-80.2703,636.9524,0.0
F12_040477_1005_XN_79S110W_J14_050287_1030_XI_77S113W,G:\crater_flux_output_folders\output_-115_-110_-85_-70\F12_040477_1005_XN_79S110W_J14_050287_1030_XI_77S113W,output_-115_-110_-85_-70,-79.6309,-78.943,725.7881,0.0
J11_049035_0964_XN_83S115W_J10_048692_0966_XN_83S114W,G:\crater_flux_output_folders\output_-115_-110_-85_-70\J11_049035_0964_XN_83S115W_J10_048692_0966_XN_83S114W,output_-115_-110_-85_-70,-83.8382,-83.2059,280.8819,0.0
G05_020170_0957_XN_84S117W_J08_048046_0951_XN_84S112W,G:\crater_flux_output_folders\output_-115_-110_-85_-70\G05_020170_0957_XN_84S117W_J08_048046_0951_XN_84S112W,output_-115_-110_-85_-70,-84.5452,-84.3116,35.0561,0.0
P06_003345_0955_XI_84S115W_G08_021502_0957_XN_84S117W,G:\crater_flux_output_folders\output_-115_-110_-85_-70\P06_003345_0955_XI_84S115W_G08_021502_0957_XN_84S117W,output_-115_-110_-85_-70,-84.518,-84.2576,54.66,0.0
P05_003160_0958_XI_84S117W_G10_022148_0957_XN_84S118W,G:\crater_flux_output_folders\output_-115_-110_-85_-70\P05_003160_0958_XI_84S117W_G10_022148_0957_XN_84S118W,output_-115_-110_-85_-70,-84.4858,-84.2953,27.4083,0.0
J09_048494_0994_XN_80S113W_J13_049760_0973_XI_82S107W,G:\crater_flux_output_folders\output_-115_-110_-85_-70\J09_048494_0994_XN_80S113W_J13_049760_0973_XI_82S107W,output_-115_-110_-85_-70,-81.5241,-80.632,1072.7448,0.0
B09_012983_0976_XN_82S111W_J10_048573_0995_XN_80S113W,G:\crater_flux_output_folders\output_-115_-110_-85_-70\B09_012983_0976_XN_82S111W_J10_048573_0995_XN_80S113W,output_-115_-110_-85_-70,-80.8949,-80.152,100.0156,0.0
G05_020170_0957_XN_84S117W_J12_049444_0957_XN_84S117W,G:\crater_flux_output_folders\output_-115_-110_-85_-70\G05_020170_0957_XN_84S117W_J12_049444_0957_XN_84S117W,output_-115_-110_-85_-70,-84.4519,-84.3116,10.0067,0.0
P06_003213_0957_XI_84S118W_P09_004413_0957_XI_84S118W,G:\crater_flux_output_folders\output_-115_-110_-85_-70\P06_003213_0957_XI_84S118W_P09_004413_0957_XI_84S118W,output_-115_-110_-85_-70,-84.5222,-84.3416,20.3024,0.0
P06_003402_0845_XI_84S115W_G09_021726_0957_XN_84S117W,G:\crater_flux_output_folders\output_-115_-110_-85_-70\P06_003402_0845_XI_84S115W_G09_021726_0957_XN_84S117W,output_-115_-110_-85_-70,-84.482,-84.2949,26.2779,0.0
P05_003125_0845_XI_84S117W_G06_020592_0957_XN_84S117W,G:\crater_flux_output_folders\output_-115_-110_-85_-70\P05_003125_0845_XI_84S117W_G06_020592_0957_XN_84S117W,output_-115_-110_-85_-70,-84.4248,-84.3073,10.5578,0.0
P04_002567_0957_XI_84S118W_D12_031774_0958_XN_84S118W,G:\crater_flux_output_folders\output_-115_-110_-85_-70\P04_002567_0957_XI_84S118W_D12_031774_0958_XN_84S118W,output_-115_-110_-85_-70,-84.3702,-84.3038,1.3236,0.0
G05_020170_0957_XN_84S117W_D12_031774_0958_XN_84S118W,G:\crater_flux_output_folders\output_-115_-110_-85_-70\G05_020170_0957_XN_84S117W_D12_031774_0958_XN_84S118W,output_-115_-110_-85_-70,-84.3702,-84.3116,0.8845,0.0
J10_048507_1000_XN_80S112W_J14_050287_1030_XI_77S113W,G:\crater_flux_output_folders\output_-115_-110_-85_-70\J10_048507_1000_XN_80S112W_J14_050287_1030_XI_77S113W,output_-115_-110_-85_-70,-79.6309,-79.3107,22.4026,0.0
B12_014341_1026_XN_77S115W_J11_048929_1001_XN_79S110W,G:\crater_flux_output_folders\output_-115_-110_-85_-70\B12_014341_1026_XN_77S115W_J11_048929_1001_XN_79S110W,output_-115_-110_-85_-70,-79.7442,-78.7266,369.8778,0.0
G06_020724_0957_XN_84S117W_D12_031774_0958_XN_84S118W,G:\crater_flux_output_folders\output_-115_-110_-85_-70\G06_020724_0957_XN_84S117W_D12_031774_0958_XN_84S118W,output_-115_-110_-85_-70,-84.3702,-84.3038,3.2282,0.0
P11_005151_0951_XI_84S101W_G06_020407_0969_XN_83S112W,G:\crater_flux_output_folders\output_-115_-110_-85_-70\P11_005151_0951_XI_84S101W_G06_020407_0969_XN_83S112W,output_-115_-110_-85_-70,-83.8374,-83.8108,0.3376,0.0
J14_050287_1030_XI_77S113W_J13_049720_0993_XI_80S108W,G:\crater_flux_output_folders\output_-115_-110_-85_-70\J14_050287_1030_XI_77S113W_J13_049720_0993_XI_80S108W,output_-115_-110_-85_-70,-79.5976,-79.4105,95.8065,0.0
J09_048494_0994_XN_80S113W_J13_049984_0994_XN_80S112W,G:\crater_flux_output_folders\output_-115_-110_-85_-70\J09_048494_0994_XN_80S113W_J13_049984_0994_XN_80S112W,output_-115_-110_-85_-70,-81.5056,-79.6208,1766.7695,0.0
P05_003160_0958_XI_84S117W_G06_020592_0957_XN_84S117W,G:\crater_flux_output_folders\output_-115_-110_-85_-70\P05_003160_0958_XI_84S117W_G06_020592_0957_XN_84S117W,output_-115_-110_-85_-70,-84.4248,-84.3073,10.5577,0.0
P06_003402_0845_XI_84S115W_P10_004980_0945_XN_85S099W,G:\crater_flux_output_folders\output_-115_-110_-85_-70\P06_003402_0845_XI_84S115W_P10_004980_0945_XN_85S099W,output_-115_-110_-85_-70,-84.4555,-84.1813,137.0061,0.0
G10_021937_0957_XN_84S117W_D12_031774_0958_XN_84S118W,G:\crater_flux_output_folders\output_-115_-110_-85_-70\G10_021937_0957_XN_84S117W_D12_031774_0958_XN_84S118W,output_-115_-110_-85_-70,-84.3702,-84.3038,1.9229,0.0
G08_021502_0957_XN_84S117W_G10_021937_0957_XN_84S117W,G:\crater_flux_output_folders\output_-115_-110_-85_-70\G08_021502_0957_XN_84S117W_G10_021937_0957_XN_84S117W,output_-115_-110_-85_-70,-84.518,-84.2829,39.6639,0.0
J08_048085_1059_XN_74S114W_J09_048296_1038_XN_76S114W,G:\crater_flux_output_folders\output_-115_-110_-85_-70\J08_048085_1059_XN_74S114W_J09_048296_1038_XN_76S114W,output_-115_-110_-85_-70,-76.6387,-74.8018,451.3853,5.9598
G13_023136_1029_XN_77S109W_J09_048230_1041_XN_75S112W,G:\crater_flux_output_folders\output_-115_-110_-85_-70\G13_023136_1029_XN_77S109W_J09_048230_1041_XN_75S112W,output_-115_-110_-85_-70,-77.3123,-74.4329,539.7068,134.7264
P05_003068_0957_XI_84S118W_P07_003912_0957_XI_84S117W,G:\crater_flux_output_folders\output_-115_-110_-85_-70\P05_003068_0957_XI_84S118W_P07_003912_0957_XI_84S117W,output_-115_-110_-85_-70,-84.4994,-84.321,17.8464,0.0
F11_040226_0993_XN_80S106W_J14_050287_1030_XI_77S113W,G:\crater_flux_output_folders\output_-110_-100_-85_-30\F11_040226_0993_XN_80S106W_J14_050287_1030_XI_77S113W,output_-115_-110_-85_-70,-78.9994,-78.9825,3.3031,0.0
P05_003068_0957_XI_84S118W_P06_003213_0957_XI_84S118W,G:\crater_flux_output_folders\output_-115_-110_-85_-70\P05_003068_0957_XI_84S118W_P06_003213_0957_XI_84S118W,output_-115_-110_-85_-70,-84.4994,-84.3416,17.1901,0.0
G07_020948_0957_XN_84S117W_J12_049444_0957_XN_84S117W,G:\crater_flux_output_folders\output_-115_-110_-85_-70\G07_020948_0957_XN_84S117W_J12_049444_0957_XN_84S117W,output_-115_-110_-85_-70,-84.4519,-84.3071,10.7748,0.0
B11_013959_0961_XN_83S114W_J09_048257_0962_XN_83S114W,G:\crater_flux_output_folders\output_-115_-110_-85_-70\B11_013959_0961_XN_83S114W_J09_048257_0962_XN_83S114W,output_-115_-110_-85_-70,-84.4111,-82.5269,187.0835,0.0
P10_005046_0956_XI_84S117W_J09_048323_0946_XN_85S108W,G:\crater_flux_output_folders\output_-115_-110_-85_-70\P10_005046_0956_XI_84S117W_J09_048323_0946_XN_85S108W,output_-115_-110_-85_-70,-85.0,-84.8144,124.2054,0.0
P04_002646_0957_XI_84S118W_P06_003402_0845_XI_84S115W,G:\crater_flux_output_folders\output_-115_-110_-85_-70\P04_002646_0957_XI_84S118W_P06_003402_0845_XI_84S115W,output_-115_-110_-85_-70,-84.4914,-84.3319,14.1918,0.0
G06_020724_0957_XN_84S117W_G09_021726_0957_XN_84S117W,G:\crater_flux_output_folders\output_-115_-110_-85_-70\G06_020724_0957_XN_84S117W_G09_021726_0957_XN_84S117W,output_-115_-110_-85_-70,-84.482,-84.2949,25.9799,0.0
B12_014275_0996_XN_80S109W_J09_048296_1038_XN_76S114W,G:\crater_flux_output_folders\output_-115_-110_-85_-70\B12_014275_0996_XN_80S109W_J09_048296_1038_XN_76S114W,output_-115_-110_-85_-70,-78.2255,-77.67,324.9955,0.0
F09_039501_0981_XN_81S110W_J13_049905_0992_XN_80S115W,G:\crater_flux_output_folders\output_-115_-110_-85_-70\F09_039501_0981_XN_81S110W_J13_049905_0992_XN_80S115W,output_-115_-110_-85_-70,-81.7547,-80.7766,98.6232,0.0
P05_003068_0957_XI_84S118W_G07_020948_0957_XN_84S117W,G:\crater_flux_output_folders\output_-115_-110_-85_-70\P05_003068_0957_XI_84S118W_G07_020948_0957_XN_84S117W,output_-115_-110_-85_-70,-84.4994,-84.321,17.8464,0.0
P07_003925_0958_XI_84S115W_D06_029585_0957_XN_84S117W,G:\crater_flux_output_folders\output_-115_-110_-85_-70\P07_003925_0958_XI_84S115W_D06_029585_0957_XN_84S117W,output_-115_-110_-85_-70,-84.5661,-84.343,33.3459,0.0
B09_012983_0976_XN_82S111W_B12_014262_1016_XN_78S117W,G:\crater_flux_output_folders\output_-115_-110_-85_-70\B09_012983_0976_XN_82S111W_B12_014262_1016_XN_78S117W,output_-115_-110_-85_-70,-80.9136,-79.9431,342.9553,0.0
P05_002936_0957_XI_84S118W_D06_029585_0957_XN_84S117W,G:\crater_flux_output_folders\output_-115_-110_-85_-70\P05_002936_0957_XI_84S118W_D06_029585_0957_XN_84S117W,output_-115_-110_-85_-70,-84.5264,-84.3648,16.0698,0.0
P06_003402_0845_XI_84S115W_P07_003925_0958_XI_84S115W,G:\crater_flux_output_folders\output_-115_-110_-85_-70\P06_003402_0845_XI_84S115W_P07_003925_0958_XI_84S115W,output_-115_-110_-85_-70,-84.6216,-84.0229,348.0506,0.0
P06_003345_0955_XI_84S115W_B08_012680_0983_XN_81S122W,G:\crater_flux_output_folders\output_-115_-110_-85_-70\P06_003345_0955_XI_84S115W_B08_012680_0983_XN_81S122W,output_-115_-110_-85_-70,-84.1822,-84.1421,0.3147,0.0
P04_002567_0957_XI_84S118W_P05_003147_0955_XI_84S117W,G:\crater_flux_output_folders\output_-115_-110_-85_-70\P04_002567_0957_XI_84S118W_P05_003147_0955_XI_84S117W,output_-115_-110_-85_-70,-84.5439,-84.3978,15.028,0.0
P04_002646_0957_XI_84S118W_P05_003068_0957_XI_84S118W,G:\crater_flux_output_folders\output_-115_-110_-85_-70\P04_002646_0957_XI_84S118W_P05_003068_0957_XI_84S118W,output_-115_-110_-85_-70,-84.4914,-84.3319,14.1918,0.0
B12_014275_0996_XN_80S109W_F12_040648_1005_XN_79S111W,G:\crater_flux_output_folders\output_-115_-110_-85_-70\B12_014275_0996_XN_80S109W_F12_040648_1005_XN_79S111W,output_-115_-110_-85_-70,-79.7778,-79.0145,223.8723,0.0
P05_003147_0955_XI_84S117W_G10_021937_0957_XN_84S117W,G:\crater_flux_output_folders\output_-115_-110_-85_-70\P05_003147_0955_XI_84S117W_G10_021937_0957_XN_84S117W,output_-115_-110_-85_-70,-84.7294,-84.3978,69.8521,0.0
G05_020170_0957_XN_84S117W_J12_049431_0962_XN_83S126W,G:\crater_flux_output_folders\output_-115_-110_-85_-70\G05_020170_0957_XN_84S117W_J12_049431_0962_XN_83S126W,output_-115_-110_-85_-70,-84.5499,-84.4139,13.701,0.0
D13_032182_1030_XN_77S112W_J09_048296_1038_XN_76S114W,G:\crater_flux_output_folders\output_-115_-110_-85_-70\D13_032182_1030_XN_77S112W_J09_048296_1038_XN_76S114W,output_-115_-110_-85_-70,-76.6349,-75.0696,35.7392,0.0
P06_003424_0957_XI_84S118W_G06_020592_0957_XN_84S117W,G:\crater_flux_output_folders\output_-115_-110_-85_-70\P06_003424_0957_XI_84S118W_G06_020592_0957_XN_84S117W,output_-115_-110_-85_-70,-84.4248,-84.335,3.5388,0.0
B08_012851_0977_XN_82S108W_J13_049984_0994_XN_80S112W,G:\crater_flux_output_folders\output_-115_-110_-85_-70\B08_012851_0977_XN_82S108W_J13_049984_0994_XN_80S112W,output_-115_-110_-85_-70,-81.2733,-79.6698,813.6321,0.0
P05_002936_0957_XI_84S118W_G06_020592_0957_XN_84S117W,G:\crater_flux_output_folders\output_-115_-110_-85_-70\P05_002936_0957_XI_84S118W_G06_020592_0957_XN_84S117W,output_-115_-110_-85_-70,-84.4248,-84.3648,1.4886,0.0
G08_021502_0957_XN_84S117W_J12_049431_0962_XN_83S126W,G:\crater_flux_output_folders\output_-115_-110_-85_-70\G08_021502_0957_XN_84S117W_J12_049431_0962_XN_83S126W,output_-115_-110_-85_-70,-84.518,-84.4139,7.564,0.0
P05_003125_0845_XI_84S117W_G07_020948_0957_XN_84S117W,G:\crater_flux_output_folders\output_-115_-110_-85_-70\P05_003125_0845_XI_84S117W_G07_020948_0957_XN_84S117W,output_-115_-110_-85_-70,-84.5235,-84.3071,25.8979,0.0
F12_040450_0971_XN_82S109W_J14_050406_0967_XI_83S107W,G:\crater_flux_output_folders\output_-110_-100_-85_-30\F12_040450_0971_XN_82S109W_J14_050406_0967_XI_83S107W,output_-115_-110_-85_-70,-82.6322,-82.5279,460.7058,0.0
P10_005046_0956_XI_84S117W_J14_050077_0945_XN_85S110W,G:\crater_flux_output_folders\output_-115_-110_-85_-70\P10_005046_0956_XI_84S117W_J14_050077_0945_XN_85S110W,output_-115_-110_-85_-70,-85.0,-84.9612,6.2932,0.0
P05_003147_0955_XI_84S117W_P06_003402_0845_XI_84S115W,G:\crater_flux_output_folders\output_-115_-110_-85_-70\P05_003147_0955_XI_84S117W_P06_003402_0845_XI_84S115W,output_-115_-110_-85_-70,-84.7829,-84.3978,66.6418,0.0
J09_048257_0962_XN_83S114W_J10_048758_0965_XN_83S115W,G:\crater_flux_output_folders\output_-115_-110_-85_-70\J09_048257_0962_XN_83S114W_J10_048758_0965_XN_83S115W,output_-115_-110_-85_-70,-83.9099,-82.996,294.9668,0.0
P07_003912_0957_XI_84S117W_G05_020170_0957_XN_84S117W,G:\crater_flux_output_folders\output_-115_-110_-85_-70\P07_003912_0957_XI_84S117W_G05_020170_0957_XN_84S117W,output_-115_-110_-85_-70,-84.5499,-84.3116,38.675,0.0
P08_004333_1029_XI_77S110W_J08_048085_1059_XN_74S114W,G:\crater_flux_output_folders\output_-115_-110_-85_-70\P08_004333_1029_XI_77S110W_J08_048085_1059_XN_74S114W,output_-115_-110_-85_-70,-76.0825,-75.7769,5.7979,0.0
P04_002567_0957_XI_84S118W_P08_004202_0957_XI_84S118W,G:\crater_flux_output_folders\output_-115_-110_-85_-70\P04_002567_0957_XI_84S118W_P08_004202_0957_XI_84S118W,output_-115_-110_-85_-70,-84.5329,-84.3292,30.5491,0.0
P06_003424_0957_XI_84S118W_P10_005046_0956_XI_84S117W,G:\crater_flux_output_folders\output_-115_-110_-85_-70\P06_003424_0957_XI_84S118W_P10_005046_0956_XI_84S117W,output_-115_-110_-85_-70,-84.5174,-84.335,20.0444,0.0
P07_003912_0957_XI_84S117W_G07_020948_0957_XN_84S117W,G:\crater_flux_output_folders\output_-115_-110_-85_-70\P07_003912_0957_XI_84S117W_G07_020948_0957_XN_84S117W,output_-115_-110_-85_-70,-84.5995,-84.3071,57.3099,0.0
P07_003780_0957_XI_84S118W_D12_031774_0958_XN_84S118W,G:\crater_flux_output_folders\output_-115_-110_-85_-70\P07_003780_0957_XI_84S118W_D12_031774_0958_XN_84S118W,output_-115_-110_-85_-70,-84.3702,-84.3443,0.0303,0.0
P06_003213_0957_XI_84S118W_G08_021502_0957_XN_84S117W,G:\crater_flux_output_folders\output_-115_-110_-85_-70\P06_003213_0957_XI_84S118W_G08_021502_0957_XN_84S117W,output_-115_-110_-85_-70,-84.518,-84.3416,18.1306,0.0
G14_023690_1034_XN_76S115W_J09_048296_1038_XN_76S114W,G:\crater_flux_output_folders\output_-115_-110_-85_-70\G14_023690_1034_XN_76S115W_J09_048296_1038_XN_76S114W,output_-115_-110_-85_-70,-78.2256,-75.7132,919.0289,0.0
P05_002936_0957_XI_84S118W_P06_003345_0955_XI_84S115W,G:\crater_flux_output_folders\output_-115_-110_-85_-70\P05_002936_0957_XI_84S118W_P06_003345_0955_XI_84S115W,output_-115_-110_-85_-70,-84.5264,-84.3648,16.0662,0.0
P05_003147_0955_XI_84S117W_G06_020724_0957_XN_84S117W,G:\crater_flux_output_folders\output_-115_-110_-85_-70\P05_003147_0955_XI_84S117W_G06_020724_0957_XN_84S117W,output_-115_-110_-85_-70,-84.5375,-84.3978,10.3377,0.0
P08_004043_1026_XI_77S110W_J09_048230_1041_XN_75S112W,G:\crater_flux_output_folders\output_-115_-110_-85_-70\P08_004043_1026_XI_77S110W_J09_048230_1041_XN_75S112W,output_-115_-110_-85_-70,-77.7857,-75.547,2829.9214,0.0
P05_002936_0957_XI_84S118W_G05_020170_0957_XN_84S117W,G:\crater_flux_output_folders\output_-115_-110_-85_-70\P05_002936_0957_XI_84S118W_G05_020170_0957_XN_84S117W,output_-115_-110_-85_-70,-84.5264,-84.3648,16.0662,0.0
J08_048046_0951_XN_84S112W_J12_049444_0957_XN_84S117W,G:\crater_flux_output_folders\output_-115_-110_-85_-70\J08_048046_0951_XN_84S112W_J12_049444_0957_XN_84S117W,output_-115_-110_-85_-70,-84.4519,-84.2831,22.3282,0.0
P08_004043_1026_XI_77S110W_J08_048085_1059_XN_74S114W,G:\crater_flux_output_folders\output_-115_-110_-85_-70\P08_004043_1026_XI_77S110W_J08_048085_1059_XN_74S114W,output_-115_-110_-85_-70,-76.5941,-75.5677,1039.654,0.0
J13_049760_0973_XI_82S107W_J13_049984_0994_XN_80S112W,G:\crater_flux_output_folders\output_-110_-100_-85_-30\J13_049760_0973_XI_82S107W_J13_049984_0994_XN_80S112W,output_-115_-110_-85_-70,-81.5927,-80.632,0.6073,0.0
P11_005151_0951_XI_84S101W_J09_048257_0962_XN_83S114W,G:\crater_flux_output_folders\output_-110_-100_-85_-30\P11_005151_0951_XI_84S101W_J09_048257_0962_XN_83S114W,output_-115_-110_-85_-70,-83.8374,-83.8108,442.5849,0.0
P05_003068_0957_XI_84S118W_P06_003345_0955_XI_84S115W,G:\crater_flux_output_folders\output_-115_-110_-85_-70\P05_003068_0957_XI_84S118W_P06_003345_0955_XI_84S115W,output_-115_-110_-85_-70,-84.4994,-84.321,17.8423,0.0
P09_004413_0957_XI_84S118W_G09_021726_0957_XN_84S117W,G:\crater_flux_output_folders\output_-115_-110_-85_-70\P09_004413_0957_XI_84S118W_G09_021726_0957_XN_84S117W,output_-115_-110_-85_-70,-84.482,-84.3248,13.4054,0.0
P09_004413_0957_XI_84S118W_G06_020592_0957_XN_84S117W,G:\crater_flux_output_folders\output_-115_-110_-85_-70\P09_004413_0957_XI_84S118W_G06_020592_0957_XN_84S117W,output_-115_-110_-85_-70,-84.4248,-84.3248,4.2566,0.0
P05_003068_0957_XI_84S118W_P07_003925_0958_XI_84S115W,G:\crater_flux_output_folders\output_-115_-110_-85_-70\P05_003068_0957_XI_84S118W_P07_003925_0958_XI_84S115W,output_-115_-110_-85_-70,-84.4994,-84.321,17.843,0.0
P10_005046_0956_XI_84S117W_D06_029585_0957_XN_84S117W,G:\crater_flux_output_folders\output_-115_-110_-85_-70\P10_005046_0956_XI_84S117W_D06_029585_0957_XN_84S117W,output_-115_-110_-85_-70,-84.5661,-84.343,33.3591,0.0
P06_003213_0957_XI_84S118W_G10_021937_0957_XN_84S117W,G:\crater_flux_output_folders\output_-115_-110_-85_-70\P06_003213_0957_XI_84S118W_G10_021937_0957_XN_84S117W,output_-115_-110_-85_-70,-84.5255,-84.3416,21.3443,0.0
J12_049338_0969_XN_83S111W_J14_050393_1001_XI_79S119W,G:\crater_flux_output_folders\output_-115_-110_-85_-70\J12_049338_0969_XN_83S111W_J14_050393_1001_XI_79S119W,output_-115_-110_-85_-70,-82.4392,-82.149,201.8969,0.0
B07_012390_0959_XN_84S117W_D06_029585_0957_XN_84S117W,G:\crater_flux_output_folders\output_-115_-110_-85_-70\B07_012390_0959_XN_84S117W_D06_029585_0957_XN_84S117W,output_-115_-110_-85_-70,-84.3868,-84.343,1.2736,0.0
P05_003160_0958_XI_84S117W_P06_003402_0845_XI_84S115W,G:\crater_flux_output_folders\output_-115_-110_-85_-70\P05_003160_0958_XI_84S117W_P06_003402_0845_XI_84S115W,output_-115_-110_-85_-70,-84.5858,-84.1668,107.2359,0.0
G05_020170_0957_XN_84S117W_G10_021937_0957_XN_84S117W,G:\crater_flux_output_folders\output_-115_-110_-85_-70\G05_020170_0957_XN_84S117W_G10_021937_0957_XN_84S117W,output_-115_-110_-85_-70,-84.5499,-84.3116,35.3189,0.0
P10_004980_0945_XN_85S099W_J09_048257_0962_XN_83S114W,G:\crater_flux_output_folders\output_-110_-100_-85_-30\P10_004980_0945_XN_85S099W_J09_048257_0962_XN_83S114W,output_-115_-110_-85_-70,-84.4111,-84.091,343.9688,0.0
P05_003160_0958_XI_84S117W_P07_003925_0958_XI_84S115W,G:\crater_flux_output_folders\output_-115_-110_-85_-70\P05_003160_0958_XI_84S117W_P07_003925_0958_XI_84S115W,output_-115_-110_-85_-70,-84.5858,-84.1668,107.2359,0.0
P04_002567_0957_XI_84S118W_P04_002646_0957_XI_84S118W,G:\crater_flux_output_folders\output_-115_-110_-85_-70\P04_002567_0957_XI_84S118W_P04_002646_0957_XI_84S118W,output_-115_-110_-85_-70,-84.4914,-84.3319,18.5656,0.0
P06_003402_0845_XI_84S115W_G05_020170_0957_XN_84S117W,G:\crater_flux_output_folders\output_-115_-110_-85_-70\P06_003402_0845_XI_84S115W_G05_020170_0957_XN_84S117W,output_-115_-110_-85_-70,-84.5499,-84.3116,41.3627,0.0
B11_013959_0961_XN_83S114W_B08_012614_0971_XN_82S115W,G:\crater_flux_output_folders\output_-110_-100_-85_-30\B11_013959_0961_XN_83S114W_B08_012614_0971_XN_82S115W,output_-115_-110_-85_-70,-84.086,-82.477,29.9373,0.0
P07_003780_0957_XI_84S118W_J12_049444_0957_XN_84S117W,G:\crater_flux_output_folders\output_-115_-110_-85_-70\P07_003780_0957_XI_84S118W_J12_049444_0957_XN_84S117W,output_-115_-110_-85_-70,-84.4519,-84.3443,5.6919,0.0
B08_012851_0977_XN_82S108W_J11_049285_0994_XN_80S110W,G:\crater_flux_output_folders\output_-110_-100_-85_-30\B08_012851_0977_XN_82S108W_J11_049285_0994_XN_80S110W,output_-115_-110_-85_-70,-81.2733,-79.6733,228.4395,0.0
P05_003147_0955_XI_84S117W_J12_049431_0962_XN_83S126W,G:\crater_flux_output_folders\output_-115_-110_-85_-70\P05_003147_0955_XI_84S117W_J12_049431_0962_XN_83S126W,output_-115_-110_-85_-70,-84.8412,-84.4139,132.8001,0.0
B09_012983_0976_XN_82S111W_J10_048705_0975_XN_82S111W,G:\crater_flux_output_folders\output_-110_-100_-85_-30\B09_012983_0976_XN_82S111W_J10_048705_0975_XN_82S111W,output_-115_-110_-85_-70,-82.4812,-82.0074,119.8352,0.0
P06_003424_0957_XI_84S118W_D06_029585_0957_XN_84S117W,G:\crater_flux_output_folders\output_-115_-110_-85_-70\P06_003424_0957_XI_84S118W_D06_029585_0957_XN_84S117W,output_-115_-110_-85_-70,-84.5174,-84.343,19.0828,0.0
P05_003068_0957_XI_84S118W_G10_021937_0957_XN_84S117W,G:\crater_flux_output_folders\output_-115_-110_-85_-70\P05_003068_0957_XI_84S118W_G10_021937_0957_XN_84S117W,output_-115_-110_-85_-70,-84.4994,-84.321,17.843,0.0
P04_002567_0957_XI_84S118W_G10_022148_0957_XN_84S118W,G:\crater_flux_output_folders\output_-115_-110_-85_-70\P04_002567_0957_XI_84S118W_G10_022148_0957_XN_84S118W,output_-115_-110_-85_-70,-84.4858,-84.2969,19.9275,0.0
P06_003402_0845_XI_84S115W_G07_020948_0957_XN_84S117W,G:\crater_flux_output_folders\output_-115_-110_-85_-70\P06_003402_0845_XI_84S115W_G07_020948_0957_XN_84S117W,output_-115_-110_-85_-70,-84.673,-84.3071,95.7291,0.0
D12_031826_1031_XN_76S114W_J11_048929_1001_XN_79S110W,G:\crater_flux_output_folders\output_-115_-110_-85_-70\D12_031826_1031_XN_76S114W_J11_048929_1001_XN_79S110W,output_-115_-110_-85_-70,-78.733,-78.6726,2.8908,0.0
P04_002646_0957_XI_84S118W_G07_020948_0957_XN_84S117W,G:\crater_flux_output_folders\output_-115_-110_-85_-70\P04_002646_0957_XI_84S118W_G07_020948_0957_XN_84S117W,output_-115_-110_-85_-70,-84.4914,-84.3319,14.1903,0.0
P05_003125_0845_XI_84S117W_P06_003402_0845_XI_84S115W,G:\crater_flux_output_folders\output_-115_-110_-85_-70\P05_003125_0845_XI_84S117W_P06_003402_0845_XI_84S115W,output_-115_-110_-85_-70,-84.5235,-84.1481,117.6834,0.0
B12_014407_1025_XN_77S117W_F12_040635_1006_XN_79S115W,G:\crater_flux_output_folders\output_-115_-110_-85_-70\B12_014407_1025_XN_77S117W_F12_040635_1006_XN_79S115W,output_-115_-110_-85_-70,-79.6828,-78.9998,210.6325,0.0
P07_003912_0957_XI_84S117W_P08_004202_0957_XI_84S118W,G:\crater_flux_output_folders\output_-115_-110_-85_-70\P07_003912_0957_XI_84S117W_P08_004202_0957_XI_84S118W,output_-115_-110_-85_-70,-84.5329,-84.3292,30.4358,0.0
P04_002646_0957_XI_84S118W_P05_003160_0958_XI_84S117W,G:\crater_flux_output_folders\output_-115_-110_-85_-70\P04_002646_0957_XI_84S118W_P05_003160_0958_XI_84S117W,output_-115_-110_-85_-70,-84.4914,-84.3319,14.1903,0.0
P06_003424_0957_XI_84S118W_G10_022148_0957_XN_84S118W,G:\crater_flux_output_folders\output_-115_-110_-85_-70\P06_003424_0957_XI_84S118W_G10_022148_0957_XN_84S118W,output_-115_-110_-85_-70,-84.4858,-84.335,12.5244,0.0
P07_003925_0958_XI_84S115W_P10_004980_0945_XN_85S099W,G:\crater_flux_output_folders\output_-115_-110_-85_-70\P07_003925_0958_XI_84S115W_P10_004980_0945_XN_85S099W,output_-115_-110_-85_-70,-84.4931,-84.2205,115.9528,0.0
P07_003925_0958_XI_84S115W_J12_049444_0957_XN_84S117W,G:\crater_flux_output_folders\output_-115_-110_-85_-70\P07_003925_0958_XI_84S115W_J12_049444_0957_XN_84S117W,output_-115_-110_-85_-70,-84.4519,-84.2831,22.4227,0.0
P07_003925_0958_XI_84S115W_P09_004413_0957_XI_84S118W,G:\crater_flux_output_folders\output_-115_-110_-85_-70\P07_003925_0958_XI_84S115W_P09_004413_0957_XI_84S118W,output_-115_-110_-85_-70,-84.5222,-84.3248,29.0145,0.0
J09_048244_0946_XN_85S108W_J10_048534_0945_XN_85S107W,G:\crater_flux_output_folders\output_-110_-100_-85_-30\J09_048244_0946_XN_85S108W_J10_048534_0945_XN_85S107W,output_-115_-110_-85_-70,-85.0,-84.9546,14.2719,0.0
G10_021937_0957_XN_84S117W_J12_049444_0957_XN_84S117W,G:\crater_flux_output_folders\output_-115_-110_-85_-70\G10_021937_0957_XN_84S117W_J12_049444_0957_XN_84S117W,output_-115_-110_-85_-70,-84.4519,-84.2831,13.5554,0.0
B07_012390_0959_XN_84S117W_G08_021502_0957_XN_84S117W,G:\crater_flux_output_folders\output_-115_-110_-85_-70\B07_012390_0959_XN_84S117W_G08_021502_0957_XN_84S117W,output_-115_-110_-85_-70,-84.3868,-84.2576,14.881,0.0
P05_003068_0957_XI_84S118W_P06_003402_0845_XI_84S115W,G:\crater_flux_output_folders\output_-115_-110_-85_-70\P05_003068_0957_XI_84S118W_P06_003402_0845_XI_84S115W,output_-115_-110_-85_-70,-84.4994,-84.321,17.8448,0.0
J12_049404_1005_XI_79S120W_J13_049905_0992_XN_80S115W,G:\crater_flux_output_folders\output_-115_-110_-85_-70\J12_049404_1005_XI_79S120W_J13_049905_0992_XN_80S115W,output_-115_-110_-85_-70,-81.886,-81.1789,2.5774,0.0
G06_020407_0969_XN_83S112W_J12_049338_0969_XN_83S111W,G:\crater_flux_output_folders\output_-110_-100_-85_-30\G06_020407_0969_XN_83S112W_J12_049338_0969_XN_83S111W,output_-115_-110_-85_-70,-83.7869,-82.2136,355.1646,0.0
G06_020407_0969_XN_83S112W_F13_040978_1004_XN_79S118W,G:\crater_flux_output_folders\output_-115_-110_-85_-70\G06_020407_0969_XN_83S112W_F13_040978_1004_XN_79S118W,output_-115_-110_-85_-70,-82.442,-82.2,81.7689,0.0
P08_004202_0957_XI_84S118W_J12_049431_0962_XN_83S126W,G:\crater_flux_output_folders\output_-115_-110_-85_-70\P08_004202_0957_XI_84S118W_J12_049431_0962_XN_83S126W,output_-115_-110_-85_-70,-84.5329,-84.4139,10.4809,0.0
P10_005046_0956_XI_84S117W_J10_048534_0945_XN_85S107W,G:\crater_flux_output_folders\output_-115_-110_-85_-70\P10_005046_0956_XI_84S117W_J10_048534_0945_XN_85S107W,output_-115_-110_-85_-70,-85.0,-84.9676,2.0946,0.0
B08_012851_0977_XN_82S108W_J14_050340_0975_XI_82S106W,G:\crater_flux_output_folders\output_-115_-110_-85_-70\B08_012851_0977_XN_82S108W_J14_050340_0975_XI_82S106W,output_-115_-110_-85_-70,-81.2733,-80.8652,116.1992,0.0
P06_003213_0957_XI_84S118W_P07_003912_0957_XI_84S117W,G:\crater_flux_output_folders\output_-115_-110_-85_-70\P06_003213_0957_XI_84S118W_P07_003912_0957_XI_84S117W,output_-115_-110_-85_-70,-84.5255,-84.3416,21.3443,0.0
P05_003068_0957_XI_84S118W_D06_029585_0957_XN_84S117W,G:\crater_flux_output_folders\output_-115_-110_-85_-70\P05_003068_0957_XI_84S118W_D06_029585_0957_XN_84S117W,output_-115_-110_-85_-70,-84.4994,-84.343,15.652,0.0
B08_012719_0996_XN_80S108W_B12_014275_0996_XN_80S109W,G:\crater_flux_output_folders\output_-115_-110_-85_-70\B08_012719_0996_XN_80S108W_B12_014275_0996_XN_80S109W,output_-115_-110_-85_-70,-79.497,-77.7658,515.616,0.0
B12_014407_1025_XN_77S117W_J10_048507_1000_XN_80S112W,G:\crater_flux_output_folders\output_-115_-110_-85_-70\B12_014407_1025_XN_77S117W_J10_048507_1000_XN_80S112W,output_-115_-110_-85_-70,-79.7857,-79.3345,220.5092,0.0
G09_021726_0957_XN_84S117W_D06_029585_0957_XN_84S117W,G:\crater_flux_output_folders\output_-115_-110_-85_-70\G09_021726_0957_XN_84S117W_D06_029585_0957_XN_84S117W,output_-115_-110_-85_-70,-84.482,-84.343,12.484,0.0
B07_012390_0959_XN_84S117W_D12_031774_0958_XN_84S118W,G:\crater_flux_output_folders\output_-115_-110_-85_-70\B07_012390_0959_XN_84S117W_D12_031774_0958_XN_84S118W,output_-115_-110_-85_-70,-84.3702,-84.3038,3.2283,0.0
G08_021502_0957_XN_84S117W_J08_048046_0951_XN_84S112W,G:\crater_flux_output_folders\output_-115_-110_-85_-70\G08_021502_0957_XN_84S117W_J08_048046_0951_XN_84S112W,output_-115_-110_-85_-70,-84.518,-84.2576,39.9248,0.0
B11_013959_0961_XN_83S114W_J08_048046_0951_XN_84S112W,G:\crater_flux_output_folders\output_-110_-100_-85_-30\B11_013959_0961_XN_83S114W_J08_048046_0951_XN_84S112W,output_-115_-110_-85_-70,-84.5144,-84.3936,117.6812,0.0
G05_020170_0957_XN_84S117W_G06_020592_0957_XN_84S117W,G:\crater_flux_output_folders\output_-115_-110_-85_-70\G05_020170_0957_XN_84S117W_G06_020592_0957_XN_84S117W,output_-115_-110_-85_-70,-84.4248,-84.3116,5.9867,0.0
G10_022148_0957_XN_84S118W_J12_049431_0962_XN_83S126W,G:\crater_flux_output_folders\output_-115_-110_-85_-70\G10_022148_0957_XN_84S118W_J12_049431_0962_XN_83S126W,output_-115_-110_-85_-70,-84.4858,-84.4139,3.7315,0.0
J10_048758_0965_XN_83S115W_J11_049035_0964_XN_83S115W,G:\crater_flux_output_folders\output_-115_-110_-85_-70\J10_048758_0965_XN_83S115W_J11_049035_0964_XN_83S115W,output_-115_-110_-85_-70,-83.9067,-83.2059,357.3707,0.0
P05_003160_0958_XI_84S117W_P07_003912_0957_XI_84S117W,G:\crater_flux_output_folders\output_-115_-110_-85_-70\P05_003160_0958_XI_84S117W_P07_003912_0957_XI_84S117W,output_-115_-110_-85_-70,-84.5858,-84.2972,69.9221,0.0
P04_002646_0957_XI_84S118W_D06_029585_0957_XN_84S117W,G:\crater_flux_output_folders\output_-115_-110_-85_-70\P04_002646_0957_XI_84S118W_D06_029585_0957_XN_84S117W,output_-115_-110_-85_-70,-84.4914,-84.343,13.6576,0.0
P08_004043_1026_XI_77S110W_B08_012719_0996_XN_80S108W,G:\crater_flux_output_folders\output_-110_-100_-85_-30\P08_004043_1026_XI_77S110W_B08_012719_0996_XN_80S108W,output_-115_-110_-85_-70,-78.8006,-77.68,483.8889,0.0
P05_003147_0955_XI_84S117W_P08_004202_0957_XI_84S118W,G:\crater_flux_output_folders\output_-115_-110_-85_-70\P05_003147_0955_XI_84S117W_P08_004202_0957_XI_84S118W,output_-115_-110_-85_-70,-84.5329,-84.3978,10.0371,0.0
P06_003424_0957_XI_84S118W_G07_020948_0957_XN_84S117W,G:\crater_flux_output_folders\output_-115_-110_-85_-70\P06_003424_0957_XI_84S118W_G07_020948_0957_XN_84S117W,output_-115_-110_-85_-70,-84.5174,-84.335,20.0466,0.0
P06_003402_0845_XI_84S115W_J08_048046_0951_XN_84S112W,G:\crater_flux_output_folders\output_-115_-110_-85_-70\P06_003402_0845_XI_84S115W_J08_048046_0951_XN_84S112W,output_-115_-110_-85_-70,-84.6626,-84.0229,414.1267,0.0
F12_040648_1005_XN_79S111W_J10_048507_1000_XN_80S112W,G:\crater_flux_output_folders\output_-115_-110_-85_-70\F12_040648_1005_XN_79S111W_J10_048507_1000_XN_80S112W,output_-115_-110_-85_-70,-79.833,-79.277,134.5204,0.0
P04_002646_0957_XI_84S118W_J08_048046_0951_XN_84S112W,G:\crater_flux_output_folders\output_-115_-110_-85_-70\P04_002646_0957_XI_84S118W_J08_048046_0951_XN_84S112W,output_-115_-110_-85_-70,-84.4914,-84.3319,14.1913,0.0
P07_003925_0958_XI_84S115W_G08_021502_0957_XN_84S117W,G:\crater_flux_output_folders\output_-115_-110_-85_-70\P07_003925_0958_XI_84S115W_G08_021502_0957_XN_84S117W,output_-115_-110_-85_-70,-84.518,-84.2576,54.6449,0.0
J09_048494_0994_XN_80S113W_J10_048507_1000_XN_80S112W,G:\crater_flux_output_folders\output_-115_-110_-85_-70\J09_048494_0994_XN_80S113W_J10_048507_1000_XN_80S112W,output_-115_-110_-85_-70,-80.7027,-79.6208,373.1978,0.0
B12_014341_1026_XN_77S115W_J10_048507_1000_XN_80S112W,G:\crater_flux_output_folders\output_-115_-110_-85_-70\B12_014341_1026_XN_77S115W_J10_048507_1000_XN_80S112W,output_-115_-110_-85_-70,-79.843,-79.277,614.2045,0.0
G14_023690_1034_XN_76S115W_J14_050287_1030_XI_77S113W,G:\crater_flux_output_folders\output_-115_-110_-85_-70\G14_023690_1034_XN_76S115W_J14_050287_1030_XI_77S113W,output_-115_-110_-85_-70,-78.3336,-76.0775,275.3653,0.0
D13_032327_1060_XN_74S114W_J14_050353_1027_XI_77S110W,G:\crater_flux_output_folders\output_-115_-110_-85_-70\D13_032327_1060_XN_74S114W_J14_050353_1027_XI_77S110W,output_-115_-110_-85_-70,-75.748,-75.351,352.9833,0.0
P05_003068_0957_XI_84S118W_G10_022148_0957_XN_84S118W,G:\crater_flux_output_folders\output_-115_-110_-85_-70\P05_003068_0957_XI_84S118W_G10_022148_0957_XN_84S118W,output_-115_-110_-85_-70,-84.4858,-84.321,14.5321,0.0
G13_023136_1029_XN_77S109W_J14_050353_1027_XI_77S110W,G:\crater_flux_output_folders\output_-110_-100_-85_-30\G13_023136_1029_XN_77S109W_J14_050353_1027_XI_77S110W,output_-115_-110_-85_-70,-77.3123,-75.3251,1539.6544,0.0
P05_003068_0957_XI_84S118W_G09_021726_0957_XN_84S117W,G:\crater_flux_output_folders\output_-115_-110_-85_-70\P05_003068_0957_XI_84S118W_G09_021726_0957_XN_84S117W,output_-115_-110_-85_-70,-84.482,-84.321,13.9332,0.0
J12_049404_1005_XI_79S120W_J14_050393_1001_XI_79S119W,G:\crater_flux_output_folders\output_-115_-110_-85_-70\J12_049404_1005_XI_79S120W_J14_050393_1001_XI_79S119W,output_-115_-110_-85_-70,-81.9708,-81.1789,166.1101,0.0
B12_014275_0996_XN_80S109W_F12_040477_1005_XN_79S110W,G:\crater_flux_output_folders\output_-115_-110_-85_-70\B12_014275_0996_XN_80S109W_F12_040477_1005_XN_79S110W,output_-115_-110_-85_-70,-79.7673,-78.9467,231.305,0.0
G06_020407_0969_XN_83S112W_J13_049747_0973_XI_82S115W,G:\crater_flux_output_folders\output_-110_-100_-85_-30\G06_020407_0969_XN_83S112W_J13_049747_0973_XI_82S115W,output_-115_-110_-85_-70,-83.9612,-82.2,372.2384,0.0
P08_004043_1026_XI_77S110W_J14_050287_1030_XI_77S113W,G:\crater_flux_output_folders\output_-115_-110_-85_-70\P08_004043_1026_XI_77S110W_J14_050287_1030_XI_77S113W,output_-115_-110_-85_-70,-78.2428,-75.6211,551.9992,0.0
P06_003213_0957_XI_84S118W_G10_022148_0957_XN_84S118W,G:\crater_flux_output_folders\output_-115_-110_-85_-70\P06_003213_0957_XI_84S118W_G10_022148_0957_XN_84S118W,output_-115_-110_-85_-70,-84.4858,-84.3416,11.8769,0.0
P08_004202_0957_XI_84S118W_G08_021502_0957_XN_84S117W,G:\crater_flux_output_folders\output_-115_-110_-85_-70\P08_004202_0957_XI_84S118W_G08_021502_0957_XN_84S117W,output_-115_-110_-85_-70,-84.518,-84.3292,19.1743,0.0
P05_002936_0957_XI_84S118W_J12_049431_0962_XN_83S126W,G:\crater_flux_output_folders\output_-115_-110_-85_-70\P05_002936_0957_XI_84S118W_J12_049431_0962_XN_83S126W,output_-115_-110_-85_-70,-84.5264,-84.4139,9.6372,0.0
B07_012390_0959_XN_84S117W_G10_022148_0957_XN_84S118W,G:\crater_flux_output_folders\output_-115_-110_-85_-70\B07_012390_0959_XN_84S117W_G10_022148_0957_XN_84S118W,output_-115_-110_-85_-70,-84.3868,-84.2953,6.6667,0.0
P06_003345_0955_XI_84S115W_G10_021937_0957_XN_84S117W,G:\crater_flux_output_folders\output_-115_-110_-85_-70\P06_003345_0955_XI_84S115W_G10_021937_0957_XN_84S117W,output_-115_-110_-85_-70,-84.7294,-84.2829,156.2322,0.0
J09_048323_0946_XN_85S108W_J14_050077_0945_XN_85S110W,G:\crater_flux_output_folders\output_-115_-110_-85_-70\J09_048323_0946_XN_85S108W_J14_050077_0945_XN_85S110W,output_-115_-110_-85_-70,-85.0,-84.9612,6.2693,0.0
F12_040635_1006_XN_79S115W_J13_049984_0994_XN_80S112W,G:\crater_flux_output_folders\output_-115_-110_-85_-70\F12_040635_1006_XN_79S115W_J13_049984_0994_XN_80S112W,output_-115_-110_-85_-70,-79.6807,-79.5406,56.7534,0.0
P04_002567_0957_XI_84S118W_G09_021726_0957_XN_84S117W,G:\crater_flux_output_folders\output_-115_-110_-85_-70\P04_002567_0957_XI_84S118W_G09_021726_0957_XN_84S117W,output_-115_-110_-85_-70,-84.482,-84.2969,19.257,0.0
B07_012548_0969_XN_83S110W_J10_048705_0975_XN_82S111W,G:\crater_flux_output_folders\output_-115_-110_-85_-70\B07_012548_0969_XN_83S110W_J10_048705_0975_XN_82S111W,output_-115_-110_-85_-70,-82.8469,-82.129,505.5792,0.0
P10_004980_0945_XN_85S099W_G06_020724_0957_XN_84S117W,G:\crater_flux_output_folders\output_-115_-110_-85_-70\P10_004980_0945_XN_85S099W_G06_020724_0957_XN_84S117W,output_-115_-110_-85_-70,-84.3306,-84.3222,0.0577,0.0
F13_040978_1004_XN_79S118W_J10_048705_0975_XN_82S111W,G:\crater_flux_output_folders\output_-115_-110_-85_-70\F13_040978_1004_XN_79S118W_J10_048705_0975_XN_82S111W,output_-115_-110_-85_-70,-82.3938,-82.0746,172.6816,0.0
G07_020948_0957_XN_84S117W_G10_021937_0957_XN_84S117W,G:\crater_flux_output_folders\output_-115_-110_-85_-70\G07_020948_0957_XN_84S117W_G10_021937_0957_XN_84S117W,output_-115_-110_-85_-70,-84.673,-84.3071,90.1563,0.0
J13_049760_0973_XI_82S107W_J13_049905_0992_XN_80S115W,G:\crater_flux_output_folders\output_-115_-110_-85_-70\J13_049760_0973_XI_82S107W_J13_049905_0992_XN_80S115W,output_-115_-110_-85_-70,-81.3091,-80.7288,167.9998,0.0
P08_004202_0957_XI_84S118W_J08_048046_0951_XN_84S112W,G:\crater_flux_output_folders\output_-115_-110_-85_-70\P08_004202_0957_XI_84S118W_J08_048046_0951_XN_84S112W,output_-115_-110_-85_-70,-84.5321,-84.3292,24.3574,0.0
B11_013959_0961_XN_83S114W_J10_048692_0966_XN_83S114W,G:\crater_flux_output_folders\output_-115_-110_-85_-70\B11_013959_0961_XN_83S114W_J10_048692_0966_XN_83S114W,output_-115_-110_-85_-70,-83.7742,-82.8975,112.8092,0.0
J09_048230_1041_XN_75S112W_J14_050353_1027_XI_77S110W,G:\crater_flux_output_folders\output_-115_-110_-85_-70\J09_048230_1041_XN_75S112W_J14_050353_1027_XI_77S110W,output_-115_-110_-85_-70,-77.7658,-75.3251,2840.4078,0.0
B07_012482_0973_XN_82S112W_B11_013959_0961_XN_83S114W,G:\crater_flux_output_folders\output_-115_-110_-85_-70\B07_012482_0973_XN_82S112W_B11_013959_0961_XN_83S114W,output_-115_-110_-85_-70,-83.201,-82.7214,85.2637,0.0
P10_005046_0956_XI_84S117W_J12_049431_0962_XN_83S126W,G:\crater_flux_output_folders\output_-115_-110_-85_-70\P10_005046_0956_XI_84S117W_J12_049431_0962_XN_83S126W,output_-115_-110_-85_-70,-85.0,-84.4139,311.6621,0.0
F12_040477_1005_XN_79S110W_J13_049720_0993_XI_80S108W,G:\crater_flux_output_folders\output_-110_-100_-85_-30\F12_040477_1005_XN_79S110W_J13_049720_0993_XI_80S108W,output_-115_-110_-85_-70,-79.7734,-79.4105,157.4025,0.0
P04_002567_0957_XI_84S118W_P09_004413_0957_XI_84S118W,G:\crater_flux_output_folders\output_-115_-110_-85_-70\P04_002567_0957_XI_84S118W_P09_004413_0957_XI_84S118W,output_-115_-110_-85_-70,-84.5222,-84.3248,28.793,0.0
B07_012482_0973_XN_82S112W_G06_020407_0969_XN_83S112W,G:\crater_flux_output_folders\output_-115_-110_-85_-70\B07_012482_0973_XN_82S112W_G06_020407_0969_XN_83S112W,output_-115_-110_-85_-70,-83.201,-82.2409,838.3475,0.0
J11_048929_1001_XN_79S110W_J14_050287_1030_XI_77S113W,G:\crater_flux_output_folders\output_-115_-110_-85_-70\J11_048929_1001_XN_79S110W_J14_050287_1030_XI_77S113W,output_-115_-110_-85_-70,-79.6262,-78.6603,1052.8699,0.0
B08_012904_1001_XN_79S119W_J10_048705_0975_XN_82S111W,G:\crater_flux_output_folders\output_-115_-110_-85_-70\B08_012904_1001_XN_79S119W_J10_048705_0975_XN_82S111W,output_-115_-110_-85_-70,-82.3458,-82.1344,25.5111,0.0
P05_003147_0955_XI_84S117W_P07_003925_0958_XI_84S115W,G:\crater_flux_output_folders\output_-115_-110_-85_-70\P05_003147_0955_XI_84S117W_P07_003925_0958_XI_84S115W,output_-115_-110_-85_-70,-84.6216,-84.3978,31.1752,0.0
B07_012482_0973_XN_82S112W_B08_012614_0971_XN_82S115W,G:\crater_flux_output_folders\output_-115_-110_-85_-70\B07_012482_0973_XN_82S112W_B08_012614_0971_XN_82S115W,output_-115_-110_-85_-70,-83.201,-82.2081,1125.0571,0.0
B12_014262_1016_XN_78S117W_J13_049984_0994_XN_80S112W,G:\crater_flux_output_folders\output_-115_-110_-85_-70\B12_014262_1016_XN_78S117W_J13_049984_0994_XN_80S112W,output_-115_-110_-85_-70,-80.8144,-79.5297,441.9375,0.0
P05_003147_0955_XI_84S117W_P10_005046_0956_XI_84S117W,G:\crater_flux_output_folders\output_-115_-110_-85_-70\P05_003147_0955_XI_84S117W_P10_005046_0956_XI_84S117W,output_-115_-110_-85_-70,-84.8412,-84.3978,134.0057,0.0
P05_003125_0845_XI_84S117W_P07_003912_0957_XI_84S117W,G:\crater_flux_output_folders\output_-115_-110_-85_-70\P05_003125_0845_XI_84S117W_P07_003912_0957_XI_84S117W,output_-115_-110_-85_-70,-84.5235,-84.2972,29.702,0.0
P06_003213_0957_XI_84S118W_G06_020592_0957_XN_84S117W,G:\crater_flux_output_folders\output_-115_-110_-85_-70\P06_003213_0957_XI_84S118W_G06_020592_0957_XN_84S117W,output_-115_-110_-85_-70,-84.4248,-84.3416,3.2146,0.0
J14_050340_0975_XI_82S106W_J13_049984_0994_XN_80S112W,G:\crater_flux_output_folders\output_-115_-110_-85_-70\J14_050340_0975_XI_82S106W_J13_049984_0994_XN_80S112W,output_-115_-110_-85_-70,-81.4269,-80.8974,197.5573,0.0
P05_003160_0958_XI_84S117W_P10_004980_0945_XN_85S099W,G:\crater_flux_output_folders\output_-115_-110_-85_-70\P05_003160_0958_XI_84S117W_P10_004980_0945_XN_85S099W,output_-115_-110_-85_-70,-84.3594,-84.3087,2.569,0.0
P08_004043_1026_XI_77S110W_D13_032182_1030_XN_77S112W,G:\crater_flux_output_folders\output_-115_-110_-85_-70\P08_004043_1026_XI_77S110W_D13_032182_1030_XN_77S112W,output_-115_-110_-85_-70,-78.7361,-75.6059,1867.0435,0.0
G06_020592_0957_XN_84S117W_G09_021726_0957_XN_84S117W,G:\crater_flux_output_folders\output_-115_-110_-85_-70\G06_020592_0957_XN_84S117W_G09_021726_0957_XN_84S117W,output_-115_-110_-85_-70,-84.4248,-84.3073,7.3804,0.0
B08_012719_0996_XN_80S108W_G07_020789_1037_XN_76S113W,G:\crater_flux_output_folders\output_-115_-110_-85_-70\B08_012719_0996_XN_80S108W_G07_020789_1037_XN_76S113W,output_-115_-110_-85_-70,-77.8491,-77.6898,95.492,0.0
P04_002567_0957_XI_84S118W_G10_021937_0957_XN_84S117W,G:\crater_flux_output_folders\output_-115_-110_-85_-70\P04_002567_0957_XI_84S118W_G10_021937_0957_XN_84S117W,output_-115_-110_-85_-70,-84.5439,-84.2969,37.6057,0.0
G05_020170_0957_XN_84S117W_G08_021502_0957_XN_84S117W,G:\crater_flux_output_folders\output_-115_-110_-85_-70\G05_020170_0957_XN_84S117W_G08_021502_0957_XN_84S117W,output_-115_-110_-85_-70,-84.518,-84.3116,23.988,0.0
J10_048507_1000_XN_80S112W_J13_049984_0994_XN_80S112W,G:\crater_flux_output_folders\output_-115_-110_-85_-70\J10_048507_1000_XN_80S112W_J13_049984_0994_XN_80S112W,output_-115_-110_-85_-70,-80.7027,-79.4994,662.4579,0.0
P07_003912_0957_XI_84S117W_J12_049444_0957_XN_84S117W,G:\crater_flux_output_folders\output_-115_-110_-85_-70\P07_003912_0957_XI_84S117W_J12_049444_0957_XN_84S117W,output_-115_-110_-85_-70,-84.4519,-84.2972,11.3079,0.0
P05_003068_0957_XI_84S118W_P08_004202_0957_XI_84S118W,G:\crater_flux_output_folders\output_-115_-110_-85_-70\P05_003068_0957_XI_84S118W_P08_004202_0957_XI_84S118W,output_-115_-110_-85_-70,-84.4994,-84.3292,17.8426,0.0
P08_004043_1026_XI_77S110W_J14_050353_1027_XI_77S110W,G:\crater_flux_output_folders\output_-110_-100_-85_-30\P08_004043_1026_XI_77S110W_J14_050353_1027_XI_77S110W,output_-115_-110_-85_-70,-78.4124,-75.547,1374.7647,0.0
B09_012983_0976_XN_82S111W_F09_039501_0981_XN_81S110W,G:\crater_flux_output_folders\output_-110_-100_-85_-30\B09_012983_0976_XN_82S111W_F09_039501_0981_XN_81S110W,output_-115_-110_-85_-70,-82.4618,-80.6954,283.0712,0.0
P05_003125_0845_XI_84S117W_J12_049444_0957_XN_84S117W,G:\crater_flux_output_folders\output_-115_-110_-85_-70\P05_003125_0845_XI_84S117W_J12_049444_0957_XN_84S117W,output_-115_-110_-85_-70,-84.4519,-84.2831,22.3287,0.0
P07_003925_0958_XI_84S115W_J08_048046_0951_XN_84S112W,G:\crater_flux_output_folders\output_-115_-110_-85_-70\P07_003925_0958_XI_84S115W_J08_048046_0951_XN_84S112W,output_-115_-110_-85_-70,-84.601,-83.8627,398.2083,0.0
B08_012851_0977_XN_82S108W_J10_048573_0995_XN_80S113W,G:\crater_flux_output_folders\output_-115_-110_-85_-70\B08_012851_0977_XN_82S108W_J10_048573_0995_XN_80S113W,output_-115_-110_-85_-70,-80.7836,-80.0657,236.7443,0.0
P10_005046_0956_XI_84S117W_G08_021502_0957_XN_84S117W,G:\crater_flux_output_folders\output_-115_-110_-85_-70\P10_005046_0956_XI_84S117W_G08_021502_0957_XN_84S117W,output_-115_-110_-85_-70,-84.518,-84.2576,24.405,0.0
B08_012904_1001_XN_79S119W_F13_040978_1004_XN_79S118W,G:\crater_flux_output_folders\output_-115_-110_-85_-70\B08_012904_1001_XN_79S119W_F13_040978_1004_XN_79S118W,output_-115_-110_-85_-70,-82.3888,-81.1855,270.6594,0.0
P04_002567_0957_XI_84S118W_G07_020948_0957_XN_84S117W,G:\crater_flux_output_folders\output_-115_-110_-85_-70\P04_002567_0957_XI_84S118W_G07_020948_0957_XN_84S117W,output_-115_-110_-85_-70,-84.5439,-84.3071,37.5238,0.0
P05_003125_0845_XI_84S117W_G05_020170_0957_XN_84S117W,G:\crater_flux_output_folders\output_-115_-110_-85_-70\P05_003125_0845_XI_84S117W_G05_020170_0957_XN_84S117W,output_-115_-110_-85_-70,-84.5235,-84.3116,24.1773,0.0
B11_013959_0961_XN_83S114W_J10_048758_0965_XN_83S115W,G:\crater_flux_output_folders\output_-115_-110_-85_-70\B11_013959_0961_XN_83S114W_J10_048758_0965_XN_83S115W,output_-115_-110_-85_-70,-83.9208,-82.996,141.2771,0.0
F13_040978_1004_XN_79S118W_J13_049905_0992_XN_80S115W,G:\crater_flux_output_folders\output_-115_-110_-85_-70\F13_040978_1004_XN_79S118W_J13_049905_0992_XN_80S115W,output_-115_-110_-85_-70,-81.886,-80.4559,241.3362,0.0
B07_012390_0959_XN_84S117W_G07_020948_0957_XN_84S117W,G:\crater_flux_output_folders\output_-115_-110_-85_-70\B07_012390_0959_XN_84S117W_G07_020948_0957_XN_84S117W,output_-115_-110_-85_-70,-84.3868,-84.3071,4.9368,0.0
P07_003780_0957_XI_84S118W_G05_020170_0957_XN_84S117W,G:\crater_flux_output_folders\output_-115_-110_-85_-70\P07_003780_0957_XI_84S118W_G05_020170_0957_XN_84S117W,output_-115_-110_-85_-70,-84.5367,-84.3443,22.9847,0.0
P05_003147_0955_XI_84S117W_J08_048046_0951_XN_84S112W,G:\crater_flux_output_folders\output_-115_-110_-85_-70\P05_003147_0955_XI_84S117W_J08_048046_0951_XN_84S112W,output_-115_-110_-85_-70,-84.7757,-84.3978,64.2314,0.0
P07_003912_0957_XI_84S117W_P10_005046_0956_XI_84S117W,G:\crater_flux_output_folders\output_-115_-110_-85_-70\P07_003912_0957_XI_84S117W_P10_005046_0956_XI_84S117W,output_-115_-110_-85_-70,-84.5995,-84.2972,57.4789,0.0
P06_003213_0957_XI_84S118W_G07_020948_0957_XN_84S117W,G:\crater_flux_output_folders\output_-115_-110_-85_-70\P06_003213_0957_XI_84S118W_G07_020948_0957_XN_84S117W,output_-115_-110_-85_-70,-84.5255,-84.3416,21.347,0.0
P04_002567_0957_XI_84S118W_P06_003345_0955_XI_84S115W,G:\crater_flux_output_folders\output_-115_-110_-85_-70\P04_002567_0957_XI_84S118W_P06_003345_0955_XI_84S115W,output_-115_-110_-85_-70,-84.5439,-84.2969,37.6057,0.0
P05_003147_0955_XI_84S117W_G09_021726_0957_XN_84S117W,G:\crater_flux_output_folders\output_-115_-110_-85_-70\P05_003147_0955_XI_84S117W_G09_021726_0957_XN_84S117W,output_-115_-110_-85_-70,-84.482,-84.3978,3.1683,0.0
P05_003125_0845_XI_84S117W_P06_003345_0955_XI_84S115W,G:\crater_flux_output_folders\output_-115_-110_-85_-70\P05_003125_0845_XI_84S117W_P06_003345_0955_XI_84S115W,output_-115_-110_-85_-70,-84.5235,-84.1481,91.5791,0.0
D06_029585_0957_XN_84S117W_J08_048046_0951_XN_84S112W,G:\crater_flux_output_folders\output_-115_-110_-85_-70\D06_029585_0957_XN_84S117W_J08_048046_0951_XN_84S112W,output_-115_-110_-85_-70,-84.5587,-84.343,29.7545,0.0
G07_020948_0957_XN_84S117W_D12_031774_0958_XN_84S118W,G:\crater_flux_output_folders\output_-115_-110_-85_-70\G07_020948_0957_XN_84S117W_D12_031774_0958_XN_84S118W,output_-115_-110_-85_-70,-84.3702,-84.3071,1.0822,0.0
P07_003780_0957_XI_84S118W_P07_003912_0957_XI_84S117W,G:\crater_flux_output_folders\output_-115_-110_-85_-70\P07_003780_0957_XI_84S118W_P07_003912_0957_XI_84S117W,output_-115_-110_-85_-70,-84.5367,-84.3443,22.9847,0.0
P06_003402_0845_XI_84S115W_J05_046543_0955_XN_84S118W,G:\crater_flux_output_folders\output_-115_-110_-85_-70\P06_003402_0845_XI_84S115W_J05_046543_0955_XN_84S118W,output_-115_-110_-85_-70,-84.7556,-84.7194,0.877,0.0
P06_003213_0957_XI_84S118W_G09_021726_0957_XN_84S117W,G:\crater_flux_output_folders\output_-115_-110_-85_-70\P06_003213_0957_XI_84S118W_G09_021726_0957_XN_84S117W,output_-115_-110_-85_-70,-84.482,-84.3416,11.3268,0.0
F09_039501_0981_XN_81S110W_J10_048705_0975_XN_82S111W,G:\crater_flux_output_folders\output_-110_-100_-85_-30\F09_039501_0981_XN_81S110W_J10_048705_0975_XN_82S111W,output_-115_-110_-85_-70,-82.4618,-82.0074,121.0978,0.0
P07_003912_0957_XI_84S117W_P07_003925_0958_XI_84S115W,G:\crater_flux_output_folders\output_-115_-110_-85_-70\P07_003912_0957_XI_84S117W_P07_003925_0958_XI_84S115W,output_-115_-110_-85_-70,-84.5995,-84.2972,57.6173,0.0
J11_049285_0994_XN_80S110W_J13_049760_0973_XI_82S107W,G:\crater_flux_output_folders\output_-115_-110_-85_-70\J11_049285_0994_XN_80S110W_J13_049760_0973_XI_82S107W,output_-115_-110_-85_-70,-81.4511,-80.9369,87.5485,0.0
P04_002567_0957_XI_84S118W_G06_020592_0957_XN_84S117W,G:\crater_flux_output_folders\output_-115_-110_-85_-70\P04_002567_0957_XI_84S118W_G06_020592_0957_XN_84S117W,output_-115_-110_-85_-70,-84.4248,-84.3073,7.4787,0.0
P05_003125_0845_XI_84S117W_P09_004413_0957_XI_84S118W,G:\crater_flux_output_folders\output_-115_-110_-85_-70\P05_003125_0845_XI_84S117W_P09_004413_0957_XI_84S118W,output_-115_-110_-85_-70,-84.5222,-84.3248,21.5732,0.0
P10_005046_0956_XI_84S117W_J09_048244_0946_XN_85S108W,G:\crater_flux_output_folders\output_-115_-110_-85_-70\P10_005046_0956_XI_84S117W_J09_048244_0946_XN_85S108W,output_-115_-110_-85_-70,-85.0,-84.8221,104.2721,0.0
G05_020170_0957_XN_84S117W_G09_021726_0957_XN_84S117W,G:\crater_flux_output_folders\output_-115_-110_-85_-70\G05_020170_0957_XN_84S117W_G09_021726_0957_XN_84S117W,output_-115_-110_-85_-70,-84.482,-84.3116,16.155,0.0
P09_004413_0957_XI_84S118W_B07_012390_0959_XN_84S117W,G:\crater_flux_output_folders\output_-115_-110_-85_-70\P09_004413_0957_XI_84S118W_B07_012390_0959_XN_84S117W,output_-115_-110_-85_-70,-84.3868,-84.3248,1.0516,0.0
P05_003125_0845_XI_84S117W_D12_031774_0958_XN_84S118W,G:\crater_flux_output_folders\output_-115_-110_-85_-70\P05_003125_0845_XI_84S117W_D12_031774_0958_XN_84S118W,output_-115_-110_-85_-70,-84.3702,-84.3038,3.2281,0.0
B08_012851_0977_XN_82S108W_J13_049760_0973_XI_82S107W,G:\crater_flux_output_folders\output_-115_-110_-85_-70\B08_012851_0977_XN_82S108W_J13_049760_0973_XI_82S107W,output_-115_-110_-85_-70,-81.2733,-80.9604,28.6046,0.0
P07_003925_0958_XI_84S115W_G07_020948_0957_XN_84S117W,G:\crater_flux_output_folders\output_-115_-110_-85_-70\P07_003925_0958_XI_84S115W_G07_020948_0957_XN_84S117W,output_-115_-110_-85_-70,-84.6216,-84.3071,75.2716,0.0
P04_002567_0957_XI_84S118W_J08_048046_0951_XN_84S112W,G:\crater_flux_output_folders\output_-115_-110_-85_-70\P04_002567_0957_XI_84S118W_J08_048046_0951_XN_84S112W,output_-115_-110_-85_-70,-84.5403,-84.2969,37.5167,0.0
P05_003068_0957_XI_84S118W_D12_031774_0958_XN_84S118W,G:\crater_flux_output_folders\output_-115_-110_-85_-70\P05_003068_0957_XI_84S118W_D12_031774_0958_XN_84S118W,output_-115_-110_-85_-70,-84.3702,-84.321,0.345,0.0
D13_032182_1030_XN_77S112W_J09_048230_1041_XN_75S112W,G:\crater_flux_output_folders\output_-115_-110_-85_-70\D13_032182_1030_XN_77S112W_J09_048230_1041_XN_75S112W,output_-115_-110_-85_-70,-77.801,-75.032,1133.3747,0.0
J09_048323_0946_XN_85S108W_J10_048534_0945_XN_85S107W,G:\crater_flux_output_folders\output_-115_-110_-85_-70\J09_048323_0946_XN_85S108W_J10_048534_0945_XN_85S107W,output_-115_-110_-85_-70,-85.0,-84.9546,5.7179,0.0
P06_003424_0957_XI_84S118W_P07_003912_0957_XI_84S117W,G:\crater_flux_output_folders\output_-115_-110_-85_-70\P06_003424_0957_XI_84S118W_P07_003912_0957_XI_84S117W,output_-115_-110_-85_-70,-84.5174,-84.335,20.0623,0.0
B12_014341_1026_XN_77S115W_J09_048494_0994_XN_80S113W,G:\crater_flux_output_folders\output_-115_-110_-85_-70\B12_014341_1026_XN_77S115W_J09_048494_0994_XN_80S113W,output_-115_-110_-85_-70,-79.843,-79.7042,6.7613,0.0
P05_003068_0957_XI_84S118W_P05_003147_0955_XI_84S117W,G:\crater_flux_output_folders\output_-115_-110_-85_-70\P05_003068_0957_XI_84S118W_P05_003147_0955_XI_84S117W,output_-115_-110_-85_-70,-84.4994,-84.3978,7.3823,0.0
P10_005046_0956_XI_84S117W_D12_031774_0958_XN_84S118W,G:\crater_flux_output_folders\output_-115_-110_-85_-70\P10_005046_0956_XI_84S117W_D12_031774_0958_XN_84S118W,output_-115_-110_-85_-70,-84.3702,-84.3038,0.702,0.0
P06_003213_0957_XI_84S118W_P08_004202_0957_XI_84S118W,G:\crater_flux_output_folders\output_-115_-110_-85_-70\P06_003213_0957_XI_84S118W_P08_004202_0957_XI_84S118W,output_-115_-110_-85_-70,-84.5255,-84.3416,21.3572,0.0
P05_002936_0957_XI_84S118W_G08_021502_0957_XN_84S117W,G:\crater_flux_output_folders\output_-115_-110_-85_-70\P05_002936_0957_XI_84S118W_G08_021502_0957_XN_84S117W,output_-115_-110_-85_-70,-84.518,-84.3648,13.1112,0.0
B09_012983_0976_XN_82S111W_J14_050393_1001_XI_79S119W,G:\crater_flux_output_folders\output_-115_-110_-85_-70\B09_012983_0976_XN_82S111W_J14_050393_1001_XI_79S119W,output_-115_-110_-85_-70,-80.9377,-80.8018,3.474,0.0
P05_003147_0955_XI_84S117W_J13_049734_0963_XI_83S123W,G:\crater_flux_output_folders\output_-115_-110_-85_-70\P05_003147_0955_XI_84S117W_J13_049734_0963_XI_83S123W,output_-115_-110_-85_-70,-84.8412,-84.8134,0.427,0.0
P05_003068_0957_XI_84S118W_P09_004413_0957_XI_84S118W,G:\crater_flux_output_folders\output_-115_-110_-85_-70\P05_003068_0957_XI_84S118W_P09_004413_0957_XI_84S118W,output_-115_-110_-85_-70,-84.4994,-84.3248,17.845,0.0
G10_021937_0957_XN_84S117W_J12_049431_0962_XN_83S126W,G:\crater_flux_output_folders\output_-115_-110_-85_-70\G10_021937_0957_XN_84S117W_J12_049431_0962_XN_83S126W,output_-115_-110_-85_-70,-84.7294,-84.4139,70.5574,0.0
B07_012390_0959_XN_84S117W_G06_020592_0957_XN_84S117W,G:\crater_flux_output_folders\output_-115_-110_-85_-70\B07_012390_0959_XN_84S117W_G06_020592_0957_XN_84S117W,output_-115_-110_-85_-70,-84.3868,-84.3073,4.9784,0.0
P05_003125_0845_XI_84S117W_G09_021726_0957_XN_84S117W,G:\crater_flux_output_folders\output_-115_-110_-85_-70\P05_003125_0845_XI_84S117W_G09_021726_0957_XN_84S117W,output_-115_-110_-85_-70,-84.482,-84.2949,25.4572,0.0
B08_012904_1001_XN_79S119W_B08_012614_0971_XN_82S115W,G:\crater_flux_output_folders\output_-115_-110_-85_-70\B08_012904_1001_XN_79S119W_B08_012614_0971_XN_82S115W,output_-115_-110_-85_-70,-82.438,-81.6444,415.3557,0.0
G07_020948_0957_XN_84S117W_J08_048046_0951_XN_84S112W,G:\crater_flux_output_folders\output_-115_-110_-85_-70\G07_020948_0957_XN_84S117W_J08_048046_0951_XN_84S112W,output_-115_-110_-85_-70,-84.6402,-84.3071,75.3871,0.0
P06_003213_0957_XI_84S118W_D06_029585_0957_XN_84S117W,G:\crater_flux_output_folders\output_-115_-110_-85_-70\P06_003213_0957_XI_84S118W_D06_029585_0957_XN_84S117W,output_-115_-110_-85_-70,-84.5255,-84.343,20.671,0.0
P11_005151_0951_XI_84S101W_B11_013959_0961_XN_83S114W,G:\crater_flux_output_folders\output_-110_-100_-85_-30\P11_005151_0951_XI_84S101W_B11_013959_0961_XN_83S114W,output_-115_-110_-85_-70,-83.8374,-83.8108,305.4688,0.0
J10_048573_0995_XN_80S113W_J13_049760_0973_XI_82S107W,G:\crater_flux_output_folders\output_-115_-110_-85_-70\J10_048573_0995_XN_80S113W_J13_049760_0973_XI_82S107W,output_-115_-110_-85_-70,-80.8949,-80.632,200.3792,0.0
P04_002567_0957_XI_84S118W_B07_012390_0959_XN_84S117W,G:\crater_flux_output_folders\output_-115_-110_-85_-70\P04_002567_0957_XI_84S118W_B07_012390_0959_XN_84S117W,output_-115_-110_-85_-70,-84.3868,-84.2969,2.8275,0.0
B12_014341_1026_XN_77S115W_F10_039580_0995_XN_80S110W,G:\crater_flux_output_folders\output_-115_-110_-85_-70\B12_014341_1026_XN_77S115W_F10_039580_0995_XN_80S110W,output_-115_-110_-85_-70,-79.7955,-79.54,175.5002,0.0
J08_048046_0951_XN_84S112W_J09_048323_0946_XN_85S108W,G:\crater_flux_output_folders\output_-110_-100_-85_-30\J08_048046_0951_XN_84S112W_J09_048323_0946_XN_85S108W,output_-115_-110_-85_-70,-85.0,-84.7689,53.1417,0.0
P05_003160_0958_XI_84S117W_D06_029585_0957_XN_84S117W,G:\crater_flux_output_folders\output_-115_-110_-85_-70\P05_003160_0958_XI_84S117W_D06_029585_0957_XN_84S117W,output_-115_-110_-85_-70,-84.5661,-84.343,33.3262,0.0
P05_003068_0957_XI_84S118W_G08_021502_0957_XN_84S117W,G:\crater_flux_output_folders\output_-115_-110_-85_-70\P05_003068_0957_XI_84S118W_G08_021502_0957_XN_84S117W,output_-115_-110_-85_-70,-84.4994,-84.321,17.845,0.0
G08_021502_0957_XN_84S117W_D06_029585_0957_XN_84S117W,G:\crater_flux_output_folders\output_-115_-110_-85_-70\G08_021502_0957_XN_84S117W_D06_029585_0957_XN_84S117W,output_-115_-110_-85_-70,-84.518,-84.343,18.9745,0.0
B07_012548_0969_XN_83S110W_J14_050393_1001_XI_79S119W,G:\crater_flux_output_folders\output_-115_-110_-85_-70\B07_012548_0969_XN_83S110W_J14_050393_1001_XI_79S119W,output_-115_-110_-85_-70,-82.4322,-82.1321,209.5694,0.0
B08_012719_0996_XN_80S108W_F11_040226_0993_XN_80S106W,G:\crater_flux_output_folders\output_-110_-100_-85_-30\B08_012719_0996_XN_80S108W_F11_040226_0993_XN_80S106W,output_-115_-110_-85_-70,-78.9994,-78.9825,1158.1417,0.0
P07_003925_0958_XI_84S115W_P10_005046_0956_XI_84S117W,G:\crater_flux_output_folders\output_-115_-110_-85_-70\P07_003925_0958_XI_84S115W_P10_005046_0956_XI_84S117W,output_-115_-110_-85_-70,-84.6216,-84.2227,128.6258,0.0
J09_048494_0994_XN_80S113W_J10_048573_0995_XN_80S113W,G:\crater_flux_output_folders\output_-115_-110_-85_-70\J09_048494_0994_XN_80S113W_J10_048573_0995_XN_80S113W,output_-115_-110_-85_-70,-80.8837,-80.0657,1041.8448,0.0
P07_003780_0957_XI_84S118W_G09_021726_0957_XN_84S117W,G:\crater_flux_output_folders\output_-115_-110_-85_-70\P07_003780_0957_XI_84S118W_G09_021726_0957_XN_84S117W,output_-115_-110_-85_-70,-84.482,-84.3443,10.4228,0.0
B07_012548_0969_XN_83S110W_G06_020407_0969_XN_83S112W,G:\crater_flux_output_folders\output_-110_-100_-85_-30\B07_012548_0969_XN_83S110W_G06_020407_0969_XN_83S112W,output_-115_-110_-85_-70,-83.6868,-82.2039,402.1721,0.0
P04_002646_0957_XI_84S118W_G10_021937_0957_XN_84S117W,G:\crater_flux_output_folders\output_-115_-110_-85_-70\P04_002646_0957_XI_84S118W_G10_021937_0957_XN_84S117W,output_-115_-110_-85_-70,-84.4914,-84.3319,14.1908,0.0
D13_032182_1030_XN_77S112W_J14_050353_1027_XI_77S110W,G:\crater_flux_output_folders\output_-115_-110_-85_-70\D13_032182_1030_XN_77S112W_J14_050353_1027_XI_77S110W,output_-115_-110_-85_-70,-78.4124,-75.3988,691.5551,0.0
B08_012719_0996_XN_80S108W_J09_048296_1038_XN_76S114W,G:\crater_flux_output_folders\output_-115_-110_-85_-70\B08_012719_0996_XN_80S108W_J09_048296_1038_XN_76S114W,output_-115_-110_-85_-70,-78.1768,-77.7069,414.3223,0.0
P06_003424_0957_XI_84S118W_G09_021726_0957_XN_84S117W,G:\crater_flux_output_folders\output_-115_-110_-85_-70\P06_003424_0957_XI_84S118W_G09_021726_0957_XN_84S117W,output_-115_-110_-85_-70,-84.482,-84.335,11.9622,0.0
B12_014262_1016_XN_78S117W_B12_014407_1025_XN_77S117W,G:\crater_flux_output_folders\output_-115_-110_-85_-70\B12_014262_1016_XN_78S117W_B12_014407_1025_XN_77S117W,output_-115_-110_-85_-70,-79.8552,-78.7971,144.6013,0.0
P05_002936_0957_XI_84S118W_P05_003068_0957_XI_84S118W,G:\crater_flux_output_folders\output_-115_-110_-85_-70\P05_002936_0957_XI_84S118W_P05_003068_0957_XI_84S118W,output_-115_-110_-85_-70,-84.4994,-84.3648,10.2677,0.0
P05_003160_0958_XI_84S117W_G06_020724_0957_XN_84S117W,G:\crater_flux_output_folders\output_-115_-110_-85_-70\P05_003160_0958_XI_84S117W_G06_020724_0957_XN_84S117W,output_-115_-110_-85_-70,-84.5375,-84.2646,59.2705,0.0
G10_022148_0957_XN_84S118W_J08_048046_0951_XN_84S112W,G:\crater_flux_output_folders\output_-115_-110_-85_-70\G10_022148_0957_XN_84S118W_J08_048046_0951_XN_84S112W,output_-115_-110_-85_-70,-84.4858,-84.2953,19.7422,0.0
J10_048507_1000_XN_80S112W_J11_049285_0994_XN_80S110W,G:\crater_flux_output_folders\output_-115_-110_-85_-70\J10_048507_1000_XN_80S112W_J11_049285_0994_XN_80S110W,output_-115_-110_-85_-70,-80.6659,-79.6433,1085.5386,0.0
P09_004413_0957_XI_84S118W_G08_021502_0957_XN_84S117W,G:\crater_flux_output_folders\output_-115_-110_-85_-70\P09_004413_0957_XI_84S118W_G08_021502_0957_XN_84S117W,output_-115_-110_-85_-70,-84.518,-84.3248,20.7974,0.0
P05_003125_0845_XI_84S117W_P07_003780_0957_XI_84S118W,G:\crater_flux_output_folders\output_-115_-110_-85_-70\P05_003125_0845_XI_84S117W_P07_003780_0957_XI_84S118W,output_-115_-110_-85_-70,-84.5235,-84.3443,16.8736,0.0
B07_012548_0969_XN_83S110W_F13_040978_1004_XN_79S118W,G:\crater_flux_output_folders\output_-115_-110_-85_-70\B07_012548_0969_XN_83S110W_F13_040978_1004_XN_79S118W,output_-115_-110_-85_-70,-82.442,-82.129,222.9043,0.0
P04_002567_0957_XI_84S118W_P06_003424_0957_XI_84S118W,G:\crater_flux_output_folders\output_-115_-110_-85_-70\P04_002567_0957_XI_84S118W_P06_003424_0957_XI_84S118W,output_-115_-110_-85_-70,-84.5174,-84.335,24.2838,0.0
P07_003912_0957_XI_84S117W_G10_022148_0957_XN_84S118W,G:\crater_flux_output_folders\output_-115_-110_-85_-70\P07_003912_0957_XI_84S117W_G10_022148_0957_XN_84S118W,output_-115_-110_-85_-70,-84.4858,-84.2972,18.8243,0.0
P05_003147_0955_XI_84S117W_P07_003912_0957_XI_84S117W,G:\crater_flux_output_folders\output_-115_-110_-85_-70\P05_003147_0955_XI_84S117W_P07_003912_0957_XI_84S117W,output_-115_-110_-85_-70,-84.5995,-84.3978,23.9133,0.0
G07_020789_1037_XN_76S113W_J14_050287_1030_XI_77S113W,G:\crater_flux_output_folders\output_-115_-110_-85_-70\G07_020789_1037_XN_76S113W_J14_050287_1030_XI_77S113W,output_-115_-110_-85_-70,-77.8597,-74.598,4066.5747,293.4199
G06_020724_0957_XN_84S117W_G10_021937_0957_XN_84S117W,G:\crater_flux_output_folders\output_-115_-110_-85_-70\G06_020724_0957_XN_84S117W_G10_021937_0957_XN_84S117W,output_-115_-110_-85_-70,-84.5375,-84.2829,46.9549,0.0
P05_003160_0958_XI_84S117W_P06_003345_0955_XI_84S115W,G:\crater_flux_output_folders\output_-115_-110_-85_-70\P05_003160_0958_XI_84S117W_P06_003345_0955_XI_84S115W,output_-115_-110_-85_-70,-84.5858,-84.1668,107.1518,0.0
P09_004413_0957_XI_84S118W_D12_031774_0958_XN_84S118W,G:\crater_flux_output_folders\output_-115_-110_-85_-70\P09_004413_0957_XI_84S118W_D12_031774_0958_XN_84S118W,output_-115_-110_-85_-70,-84.3702,-84.3248,0.2835,0.0
B07_012482_0973_XN_82S112W_B07_012548_0969_XN_83S110W,G:\crater_flux_output_folders\output_-115_-110_-85_-70\B07_012482_0973_XN_82S112W_B07_012548_0969_XN_83S110W,output_-115_-110_-85_-70,-83.1774,-82.1701,1253.0998,0.0
B08_012851_0977_XN_82S108W_J09_048494_0994_XN_80S113W,G:\crater_flux_output_folders\output_-115_-110_-85_-70\B08_012851_0977_XN_82S108W_J09_048494_0994_XN_80S113W,output_-115_-110_-85_-70,-81.2733,-79.6895,646.6413,0.0
P04_002567_0957_XI_84S118W_P05_003160_0958_XI_84S117W,G:\crater_flux_output_folders\output_-115_-110_-85_-70\P04_002567_0957_XI_84S118W_P05_003160_0958_XI_84S117W,output_-115_-110_-85_-70,-84.5439,-84.2969,37.6209,0.0
G08_021502_0957_XN_84S117W_G06_020724_0957_XN_84S117W,G:\crater_flux_output_folders\output_-115_-110_-85_-70\G08_021502_0957_XN_84S117W_G06_020724_0957_XN_84S117W,output_-115_-110_-85_-70,-84.518,-84.2646,39.9217,0.0
B09_012983_0976_XN_82S111W_J09_048494_0994_XN_80S113W,G:\crater_flux_output_folders\output_-115_-110_-85_-70\B09_012983_0976_XN_82S111W_J09_048494_0994_XN_80S113W,output_-115_-110_-85_-70,-81.5421,-79.9431,178.5905,0.0
P05_002936_0957_XI_84S118W_J08_048046_0951_XN_84S112W,G:\crater_flux_output_folders\output_-115_-110_-85_-70\P05_002936_0957_XI_84S118W_J08_048046_0951_XN_84S112W,output_-115_-110_-85_-70,-84.5264,-84.3648,16.0697,0.0
J14_050406_0967_XI_83S107W_J13_049905_0992_XN_80S115W,G:\crater_flux_output_folders\output_-115_-110_-85_-70\J14_050406_0967_XI_83S107W_J13_049905_0992_XN_80S115W,output_-115_-110_-85_-70,-81.8475,-81.6283,121.9946,0.0
G07_020789_1037_XN_76S113W_D12_031826_1031_XN_76S114W,G:\crater_flux_output_folders\output_-115_-110_-85_-70\G07_020789_1037_XN_76S113W_D12_031826_1031_XN_76S114W,output_-115_-110_-85_-70,-77.862,-75.1725,1514.0726,0.0
P06_003345_0955_XI_84S115W_J13_049734_0963_XI_83S123W,G:\crater_flux_output_folders\output_-115_-110_-85_-70\P06_003345_0955_XI_84S115W_J13_049734_0963_XI_83S123W,output_-115_-110_-85_-70,-84.951,-84.8134,9.8888,0.0
B08_012851_0977_XN_82S108W_J10_048507_1000_XN_80S112W,G:\crater_flux_output_folders\output_-115_-110_-85_-70\B08_012851_0977_XN_82S108W_J10_048507_1000_XN_80S112W,output_-115_-110_-85_-70,-80.676,-79.621,1067.2791,0.0
P05_003147_0955_XI_84S117W_P06_003424_0957_XI_84S118W,G:\crater_flux_output_folders\output_-115_-110_-85_-70\P05_003147_0955_XI_84S117W_P06_003424_0957_XI_84S118W,output_-115_-110_-85_-70,-84.5174,-84.3978,7.5741,0.0
B08_012719_0996_XN_80S108W_G14_023690_1034_XN_76S115W,G:\crater_flux_output_folders\output_-115_-110_-85_-70\B08_012719_0996_XN_80S108W_G14_023690_1034_XN_76S115W,output_-115_-110_-85_-70,-78.0906,-77.7696,27.6399,0.0
P04_002646_0957_XI_84S118W_P06_003424_0957_XI_84S118W,G:\crater_flux_output_folders\output_-115_-110_-85_-70\P04_002646_0957_XI_84S118W_P06_003424_0957_XI_84S118W,output_-115_-110_-85_-70,-84.4914,-84.335,14.1915,0.0
F12_040450_0971_XN_82S109W_J12_049338_0969_XN_83S111W,G:\crater_flux_output_folders\output_-115_-110_-85_-70\F12_040450_0971_XN_82S109W_J12_049338_0969_XN_83S111W,output_-115_-110_-85_-70,-83.292,-82.5411,358.3044,0.0
P08_004202_0957_XI_84S118W_G06_020592_0957_XN_84S117W,G:\crater_flux_output_folders\output_-115_-110_-85_-70\P08_004202_0957_XI_84S118W_G06_020592_0957_XN_84S117W,output_-115_-110_-85_-70,-84.4248,-84.3292,3.5931,0.0
P06_003402_0845_XI_84S115W_P07_003912_0957_XI_84S117W,G:\crater_flux_output_folders\output_-115_-110_-85_-70\P06_003402_0845_XI_84S115W_P07_003912_0957_XI_84S117W,output_-115_-110_-85_-70,-84.5995,-84.2972,71.4456,0.0
P05_002936_0957_XI_84S118W_P07_003912_0957_XI_84S117W,G:\crater_flux_output_folders\output_-115_-110_-85_-70\P05_002936_0957_XI_84S118W_P07_003912_0957_XI_84S117W,output_-115_-110_-85_-70,-84.5264,-84.3648,16.0744,0.0
G10_022148_0957_XN_84S118W_D06_029585_0957_XN_84S117W,G:\crater_flux_output_folders\output_-115_-110_-85_-70\G10_022148_0957_XN_84S118W_D06_029585_0957_XN_84S117W,output_-115_-110_-85_-70,-84.4858,-84.343,13.0224,0.0
P06_003402_0845_XI_84S115W_G08_021502_0957_XN_84S117W,G:\crater_flux_output_folders\output_-115_-110_-85_-70\P06_003402_0845_XI_84S115W_G08_021502_0957_XN_84S117W,output_-115_-110_-85_-70,-84.518,-84.2576,54.8934,0.0
P04_002567_0957_XI_84S118W_P07_003925_0958_XI_84S115W,G:\crater_flux_output_folders\output_-115_-110_-85_-70\P04_002567_0957_XI_84S118W_P07_003925_0958_XI_84S115W,output_-115_-110_-85_-70,-84.5439,-84.2969,37.6262,0.0
P05_003160_0958_XI_84S117W_P10_005046_0956_XI_84S117W,G:\crater_flux_output_folders\output_-115_-110_-85_-70\P05_003160_0958_XI_84S117W_P10_005046_0956_XI_84S117W,output_-115_-110_-85_-70,-84.5858,-84.2227,101.5943,0.0
G08_021502_0957_XN_84S117W_G06_020592_0957_XN_84S117W,G:\crater_flux_output_folders\output_-115_-110_-85_-70\G08_021502_0957_XN_84S117W_G06_020592_0957_XN_84S117W,output_-115_-110_-85_-70,-84.4248,-84.3073,10.5575,0.0
G06_020407_0969_XN_83S112W_J10_048705_0975_XN_82S111W,G:\crater_flux_output_folders\output_-115_-110_-85_-70\G06_020407_0969_XN_83S112W_J10_048705_0975_XN_82S111W,output_-115_-110_-85_-70,-82.8469,-82.2,21.8566,0.0
B12_014341_1026_XN_77S115W_D12_031826_1031_XN_76S114W,G:\crater_flux_output_folders\output_-115_-110_-85_-70\B12_014341_1026_XN_77S115W_D12_031826_1031_XN_76S114W,output_-115_-110_-85_-70,-78.792,-76.32,803.7085,0.0
B07_012482_0973_XN_82S112W_J14_050393_1001_XI_79S119W,G:\crater_flux_output_folders\output_-115_-110_-85_-70\B07_012482_0973_XN_82S112W_J14_050393_1001_XI_79S119W,output_-115_-110_-85_-70,-82.4337,-82.1769,149.8278,0.0
B08_012680_0983_XN_81S122W_J10_048758_0965_XN_83S115W,G:\crater_flux_output_folders\output_-115_-110_-85_-70\B08_012680_0983_XN_81S122W_J10_048758_0965_XN_83S115W,output_-115_-110_-85_-70,-84.0405,-83.6022,99.5558,0.0
F13_040978_1004_XN_79S118W_J13_049747_0973_XI_82S115W,G:\crater_flux_output_folders\output_-115_-110_-85_-70\F13_040978_1004_XN_79S118W_J13_049747_0973_XI_82S115W,output_-115_-110_-85_-70,-82.442,-81.6816,359.9373,0.0
P04_002646_0957_XI_84S118W_B07_012390_0959_XN_84S117W,G:\crater_flux_output_folders\output_-115_-110_-85_-70\P04_002646_0957_XI_84S118W_B07_012390_0959_XN_84S117W,output_-115_-110_-85_-70,-84.3868,-84.3319,0.7458,0.0
J10_048692_0966_XN_83S114W_J13_049747_0973_XI_82S115W,G:\crater_flux_output_folders\output_-115_-110_-85_-70\J10_048692_0966_XN_83S114W_J13_049747_0973_XI_82S115W,output_-115_-110_-85_-70,-83.6593,-83.0091,22.8185,0.0
P07_003780_0957_XI_84S118W_P07_003925_0958_XI_84S115W,G:\crater_flux_output_folders\output_-115_-110_-85_-70\P07_003780_0957_XI_84S118W_P07_003925_0958_XI_84S115W,output_-115_-110_-85_-70,-84.5367,-84.3443,22.9935,0.0
B12_014275_0996_XN_80S109W_J13_049720_0993_XI_80S108W,G:\crater_flux_output_folders\output_-110_-100_-85_-30\B12_014275_0996_XN_80S109W_J13_049720_0993_XI_80S108W,output_-115_-110_-85_-70,-80.0568,-79.4105,671.1562,0.0
J08_048085_1059_XN_74S114W_J14_050353_1027_XI_77S110W,G:\crater_flux_output_folders\output_-115_-110_-85_-70\J08_048085_1059_XN_74S114W_J14_050353_1027_XI_77S110W,output_-115_-110_-85_-70,-76.5762,-75.3561,853.2186,0.0
P05_002936_0957_XI_84S118W_P07_003925_0958_XI_84S115W,G:\crater_flux_output_folders\output_-115_-110_-85_-70\P05_002936_0957_XI_84S118W_P07_003925_0958_XI_84S115W,output_-115_-110_-85_-70,-84.5264,-84.3648,16.0744,0.0
D12_031774_0958_XN_84S118W_J12_049444_0957_XN_84S117W,G:\crater_flux_output_folders\output_-115_-110_-85_-70\D12_031774_0958_XN_84S118W_J12_049444_0957_XN_84S117W,output_-115_-110_-85_-70,-84.3702,-84.3038,1.4693,0.0
B12_014275_0996_XN_80S109W_B12_014341_1026_XN_77S115W,G:\crater_flux_output_folders\output_-115_-110_-85_-70\B12_014275_0996_XN_80S109W_B12_014341_1026_XN_77S115W,output_-115_-110_-85_-70,-79.1203,-77.6904,435.4242,0.0
P06_003424_0957_XI_84S118W_G06_020724_0957_XN_84S117W,G:\crater_flux_output_folders\output_-115_-110_-85_-70\P06_003424_0957_XI_84S118W_G06_020724_0957_XN_84S117W,output_-115_-110_-85_-70,-84.5174,-84.335,20.051,0.0
P05_003125_0845_XI_84S117W_G06_020724_0957_XN_84S117W,G:\crater_flux_output_folders\output_-115_-110_-85_-70\P05_003125_0845_XI_84S117W_G06_020724_0957_XN_84S117W,output_-115_-110_-85_-70,-84.5235,-84.2646,40.1547,0.0
P08_004043_1026_XI_77S110W_G07_020789_1037_XN_76S113W,G:\crater_flux_output_folders\output_-115_-110_-85_-70\P08_004043_1026_XI_77S110W_G07_020789_1037_XN_76S113W,output_-115_-110_-85_-70,-77.4216,-75.6333,206.8039,0.0
P06_003402_0845_XI_84S115W_G06_020724_0957_XN_84S117W,G:\crater_flux_output_folders\output_-115_-110_-85_-70\P06_003402_0845_XI_84S115W_G06_020724_0957_XN_84S117W,output_-115_-110_-85_-70,-84.5375,-84.2646,59.7842,0.0
P04_002567_0957_XI_84S118W_P05_003068_0957_XI_84S118W,G:\crater_flux_output_folders\output_-115_-110_-85_-70\P04_002567_0957_XI_84S118W_P05_003068_0957_XI_84S118W,output_-115_-110_-85_-70,-84.4994,-84.321,23.1875,0.0
B09_012983_0976_XN_82S111W_J14_050406_0967_XI_83S107W,G:\crater_flux_output_folders\output_-110_-100_-85_-30\B09_012983_0976_XN_82S111W_J14_050406_0967_XI_83S107W,output_-115_-110_-85_-70,-82.4812,-81.6028,1361.0,0.0
B07_012482_0973_XN_82S112W_B08_012904_1001_XN_79S119W,G:\crater_flux_output_folders\output_-115_-110_-85_-70\B07_012482_0973_XN_82S112W_B08_012904_1001_XN_79S119W,output_-115_-110_-85_-70,-82.4215,-82.223,100.1565,0.0
P06_003345_0955_XI_84S115W_D12_031774_0958_XN_84S118W,G:\crater_flux_output_folders\output_-115_-110_-85_-70\P06_003345_0955_XI_84S115W_D12_031774_0958_XN_84S118W,output_-115_-110_-85_-70,-84.3702,-84.3038,3.227,0.0
P05_003125_0845_XI_84S117W_J08_048046_0951_XN_84S112W,G:\crater_flux_output_folders\output_-115_-110_-85_-70\P05_003125_0845_XI_84S117W_J08_048046_0951_XN_84S112W,output_-115_-110_-85_-70,-84.5235,-84.1481,117.7113,0.0
F13_040978_1004_XN_79S118W_J12_049404_1005_XI_79S120W,G:\crater_flux_output_folders\output_-115_-110_-85_-70\F13_040978_1004_XN_79S118W_J12_049404_1005_XI_79S120W,output_-115_-110_-85_-70,-81.955,-81.1789,248.4076,0.0
B08_012719_0996_XN_80S108W_J11_048929_1001_XN_79S110W,G:\crater_flux_output_folders\output_-110_-100_-85_-30\B08_012719_0996_XN_80S108W_J11_048929_1001_XN_79S110W,output_-115_-110_-85_-70,-79.497,-78.6603,855.5685,0.0
B07_012482_0973_XN_82S112W_J10_048705_0975_XN_82S111W,G:\crater_flux_output_folders\output_-115_-110_-85_-70\B07_012482_0973_XN_82S112W_J10_048705_0975_XN_82S111W,output_-115_-110_-85_-70,-82.8469,-82.169,476.5347,0.0
J09_048230_1041_XN_75S112W_J14_050287_1030_XI_77S113W,G:\crater_flux_output_folders\output_-115_-110_-85_-70\J09_048230_1041_XN_75S112W_J14_050287_1030_XI_77S113W,output_-115_-110_-85_-70,-77.801,-74.5717,472.8857,10.1716
P05_003147_0955_XI_84S117W_P07_003780_0957_XI_84S118W,G:\crater_flux_output_folders\output_-115_-110_-85_-70\P05_003147_0955_XI_84S117W_P07_003780_0957_XI_84S118W,output_-115_-110_-85_-70,-84.5367,-84.3978,10.8401,0.0
P05_003147_0955_XI_84S117W_P06_003213_0957_XI_84S118W,G:\crater_flux_output_folders\output_-115_-110_-85_-70\P05_003147_0955_XI_84S117W_P06_003213_0957_XI_84S118W,output_-115_-110_-85_-70,-84.5255,-84.3978,8.9135,0.0
B08_012720_0948_XN_85S111W_B08_012786_0956_XN_84S125W,G:\crater_flux_output_folders\output_-115_-110_-85_-70\B08_012720_0948_XN_85S111W_B08_012786_0956_XN_84S125W,output_-115_-110_-85_-70,-85.0,-84.9967,0.0105,0.0
P06_003345_0955_XI_84S115W_P08_004202_0957_XI_84S118W,G:\crater_flux_output_folders\output_-115_-110_-85_-70\P06_003345_0955_XI_84S115W_P08_004202_0957_XI_84S118W,output_-115_-110_-85_-70,-84.5329,-84.3292,30.6004,0.0
F10_039580_0995_XN_80S110W_J10_048586_0990_XN_81S110W,G:\crater_flux_output_folders\output_-115_-110_-85_-70\F10_039580_0995_XN_80S110W_J10_048586_0990_XN_81S110W,output_-115_-110_-85_-70,-81.1077,-80.4901,186.216,0.0
P05_002936_0957_XI_84S118W_P07_003780_0957_XI_84S118W,G:\crater_flux_output_folders\output_-115_-110_-85_-70\P05_002936_0957_XI_84S118W_P07_003780_0957_XI_84S118W,output_-115_-110_-85_-70,-84.5264,-84.3648,16.0661,0.0
P08_004202_0957_XI_84S118W_D06_029585_0957_XN_84S117W,G:\crater_flux_output_folders\output_-115_-110_-85_-70\P08_004202_0957_XI_84S118W_D06_029585_0957_XN_84S117W,output_-115_-110_-85_-70,-84.5329,-84.343,22.7662,0.0
P05_002936_0957_XI_84S118W_P06_003213_0957_XI_84S118W,G:\crater_flux_output_folders\output_-115_-110_-85_-70\P05_002936_0957_XI_84S118W_P06_003213_0957_XI_84S118W,output_-115_-110_-85_-70,-84.5255,-84.3648,15.6095,0.0
B12_014262_1016_XN_78S117W_F12_040635_1006_XN_79S115W,G:\crater_flux_output_folders\output_-115_-110_-85_-70\B12_014262_1016_XN_78S117W_F12_040635_1006_XN_79S115W,output_-115_-110_-85_-70,-79.6828,-78.9998,68.7014,0.0
P09_004413_0957_XI_84S118W_G05_020170_0957_XN_84S117W,G:\crater_flux_output_folders\output_-115_-110_-85_-70\P09_004413_0957_XI_84S118W_G05_020170_0957_XN_84S117W,output_-115_-110_-85_-70,-84.5222,-84.3248,23.2575,0.0
B07_012390_0959_XN_84S117W_G09_021726_0957_XN_84S117W,G:\crater_flux_output_folders\output_-115_-110_-85_-70\B07_012390_0959_XN_84S117W_G09_021726_0957_XN_84S117W,output_-115_-110_-85_-70,-84.3868,-84.2949,6.605,0.0
J09_048257_0962_XN_83S114W_J11_049035_0964_XN_83S115W,G:\crater_flux_output_folders\output_-115_-110_-85_-70\J09_048257_0962_XN_83S114W_J11_049035_0964_XN_83S115W,output_-115_-110_-85_-70,-83.7861,-83.2059,150.2474,0.0
G06_020592_0957_XN_84S117W_G10_022148_0957_XN_84S118W,G:\crater_flux_output_folders\output_-115_-110_-85_-70\G06_020592_0957_XN_84S117W_G10_022148_0957_XN_84S118W,output_-115_-110_-85_-70,-84.4248,-84.3073,7.3795,0.0
P11_005151_0951_XI_84S101W_J13_049747_0973_XI_82S115W,G:\crater_flux_output_folders\output_-115_-110_-85_-70\P11_005151_0951_XI_84S101W_J13_049747_0973_XI_82S115W,output_-115_-110_-85_-70,-83.8374,-83.8108,0.3376,0.0
G06_020724_0957_XN_84S117W_J12_049431_0962_XN_83S126W,G:\crater_flux_output_folders\output_-115_-110_-85_-70\G06_020724_0957_XN_84S117W_J12_049431_0962_XN_83S126W,output_-115_-110_-85_-70,-84.5375,-84.4139,10.7681,0.0
P05_002936_0957_XI_84S118W_G07_020948_0957_XN_84S117W,G:\crater_flux_output_folders\output_-115_-110_-85_-70\P05_002936_0957_XI_84S118W_G07_020948_0957_XN_84S117W,output_-115_-110_-85_-70,-84.5264,-84.3648,16.0661,0.0
P07_003925_0958_XI_84S115W_G06_020724_0957_XN_84S117W,G:\crater_flux_output_folders\output_-115_-110_-85_-70\P07_003925_0958_XI_84S115W_G06_020724_0957_XN_84S117W,output_-115_-110_-85_-70,-84.5375,-84.2646,59.7632,0.0
P06_003424_0957_XI_84S118W_B07_012390_0959_XN_84S117W,G:\crater_flux_output_folders\output_-115_-110_-85_-70\P06_003424_0957_XI_84S118W_B07_012390_0959_XN_84S117W,output_-115_-110_-85_-70,-84.3868,-84.335,0.7256,0.0
G06_020592_0957_XN_84S117W_D06_029585_0957_XN_84S117W,G:\crater_flux_output_folders\output_-115_-110_-85_-70\G06_020592_0957_XN_84S117W_D06_029585_0957_XN_84S117W,output_-115_-110_-85_-70,-84.4248,-84.343,4.3486,0.0
B12_014262_1016_XN_78S117W_F09_039501_0981_XN_81S110W,G:\crater_flux_output_folders\output_-115_-110_-85_-70\B12_014262_1016_XN_78S117W_F09_039501_0981_XN_81S110W,output_-115_-110_-85_-70,-80.8745,-80.6943,91.5805,0.0
P05_003160_0958_XI_84S117W_P08_004202_0957_XI_84S118W,G:\crater_flux_output_folders\output_-115_-110_-85_-70\P05_003160_0958_XI_84S117W_P08_004202_0957_XI_84S118W,output_-115_-110_-85_-70,-84.5329,-84.3292,30.601,0.0
B12_014275_0996_XN_80S109W_G14_023690_1034_XN_76S115W,G:\crater_flux_output_folders\output_-115_-110_-85_-70\B12_014275_0996_XN_80S109W_G14_023690_1034_XN_76S115W,output_-115_-110_-85_-70,-78.3487,-77.67,482.5546,0.0
P07_003912_0957_XI_84S117W_G08_021502_0957_XN_84S117W,G:\crater_flux_output_folders\output_-115_-110_-85_-70\P07_003912_0957_XI_84S117W_G08_021502_0957_XN_84S117W,output_-115_-110_-85_-70,-84.518,-84.2972,26.7207,0.0
G06_020724_0957_XN_84S117W_D06_029585_0957_XN_84S117W,G:\crater_flux_output_folders\output_-115_-110_-85_-70\G06_020724_0957_XN_84S117W_D06_029585_0957_XN_84S117W,output_-115_-110_-85_-70,-84.5375,-84.343,23.6271,0.0
P05_003125_0845_XI_84S117W_P06_003424_0957_XI_84S118W,G:\crater_flux_output_folders\output_-115_-110_-85_-70\P05_003125_0845_XI_84S117W_P06_003424_0957_XI_84S118W,output_-115_-110_-85_-70,-84.5174,-84.335,18.9586,0.0
J12_049404_1005_XI_79S120W_J13_049747_0973_XI_82S115W,G:\crater_flux_output_folders\output_-115_-110_-85_-70\J12_049404_1005_XI_79S120W_J13_049747_0973_XI_82S115W,output_-115_-110_-85_-70,-81.9708,-81.6816,70.2124,0.0
P06_003345_0955_XI_84S115W_G05_020170_0957_XN_84S117W,G:\crater_flux_output_folders\output_-115_-110_-85_-70\P06_003345_0955_XI_84S115W_G05_020170_0957_XN_84S117W,output_-115_-110_-85_-70,-84.5499,-84.3116,41.123,0.0
P04_002646_0957_XI_84S118W_G06_020724_0957_XN_84S117W,G:\crater_flux_output_folders\output_-115_-110_-85_-70\P04_002646_0957_XI_84S118W_G06_020724_0957_XN_84S117W,output_-115_-110_-85_-70,-84.4914,-84.3319,14.1913,0.0
F12_040648_1005_XN_79S111W_J13_049720_0993_XI_80S108W,G:\crater_flux_output_folders\output_-115_-110_-85_-70\F12_040648_1005_XN_79S111W_J13_049720_0993_XI_80S108W,output_-115_-110_-85_-70,-79.7813,-79.4105,185.3005,0.0
P07_003780_0957_XI_84S118W_G07_020948_0957_XN_84S117W,G:\crater_flux_output_folders\output_-115_-110_-85_-70\P07_003780_0957_XI_84S118W_G07_020948_0957_XN_84S117W,output_-115_-110_-85_-70,-84.5367,-84.3443,23.0022,0.0
B12_014275_0996_XN_80S109W_G07_020789_1037_XN_76S113W,G:\crater_flux_output_folders\output_-115_-110_-85_-70\B12_014275_0996_XN_80S109W_G07_020789_1037_XN_76S113W,output_-115_-110_-85_-70,-77.862,-77.67,54.1324,0.0
P08_004202_0957_XI_84S118W_G10_021937_0957_XN_84S117W,G:\crater_flux_output_folders\output_-115_-110_-85_-70\P08_004202_0957_XI_84S118W_G10_021937_0957_XN_84S117W,output_-115_-110_-85_-70,-84.5329,-84.3292,24.3633,0.0
P05_003160_0958_XI_84S117W_P06_003213_0957_XI_84S118W,G:\crater_flux_output_folders\output_-115_-110_-85_-70\P05_003160_0958_XI_84S117W_P06_003213_0957_XI_84S118W,output_-115_-110_-85_-70,-84.5255,-84.3416,24.4346,0.0
B07_012548_0969_XN_83S110W_J09_048257_0962_XN_83S114W,G:\crater_flux_output_folders\output_-115_-110_-85_-70\B07_012548_0969_XN_83S110W_J09_048257_0962_XN_83S114W,output_-115_-110_-85_-70,-83.6868,-82.9636,137.3304,0.0
B12_014341_1026_XN_77S115W_B12_014407_1025_XN_77S117W,G:\crater_flux_output_folders\output_-115_-110_-85_-70\B12_014341_1026_XN_77S115W_B12_014407_1025_XN_77S117W,output_-115_-110_-85_-70,-79.7693,-77.9199,459.0905,0.0
B08_012719_0996_XN_80S108W_J14_050287_1030_XI_77S113W,G:\crater_flux_output_folders\output_-115_-110_-85_-70\B08_012719_0996_XN_80S108W_J14_050287_1030_XI_77S113W,output_-115_-110_-85_-70,-79.497,-77.683,1549.8135,0.0
P06_003402_0845_XI_84S115W_J10_048758_0965_XN_83S115W,G:\crater_flux_output_folders\output_-115_-110_-85_-70\P06_003402_0845_XI_84S115W_J10_048758_0965_XN_83S115W,output_-115_-110_-85_-70,-84.0405,-84.0279,0.0341,0.0
P06_003213_0957_XI_84S118W_P06_003345_0955_XI_84S115W,G:\crater_flux_output_folders\output_-115_-110_-85_-70\P06_003213_0957_XI_84S118W_P06_003345_0955_XI_84S115W,output_-115_-110_-85_-70,-84.5255,-84.3416,21.354,0.0
F12_040648_1005_XN_79S111W_J11_048929_1001_XN_79S110W,G:\crater_flux_output_folders\output_-115_-110_-85_-70\F12_040648_1005_XN_79S111W_J11_048929_1001_XN_79S110W,output_-115_-110_-85_-70,-79.8133,-79.014,920.3318,0.0
P05_003160_0958_XI_84S117W_G05_020170_0957_XN_84S117W,G:\crater_flux_output_folders\output_-115_-110_-85_-70\P05_003160_0958_XI_84S117W_G05_020170_0957_XN_84S117W,output_-115_-110_-85_-70,-84.5499,-84.3116,41.1232,0.0
P04_002646_0957_XI_84S118W_P07_003912_0957_XI_84S117W,G:\crater_flux_output_folders\output_-115_-110_-85_-70\P04_002646_0957_XI_84S118W_P07_003912_0957_XI_84S117W,output_-115_-110_-85_-70,-84.4914,-84.3319,14.1913,0.0
P06_003345_0955_XI_84S115W_P06_003402_0845_XI_84S115W,G:\crater_flux_output_folders\output_-115_-110_-85_-70\P06_003345_0955_XI_84S115W_P06_003402_0845_XI_84S115W,output_-115_-110_-85_-70,-84.7829,-84.1421,212.6082,0.0
P06_003345_0955_XI_84S115W_P09_004413_0957_XI_84S118W,G:\crater_flux_output_folders\output_-115_-110_-85_-70\P06_003345_0955_XI_84S115W_P09_004413_0957_XI_84S118W,output_-115_-110_-85_-70,-84.5222,-84.3248,28.8063,0.0
J10_048586_0990_XN_81S110W_J13_049984_0994_XN_80S112W,G:\crater_flux_output_folders\output_-115_-110_-85_-70\J10_048586_0990_XN_81S110W_J13_049984_0994_XN_80S112W,output_-115_-110_-85_-70,-81.4916,-80.5454,470.7264,0.0
D13_032327_1060_XN_74S114W_D13_032182_1030_XN_77S112W,G:\crater_flux_output_folders\output_-115_-110_-85_-70\D13_032327_1060_XN_74S114W_D13_032182_1030_XN_77S112W,output_-115_-110_-85_-70,-75.7705,-75.032,542.1279,0.0
P05_002936_0957_XI_84S118W_P06_003424_0957_XI_84S118W,G:\crater_flux_output_folders\output_-115_-110_-85_-70\P05_002936_0957_XI_84S118W_P06_003424_0957_XI_84S118W,output_-115_-110_-85_-70,-84.5174,-84.3648,13.8001,0.0
P06_003402_0845_XI_84S115W_P09_004413_0957_XI_84S118W,G:\crater_flux_output_folders\output_-115_-110_-85_-70\P06_003402_0845_XI_84S115W_P09_004413_0957_XI_84S118W,output_-115_-110_-85_-70,-84.5222,-84.3248,28.8052,0.0
P06_003213_0957_XI_84S118W_P07_003780_0957_XI_84S118W,G:\crater_flux_output_folders\output_-115_-110_-85_-70\P06_003213_0957_XI_84S118W_P07_003780_0957_XI_84S118W,output_-115_-110_-85_-70,-84.5255,-84.3443,21.3539,0.0
P06_003345_0955_XI_84S115W_J08_048046_0951_XN_84S112W,G:\crater_flux_output_folders\output_-115_-110_-85_-70\P06_003345_0955_XI_84S115W_J08_048046_0951_XN_84S112W,output_-115_-110_-85_-70,-84.8463,-84.1421,387.6171,0.0
G06_020407_0969_XN_83S112W_F12_040450_0971_XN_82S109W,G:\crater_flux_output_folders\output_-115_-110_-85_-70\G06_020407_0969_XN_83S112W_F12_040450_0971_XN_82S109W,output_-115_-110_-85_-70,-83.292,-82.655,131.0318,0.0
P06_003424_0957_XI_84S118W_D12_031774_0958_XN_84S118W,G:\crater_flux_output_folders\output_-115_-110_-85_-70\P06_003424_0957_XI_84S118W_D12_031774_0958_XN_84S118W,output_-115_-110_-85_-70,-84.3702,-84.335,0.137,0.0
J10_048705_0975_XN_82S111W_J13_049747_0973_XI_82S115W,G:\crater_flux_output_folders\output_-115_-110_-85_-70\J10_048705_0975_XN_82S111W_J13_049747_0973_XI_82S115W,output_-115_-110_-85_-70,-82.8469,-82.1297,316.7766,0.0
P07_003912_0957_XI_84S117W_G10_021937_0957_XN_84S117W,G:\crater_flux_output_folders\output_-115_-110_-85_-70\P07_003912_0957_XI_84S117W_G10_021937_0957_XN_84S117W,output_-115_-110_-85_-70,-84.5995,-84.2972,57.6704,0.0
P06_003345_0955_XI_84S115W_D06_029585_0957_XN_84S117W,G:\crater_flux_output_folders\output_-115_-110_-85_-70\P06_003345_0955_XI_84S115W_D06_029585_0957_XN_84S117W,output_-115_-110_-85_-70,-84.5661,-84.343,33.3822,0.0
P10_005046_0956_XI_84S117W_B07_012390_0959_XN_84S117W,G:\crater_flux_output_folders\output_-115_-110_-85_-70\P10_005046_0956_XI_84S117W_B07_012390_0959_XN_84S117W,output_-115_-110_-85_-70,-84.3868,-84.2227,1.8265,0.0
P05_002936_0957_XI_84S118W_G06_020724_0957_XN_84S117W,G:\crater_flux_output_folders\output_-115_-110_-85_-70\P05_002936_0957_XI_84S118W_G06_020724_0957_XN_84S117W,output_-115_-110_-85_-70,-84.5264,-84.3648,16.0736,0.0
P06_003213_0957_XI_84S118W_P10_005046_0956_XI_84S117W,G:\crater_flux_output_folders\output_-115_-110_-85_-70\P06_003213_0957_XI_84S118W_P10_005046_0956_XI_84S117W,output_-115_-110_-85_-70,-84.5255,-84.3416,21.3509,0.0
G05_020170_0957_XN_84S117W_G10_022148_0957_XN_84S118W,G:\crater_flux_output_folders\output_-115_-110_-85_-70\G05_020170_0957_XN_84S117W_G10_022148_0957_XN_84S118W,output_-115_-110_-85_-70,-84.4858,-84.3116,16.7784,0.0
D06_029585_0957_XN_84S117W_J12_049444_0957_XN_84S117W,G:\crater_flux_output_folders\output_-115_-110_-85_-70\D06_029585_0957_XN_84S117W_J12_049444_0957_XN_84S117W,output_-115_-110_-85_-70,-84.4519,-84.343,5.8827,0.0
P06_003402_0845_XI_84S115W_B08_012680_0983_XN_81S122W,G:\crater_flux_output_folders\output_-115_-110_-85_-70\P06_003402_0845_XI_84S115W_B08_012680_0983_XN_81S122W,output_-115_-110_-85_-70,-84.1822,-84.0229,38.9963,0.0
P07_003780_0957_XI_84S118W_P10_005046_0956_XI_84S117W,G:\crater_flux_output_folders\output_-115_-110_-85_-70\P07_003780_0957_XI_84S118W_P10_005046_0956_XI_84S117W,output_-115_-110_-85_-70,-84.5367,-84.3443,23.0019,0.0
P04_002646_0957_XI_84S118W_P06_003213_0957_XI_84S118W,G:\crater_flux_output_folders\output_-115_-110_-85_-70\P04_002646_0957_XI_84S118W_P06_003213_0957_XI_84S118W,output_-115_-110_-85_-70,-84.4914,-84.3416,14.1963,0.0
B12_014275_0996_XN_80S109W_D12_031826_1031_XN_76S114W,G:\crater_flux_output_folders\output_-115_-110_-85_-70\B12_014275_0996_XN_80S109W_D12_031826_1031_XN_76S114W,output_-115_-110_-85_-70,-78.7386,-77.67,720.067,0.0
G07_020948_0957_XN_84S117W_G06_020592_0957_XN_84S117W,G:\crater_flux_output_folders\output_-115_-110_-85_-70\G07_020948_0957_XN_84S117W_G06_020592_0957_XN_84S117W,output_-115_-110_-85_-70,-84.4248,-84.3073,6.5566,0.0
D12_031826_1031_XN_76S114W_J09_048296_1038_XN_76S114W,G:\crater_flux_output_folders\output_-115_-110_-85_-70\D12_031826_1031_XN_76S114W_J09_048296_1038_XN_76S114W,output_-115_-110_-85_-70,-78.2256,-75.1725,1871.4167,0.0
P06_003424_0957_XI_84S118W_P08_004202_0957_XI_84S118W,G:\crater_flux_output_folders\output_-115_-110_-85_-70\P06_003424_0957_XI_84S118W_P08_004202_0957_XI_84S118W,output_-115_-110_-85_-70,-84.5174,-84.335,20.0533,0.0
B08_012680_0983_XN_81S122W_J08_048046_0951_XN_84S112W,G:\crater_flux_output_folders\output_-115_-110_-85_-70\B08_012680_0983_XN_81S122W_J08_048046_0951_XN_84S112W,output_-115_-110_-85_-70,-84.1822,-83.7017,180.2055,0.0
P07_003912_0957_XI_84S117W_P09_004413_0957_XI_84S118W,G:\crater_flux_output_folders\output_-115_-110_-85_-70\P07_003912_0957_XI_84S117W_P09_004413_0957_XI_84S118W,output_-115_-110_-85_-70,-84.5222,-84.3248,28.4297,0.0
B08_012719_0996_XN_80S108W_F12_040477_1005_XN_79S110W,G:\crater_flux_output_folders\output_-110_-100_-85_-30\B08_012719_0996_XN_80S108W_F12_040477_1005_XN_79S110W,output_-115_-110_-85_-70,-79.497,-78.943,236.5302,0.0
G10_021937_0957_XN_84S117W_G09_021726_0957_XN_84S117W,G:\crater_flux_output_folders\output_-115_-110_-85_-70\G10_021937_0957_XN_84S117W_G09_021726_0957_XN_84S117W,output_-115_-110_-85_-70,-84.482,-84.2949,20.9227,0.0
B12_014262_1016_XN_78S117W_F13_040978_1004_XN_79S118W,G:\crater_flux_output_folders\output_-115_-110_-85_-70\B12_014262_1016_XN_78S117W_F13_040978_1004_XN_79S118W,output_-115_-110_-85_-70,-80.915,-80.4559,91.8554,0.0
P05_003160_0958_XI_84S117W_G09_021726_0957_XN_84S117W,G:\crater_flux_output_folders\output_-115_-110_-85_-70\P05_003160_0958_XI_84S117W_G09_021726_0957_XN_84S117W,output_-115_-110_-85_-70,-84.482,-84.2949,26.387,0.0
D13_032327_1060_XN_74S114W_J14_050287_1030_XI_77S113W,G:\crater_flux_output_folders\output_-115_-110_-85_-70\D13_032327_1060_XN_74S114W_J14_050287_1030_XI_77S113W,output_-115_-110_-85_-70,-75.78,-74.3047,751.9349,295.6219
P05_003160_0958_XI_84S117W_P07_003780_0957_XI_84S118W,G:\crater_flux_output_folders\output_-115_-110_-85_-70\P05_003160_0958_XI_84S117W_P07_003780_0957_XI_84S118W,output_-115_-110_-85_-70,-84.5367,-84.3443,26.5833,0.0
B08_012720_0948_XN_85S111W_J14_050077_0945_XN_85S110W,G:\crater_flux_output_folders\output_-115_-110_-85_-70\B08_012720_0948_XN_85S111W_J14_050077_0945_XN_85S110W,output_-115_-110_-85_-70,-85.0,-84.9612,6.2986,0.0
P07_003780_0957_XI_84S118W_G08_021502_0957_XN_84S117W,G:\crater_flux_output_folders\output_-115_-110_-85_-70\P07_003780_0957_XI_84S118W_G08_021502_0957_XN_84S117W,output_-115_-110_-85_-70,-84.518,-84.3443,16.9681,0.0
P07_003925_0958_XI_84S115W_G09_021726_0957_XN_84S117W,G:\crater_flux_output_folders\output_-115_-110_-85_-70\P07_003925_0958_XI_84S115W_G09_021726_0957_XN_84S117W,output_-115_-110_-85_-70,-84.482,-84.2949,26.3868,0.0
P04_002646_0957_XI_84S118W_D12_031774_0958_XN_84S118W,G:\crater_flux_output_folders\output_-115_-110_-85_-70\P04_002646_0957_XI_84S118W_D12_031774_0958_XN_84S118W,output_-115_-110_-85_-70,-84.3702,-84.3319,0.1453,0.0
B08_012719_0996_XN_80S108W_F12_040648_1005_XN_79S111W,G:\crater_flux_output_folders\output_-115_-110_-85_-70\B08_012719_0996_XN_80S108W_F12_040648_1005_XN_79S111W,output_-115_-110_-85_-70,-79.497,-79.014,108.7641,0.0
F10_039580_0995_XN_80S110W_J14_050287_1030_XI_77S113W,G:\crater_flux_output_folders\output_-115_-110_-85_-70\F10_039580_0995_XN_80S110W_J14_050287_1030_XI_77S113W,output_-115_-110_-85_-70,-79.6309,-79.54,21.9009,0.0
B07_012390_0959_XN_84S117W_J12_049444_0957_XN_84S117W,G:\crater_flux_output_folders\output_-115_-110_-85_-70\B07_012390_0959_XN_84S117W_J12_049444_0957_XN_84S117W,output_-115_-110_-85_-70,-84.3868,-84.2831,8.9168,0.0
P04_002646_0957_XI_84S118W_J12_049444_0957_XN_84S117W,G:\crater_flux_output_folders\output_-115_-110_-85_-70\P04_002646_0957_XI_84S118W_J12_049444_0957_XN_84S117W,output_-115_-110_-85_-70,-84.4519,-84.3319,6.8619,0.0
P04_002646_0957_XI_84S118W_G10_022148_0957_XN_84S118W,G:\crater_flux_output_folders\output_-115_-110_-85_-70\P04_002646_0957_XI_84S118W_G10_022148_0957_XN_84S118W,output_-115_-110_-85_-70,-84.4858,-84.3319,12.6445,0.0
P06_003345_0955_XI_84S115W_G09_021726_0957_XN_84S117W,G:\crater_flux_output_folders\output_-115_-110_-85_-70\P06_003345_0955_XI_84S115W_G09_021726_0957_XN_84S117W,output_-115_-110_-85_-70,-84.482,-84.2949,26.3609,0.0
P05_002936_0957_XI_84S118W_G10_022148_0957_XN_84S118W,G:\crater_flux_output_folders\output_-115_-110_-85_-70\P05_002936_0957_XI_84S118W_G10_022148_0957_XN_84S118W,output_-115_-110_-85_-70,-84.4858,-84.3648,7.9716,0.0
P09_004413_0957_XI_84S118W_J12_049431_0962_XN_83S126W,G:\crater_flux_output_folders\output_-115_-110_-85_-70\P09_004413_0957_XI_84S118W_J12_049431_0962_XN_83S126W,output_-115_-110_-85_-70,-84.5222,-84.4139,8.6708,0.0
P07_003925_0958_XI_84S115W_G06_020592_0957_XN_84S117W,G:\crater_flux_output_folders\output_-115_-110_-85_-70\P07_003925_0958_XI_84S115W_G06_020592_0957_XN_84S117W,output_-115_-110_-85_-70,-84.4248,-84.3073,10.5505,0.0
P05_003068_0957_XI_84S118W_J08_048046_0951_XN_84S112W,G:\crater_flux_output_folders\output_-115_-110_-85_-70\P05_003068_0957_XI_84S118W_J08_048046_0951_XN_84S112W,output_-115_-110_-85_-70,-84.4994,-84.321,17.8439,0.0
P06_003213_0957_XI_84S118W_B07_012390_0959_XN_84S117W,G:\crater_flux_output_folders\output_-115_-110_-85_-70\P06_003213_0957_XI_84S118W_B07_012390_0959_XN_84S117W,output_-115_-110_-85_-70,-84.3868,-84.3416,0.5847,0.0
P05_003125_0845_XI_84S117W_P08_004202_0957_XI_84S118W,G:\crater_flux_output_folders\output_-115_-110_-85_-70\P05_003125_0845_XI_84S117W_P08_004202_0957_XI_84S118W,output_-115_-110_-85_-70,-84.5235,-84.3292,20.4785,0.0
P05_003125_0845_XI_84S117W_P06_003213_0957_XI_84S118W,G:\crater_flux_output_folders\output_-115_-110_-85_-70\P05_003125_0845_XI_84S117W_P06_003213_0957_XI_84S118W,output_-115_-110_-85_-70,-84.5235,-84.3416,17.5428,0.0
P06_003424_0957_XI_84S118W_G08_021502_0957_XN_84S117W,G:\crater_flux_output_folders\output_-115_-110_-85_-70\P06_003424_0957_XI_84S118W_G08_021502_0957_XN_84S117W,output_-115_-110_-85_-70,-84.5174,-84.335,18.9366,0.0
J08_048085_1059_XN_74S114W_J09_048230_1041_XN_75S112W,G:\crater_flux_output_folders\output_-115_-110_-85_-70\J08_048085_1059_XN_74S114W_J09_048230_1041_XN_75S112W,output_-115_-110_-85_-70,-76.5913,-73.7294,2266.2262,1095.8205
P13_006179_1051_XN_74S111W_G13_023136_1029_XN_77S109W,G:\crater_flux_output_folders\output_-110_-100_-85_-30\P13_006179_1051_XN_74S111W_G13_023136_1029_XN_77S109W,output_-115_-110_-85_-70,-76.7118,-74.365,1500.8382,398.3093
P08_004202_0957_XI_84S118W_D12_031774_0958_XN_84S118W,G:\crater_flux_output_folders\output_-115_-110_-85_-70\P08_004202_0957_XI_84S118W_D12_031774_0958_XN_84S118W,output_-115_-110_-85_-70,-84.3702,-84.3292,0.1419,0.0
B08_012904_1001_XN_79S119W_J14_050393_1001_XI_79S119W,G:\crater_flux_output_folders\output_-115_-110_-85_-70\B08_012904_1001_XN_79S119W_J14_050393_1001_XI_79S119W,output_-115_-110_-85_-70,-82.4365,-81.1855,421.8276,0.0
P05_003160_0958_XI_84S117W_J08_048046_0951_XN_84S112W,G:\crater_flux_output_folders\output_-115_-110_-85_-70\P05_003160_0958_XI_84S117W_J08_048046_0951_XN_84S112W,output_-115_-110_-85_-70,-84.5756,-84.1668,104.7779,0.0
G09_021726_0957_XN_84S117W_J08_048046_0951_XN_84S112W,G:\crater_flux_output_folders\output_-115_-110_-85_-70\G09_021726_0957_XN_84S117W_J08_048046_0951_XN_84S112W,output_-115_-110_-85_-70,-84.482,-84.2949,19.6899,0.0
P07_003780_0957_XI_84S118W_G10_022148_0957_XN_84S118W,G:\crater_flux_output_folders\output_-115_-110_-85_-70\P07_003780_0957_XI_84S118W_G10_022148_0957_XN_84S118W,output_-115_-110_-85_-70,-84.4858,-84.3443,10.9542,0.0
P04_002646_0957_XI_84S118W_P05_002936_0957_XI_84S118W,G:\crater_flux_output_folders\output_-115_-110_-85_-70\P04_002646_0957_XI_84S118W_P05_002936_0957_XI_84S118W,output_-115_-110_-85_-70,-84.4914,-84.3648,10.7311,0.0
P10_005046_0956_XI_84S117W_G06_020724_0957_XN_84S117W,G:\crater_flux_output_folders\output_-115_-110_-85_-70\P10_005046_0956_XI_84S117W_G06_020724_0957_XN_84S117W,output_-115_-110_-85_-70,-84.5375,-84.2646,30.5951,0.0
J09_048494_0994_XN_80S113W_J14_050340_0975_XI_82S106W,G:\crater_flux_output_folders\output_-115_-110_-85_-70\J09_048494_0994_XN_80S113W_J14_050340_0975_XI_82S106W,output_-115_-110_-85_-70,-81.4145,-80.9,164.7502,0.0
D13_032327_1060_XN_74S114W_J08_048085_1059_XN_74S114W,G:\crater_flux_output_folders\output_-115_-110_-85_-70\D13_032327_1060_XN_74S114W_J08_048085_1059_XN_74S114W,output_-115_-110_-85_-70,-75.78,-72.0664,4051.2987,2956.804
P06_003213_0957_XI_84S118W_G05_020170_0957_XN_84S117W,G:\crater_flux_output_folders\output_-115_-110_-85_-70\P06_003213_0957_XI_84S118W_G05_020170_0957_XN_84S117W,output_-115_-110_-85_-70,-84.5255,-84.3416,21.3572,0.0
P04_002646_0957_XI_84S118W_P09_004413_0957_XI_84S118W,G:\crater_flux_output_folders\output_-115_-110_-85_-70\P04_002646_0957_XI_84S118W_P09_004413_0957_XI_84S118W,output_-115_-110_-85_-70,-84.4914,-84.3319,14.1902,0.0
P05_003160_0958_XI_84S117W_J12_049431_0962_XN_83S126W,G:\crater_flux_output_folders\output_-115_-110_-85_-70\P05_003160_0958_XI_84S117W_J12_049431_0962_XN_83S126W,output_-115_-110_-85_-70,-84.5858,-84.4139,23.1365,0.0
P10_005046_0956_XI_84S117W_J05_046543_0955_XN_84S118W,G:\crater_flux_output_folders\output_-115_-110_-85_-70\P10_005046_0956_XI_84S117W_J05_046543_0955_XN_84S118W,output_-115_-110_-85_-70,-84.7556,-84.7194,0.8771,0.0
P07_003780_0957_XI_84S118W_J12_049431_0962_XN_83S126W,G:\crater_flux_output_folders\output_-115_-110_-85_-70\P07_003780_0957_XI_84S118W_J12_049431_0962_XN_83S126W,output_-115_-110_-85_-70,-84.5367,-84.4139,11.3072,0.0
P07_003780_0957_XI_84S118W_P08_004202_0957_XI_84S118W,G:\crater_flux_output_folders\output_-115_-110_-85_-70\P07_003780_0957_XI_84S118W_P08_004202_0957_XI_84S118W,output_-115_-110_-85_-70,-84.5329,-84.3443,21.6769,0.0
P05_002936_0957_XI_84S118W_P05_003125_0845_XI_84S117W,G:\crater_flux_output_folders\output_-115_-110_-85_-70\P05_002936_0957_XI_84S118W_P05_003125_0845_XI_84S117W,output_-115_-110_-85_-70,-84.5235,-84.3648,11.0684,0.0
P05_003068_0957_XI_84S118W_P07_003780_0957_XI_84S118W,G:\crater_flux_output_folders\output_-115_-110_-85_-70\P05_003068_0957_XI_84S118W_P07_003780_0957_XI_84S118W,output_-115_-110_-85_-70,-84.4994,-84.3443,16.6604,0.0
J05_046543_0955_XN_84S118W_J12_049431_0962_XN_83S126W,G:\crater_flux_output_folders\output_-115_-110_-85_-70\J05_046543_0955_XN_84S118W_J12_049431_0962_XN_83S126W,output_-115_-110_-85_-70,-84.7556,-84.7194,0.8639,0.0
P08_004202_0957_XI_84S118W_G06_020724_0957_XN_84S117W,G:\crater_flux_output_folders\output_-115_-110_-85_-70\P08_004202_0957_XI_84S118W_G06_020724_0957_XN_84S117W,output_-115_-110_-85_-70,-84.5329,-84.3292,24.0689,0.0
B08_012680_0983_XN_81S122W_J11_049035_0964_XN_83S115W,G:\crater_flux_output_folders\output_-115_-110_-85_-70\B08_012680_0983_XN_81S122W_J11_049035_0964_XN_83S115W,output_-115_-110_-85_-70,-83.9067,-83.6022,40.3224,0.0
P04_002646_0957_XI_84S118W_G05_020170_0957_XN_84S117W,G:\crater_flux_output_folders\output_-115_-110_-85_-70\P04_002646_0957_XI_84S118W_G05_020170_0957_XN_84S117W,output_-115_-110_-85_-70,-84.4914,-84.3319,14.1902,0.0
G08_021502_0957_XN_84S117W_D12_031774_0958_XN_84S118W,G:\crater_flux_output_folders\output_-115_-110_-85_-70\G08_021502_0957_XN_84S117W_D12_031774_0958_XN_84S118W,output_-115_-110_-85_-70,-84.3702,-84.3038,3.2282,0.0
P10_004980_0945_XN_85S099W_P10_005046_0956_XI_84S117W,G:\crater_flux_output_folders\output_-115_-110_-85_-70\P10_004980_0945_XN_85S099W_P10_005046_0956_XI_84S117W,output_-115_-110_-85_-70,-84.3697,-84.3108,2.9602,0.0
F12_040477_1005_XN_79S110W_J11_049285_0994_XN_80S110W,G:\crater_flux_output_folders\output_-115_-110_-85_-70\F12_040477_1005_XN_79S110W_J11_049285_0994_XN_80S110W,output_-115_-110_-85_-70,-79.833,-79.6208,79.2489,0.0
P05_003160_0958_XI_84S117W_G10_021937_0957_XN_84S117W,G:\crater_flux_output_folders\output_-115_-110_-85_-70\P05_003160_0958_XI_84S117W_G10_021937_0957_XN_84S117W,output_-115_-110_-85_-70,-84.5858,-84.2829,78.9717,0.0
G05_020170_0957_XN_84S117W_D06_029585_0957_XN_84S117W,G:\crater_flux_output_folders\output_-115_-110_-85_-70\G05_020170_0957_XN_84S117W_D06_029585_0957_XN_84S117W,output_-115_-110_-85_-70,-84.5499,-84.343,27.9103,0.0
P08_004333_1029_XI_77S110W_J09_048230_1041_XN_75S112W,G:\crater_flux_output_folders\output_-115_-110_-85_-70\P08_004333_1029_XI_77S110W_J09_048230_1041_XN_75S112W,output_-115_-110_-85_-70,-77.7389,-75.7374,1247.6726,0.0
P05_003147_0955_XI_84S117W_D06_029585_0957_XN_84S117W,G:\crater_flux_output_folders\output_-115_-110_-85_-70\P05_003147_0955_XI_84S117W_D06_029585_0957_XN_84S117W,output_-115_-110_-85_-70,-84.5661,-84.3978,17.0874,0.0
P09_004413_0957_XI_84S118W_G06_020724_0957_XN_84S117W,G:\crater_flux_output_folders\output_-115_-110_-85_-70\P09_004413_0957_XI_84S118W_G06_020724_0957_XN_84S117W,output_-115_-110_-85_-70,-84.5222,-84.3248,23.2576,0.0
B08_012614_0971_XN_82S115W_J09_048257_0962_XN_83S114W,G:\crater_flux_output_folders\output_-115_-110_-85_-70\B08_012614_0971_XN_82S115W_J09_048257_0962_XN_83S114W,output_-115_-110_-85_-70,-84.086,-82.5269,543.5987,0.0
P05_002936_0957_XI_84S118W_J12_049444_0957_XN_84S117W,G:\crater_flux_output_folders\output_-115_-110_-85_-70\P05_002936_0957_XI_84S118W_J12_049444_0957_XN_84S117W,output_-115_-110_-85_-70,-84.4519,-84.3648,3.6989,0.0
P05_003125_0845_XI_84S117W_J12_049431_0962_XN_83S126W,G:\crater_flux_output_folders\output_-115_-110_-85_-70\P05_003125_0845_XI_84S117W_J12_049431_0962_XN_83S126W,output_-115_-110_-85_-70,-84.5235,-84.4139,6.5151,0.0
P04_002646_0957_XI_84S118W_P05_003125_0845_XI_84S117W,G:\crater_flux_output_folders\output_-115_-110_-85_-70\P04_002646_0957_XI_84S118W_P05_003125_0845_XI_84S117W,output_-115_-110_-85_-70,-84.4914,-84.3319,13.6188,0.0
B07_012390_0959_XN_84S117W_G10_021937_0957_XN_84S117W,G:\crater_flux_output_folders\output_-115_-110_-85_-70\B07_012390_0959_XN_84S117W_G10_021937_0957_XN_84S117W,output_-115_-110_-85_-70,-84.3868,-84.2829,9.0365,0.0
P05_003068_0957_XI_84S118W_P10_005046_0956_XI_84S117W,G:\crater_flux_output_folders\output_-115_-110_-85_-70\P05_003068_0957_XI_84S118W_P10_005046_0956_XI_84S117W,output_-115_-110_-85_-70,-84.4994,-84.321,17.8465,0.0
P04_002567_0957_XI_84S118W_G06_020724_0957_XN_84S117W,G:\crater_flux_output_folders\output_-115_-110_-85_-70\P04_002567_0957_XI_84S118W_G06_020724_0957_XN_84S117W,output_-115_-110_-85_-70,-84.5375,-84.2969,34.6489,0.0
G06_020592_0957_XN_84S117W_D12_031774_0958_XN_84S118W,G:\crater_flux_output_folders\output_-115_-110_-85_-70\G06_020592_0957_XN_84S117W_D12_031774_0958_XN_84S118W,output_-115_-110_-85_-70,-84.3702,-84.3073,1.3837,0.0
J11_049285_0994_XN_80S110W_J13_049720_0993_XI_80S108W,G:\crater_flux_output_folders\output_-110_-100_-85_-30\J11_049285_0994_XN_80S110W_J13_049720_0993_XI_80S108W,output_-115_-110_-85_-70,-80.1343,-79.9025,182.3825,0.0
P08_004202_0957_XI_84S118W_P10_005046_0956_XI_84S117W,G:\crater_flux_output_folders\output_-115_-110_-85_-70\P08_004202_0957_XI_84S118W_P10_005046_0956_XI_84S117W,output_-115_-110_-85_-70,-84.5329,-84.3292,24.3601,0.0
J14_050340_0975_XI_82S106W_J13_049760_0973_XI_82S107W,G:\crater_flux_output_folders\output_-115_-110_-85_-70\J14_050340_0975_XI_82S106W_J13_049760_0973_XI_82S107W,output_-115_-110_-85_-70,-81.4269,-80.9267,157.2496,0.0
P07_003912_0957_XI_84S117W_G09_021726_0957_XN_84S117W,G:\crater_flux_output_folders\output_-115_-110_-85_-70\P07_003912_0957_XI_84S117W_G09_021726_0957_XN_84S117W,output_-115_-110_-85_-70,-84.482,-84.2972,18.1659,0.0
P10_004980_0945_XN_85S099W_J08_048046_0951_XN_84S112W,G:\crater_flux_output_folders\output_-115_-110_-85_-70\P10_004980_0945_XN_85S099W_J08_048046_0951_XN_84S112W,output_-115_-110_-85_-70,-84.6893,-84.1573,375.5636,0.0
J10_048573_0995_XN_80S113W_J10_048586_0990_XN_81S110W,G:\crater_flux_output_folders\output_-115_-110_-85_-70\J10_048573_0995_XN_80S113W_J10_048586_0990_XN_81S110W,output_-115_-110_-85_-70,-80.8001,-80.5602,66.6714,0.0
F12_040648_1005_XN_79S111W_J11_049285_0994_XN_80S110W,G:\crater_flux_output_folders\output_-115_-110_-85_-70\F12_040648_1005_XN_79S111W_J11_049285_0994_XN_80S110W,output_-115_-110_-85_-70,-79.833,-79.6208,101.7007,0.0
P06_003345_0955_XI_84S115W_B07_012390_0959_XN_84S117W,G:\crater_flux_output_folders\output_-115_-110_-85_-70\P06_003345_0955_XI_84S115W_B07_012390_0959_XN_84S117W,output_-115_-110_-85_-70,-84.3868,-84.1998,23.4618,0.0
P07_003912_0957_XI_84S117W_D06_029585_0957_XN_84S117W,G:\crater_flux_output_folders\output_-115_-110_-85_-70\P07_003912_0957_XI_84S117W_D06_029585_0957_XN_84S117W,output_-115_-110_-85_-70,-84.5661,-84.343,33.3636,0.0
D12_031774_0958_XN_84S118W_J08_048046_0951_XN_84S112W,G:\crater_flux_output_folders\output_-115_-110_-85_-70\D12_031774_0958_XN_84S118W_J08_048046_0951_XN_84S112W,output_-115_-110_-85_-70,-84.3702,-84.3038,1.4693,0.0
P06_003424_0957_XI_84S118W_G10_021937_0957_XN_84S117W,G:\crater_flux_output_folders\output_-115_-110_-85_-70\P06_003424_0957_XI_84S118W_G10_021937_0957_XN_84S117W,output_-115_-110_-85_-70,-84.5174,-84.335,20.0481,0.0
P06_003345_0955_XI_84S115W_B08_012720_0948_XN_85S111W,G:\crater_flux_output_folders\output_-115_-110_-85_-70\P06_003345_0955_XI_84S115W_B08_012720_0948_XN_85S111W,output_-115_-110_-85_-70,-84.951,-84.708,94.5756,0.0
G07_020948_0957_XN_84S117W_D06_029585_0957_XN_84S117W,G:\crater_flux_output_folders\output_-115_-110_-85_-70\G07_020948_0957_XN_84S117W_D06_029585_0957_XN_84S117W,output_-115_-110_-85_-70,-84.5661,-84.343,33.3637,0.0
P07_003780_0957_XI_84S118W_J08_048046_0951_XN_84S112W,G:\crater_flux_output_folders\output_-115_-110_-85_-70\P07_003780_0957_XI_84S118W_J08_048046_0951_XN_84S112W,output_-115_-110_-85_-70,-84.5351,-84.3443,22.9438,0.0
J10_048705_0975_XN_82S111W_J14_050393_1001_XI_79S119W,G:\crater_flux_output_folders\output_-115_-110_-85_-70\J10_048705_0975_XN_82S111W_J14_050393_1001_XI_79S119W,output_-115_-110_-85_-70,-82.3435,-82.0883,122.8219,0.0
P05_003147_0955_XI_84S117W_G05_020170_0957_XN_84S117W,G:\crater_flux_output_folders\output_-115_-110_-85_-70\P05_003147_0955_XI_84S117W_G05_020170_0957_XN_84S117W,output_-115_-110_-85_-70,-84.5499,-84.3978,13.1868,0.0
F13_040978_1004_XN_79S118W_J12_049338_0969_XN_83S111W,G:\crater_flux_output_folders\output_-115_-110_-85_-70\F13_040978_1004_XN_79S118W_J12_049338_0969_XN_83S111W,output_-115_-110_-85_-70,-82.442,-82.149,209.9392,0.0
G07_020948_0957_XN_84S117W_G08_021502_0957_XN_84S117W,G:\crater_flux_output_folders\output_-115_-110_-85_-70\G07_020948_0957_XN_84S117W_G08_021502_0957_XN_84S117W,output_-115_-110_-85_-70,-84.518,-84.3071,25.3136,0.0
G06_020724_0957_XN_84S117W_G10_022148_0957_XN_84S118W,G:\crater_flux_output_folders\output_-115_-110_-85_-70\G06_020724_0957_XN_84S117W_G10_022148_0957_XN_84S118W,output_-115_-110_-85_-70,-84.4858,-84.2953,27.2379,0.0
P07_003925_0958_XI_84S115W_J10_048758_0965_XN_83S115W,G:\crater_flux_output_folders\output_-115_-110_-85_-70\P07_003925_0958_XI_84S115W_J10_048758_0965_XN_83S115W,output_-115_-110_-85_-70,-84.0405,-83.8627,19.3828,0.0
F12_040450_0971_XN_82S109W_J13_049747_0973_XI_82S115W,G:\crater_flux_output_folders\output_-115_-110_-85_-70\F12_040450_0971_XN_82S109W_J13_049747_0973_XI_82S115W,output_-115_-110_-85_-70,-83.292,-82.554,276.7361,0.0
G07_020789_1037_XN_76S113W_G14_023690_1034_XN_76S115W,G:\crater_flux_output_folders\output_-115_-110_-85_-70\G07_020789_1037_XN_76S113W_G14_023690_1034_XN_76S115W,output_-115_-110_-85_-70,-77.862,-75.7132,406.8416,0.0
B12_014341_1026_XN_77S115W_J14_050287_1030_XI_77S113W,G:\crater_flux_output_folders\output_-115_-110_-85_-70\B12_014341_1026_XN_77S115W_J14_050287_1030_XI_77S113W,output_-115_-110_-85_-70,-79.6309,-77.8629,152.8702,0.0
P08_004202_0957_XI_84S118W_G09_021726_0957_XN_84S117W,G:\crater_flux_output_folders\output_-115_-110_-85_-70\P08_004202_0957_XI_84S118W_G09_021726_0957_XN_84S117W,output_-115_-110_-85_-70,-84.482,-84.3292,12.1237,0.0
G09_021726_0957_XN_84S117W_J12_049444_0957_XN_84S117W,G:\crater_flux_output_folders\output_-115_-110_-85_-70\G09_021726_0957_XN_84S117W_J12_049444_0957_XN_84S117W,output_-115_-110_-85_-70,-84.4519,-84.2949,12.6305,0.0
G10_021937_0957_XN_84S117W_J08_048046_0951_XN_84S112W,G:\crater_flux_output_folders\output_-115_-110_-85_-70\G10_021937_0957_XN_84S117W_J08_048046_0951_XN_84S112W,output_-115_-110_-85_-70,-84.6798,-84.2829,105.1983,0.0
G08_021502_0957_XN_84S117W_G10_022148_0957_XN_84S118W,G:\crater_flux_output_folders\output_-115_-110_-85_-70\G08_021502_0957_XN_84S117W_G10_022148_0957_XN_84S118W,output_-115_-110_-85_-70,-84.4858,-84.2953,27.3179,0.0
P05_003160_0958_XI_84S117W_G07_020948_0957_XN_84S117W,G:\crater_flux_output_folders\output_-115_-110_-85_-70\P05_003160_0958_XI_84S117W_G07_020948_0957_XN_84S117W,output_-115_-110_-85_-70,-84.5858,-84.3071,62.4399,0.0
P05_003125_0845_XI_84S117W_P10_005046_0956_XI_84S117W,G:\crater_flux_output_folders\output_-115_-110_-85_-70\P05_003125_0845_XI_84S117W_P10_005046_0956_XI_84S117W,output_-115_-110_-85_-70,-84.5235,-84.2227,53.17,0.0
J08_048046_0951_XN_84S112W_J10_048758_0965_XN_83S115W,G:\crater_flux_output_folders\output_-115_-110_-85_-70\J08_048046_0951_XN_84S112W_J10_048758_0965_XN_83S115W,output_-115_-110_-85_-70,-84.0405,-83.7017,65.8883,0.0
P06_003213_0957_XI_84S118W_J12_049431_0962_XN_83S126W,G:\crater_flux_output_folders\output_-115_-110_-85_-70\P06_003213_0957_XI_84S118W_J12_049431_0962_XN_83S126W,output_-115_-110_-85_-70,-84.5255,-84.4139,9.3316,0.0
F10_039580_0995_XN_80S110W_J11_048929_1001_XN_79S110W,G:\crater_flux_output_folders\output_-115_-110_-85_-70\F10_039580_0995_XN_80S110W_J11_048929_1001_XN_79S110W,output_-115_-110_-85_-70,-80.4662,-79.54,190.2587,0.0
P06_003424_0957_XI_84S118W_J12_049431_0962_XN_83S126W,G:\crater_flux_output_folders\output_-115_-110_-85_-70\P06_003424_0957_XI_84S118W_J12_049431_0962_XN_83S126W,output_-115_-110_-85_-70,-84.5174,-84.4139,7.951,0.0
P05_003125_0845_XI_84S117W_P05_003147_0955_XI_84S117W,G:\crater_flux_output_folders\output_-115_-110_-85_-70\P05_003125_0845_XI_84S117W_P05_003147_0955_XI_84S117W,output_-115_-110_-85_-70,-84.5235,-84.3978,8.4383,0.0
G07_020789_1037_XN_76S113W_D13_032182_1030_XN_77S112W,G:\crater_flux_output_folders\output_-115_-110_-85_-70\G07_020789_1037_XN_76S113W_D13_032182_1030_XN_77S112W,output_-115_-110_-85_-70,-77.7761,-75.0518,727.7841,0.0
G07_020948_0957_XN_84S117W_J12_049431_0962_XN_83S126W,G:\crater_flux_output_folders\output_-115_-110_-85_-70\G07_020948_0957_XN_84S117W_J12_049431_0962_XN_83S126W,output_-115_-110_-85_-70,-84.673,-84.4139,48.9019,0.0
P06_003213_0957_XI_84S118W_P07_003925_0958_XI_84S115W,G:\crater_flux_output_folders\output_-115_-110_-85_-70\P06_003213_0957_XI_84S118W_P07_003925_0958_XI_84S115W,output_-115_-110_-85_-70,-84.5255,-84.3416,21.3443,0.0
B12_014262_1016_XN_78S117W_J13_049905_0992_XN_80S115W,G:\crater_flux_output_folders\output_-115_-110_-85_-70\B12_014262_1016_XN_78S117W_J13_049905_0992_XN_80S115W,output_-115_-110_-85_-70,-80.915,-80.2703,224.4985,0.0
J11_048929_1001_XN_79S110W_J11_049285_0994_XN_80S110W,G:\crater_flux_output_folders\output_-110_-100_-85_-30\J11_048929_1001_XN_79S110W_J11_049285_0994_XN_80S110W,output_-115_-110_-85_-70,-80.4662,-79.6208,350.3756,0.0
P05_003125_0845_XI_84S117W_P07_003925_0958_XI_84S115W,G:\crater_flux_output_folders\output_-115_-110_-85_-70\P05_003125_0845_XI_84S117W_P07_003925_0958_XI_84S115W,output_-115_-110_-85_-70,-84.5235,-84.1481,117.6487,0.0
B07_012390_0959_XN_84S117W_J08_048046_0951_XN_84S112W,G:\crater_flux_output_folders\output_-115_-110_-85_-70\B07_012390_0959_XN_84S117W_J08_048046_0951_XN_84S112W,output_-115_-110_-85_-70,-84.3868,-84.1998,21.8127,0.0
P10_005046_0956_XI_84S117W_G09_021726_0957_XN_84S117W,G:\crater_flux_output_folders\output_-115_-110_-85_-70\P10_005046_0956_XI_84S117W_G09_021726_0957_XN_84S117W,output_-115_-110_-85_-70,-84.482,-84.2949,16.2697,0.0
J08_048046_0951_XN_84S112W_J12_049431_0962_XN_83S126W,G:\crater_flux_output_folders\output_-115_-110_-85_-70\J08_048046_0951_XN_84S112W_J12_049431_0962_XN_83S126W,output_-115_-110_-85_-70,-85.0,-84.4139,114.3204,0.0
P04_002646_0957_XI_84S118W_G08_021502_0957_XN_84S117W,G:\crater_flux_output_folders\output_-115_-110_-85_-70\P04_002646_0957_XI_84S118W_G08_021502_0957_XN_84S117W,output_-115_-110_-85_-70,-84.4914,-84.3319,14.191,0.0
P06_003402_0845_XI_84S115W_G10_022148_0957_XN_84S118W,G:\crater_flux_output_folders\output_-115_-110_-85_-70\P06_003402_0845_XI_84S115W_G10_022148_0957_XN_84S118W,output_-115_-110_-85_-70,-84.4858,-84.2953,27.5296,0.0
G07_020948_0957_XN_84S117W_G06_020724_0957_XN_84S117W,G:\crater_flux_output_folders\output_-115_-110_-85_-70\G07_020948_0957_XN_84S117W_G06_020724_0957_XN_84S117W,output_-115_-110_-85_-70,-84.5375,-84.3071,31.3228,0.0
P04_002567_0957_XI_84S118W_P06_003402_0845_XI_84S115W,G:\crater_flux_output_folders\output_-115_-110_-85_-70\P04_002567_0957_XI_84S118W_P06_003402_0845_XI_84S115W,output_-115_-110_-85_-70,-84.5439,-84.2969,37.6097,0.0
P05_003125_0845_XI_84S117W_D06_029585_0957_XN_84S117W,G:\crater_flux_output_folders\output_-115_-110_-85_-70\P05_003125_0845_XI_84S117W_D06_029585_0957_XN_84S117W,output_-115_-110_-85_-70,-84.5235,-84.343,16.1228,0.0
P06_003402_0845_XI_84S115W_P10_005046_0956_XI_84S117W,G:\crater_flux_output_folders\output_-115_-110_-85_-70\P06_003402_0845_XI_84S115W_P10_005046_0956_XI_84S117W,output_-115_-110_-85_-70,-84.7829,-84.2227,168.0465,0.0
B12_014341_1026_XN_77S115W_J13_049984_0994_XN_80S112W,G:\crater_flux_output_folders\output_-115_-110_-85_-70\B12_014341_1026_XN_77S115W_J13_049984_0994_XN_80S112W,output_-115_-110_-85_-70,-79.843,-79.4994,77.0254,0.0
P10_004980_0945_XN_85S099W_B07_012390_0959_XN_84S117W,G:\crater_flux_output_folders\output_-115_-110_-85_-70\P10_004980_0945_XN_85S099W_B07_012390_0959_XN_84S117W,output_-115_-110_-85_-70,-84.3514,-84.3131,1.4695,0.0
G14_023690_1034_XN_76S115W_D12_031826_1031_XN_76S114W,G:\crater_flux_output_folders\output_-115_-110_-85_-70\G14_023690_1034_XN_76S115W_D12_031826_1031_XN_76S114W,output_-115_-110_-85_-70,-78.377,-75.7132,1644.1623,0.0
J10_048586_0990_XN_81S110W_J14_050340_0975_XI_82S106W,G:\crater_flux_output_folders\output_-110_-100_-85_-30\J10_048586_0990_XN_81S110W_J14_050340_0975_XI_82S106W,output_-115_-110_-85_-70,-81.4269,-80.8652,424.9284,0.0
B12_014275_0996_XN_80S109W_J11_048929_1001_XN_79S110W,G:\crater_flux_output_folders\output_-110_-100_-85_-30\B12_014275_0996_XN_80S109W_J11_048929_1001_XN_79S110W,output_-115_-110_-85_-70,-80.0568,-78.6603,230.5408,0.0
P08_004202_0957_XI_84S118W_J12_049444_0957_XN_84S117W,G:\crater_flux_output_folders\output_-115_-110_-85_-70\P08_004202_0957_XI_84S118W_J12_049444_0957_XN_84S117W,output_-115_-110_-85_-70,-84.4519,-84.3292,6.8781,0.0
D12_031826_1031_XN_76S114W_J14_050287_1030_XI_77S113W,G:\crater_flux_output_folders\output_-115_-110_-85_-70\D12_031826_1031_XN_76S114W_J14_050287_1030_XI_77S113W,output_-115_-110_-85_-70,-78.7438,-75.1725,1493.7242,0.0
P04_002646_0957_XI_84S118W_G06_020592_0957_XN_84S117W,G:\crater_flux_output_folders\output_-115_-110_-85_-70\P04_002646_0957_XI_84S118W_G06_020592_0957_XN_84S117W,output_-115_-110_-85_-70,-84.4248,-84.3319,3.5901,0.0
P05_003068_0957_XI_84S118W_P05_003160_0958_XI_84S117W,G:\crater_flux_output_folders\output_-115_-110_-85_-70\P05_003068_0957_XI_84S118W_P05_003160_0958_XI_84S117W,output_-115_-110_-85_-70,-84.4994,-84.321,17.8441,0.0
P07_003780_0957_XI_84S118W_D06_029585_0957_XN_84S117W,G:\crater_flux_output_folders\output_-115_-110_-85_-70\P07_003780_0957_XI_84S118W_D06_029585_0957_XN_84S117W,output_-115_-110_-85_-70,-84.5367,-84.3443,22.7104,0.0
P06_003213_0957_XI_84S118W_P06_003424_0957_XI_84S118W,G:\crater_flux_output_folders\output_-115_-110_-85_-70\P06_003213_0957_XI_84S118W_P06_003424_0957_XI_84S118W,output_-115_-110_-85_-70,-84.5174,-84.3416,19.1899,0.0
P05_003147_0955_XI_84S117W_J12_049444_0957_XN_84S117W,G:\crater_flux_output_folders\output_-115_-110_-85_-70\P05_003147_0955_XI_84S117W_J12_049444_0957_XN_84S117W,output_-115_-110_-85_-70,-84.4519,-84.3978,0.9305,0.0
P05_003160_0958_XI_84S117W_D12_031774_0958_XN_84S118W,G:\crater_flux_output_folders\output_-115_-110_-85_-70\P05_003160_0958_XI_84S117W_D12_031774_0958_XN_84S118W,output_-115_-110_-85_-70,-84.3702,-84.3038,3.2282,0.0
B08_012719_0996_XN_80S108W_J13_049720_0993_XI_80S108W,G:\crater_flux_output_folders\output_-110_-100_-85_-30\B08_012719_0996_XN_80S108W_J13_049720_0993_XI_80S108W,output_-115_-110_-85_-70,-79.497,-79.4105,2076.3477,0.0
P06_003345_0955_XI_84S115W_P07_003912_0957_XI_84S117W,G:\crater_flux_output_folders\output_-115_-110_-85_-70\P06_003345_0955_XI_84S115W_P07_003912_0957_XI_84S117W,output_-115_-110_-85_-70,-84.5995,-84.2972,71.5409,0.0
B08_012719_0996_XN_80S108W_J09_048230_1041_XN_75S112W,G:\crater_flux_output_folders\output_-115_-110_-85_-70\B08_012719_0996_XN_80S108W_J09_048230_1041_XN_75S112W,output_-115_-110_-85_-70,-77.801,-77.68,32.0433,0.0
P07_003925_0958_XI_84S115W_B08_012680_0983_XN_81S122W,G:\crater_flux_output_folders\output_-115_-110_-85_-70\P07_003925_0958_XI_84S115W_B08_012680_0983_XN_81S122W,output_-115_-110_-85_-70,-84.1822,-83.8627,68.7367,0.0
P07_003912_0957_XI_84S117W_G06_020592_0957_XN_84S117W,G:\crater_flux_output_folders\output_-115_-110_-85_-70\P07_003912_0957_XI_84S117W_G06_020592_0957_XN_84S117W,output_-115_-110_-85_-70,-84.4248,-84.3073,6.8426,0.0
P06_003402_0845_XI_84S115W_J12_049444_0957_XN_84S117W,G:\crater_flux_output_folders\output_-115_-110_-85_-70\P06_003402_0845_XI_84S115W_J12_049444_0957_XN_84S117W,output_-115_-110_-85_-70,-84.4519,-84.2831,22.4224,0.0
P05_003068_0957_XI_84S118W_G06_020724_0957_XN_84S117W,G:\crater_flux_output_folders\output_-115_-110_-85_-70\P05_003068_0957_XI_84S118W_G06_020724_0957_XN_84S117W,output_-115_-110_-85_-70,-84.4994,-84.321,17.8441,0.0
J09_048244_0946_XN_85S108W_J13_049734_0963_XI_83S123W,G:\crater_flux_output_folders\output_-115_-110_-85_-70\J09_048244_0946_XN_85S108W_J13_049734_0963_XI_83S123W,output_-115_-110_-85_-70,-85.0,-84.9971,0.0083,0.0
B08_012614_0971_XN_82S115W_J10_048692_0966_XN_83S114W,G:\crater_flux_output_folders\output_-115_-110_-85_-70\B08_012614_0971_XN_82S115W_J10_048692_0966_XN_83S114W,output_-115_-110_-85_-70,-83.6758,-82.8975,121.5724,0.0
P06_003424_0957_XI_84S118W_P09_004413_0957_XI_84S118W,G:\crater_flux_output_folders\output_-115_-110_-85_-70\P06_003424_0957_XI_84S118W_P09_004413_0957_XI_84S118W,output_-115_-110_-85_-70,-84.5174,-84.335,20.056,0.0
P05_003125_0845_XI_84S117W_B07_012390_0959_XN_84S117W,G:\crater_flux_output_folders\output_-115_-110_-85_-70\P05_003125_0845_XI_84S117W_B07_012390_0959_XN_84S117W,output_-115_-110_-85_-70,-84.3868,-84.1998,23.506,0.0
J10_048758_0965_XN_83S115W_J10_048692_0966_XN_83S114W,G:\crater_flux_output_folders\output_-115_-110_-85_-70\J10_048758_0965_XN_83S115W_J10_048692_0966_XN_83S114W,output_-115_-110_-85_-70,-83.8382,-82.996,469.8712,0.0
P09_004413_0957_XI_84S118W_P10_005046_0956_XI_84S117W,G:\crater_flux_output_folders\output_-115_-110_-85_-70\P09_004413_0957_XI_84S118W_P10_005046_0956_XI_84S117W,output_-115_-110_-85_-70,-84.5222,-84.3248,23.2831,0.0
P08_004202_0957_XI_84S118W_G07_020948_0957_XN_84S117W,G:\crater_flux_output_folders\output_-115_-110_-85_-70\P08_004202_0957_XI_84S118W_G07_020948_0957_XN_84S117W,output_-115_-110_-85_-70,-84.5329,-84.3292,24.3674,0.0
P05_003125_0845_XI_84S117W_B08_012680_0983_XN_81S122W,G:\crater_flux_output_folders\output_-115_-110_-85_-70\P05_003125_0845_XI_84S117W_B08_012680_0983_XN_81S122W,output_-115_-110_-85_-70,-84.1822,-84.1481,1.3681,0.0
J10_048705_0975_XN_82S111W_J12_049338_0969_XN_83S111W,G:\crater_flux_output_folders\output_-110_-100_-85_-30\J10_048705_0975_XN_82S111W_J12_049338_0969_XN_83S111W,output_-115_-110_-85_-70,-82.8469,-82.149,1.4241,0.0
B11_013959_0961_XN_83S114W_J11_049035_0964_XN_83S115W,G:\crater_flux_output_folders\output_-115_-110_-85_-70\B11_013959_0961_XN_83S114W_J11_049035_0964_XN_83S115W,output_-115_-110_-85_-70,-83.7959,-83.2059,114.9349,0.0
P05_003160_0958_XI_84S117W_B07_012390_0959_XN_84S117W,G:\crater_flux_output_folders\output_-115_-110_-85_-70\P05_003160_0958_XI_84S117W_B07_012390_0959_XN_84S117W,output_-115_-110_-85_-70,-84.3868,-84.1998,23.3483,0.0
B12_014341_1026_XN_77S115W_J11_049285_0994_XN_80S110W,G:\crater_flux_output_folders\output_-115_-110_-85_-70\B12_014341_1026_XN_77S115W_J11_049285_0994_XN_80S110W,output_-115_-110_-85_-70,-79.8335,-79.6253,136.3724,0.0
P05_003147_0955_XI_84S117W_G10_022148_0957_XN_84S118W,G:\crater_flux_output_folders\output_-115_-110_-85_-70\P05_003147_0955_XI_84S117W_G10_022148_0957_XN_84S118W,output_-115_-110_-85_-70,-84.4858,-84.3978,3.4966,0.0
B08_012851_0977_XN_82S108W_B12_014341_1026_XN_77S115W,G:\crater_flux_output_folders\output_-115_-110_-85_-70\B08_012851_0977_XN_82S108W_B12_014341_1026_XN_77S115W,output_-115_-110_-85_-70,-79.843,-79.621,132.1247,0.0
B12_014262_1016_XN_78S117W_J09_048494_0994_XN_80S113W,G:\crater_flux_output_folders\output_-115_-110_-85_-70\B12_014262_1016_XN_78S117W_J09_048494_0994_XN_80S113W,output_-115_-110_-85_-70,-80.8531,-79.6341,888.2211,0.0
B07_012482_0973_XN_82S112W_F13_040978_1004_XN_79S118W,G:\crater_flux_output_folders\output_-115_-110_-85_-70\B07_012482_0973_XN_82S112W_F13_040978_1004_XN_79S118W,output_-115_-110_-85_-70,-82.442,-82.169,182.8718,0.0
P05_003160_0958_XI_84S117W_J12_049444_0957_XN_84S117W,G:\crater_flux_output_folders\output_-115_-110_-85_-70\P05_003160_0958_XI_84S117W_J12_049444_0957_XN_84S117W,output_-115_-110_-85_-70,-84.4519,-84.2831,22.4229,0.0
B08_012904_1001_XN_79S119W_J12_049338_0969_XN_83S111W,G:\crater_flux_output_folders\output_-115_-110_-85_-70\B08_012904_1001_XN_79S119W_J12_049338_0969_XN_83S111W,output_-115_-110_-85_-70,-82.4265,-82.1931,130.01,0.0
F09_039501_0981_XN_81S110W_J14_050406_0967_XI_83S107W,G:\crater_flux_output_folders\output_-115_-110_-85_-70\F09_039501_0981_XN_81S110W_J14_050406_0967_XI_83S107W,output_-115_-110_-85_-70,-82.4618,-81.6028,329.7871,0.0
P07_003925_0958_XI_84S115W_D12_031774_0958_XN_84S118W,G:\crater_flux_output_folders\output_-115_-110_-85_-70\P07_003925_0958_XI_84S115W_D12_031774_0958_XN_84S118W,output_-115_-110_-85_-70,-84.3702,-84.3038,3.2283,0.0
P04_002567_0957_XI_84S118W_G08_021502_0957_XN_84S117W,G:\crater_flux_output_folders\output_-115_-110_-85_-70\P04_002567_0957_XI_84S118W_G08_021502_0957_XN_84S117W,output_-115_-110_-85_-70,-84.518,-84.2969,28.0745,0.0
G06_020724_0957_XN_84S117W_J12_049444_0957_XN_84S117W,G:\crater_flux_output_folders\output_-115_-110_-85_-70\G06_020724_0957_XN_84S117W_J12_049444_0957_XN_84S117W,output_-115_-110_-85_-70,-84.4519,-84.2831,19.4463,0.0
P06_003213_0957_XI_84S118W_G06_020724_0957_XN_84S117W,G:\crater_flux_output_folders\output_-115_-110_-85_-70\P06_003213_0957_XI_84S118W_G06_020724_0957_XN_84S117W,output_-115_-110_-85_-70,-84.5255,-84.3416,21.3572,0.0
D13_032327_1060_XN_74S114W_J09_048296_1038_XN_76S114W,G:\crater_flux_output_folders\output_-115_-110_-85_-70\D13_032327_1060_XN_74S114W_J09_048296_1038_XN_76S114W,output_-115_-110_-85_-70,-75.78,-75.1637,54.8595,0.0
J08_048046_0951_XN_84S112W_J11_049035_0964_XN_83S115W,G:\crater_flux_output_folders\output_-115_-110_-85_-70\J08_048046_0951_XN_84S112W_J11_049035_0964_XN_83S115W,output_-115_-110_-85_-70,-83.9067,-83.7017,20.5563,0.0
G06_020407_0969_XN_83S112W_J14_050393_1001_XI_79S119W,G:\crater_flux_output_folders\output_-115_-110_-85_-70\G06_020407_0969_XN_83S112W_J14_050393_1001_XI_79S119W,output_-115_-110_-85_-70,-82.4524,-82.2,130.2938,0.0
B08_012720_0948_XN_85S111W_J09_048323_0946_XN_85S108W,G:\crater_flux_output_folders\output_-115_-110_-85_-70\B08_012720_0948_XN_85S111W_J09_048323_0946_XN_85S108W,output_-115_-110_-85_-70,-85.0,-84.8523,76.9603,0.0
B12_014407_1025_XN_77S117W_J09_048494_0994_XN_80S113W,G:\crater_flux_output_folders\output_-115_-110_-85_-70\B12_014407_1025_XN_77S117W_J09_048494_0994_XN_80S113W,output_-115_-110_-85_-70,-79.8552,-79.6208,156.0165,0.0
P08_004043_1026_XI_77S110W_P08_004333_1029_XI_77S110W,G:\crater_flux_output_folders\output_-115_-110_-85_-70\P08_004043_1026_XI_77S110W_P08_004333_1029_XI_77S110W,output_-115_-110_-85_-70,-77.9993,-75.7528,997.8344,0.0
P09_004413_0957_XI_84S118W_G07_020948_0957_XN_84S117W,G:\crater_flux_output_folders\output_-115_-110_-85_-70\P09_004413_0957_XI_84S118W_G07_020948_0957_XN_84S117W,output_-115_-110_-85_-70,-84.5222,-84.3248,23.2831,0.0
J11_049285_0994_XN_80S110W_J13_049984_0994_XN_80S112W,G:\crater_flux_output_folders\output_-115_-110_-85_-70\J11_049285_0994_XN_80S110W_J13_049984_0994_XN_80S112W,output_-115_-110_-85_-70,-81.4511,-79.7259,435.1024,0.0
G05_020170_0957_XN_84S117W_G06_020724_0957_XN_84S117W,G:\crater_flux_output_folders\output_-115_-110_-85_-70\G05_020170_0957_XN_84S117W_G06_020724_0957_XN_84S117W,output_-115_-110_-85_-70,-84.5375,-84.3116,29.777,0.0
P05_003125_0845_XI_84S117W_P10_004980_0945_XN_85S099W,G:\crater_flux_output_folders\output_-115_-110_-85_-70\P05_003125_0845_XI_84S117W_P10_004980_0945_XN_85S099W,output_-115_-110_-85_-70,-84.3786,-84.2507,28.6463,0.0
P06_003402_0845_XI_84S115W_B07_012390_0959_XN_84S117W,G:\crater_flux_output_folders\output_-115_-110_-85_-70\P06_003402_0845_XI_84S115W_B07_012390_0959_XN_84S117W,output_-115_-110_-85_-70,-84.3868,-84.1998,23.5059,0.0
J10_048573_0995_XN_80S113W_J13_049905_0992_XN_80S115W,G:\crater_flux_output_folders\output_-115_-110_-85_-70\J10_048573_0995_XN_80S113W_J13_049905_0992_XN_80S115W,output_-115_-110_-85_-70,-80.8949,-80.625,3.422,0.0
J10_048507_1000_XN_80S112W_J10_048586_0990_XN_81S110W,G:\crater_flux_output_folders\output_-115_-110_-85_-70\J10_048507_1000_XN_80S112W_J10_048586_0990_XN_81S110W,output_-115_-110_-85_-70,-80.6863,-80.4901,126.3686,0.0
G07_020789_1037_XN_76S113W_D13_032327_1060_XN_74S114W,G:\crater_flux_output_folders\output_-115_-110_-85_-70\G07_020789_1037_XN_76S113W_D13_032327_1060_XN_74S114W,output_-115_-110_-85_-70,-75.78,-74.598,307.8107,70.5771
B12_014407_1025_XN_77S117W_J11_049285_0994_XN_80S110W,G:\crater_flux_output_folders\output_-115_-110_-85_-70\B12_014407_1025_XN_77S117W_J11_049285_0994_XN_80S110W,output_-115_-110_-85_-70,-79.7628,-79.7201,5.2261,0.0
J09_048244_0946_XN_85S108W_J12_049431_0962_XN_83S126W,G:\crater_flux_output_folders\output_-115_-110_-85_-70\J09_048244_0946_XN_85S108W_J12_049431_0962_XN_83S126W,output_-115_-110_-85_-70,-85.0,-84.8874,43.7002,0.0
B08_012719_0996_XN_80S108W_D13_032182_1030_XN_77S112W,G:\crater_flux_output_folders\output_-115_-110_-85_-70\B08_012719_0996_XN_80S108W_D13_032182_1030_XN_77S112W,output_-115_-110_-85_-70,-78.761,-77.68,471.9818,0.0
F10_039580_0995_XN_80S110W_F12_040648_1005_XN_79S111W,G:\crater_flux_output_folders\output_-115_-110_-85_-70\F10_039580_0995_XN_80S110W_F12_040648_1005_XN_79S111W,output_-115_-110_-85_-70,-79.833,-79.54,122.491,0.0
P07_003780_0957_XI_84S118W_G10_021937_0957_XN_84S117W,G:\crater_flux_output_folders\output_-115_-110_-85_-70\P07_003780_0957_XI_84S118W_G10_021937_0957_XN_84S117W,output_-115_-110_-85_-70,-84.5367,-84.3443,22.9809,0.0
P05_003125_0845_XI_84S117W_G10_022148_0957_XN_84S118W,G:\crater_flux_output_folders\output_-115_-110_-85_-70\P05_003125_0845_XI_84S117W_G10_022148_0957_XN_84S118W,output_-115_-110_-85_-70,-84.4858,-84.2953,26.296,0.0
P06_003345_0955_XI_84S115W_P10_004980_0945_XN_85S099W,G:\crater_flux_output_folders\output_-115_-110_-85_-70\P06_003345_0955_XI_84S115W_P10_004980_0945_XN_85S099W,output_-115_-110_-85_-70,-84.5034,-84.2815,20.5187,0.0
P10_005046_0956_XI_84S117W_G06_020592_0957_XN_84S117W,G:\crater_flux_output_folders\output_-115_-110_-85_-70\P10_005046_0956_XI_84S117W_G06_020592_0957_XN_84S117W,output_-115_-110_-85_-70,-84.4248,-84.3073,5.7671,0.0
G07_020948_0957_XN_84S117W_G10_022148_0957_XN_84S118W,G:\crater_flux_output_folders\output_-115_-110_-85_-70\G07_020948_0957_XN_84S117W_G10_022148_0957_XN_84S118W,output_-115_-110_-85_-70,-84.4858,-84.3071,17.8423,0.0
P09_004413_0957_XI_84S118W_G10_021937_0957_XN_84S117W,G:\crater_flux_output_folders\output_-115_-110_-85_-70\P09_004413_0957_XI_84S118W_G10_021937_0957_XN_84S117W,output_-115_-110_-85_-70,-84.5222,-84.3248,23.2595,0.0
G06_020407_0969_XN_83S112W_J10_048692_0966_XN_83S114W,G:\crater_flux_output_folders\output_-115_-110_-85_-70\G06_020407_0969_XN_83S112W_J10_048692_0966_XN_83S114W,output_-115_-110_-85_-70,-83.7034,-82.8975,304.9481,0.0
P06_003424_0957_XI_84S118W_J08_048046_0951_XN_84S112W,G:\crater_flux_output_folders\output_-115_-110_-85_-70\P06_003424_0957_XI_84S118W_J08_048046_0951_XN_84S112W,output_-115_-110_-85_-70,-84.5174,-84.335,20.0482,0.0
P06_003345_0955_XI_84S115W_P10_005046_0956_XI_84S117W,G:\crater_flux_output_folders\output_-115_-110_-85_-70\P06_003345_0955_XI_84S115W_P10_005046_0956_XI_84S117W,output_-115_-110_-85_-70,-84.951,-84.2227,402.9644,0.0
P04_002567_0957_XI_84S118W_J12_049431_0962_XN_83S126W,G:\crater_flux_output_folders\output_-115_-110_-85_-70\P04_002567_0957_XI_84S118W_J12_049431_0962_XN_83S126W,output_-115_-110_-85_-70,-84.5439,-84.4139,12.1426,0.0
P06_003402_0845_XI_84S115W_P07_003780_0957_XI_84S118W,G:\crater_flux_output_folders\output_-115_-110_-85_-70\P06_003402_0845_XI_84S115W_P07_003780_0957_XI_84S118W,output_-115_-110_-85_-70,-84.5367,-84.3443,26.5627,0.0
P10_005046_0956_XI_84S117W_G10_022148_0957_XN_84S118W,G:\crater_flux_output_folders\output_-115_-110_-85_-70\P10_005046_0956_XI_84S117W_G10_022148_0957_XN_84S118W,output_-115_-110_-85_-70,-84.4858,-84.2953,16.9045,0.0
P09_004413_0957_XI_84S118W_G10_022148_0957_XN_84S118W,G:\crater_flux_output_folders\output_-115_-110_-85_-70\P09_004413_0957_XI_84S118W_G10_022148_0957_XN_84S118W,output_-115_-110_-85_-70,-84.4858,-84.3248,13.9956,0.0
P08_004202_0957_XI_84S118W_G10_022148_0957_XN_84S118W,G:\crater_flux_output_folders\output_-115_-110_-85_-70\P08_004202_0957_XI_84S118W_G10_022148_0957_XN_84S118W,output_-115_-110_-85_-70,-84.4858,-84.3292,12.6894,0.0
G06_020724_0957_XN_84S117W_J08_048046_0951_XN_84S112W,G:\crater_flux_output_folders\output_-115_-110_-85_-70\G06_020724_0957_XN_84S117W_J08_048046_0951_XN_84S112W,output_-115_-110_-85_-70,-84.5353,-84.2646,47.0083,0.0
P06_003345_0955_XI_84S115W_J12_049444_0957_XN_84S117W,G:\crater_flux_output_folders\output_-115_-110_-85_-70\P06_003345_0955_XI_84S115W_J12_049444_0957_XN_84S117W,output_-115_-110_-85_-70,-84.4519,-84.2831,22.4235,0.0
B08_012720_0948_XN_85S111W_J09_048244_0946_XN_85S108W,G:\crater_flux_output_folders\output_-115_-110_-85_-70\B08_012720_0948_XN_85S111W_J09_048244_0946_XN_85S108W,output_-115_-110_-85_-70,-85.0,-84.8619,60.0362,0.0
P07_003912_0957_XI_84S117W_J08_048046_0951_XN_84S112W,G:\crater_flux_output_folders\output_-115_-110_-85_-70\P07_003912_0957_XI_84S117W_J08_048046_0951_XN_84S112W,output_-115_-110_-85_-70,-84.5818,-84.2972,54.0412,0.0
D06_029585_0957_XN_84S117W_J12_049431_0962_XN_83S126W,G:\crater_flux_output_folders\output_-115_-110_-85_-70\D06_029585_0957_XN_84S117W_J12_049431_0962_XN_83S126W,output_-115_-110_-85_-70,-84.5661,-84.4139,17.6748,0.0
P05_003125_0845_XI_84S117W_G08_021502_0957_XN_84S117W,G:\crater_flux_output_folders\output_-115_-110_-85_-70\P05_003125_0845_XI_84S117W_G08_021502_0957_XN_84S117W,output_-115_-110_-85_-70,-84.518,-84.2576,42.9806,0.0
G07_020789_1037_XN_76S113W_J08_048085_1059_XN_74S114W,G:\crater_flux_output_folders\output_-115_-110_-85_-70\G07_020789_1037_XN_76S113W_J08_048085_1059_XN_74S114W,output_-115_-110_-85_-70,-76.6387,-74.598,930.1036,118.4721
F09_039501_0981_XN_81S110W_J09_048494_0994_XN_80S113W,G:\crater_flux_output_folders\output_-115_-110_-85_-70\F09_039501_0981_XN_81S110W_J09_048494_0994_XN_80S113W,output_-115_-110_-85_-70,-81.5421,-80.693,695.2931,0.0
B12_014341_1026_XN_77S115W_G14_023690_1034_XN_76S115W,G:\crater_flux_output_folders\output_-115_-110_-85_-70\B12_014341_1026_XN_77S115W_G14_023690_1034_XN_76S115W,output_-115_-110_-85_-70,-78.377,-76.32,346.4894,0.0
B07_012482_0973_XN_82S112W_J13_049747_0973_XI_82S115W,G:\crater_flux_output_folders\output_-115_-110_-85_-70\B07_012482_0973_XN_82S112W_J13_049747_0973_XI_82S115W,output_-115_-110_-85_-70,-83.201,-82.2099,1141.0424,0.0
D13_032327_1060_XN_74S114W_J09_048230_1041_XN_75S112W,G:\crater_flux_output_folders\output_-115_-110_-85_-70\D13_032327_1060_XN_74S114W_J09_048230_1041_XN_75S112W,output_-115_-110_-85_-70,-75.7471,-73.7232,2068.7198,1386.7333
J09_048323_0946_XN_85S108W_J13_049734_0963_XI_83S123W,G:\crater_flux_output_folders\output_-115_-110_-85_-70\J09_048323_0946_XN_85S108W_J13_049734_0963_XI_83S123W,output_-115_-110_-85_-70,-85.0,-84.9731,0.4433,0.0
B08_012614_0971_XN_82S115W_G06_020407_0969_XN_83S112W,G:\crater_flux_output_folders\output_-115_-110_-85_-70\B08_012614_0971_XN_82S115W_G06_020407_0969_XN_83S112W,output_-115_-110_-85_-70,-83.9816,-82.2,516.7449,0.0
G07_020948_0957_XN_84S117W_G09_021726_0957_XN_84S117W,G:\crater_flux_output_folders\output_-115_-110_-85_-70\G07_020948_0957_XN_84S117W_G09_021726_0957_XN_84S117W,output_-115_-110_-85_-70,-84.482,-84.3071,17.208,0.0
B12_014341_1026_XN_77S115W_F12_040648_1005_XN_79S111W,G:\crater_flux_output_folders\output_-115_-110_-85_-70\B12_014341_1026_XN_77S115W_F12_040648_1005_XN_79S111W,output_-115_-110_-85_-70,-79.7636,-79.0764,292.3683,0.0
F10_039580_0995_XN_80S110W_J11_049285_0994_XN_80S110W,G:\crater_flux_output_folders\output_-110_-100_-85_-30\F10_039580_0995_XN_80S110W_J11_049285_0994_XN_80S110W,output_-115_-110_-85_-70,-81.1077,-79.6311,439.7674,0.0
G08_021502_0957_XN_84S117W_J12_049444_0957_XN_84S117W,G:\crater_flux_output_folders\output_-115_-110_-85_-70\G08_021502_0957_XN_84S117W_J12_049444_0957_XN_84S117W,output_-115_-110_-85_-70,-84.4519,-84.2831,19.9347,0.0
P07_003925_0958_XI_84S115W_J12_049431_0962_XN_83S126W,G:\crater_flux_output_folders\output_-115_-110_-85_-70\P07_003925_0958_XI_84S115W_J12_049431_0962_XN_83S126W,output_-115_-110_-85_-70,-84.6216,-84.4139,31.9354,0.0
P05_003147_0955_XI_84S117W_G06_020592_0957_XN_84S117W,G:\crater_flux_output_folders\output_-115_-110_-85_-70\P05_003147_0955_XI_84S117W_G06_020592_0957_XN_84S117W,output_-115_-110_-85_-70,-84.4248,-84.3978,0.0616,0.0
P04_002646_0957_XI_84S118W_P06_003345_0955_XI_84S115W,G:\crater_flux_output_folders\output_-115_-110_-85_-70\P04_002646_0957_XI_84S118W_P06_003345_0955_XI_84S115W,output_-115_-110_-85_-70,-84.4914,-84.3319,14.191,0.0
P04_002567_0957_XI_84S118W_P06_003213_0957_XI_84S118W,G:\crater_flux_output_folders\output_-115_-110_-85_-70\P04_002567_0957_XI_84S118W_P06_003213_0957_XI_84S118W,output_-115_-110_-85_-70,-84.5255,-84.3416,24.474,0.0
G08_021502_0957_XN_84S117W_G09_021726_0957_XN_84S117W,G:\crater_flux_output_folders\output_-115_-110_-85_-70\G08_021502_0957_XN_84S117W_G09_021726_0957_XN_84S117W,output_-115_-110_-85_-70,-84.482,-84.2949,26.1568,0.0
P06_003402_0845_XI_84S115W_G06_020592_0957_XN_84S117W,G:\crater_flux_output_folders\output_-115_-110_-85_-70\P06_003402_0845_XI_84S115W_G06_020592_0957_XN_84S117W,output_-115_-110_-85_-70,-84.4248,-84.3073,10.5385,0.0
P06_003213_0957_XI_84S118W_J12_049444_0957_XN_84S117W,G:\crater_flux_output_folders\output_-115_-110_-85_-70\P06_003213_0957_XI_84S118W_J12_049444_0957_XN_84S117W,output_-115_-110_-85_-70,-84.4519,-84.3416,6.3255,0.0
G07_020789_1037_XN_76S113W_J09_048296_1038_XN_76S114W,G:\crater_flux_output_folders\output_-115_-110_-85_-70\G07_020789_1037_XN_76S113W_J09_048296_1038_XN_76S114W,output_-115_-110_-85_-70,-77.862,-74.6162,3510.7187,155.5955
F09_039501_0981_XN_81S110W_J13_049984_0994_XN_80S112W,G:\crater_flux_output_folders\output_-115_-110_-85_-70\F09_039501_0981_XN_81S110W_J13_049984_0994_XN_80S112W,output_-115_-110_-85_-70,-81.5927,-80.693,420.3962,0.0
P06_003402_0845_XI_84S115W_P06_003424_0957_XI_84S118W,G:\crater_flux_output_folders\output_-115_-110_-85_-70\P06_003402_0845_XI_84S115W_P06_003424_0957_XI_84S118W,output_-115_-110_-85_-70,-84.5174,-84.335,24.305,0.0
G06_020724_0957_XN_84S117W_G06_020592_0957_XN_84S117W,G:\crater_flux_output_folders\output_-115_-110_-85_-70\G06_020724_0957_XN_84S117W_G06_020592_0957_XN_84S117W,output_-115_-110_-85_-70,-84.4248,-84.3073,10.5384,0.0
G09_021726_0957_XN_84S117W_J12_049431_0962_XN_83S126W,G:\crater_flux_output_folders\output_-115_-110_-85_-70\G09_021726_0957_XN_84S117W_J12_049431_0962_XN_83S126W,output_-115_-110_-85_-70,-84.482,-84.4139,3.3916,0.0
P04_002646_0957_XI_84S118W_P07_003780_0957_XI_84S118W,G:\crater_flux_output_folders\output_-115_-110_-85_-70\P04_002646_0957_XI_84S118W_P07_003780_0957_XI_84S118W,output_-115_-110_-85_-70,-84.4914,-84.3443,14.1774,0.0
G06_020592_0957_XN_84S117W_J12_049431_0962_XN_83S126W,G:\crater_flux_output_folders\output_-115_-110_-85_-70\G06_020592_0957_XN_84S117W_J12_049431_0962_XN_83S126W,output_-115_-110_-85_-70,-84.4248,-84.4139,0.0879,0.0
J11_048929_1001_XN_79S110W_J10_048507_1000_XN_80S112W,G:\crater_flux_output_folders\output_-115_-110_-85_-70\J11_048929_1001_XN_79S110W_J10_048507_1000_XN_80S112W,output_-115_-110_-85_-70,-80.4662,-79.277,97.6579,0.0
P07_003912_0957_XI_84S117W_D12_031774_0958_XN_84S118W,G:\crater_flux_output_folders\output_-115_-110_-85_-70\P07_003912_0957_XI_84S117W_D12_031774_0958_XN_84S118W,output_-115_-110_-85_-70,-84.3702,-84.3038,1.0789,0.0
P05_002936_0957_XI_84S118W_P05_003160_0958_XI_84S117W,G:\crater_flux_output_folders\output_-115_-110_-85_-70\P05_002936_0957_XI_84S118W_P05_003160_0958_XI_84S117W,output_-115_-110_-85_-70,-84.5264,-84.3648,16.0763,0.0
P07_003925_0958_XI_84S115W_G10_022148_0957_XN_84S118W,G:\crater_flux_output_folders\output_-115_-110_-85_-70\P07_003925_0958_XI_84S115W_G10_022148_0957_XN_84S118W,output_-115_-110_-85_-70,-84.4858,-84.2953,27.5098,0.0
P04_002567_0957_XI_84S118W_P07_003912_0957_XI_84S117W,G:\crater_flux_output_folders\output_-115_-110_-85_-70\P04_002567_0957_XI_84S118W_P07_003912_0957_XI_84S117W,output_-115_-110_-85_-70,-84.5439,-84.2972,37.6262,0.0
P04_002567_0957_XI_84S118W_P07_003780_0957_XI_84S118W,G:\crater_flux_output_folders\output_-115_-110_-85_-70\P04_002567_0957_XI_84S118W_P07_003780_0957_XI_84S118W,output_-115_-110_-85_-70,-84.5367,-84.3443,26.5723,0.0
P08_004043_1026_XI_77S110W_D13_032327_1060_XN_74S114W,G:\crater_flux_output_folders\output_-115_-110_-85_-70\P08_004043_1026_XI_77S110W_D13_032327_1060_XN_74S114W,output_-115_-110_-85_-70,-75.7628,-75.563,156.6802,0.0
P04_002646_0957_XI_84S118W_P05_003147_0955_XI_84S117W,G:\crater_flux_output_folders\output_-115_-110_-85_-70\P04_002646_0957_XI_84S118W_P05_003147_0955_XI_84S117W,output_-115_-110_-85_-70,-84.4914,-84.3978,6.3675,0.0
G10_022148_0957_XN_84S118W_J12_049444_0957_XN_84S117W,G:\crater_flux_output_folders\output_-115_-110_-85_-70\G10_022148_0957_XN_84S118W_J12_049444_0957_XN_84S117W,output_-115_-110_-85_-70,-84.4519,-84.2953,12.0632,0.0
B12_014275_0996_XN_80S109W_J14_050287_1030_XI_77S113W,G:\crater_flux_output_folders\output_-115_-110_-85_-70\B12_014275_0996_XN_80S109W_J14_050287_1030_XI_77S113W,output_-115_-110_-85_-70,-79.5958,-77.67,748.857,0.0
P04_002567_0957_XI_84S118W_P05_003125_0845_XI_84S117W,G:\crater_flux_output_folders\output_-115_-110_-85_-70\P04_002567_0957_XI_84S118W_P05_003125_0845_XI_84S117W,output_-115_-110_-85_-70,-84.5235,-84.2969,22.3998,0.0
J14_050393_1001_XI_79S119W_J13_049905_0992_XN_80S115W,G:\crater_flux_output_folders\output_-115_-110_-85_-70\J14_050393_1001_XI_79S119W_J13_049905_0992_XN_80S115W,output_-115_-110_-85_-70,-81.886,-80.8018,87.1181,0.0
F10_039580_0995_XN_80S110W_J10_048507_1000_XN_80S112W,G:\crater_flux_output_folders\output_-115_-110_-85_-70\F10_039580_0995_XN_80S110W_J10_048507_1000_XN_80S112W,output_-115_-110_-85_-70,-80.6335,-79.5513,752.6245,0.0
B08_012614_0971_XN_82S115W_J12_049338_0969_XN_83S111W,G:\crater_flux_output_folders\output_-115_-110_-85_-70\B08_012614_0971_XN_82S115W_J12_049338_0969_XN_83S111W,output_-115_-110_-85_-70,-83.7869,-82.1809,14.2784,0.0
B09_012983_0976_XN_82S111W_F13_040978_1004_XN_79S118W,G:\crater_flux_output_folders\output_-115_-110_-85_-70\B09_012983_0976_XN_82S111W_F13_040978_1004_XN_79S118W,output_-115_-110_-85_-70,-81.4055,-80.4559,174.8611,0.0
J09_048296_1038_XN_76S114W_J14_050287_1030_XI_77S113W,G:\crater_flux_output_folders\output_-115_-110_-85_-70\J09_048296_1038_XN_76S114W_J14_050287_1030_XI_77S113W,output_-115_-110_-85_-70,-78.205,-74.3788,3157.0768,166.8734
P08_004202_0957_XI_84S118W_B07_012390_0959_XN_84S117W,G:\crater_flux_output_folders\output_-115_-110_-85_-70\P08_004202_0957_XI_84S118W_B07_012390_0959_XN_84S117W,output_-115_-110_-85_-70,-84.3868,-84.3292,0.7418,0.0
P10_004980_0945_XN_85S099W_B11_013959_0961_XN_83S114W,G:\crater_flux_output_folders\output_-110_-100_-85_-30\P10_004980_0945_XN_85S099W_B11_013959_0961_XN_83S114W,output_-115_-110_-85_-70,-84.5144,-84.091,407.8289,0.0
P08_004043_1026_XI_77S110W_G13_023136_1029_XN_77S109W,G:\crater_flux_output_folders\output_-115_-110_-85_-70\P08_004043_1026_XI_77S110W_G13_023136_1029_XN_77S109W,output_-115_-110_-85_-70,-77.3123,-76.093,3.5516,0.0
P10_005046_0956_XI_84S117W_J13_049734_0963_XI_83S123W,G:\crater_flux_output_folders\output_-115_-110_-85_-70\P10_005046_0956_XI_84S117W_J13_049734_0963_XI_83S123W,output_-115_-110_-85_-70,-85.0,-84.8134,22.2857,0.0
P06_003402_0845_XI_84S115W_G10_021937_0957_XN_84S117W,G:\crater_flux_output_folders\output_-115_-110_-85_-70\P06_003402_0845_XI_84S115W_G10_021937_0957_XN_84S117W,output_-115_-110_-85_-70,-84.7294,-84.2829,127.2847,0.0
P07_003780_0957_XI_84S118W_G06_020592_0957_XN_84S117W,G:\crater_flux_output_folders\output_-115_-110_-85_-70\P07_003780_0957_XI_84S118W_G06_020592_0957_XN_84S117W,output_-115_-110_-85_-70,-84.4248,-84.3443,2.7826,0.0
B08_012719_0996_XN_80S108W_D12_031826_1031_XN_76S114W,G:\crater_flux_output_folders\output_-115_-110_-85_-70\B08_012719_0996_XN_80S108W_D12_031826_1031_XN_76S114W,output_-115_-110_-85_-70,-78.6913,-77.7386,374.6752,0.0
B12_014262_1016_XN_78S117W_J13_049760_0973_XI_82S107W,G:\crater_flux_output_folders\output_-115_-110_-85_-70\B12_014262_1016_XN_78S117W_J13_049760_0973_XI_82S107W,output_-115_-110_-85_-70,-80.8964,-80.6354,189.6431,0.0
P05_002936_0957_XI_84S118W_G09_021726_0957_XN_84S117W,G:\crater_flux_output_folders\output_-115_-110_-85_-70\P05_002936_0957_XI_84S118W_G09_021726_0957_XN_84S117W,output_-115_-110_-85_-70,-84.482,-84.3648,7.5092,0.0
P10_005046_0956_XI_84S117W_G07_020948_0957_XN_84S117W,G:\crater_flux_output_folders\output_-115_-110_-85_-70\P10_005046_0956_XI_84S117W_G07_020948_0957_XN_84S117W,output_-115_-110_-85_-70,-84.673,-84.3071,91.5998,0.0
B07_012548_0969_XN_83S110W_J12_049338_0969_XN_83S111W,G:\crater_flux_output_folders\output_-110_-100_-85_-30\B07_012548_0969_XN_83S110W_J12_049338_0969_XN_83S111W,output_-115_-110_-85_-70,-83.6868,-82.149,942.9798,0.0
P07_003912_0957_XI_84S117W_G06_020724_0957_XN_84S117W,G:\crater_flux_output_folders\output_-115_-110_-85_-70\P07_003912_0957_XI_84S117W_G06_020724_0957_XN_84S117W,output_-115_-110_-85_-70,-84.5375,-84.2972,33.1523,0.0
B08_012680_0983_XN_81S122W_J10_048692_0966_XN_83S114W,G:\crater_flux_output_folders\output_-115_-110_-85_-70\B08_012680_0983_XN_81S122W_J10_048692_0966_XN_83S114W,output_-115_-110_-85_-70,-83.8382,-83.6022,9.9144,0.0
P06_003424_0957_XI_84S118W_G05_020170_0957_XN_84S117W,G:\crater_flux_output_folders\output_-115_-110_-85_-70\P06_003424_0957_XI_84S118W_G05_020170_0957_XN_84S117W,output_-115_-110_-85_-70,-84.5174,-84.335,20.0625,0.0
B07_012548_0969_XN_83S110W_B08_012614_0971_XN_82S115W,G:\crater_flux_output_folders\output_-115_-110_-85_-70\B07_012548_0969_XN_83S110W_B08_012614_0971_XN_82S115W,output_-115_-110_-85_-70,-83.6868,-82.1691,1328.478,0.0
G10_021937_0957_XN_84S117W_G10_022148_0957_XN_84S118W,G:\crater_flux_output_folders\output_-115_-110_-85_-70\G10_021937_0957_XN_84S117W_G10_022148_0957_XN_84S118W,output_-115_-110_-85_-70,-84.4858,-84.2953,21.5978,0.0
P07_003925_0958_XI_84S115W_G10_021937_0957_XN_84S117W,G:\crater_flux_output_folders\output_-115_-110_-85_-70\P07_003925_0958_XI_84S115W_G10_021937_0957_XN_84S117W,output_-115_-110_-85_-70,-84.6216,-84.2829,92.9364,0.0
P04_002646_0957_XI_84S118W_G09_021726_0957_XN_84S117W,G:\crater_flux_output_folders\output_-115_-110_-85_-70\P04_002646_0957_XI_84S118W_G09_021726_0957_XN_84S117W,output_-115_-110_-85_-70,-84.482,-84.3319,12.0793,0.0
B12_014341_1026_XN_77S115W_J09_048296_1038_XN_76S114W,G:\crater_flux_output_folders\output_-115_-110_-85_-70\B12_014341_1026_XN_77S115W_J09_048296_1038_XN_76S114W,output_-115_-110_-85_-70,-78.2256,-76.5354,0.2485,0.0
D13_032182_1030_XN_77S112W_J08_048085_1059_XN_74S114W,G:\crater_flux_output_folders\output_-115_-110_-85_-70\D13_032182_1030_XN_77S112W_J08_048085_1059_XN_74S114W,output_-115_-110_-85_-70,-76.6068,-75.032,1057.017,0.0
P06_003424_0957_XI_84S118W_P07_003780_0957_XI_84S118W,G:\crater_flux_output_folders\output_-115_-110_-85_-70\P06_003424_0957_XI_84S118W_P07_003780_0957_XI_84S118W,output_-115_-110_-85_-70,-84.5174,-84.3443,19.9815,0.0
B07_012390_0959_XN_84S117W_G05_020170_0957_XN_84S117W,G:\crater_flux_output_folders\output_-115_-110_-85_-70\B07_012390_0959_XN_84S117W_G05_020170_0957_XN_84S117W,output_-115_-110_-85_-70,-84.3868,-84.3116,4.2109,0.0
G05_020170_0957_XN_84S117W_G07_020948_0957_XN_84S117W,G:\crater_flux_output_folders\output_-115_-110_-85_-70\G05_020170_0957_XN_84S117W_G07_020948_0957_XN_84S117W,output_-115_-110_-85_-70,-84.5499,-84.3116,35.3402,0.0
P10_004980_0945_XN_85S099W_G08_021502_0957_XN_84S117W,G:\crater_flux_output_folders\output_-115_-110_-85_-70\P10_004980_0945_XN_85S099W_G08_021502_0957_XN_84S117W,output_-115_-110_-85_-70,-84.3414,-84.3195,0.3824,0.0
P05_003068_0957_XI_84S118W_P05_003125_0845_XI_84S117W,G:\crater_flux_output_folders\output_-115_-110_-85_-70\P05_003068_0957_XI_84S118W_P05_003125_0845_XI_84S117W,output_-115_-110_-85_-70,-84.4994,-84.321,16.2532,0.0
P05_003068_0957_XI_84S118W_J12_049431_0962_XN_83S126W,G:\crater_flux_output_folders\output_-115_-110_-85_-70\P05_003068_0957_XI_84S118W_J12_049431_0962_XN_83S126W,output_-115_-110_-85_-70,-84.4994,-84.4139,5.3334,0.0
B08_012720_0948_XN_85S111W_J13_049734_0963_XI_83S123W,G:\crater_flux_output_folders\output_-115_-110_-85_-70\B08_012720_0948_XN_85S111W_J13_049734_0963_XI_83S123W,output_-115_-110_-85_-70,-85.0,-84.8188,22.2553,0.0
P05_003147_0955_XI_84S117W_J05_046543_0955_XN_84S118W,G:\crater_flux_output_folders\output_-115_-110_-85_-70\P05_003147_0955_XI_84S117W_J05_046543_0955_XN_84S118W,output_-115_-110_-85_-70,-84.7556,-84.7194,0.8771,0.0
G10_021937_0957_XN_84S117W_D06_029585_0957_XN_84S117W,G:\crater_flux_output_folders\output_-115_-110_-85_-70\G10_021937_0957_XN_84S117W_D06_029585_0957_XN_84S117W,output_-115_-110_-85_-70,-84.5661,-84.343,33.3628,0.0
J10_048573_0995_XN_80S113W_J13_049984_0994_XN_80S112W,G:\crater_flux_output_folders\output_-115_-110_-85_-70\J10_048573_0995_XN_80S113W_J13_049984_0994_XN_80S112W,output_-115_-110_-85_-70,-80.8478,-80.0657,684.9313,0.0
G06_020407_0969_XN_83S112W_J09_048257_0962_XN_83S114W,G:\crater_flux_output_folders\output_-115_-110_-85_-70\G06_020407_0969_XN_83S112W_J09_048257_0962_XN_83S114W,output_-115_-110_-85_-70,-84.01,-82.5269,1119.795,0.0
J10_048586_0990_XN_81S110W_J11_049285_0994_XN_80S110W,G:\crater_flux_output_folders\output_-110_-100_-85_-30\J10_048586_0990_XN_81S110W_J11_049285_0994_XN_80S110W,output_-115_-110_-85_-70,-81.4511,-80.4901,651.9342,0.0
P07_003780_0957_XI_84S118W_G06_020724_0957_XN_84S117W,G:\crater_flux_output_folders\output_-115_-110_-85_-70\P07_003780_0957_XI_84S118W_G06_020724_0957_XN_84S117W,output_-115_-110_-85_-70,-84.5367,-84.3443,21.7981,0.0
J10_048507_1000_XN_80S112W_J13_049760_0973_XI_82S107W,G:\crater_flux_output_folders\output_-115_-110_-85_-70\J10_048507_1000_XN_80S112W_J13_049760_0973_XI_82S107W,output_-115_-110_-85_-70,-80.7027,-80.6334,1.7191,0.0
P08_004202_0957_XI_84S118W_G05_020170_0957_XN_84S117W,G:\crater_flux_output_folders\output_-115_-110_-85_-70\P08_004202_0957_XI_84S118W_G05_020170_0957_XN_84S117W,output_-115_-110_-85_-70,-84.5329,-84.3292,24.3661,0.0
P09_004413_0957_XI_84S118W_D06_029585_0957_XN_84S117W,G:\crater_flux_output_folders\output_-115_-110_-85_-70\P09_004413_0957_XI_84S118W_D06_029585_0957_XN_84S117W,output_-115_-110_-85_-70,-84.5222,-84.343,20.667,0.0
P07_003925_0958_XI_84S115W_B07_012390_0959_XN_84S117W,G:\crater_flux_output_folders\output_-115_-110_-85_-70\P07_003925_0958_XI_84S115W_B07_012390_0959_XN_84S117W,output_-115_-110_-85_-70,-84.3868,-84.1998,23.3522,0.0
P04_002567_0957_XI_84S118W_D06_029585_0957_XN_84S117W,G:\crater_flux_output_folders\output_-115_-110_-85_-70\P04_002567_0957_XI_84S118W_D06_029585_0957_XN_84S117W,output_-115_-110_-85_-70,-84.5439,-84.343,25.6381,0.0
P04_002646_0957_XI_84S118W_P08_004202_0957_XI_84S118W,G:\crater_flux_output_folders\output_-115_-110_-85_-70\P04_002646_0957_XI_84S118W_P08_004202_0957_XI_84S118W,output_-115_-110_-85_-70,-84.4914,-84.3319,14.19,0.0
J09_048323_0946_XN_85S108W_J12_049431_0962_XN_83S126W,G:\crater_flux_output_folders\output_-115_-110_-85_-70\J09_048323_0946_XN_85S108W_J12_049431_0962_XN_83S126W,output_-115_-110_-85_-70,-85.0,-84.874,56.8518,0.0
P05_003125_0845_XI_84S117W_P05_003160_0958_XI_84S117W,G:\crater_flux_output_folders\output_-115_-110_-85_-70\P05_003125_0845_XI_84S117W_P05_003160_0958_XI_84S117W,output_-115_-110_-85_-70,-84.5235,-84.1668,58.2489,0.0
J09_048244_0946_XN_85S108W_J09_048323_0946_XN_85S108W,G:\crater_flux_output_folders\output_-110_-100_-85_-30\J09_048244_0946_XN_85S108W_J09_048323_0946_XN_85S108W,output_-115_-110_-85_-70,-85.0,-84.7892,19.7784,0.0
P08_004333_1029_XI_77S110W_G13_023136_1029_XN_77S109W,G:\crater_flux_output_folders\output_-110_-100_-85_-30\P08_004333_1029_XI_77S110W_G13_023136_1029_XN_77S109W,output_-115_-110_-85_-70,-77.3123,-75.689,1467.4397,0.0
P11_005151_0951_XI_84S101W_B08_012614_0971_XN_82S115W,G:\crater_flux_output_folders\output_-110_-100_-85_-30\P11_005151_0951_XI_84S101W_B08_012614_0971_XN_82S115W,output_-115_-110_-85_-70,-83.8374,-83.8108,877.3992,0.0
F09_039501_0981_XN_81S110W_J10_048573_0995_XN_80S113W,G:\crater_flux_output_folders\output_-115_-110_-85_-70\F09_039501_0981_XN_81S110W_J10_048573_0995_XN_80S113W,output_-115_-110_-85_-70,-80.8949,-80.693,119.348,0.0
P06_003345_0955_XI_84S115W_P07_003925_0958_XI_84S115W,G:\crater_flux_output_folders\output_-115_-110_-85_-70\P06_003345_0955_XI_84S115W_P07_003925_0958_XI_84S115W,output_-115_-110_-85_-70,-84.6216,-84.1421,182.341,0.0
P05_003068_0957_XI_84S118W_P06_003424_0957_XI_84S118W,G:\crater_flux_output_folders\output_-115_-110_-85_-70\P05_003068_0957_XI_84S118W_P06_003424_0957_XI_84S118W,output_-115_-110_-85_-70,-84.4994,-84.335,17.8275,0.0
P06_003345_0955_XI_84S115W_P07_003780_0957_XI_84S118W,G:\crater_flux_output_folders\output_-115_-110_-85_-70\P06_003345_0955_XI_84S115W_P07_003780_0957_XI_84S118W,output_-115_-110_-85_-70,-84.5367,-84.3443,26.5473,0.0
D06_029585_0957_XN_84S117W_D12_031774_0958_XN_84S118W,G:\crater_flux_output_folders\output_-115_-110_-85_-70\D06_029585_0957_XN_84S117W_D12_031774_0958_XN_84S118W,output_-115_-110_-85_-70,-84.3702,-84.343,0.1004,0.0
P05_002936_0957_XI_84S118W_P06_003402_0845_XI_84S115W,G:\crater_flux_output_folders\output_-115_-110_-85_-70\P05_002936_0957_XI_84S118W_P06_003402_0845_XI_84S115W,output_-115_-110_-85_-70,-84.5264,-84.3648,16.0664,0.0
B08_012614_0971_XN_82S115W_J13_049747_0973_XI_82S115W,G:\crater_flux_output_folders\output_-110_-100_-85_-30\B08_012614_0971_XN_82S115W_J13_049747_0973_XI_82S115W,output_-115_-110_-85_-70,-83.9612,-81.6816,491.4762,0.0
J11_048929_1001_XN_79S110W_J13_049720_0993_XI_80S108W,G:\crater_flux_output_folders\output_-110_-100_-85_-30\J11_048929_1001_XN_79S110W_J13_049720_0993_XI_80S108W,output_-115_-110_-85_-70,-80.1343,-79.4105,1374.2908,0.0
F13_040978_1004_XN_79S118W_J14_050393_1001_XI_79S119W,G:\crater_flux_output_folders\output_-115_-110_-85_-70\F13_040978_1004_XN_79S118W_J14_050393_1001_XI_79S119W,output_-115_-110_-85_-70,-82.3952,-80.8018,870.545,0.0
P08_004333_1029_XI_77S110W_P13_006179_1051_XN_74S111W,G:\crater_flux_output_folders\output_-110_-100_-85_-30\P08_004333_1029_XI_77S110W_P13_006179_1051_XN_74S111W,output_-115_-110_-85_-70,-76.7118,-75.689,482.8587,0.0
P08_004333_1029_XI_77S110W_J14_050353_1027_XI_77S110W,G:\crater_flux_output_folders\output_-115_-110_-85_-70\P08_004333_1029_XI_77S110W_J14_050353_1027_XI_77S110W,output_-115_-110_-85_-70,-77.9993,-75.7371,1561.6677,0.0
B12_014407_1025_XN_77S117W_J13_049984_0994_XN_80S112W,G:\crater_flux_output_folders\output_-115_-110_-85_-70\B12_014407_1025_XN_77S117W_J13_049984_0994_XN_80S112W,output_-115_-110_-85_-70,-79.8376,-79.4994,296.4828,0.0
P05_003160_0958_XI_84S117W_G08_021502_0957_XN_84S117W,G:\crater_flux_output_folders\output_-115_-110_-85_-70\P05_003160_0958_XI_84S117W_G08_021502_0957_XN_84S117W,output_-115_-110_-85_-70,-84.518,-84.2576,54.2886,0.0
P06_003402_0845_XI_84S115W_J12_049431_0962_XN_83S126W,G:\crater_flux_output_folders\output_-115_-110_-85_-70\P06_003402_0845_XI_84S115W_J12_049431_0962_XN_83S126W,output_-115_-110_-85_-70,-84.7829,-84.4139,67.3939,0.0
F10_039580_0995_XN_80S110W_F12_040477_1005_XN_79S110W,G:\crater_flux_output_folders\output_-115_-110_-85_-70\F10_039580_0995_XN_80S110W_F12_040477_1005_XN_79S110W,output_-115_-110_-85_-70,-79.833,-79.54,84.1518,0.0
B12_014262_1016_XN_78S117W_J10_048573_0995_XN_80S113W,G:\crater_flux_output_folders\output_-115_-110_-85_-70\B12_014262_1016_XN_78S117W_J10_048573_0995_XN_80S113W,output_-115_-110_-85_-70,-80.8646,-80.0975,628.6469,0.0
B08_012720_0948_XN_85S111W_J12_049431_0962_XN_83S126W,G:\crater_flux_output_folders\output_-115_-110_-85_-70\B08_012720_0948_XN_85S111W_J12_049431_0962_XN_83S126W,output_-115_-110_-85_-70,-85.0,-84.708,197.0338,0.0
B08_012851_0977_XN_82S108W_F10_039580_0995_XN_80S110W,G:\crater_flux_output_folders\output_-110_-100_-85_-30\B08_012851_0977_XN_82S108W_F10_039580_0995_XN_80S110W,output_-115_-110_-85_-70,-81.1077,-79.621,109.2397,0.0
B12_014341_1026_XN_77S115W_F12_040477_1005_XN_79S110W,G:\crater_flux_output_folders\output_-115_-110_-85_-70\B12_014341_1026_XN_77S115W_F12_040477_1005_XN_79S110W,output_-115_-110_-85_-70,-79.7481,-79.0547,312.7417,0.0
P05_003068_0957_XI_84S118W_G06_020592_0957_XN_84S117W,G:\crater_flux_output_folders\output_-115_-110_-85_-70\P05_003068_0957_XI_84S118W_G06_020592_0957_XN_84S117W,output_-115_-110_-85_-70,-84.4248,-84.321,4.5201,0.0
P06_003345_0955_XI_84S115W_J12_049431_0962_XN_83S126W,G:\crater_flux_output_folders\output_-115_-110_-85_-70\P06_003345_0955_XI_84S115W_J12_049431_0962_XN_83S126W,output_-115_-110_-85_-70,-84.951,-84.4139,200.4689,0.0
J10_048573_0995_XN_80S113W_J11_049285_0994_XN_80S110W,G:\crater_flux_output_folders\output_-115_-110_-85_-70\J10_048573_0995_XN_80S113W_J11_049285_0994_XN_80S110W,output_-115_-110_-85_-70,-80.7784,-80.0657,26.991,0.0
P10_005046_0956_XI_84S117W_B08_012786_0956_XN_84S125W,G:\crater_flux_output_folders\output_-115_-110_-85_-70\P10_005046_0956_XI_84S117W_B08_012786_0956_XN_84S125W,output_-115_-110_-85_-70,-85.0,-84.9967,0.0106,0.0
P07_003912_0957_XI_84S117W_J12_049431_0962_XN_83S126W,G:\crater_flux_output_folders\output_-115_-110_-85_-70\P07_003912_0957_XI_84S117W_J12_049431_0962_XN_83S126W,output_-115_-110_-85_-70,-84.5995,-84.4139,24.5943,0.0
P05_003147_0955_XI_84S117W_P09_004413_0957_XI_84S118W,G:\crater_flux_output_folders\output_-115_-110_-85_-70\P05_003147_0955_XI_84S117W_P09_004413_0957_XI_84S118W,output_-115_-110_-85_-70,-84.5222,-84.3978,8.2723,0.0
B08_012851_0977_XN_82S108W_J10_048586_0990_XN_81S110W,G:\crater_flux_output_folders\output_-110_-100_-85_-30\B08_012851_0977_XN_82S108W_J10_048586_0990_XN_81S110W,output_-115_-110_-85_-70,-81.2733,-80.4901,244.2773,0.0
G07_020789_1037_XN_76S113W_J09_048230_1041_XN_75S112W,G:\crater_flux_output_folders\output_-115_-110_-85_-70\G07_020789_1037_XN_76S113W_J09_048230_1041_XN_75S112W,output_-115_-110_-85_-70,-77.7735,-76.1655,73.2393,0.0
F12_040477_1005_XN_79S110W_J11_048929_1001_XN_79S110W,G:\crater_flux_output_folders\output_-115_-110_-85_-70\F12_040477_1005_XN_79S110W_J11_048929_1001_XN_79S110W,output_-115_-110_-85_-70,-79.8304,-78.943,953.7112,0.0
B08_012851_0977_XN_82S108W_B12_014262_1016_XN_78S117W,G:\crater_flux_output_folders\output_-115_-110_-85_-70\B08_012851_0977_XN_82S108W_B12_014262_1016_XN_78S117W,output_-115_-110_-85_-70,-80.2399,-79.705,126.5424,0.0
P08_004202_0957_XI_84S118W_P09_004413_0957_XI_84S118W,G:\crater_flux_output_folders\output_-115_-110_-85_-70\P08_004202_0957_XI_84S118W_P09_004413_0957_XI_84S118W,output_-115_-110_-85_-70,-84.5222,-84.3292,21.4587,0.0
F09_039501_0981_XN_81S110W_J10_048586_0990_XN_81S110W,G:\crater_flux_output_folders\output_-115_-110_-85_-70\F09_039501_0981_XN_81S110W_J10_048586_0990_XN_81S110W,output_-115_-110_-85_-70,-81.4916,-81.022,9.847,0.0
F12_040450_0971_XN_82S109W_J10_048705_0975_XN_82S111W,G:\crater_flux_output_folders\output_-115_-110_-85_-70\F12_040450_0971_XN_82S109W_J10_048705_0975_XN_82S111W,output_-115_-110_-85_-70,-82.8417,-82.5279,164.8562,0.0
B08_012904_1001_XN_79S119W_B07_012548_0969_XN_83S110W,G:\crater_flux_output_folders\output_-115_-110_-85_-70\B08_012904_1001_XN_79S119W_B07_012548_0969_XN_83S110W,output_-115_-110_-85_-70,-82.4207,-82.181,132.5395,0.0
P05_002936_0957_XI_84S118W_G10_021937_0957_XN_84S117W,G:\crater_flux_output_folders\output_-115_-110_-85_-70\P05_002936_0957_XI_84S118W_G10_021937_0957_XN_84S117W,output_-115_-110_-85_-70,-84.5264,-84.3648,16.0664,0.0
P05_002936_0957_XI_84S118W_B07_012390_0959_XN_84S117W,G:\crater_flux_output_folders\output_-115_-110_-85_-70\P05_002936_0957_XI_84S118W_B07_012390_0959_XN_84S117W,output_-115_-110_-85_-70,-84.3868,-84.3648,0.0452,0.0
P06_003402_0845_XI_84S115W_D12_031774_0958_XN_84S118W,G:\crater_flux_output_folders\output_-115_-110_-85_-70\P06_003402_0845_XI_84S115W_D12_031774_0958_XN_84S118W,output_-115_-110_-85_-70,-84.3702,-84.3038,3.2283,0.0
P05_002936_0957_XI_84S118W_P09_004413_0957_XI_84S118W,G:\crater_flux_output_folders\output_-115_-110_-85_-70\P05_002936_0957_XI_84S118W_P09_004413_0957_XI_84S118W,output_-115_-110_-85_-70,-84.5222,-84.3648,14.7164,0.0
P04_002567_0957_XI_84S118W_J12_049444_0957_XN_84S117W,G:\crater_flux_output_folders\output_-115_-110_-85_-70\P04_002567_0957_XI_84S118W_J12_049444_0957_XN_84S117W,output_-115_-110_-85_-70,-84.4519,-84.2969,12.1353,0.0
P06_003402_0845_XI_84S115W_P08_004202_0957_XI_84S118W,G:\crater_flux_output_folders\output_-115_-110_-85_-70\P06_003402_0845_XI_84S115W_P08_004202_0957_XI_84S118W,output_-115_-110_-85_-70,-84.5329,-84.3292,30.5983,0.0
B08_012904_1001_XN_79S119W_J12_049404_1005_XI_79S120W,G:\crater_flux_output_folders\output_-115_-110_-85_-70\B08_012904_1001_XN_79S119W_J12_049404_1005_XI_79S120W,output_-115_-110_-85_-70,-81.9708,-81.1855,84.6389,0.0
P10_005046_0956_XI_84S117W_B08_012720_0948_XN_85S111W,G:\crater_flux_output_folders\output_-115_-110_-85_-70\P10_005046_0956_XI_84S117W_B08_012720_0948_XN_85S111W,output_-115_-110_-85_-70,-85.0,-84.708,249.736,0.0
P04_002567_0957_XI_84S118W_G05_020170_0957_XN_84S117W,G:\crater_flux_output_folders\output_-115_-110_-85_-70\P04_002567_0957_XI_84S118W_G05_020170_0957_XN_84S117W,output_-115_-110_-85_-70,-84.5439,-84.3116,36.391,0.0
P06_003424_0957_XI_84S118W_P07_003925_0958_XI_84S115W,G:\crater_flux_output_folders\output_-115_-110_-85_-70\P06_003424_0957_XI_84S118W_P07_003925_0958_XI_84S115W,output_-115_-110_-85_-70,-84.5174,-84.335,20.0468,0.0
G06_020407_0969_XN_83S112W_J10_048758_0965_XN_83S115W,G:\crater_flux_output_folders\output_-115_-110_-85_-70\G06_020407_0969_XN_83S112W_J10_048758_0965_XN_83S115W,output_-115_-110_-85_-70,-83.8578,-83.6388,8.8018,0.0
P05_003125_0845_XI_84S117W_G10_021937_0957_XN_84S117W,G:\crater_flux_output_folders\output_-115_-110_-85_-70\P05_003125_0845_XI_84S117W_G10_021937_0957_XN_84S117W,output_-115_-110_-85_-70,-84.5235,-84.2829,33.7851,0.0
P07_003912_0957_XI_84S117W_B07_012390_0959_XN_84S117W,G:\crater_flux_output_folders\output_-115_-110_-85_-70\P07_003912_0957_XI_84S117W_B07_012390_0959_XN_84S117W,output_-115_-110_-85_-70,-84.3868,-84.2972,2.4447,0.0
P10_005046_0956_XI_84S117W_G10_021937_0957_XN_84S117W,G:\crater_flux_output_folders\output_-115_-110_-85_-70\P10_005046_0956_XI_84S117W_G10_021937_0957_XN_84S117W,output_-115_-110_-85_-70,-84.7294,-84.2829,121.9271,0.0
J10_048705_0975_XN_82S111W_J14_050406_0967_XI_83S107W,G:\crater_flux_output_folders\output_-115_-110_-85_-70\J10_048705_0975_XN_82S111W_J14_050406_0967_XI_83S107W,output_-115_-110_-85_-70,-82.6322,-82.0074,289.731,0.0
F13_040978_1004_XN_79S118W_J14_050406_0967_XI_83S107W,G:\crater_flux_output_folders\output_-115_-110_-85_-70\F13_040978_1004_XN_79S118W_J14_050406_0967_XI_83S107W,output_-115_-110_-85_-70,-82.1407,-81.6684,13.9535,0.0
J09_048257_0962_XN_83S114W_J10_048692_0966_XN_83S114W,G:\crater_flux_output_folders\output_-115_-110_-85_-70\J09_048257_0962_XN_83S114W_J10_048692_0966_XN_83S114W,output_-115_-110_-85_-70,-83.7656,-82.8975,228.9873,0.0
G10_021937_0957_XN_84S117W_J05_046543_0955_XN_84S118W,G:\crater_flux_output_folders\output_-115_-110_-85_-70\G10_021937_0957_XN_84S117W_J05_046543_0955_XN_84S118W,output_-115_-110_-85_-70,-84.7294,-84.7194,0.0636,0.0
P05_003147_0955_XI_84S117W_G08_021502_0957_XN_84S117W,G:\crater_flux_output_folders\output_-115_-110_-85_-70\P05_003147_0955_XI_84S117W_G08_021502_0957_XN_84S117W,output_-115_-110_-85_-70,-84.518,-84.3978,7.2096,0.0
P10_005046_0956_XI_84S117W_G05_020170_0957_XN_84S117W,G:\crater_flux_output_folders\output_-115_-110_-85_-70\P10_005046_0956_XI_84S117W_G05_020170_0957_XN_84S117W,output_-115_-110_-85_-70,-84.5499,-84.3116,36.387,0.0
B08_012851_0977_XN_82S108W_B12_014407_1025_XN_77S117W,G:\crater_flux_output_folders\output_-115_-110_-85_-70\B08_012851_0977_XN_82S108W_B12_014407_1025_XN_77S117W,output_-115_-110_-85_-70,-79.8155,-79.6617,77.1533,0.0
P04_002567_0957_XI_84S118W_P10_005046_0956_XI_84S117W,G:\crater_flux_output_folders\output_-115_-110_-85_-70\P04_002567_0957_XI_84S118W_P10_005046_0956_XI_84S117W,output_-115_-110_-85_-70,-84.5439,-84.2969,37.6137,0.0
P04_002646_0957_XI_84S118W_J12_049431_0962_XN_83S126W,G:\crater_flux_output_folders\output_-115_-110_-85_-70\P04_002646_0957_XI_84S118W_J12_049431_0962_XN_83S126W,output_-115_-110_-85_-70,-84.4914,-84.4139,4.4581,0.0
P05_003160_0958_XI_84S117W_B08_012680_0983_XN_81S122W,G:\crater_flux_output_folders\output_-115_-110_-85_-70\P05_003160_0958_XI_84S117W_B08_012680_0983_XN_81S122W,output_-115_-110_-85_-70,-84.1822,-84.1668,0.0587,0.0
J09_048244_0946_XN_85S108W_J14_050077_0945_XN_85S110W,G:\crater_flux_output_folders\output_-115_-110_-85_-70\J09_048244_0946_XN_85S108W_J14_050077_0945_XN_85S110W,output_-115_-110_-85_-70,-85.0,-84.9639,5.083,0.0
P07_003925_0958_XI_84S115W_P08_004202_0957_XI_84S118W,G:\crater_flux_output_folders\output_-115_-110_-85_-70\P07_003925_0958_XI_84S115W_P08_004202_0957_XI_84S118W,output_-115_-110_-85_-70,-84.5329,-84.3292,30.607,0.0
F12_040477_1005_XN_79S110W_J10_048507_1000_XN_80S112W,G:\crater_flux_output_folders\output_-115_-110_-85_-70\F12_040477_1005_XN_79S110W_J10_048507_1000_XN_80S112W,output_-115_-110_-85_-70,-79.833,-79.277,129.5325,0.0
P05_003147_0955_XI_84S117W_P05_003160_0958_XI_84S117W,G:\crater_flux_output_folders\output_-115_-110_-85_-70\P05_003147_0955_XI_84S117W_P05_003160_0958_XI_84S117W,output_-115_-110_-85_-70,-84.5858,-84.3978,22.4552,0.0
P06_003345_0955_XI_84S115W_G07_020948_0957_XN_84S117W,G:\crater_flux_output_folders\output_-115_-110_-85_-70\P06_003345_0955_XI_84S115W_G07_020948_0957_XN_84S117W,output_-115_-110_-85_-70,-84.673,-84.3071,100.6711,0.0
P05_002936_0957_XI_84S118W_P08_004202_0957_XI_84S118W,G:\crater_flux_output_folders\output_-115_-110_-85_-70\P05_002936_0957_XI_84S118W_P08_004202_0957_XI_84S118W,output_-115_-110_-85_-70,-84.5264,-84.3648,16.0698,0.0
J08_048046_0951_XN_84S112W_J09_048244_0946_XN_85S108W,G:\crater_flux_output_folders\output_-110_-100_-85_-30\J08_048046_0951_XN_84S112W_J09_048244_0946_XN_85S108W,output_-115_-110_-85_-70,-85.0,-84.7892,35.691,0.0
J14_050393_1001_XI_79S119W_J13_049747_0973_XI_82S115W,G:\crater_flux_output_folders\output_-115_-110_-85_-70\J14_050393_1001_XI_79S119W_J13_049747_0973_XI_82S115W,output_-115_-110_-85_-70,-82.4524,-81.6816,468.6851,0.0
P10_005046_0956_XI_84S117W_J12_049444_0957_XN_84S117W,G:\crater_flux_output_folders\output_-115_-110_-85_-70\P10_005046_0956_XI_84S117W_J12_049444_0957_XN_84S117W,output_-115_-110_-85_-70,-84.4519,-84.2831,9.8846,0.0
B08_012904_1001_XN_79S119W_G06_020407_0969_XN_83S112W,G:\crater_flux_output_folders\output_-115_-110_-85_-70\B08_012904_1001_XN_79S119W_G06_020407_0969_XN_83S112W,output_-115_-110_-85_-70,-82.438,-82.2,133.4726,0.0
G06_020592_0957_XN_84S117W_J12_049444_0957_XN_84S117W,G:\crater_flux_output_folders\output_-115_-110_-85_-70\G06_020592_0957_XN_84S117W_J12_049444_0957_XN_84S117W,output_-115_-110_-85_-70,-84.4248,-84.3073,7.3797,0.0
P06_003424_0957_XI_84S118W_J12_049444_0957_XN_84S117W,G:\crater_flux_output_folders\output_-115_-110_-85_-70\P06_003424_0957_XI_84S118W_J12_049444_0957_XN_84S117W,output_-115_-110_-85_-70,-84.4519,-84.335,6.7833,0.0
P07_003780_0957_XI_84S118W_B07_012390_0959_XN_84S117W,G:\crater_flux_output_folders\output_-115_-110_-85_-70\P07_003780_0957_XI_84S118W_B07_012390_0959_XN_84S117W,output_-115_-110_-85_-70,-84.3868,-84.3443,0.4155,0.0
P05_003160_0958_XI_84S117W_P09_004413_0957_XI_84S118W,G:\crater_flux_output_folders\output_-115_-110_-85_-70\P05_003160_0958_XI_84S117W_P09_004413_0957_XI_84S118W,output_-115_-110_-85_-70,-84.5222,-84.3248,29.011,0.0
F12_040477_1005_XN_79S110W_F12_040648_1005_XN_79S111W,G:\crater_flux_output_folders\output_-115_-110_-85_-70\F12_040477_1005_XN_79S110W_F12_040648_1005_XN_79S111W,output_-115_-110_-85_-70,-79.8152,-79.014,961.9481,0.0
D13_032182_1030_XN_77S112W_J14_050287_1030_XI_77S113W,G:\crater_flux_output_folders\output_-115_-110_-85_-70\D13_032182_1030_XN_77S112W_J14_050287_1030_XI_77S113W,output_-115_-110_-85_-70,-78.761,-75.0406,1517.193,0.0
P05_003160_0958_XI_84S117W_P06_003424_0957_XI_84S118W,G:\crater_flux_output_folders\output_-115_-110_-85_-70\P05_003160_0958_XI_84S117W_P06_003424_0957_XI_84S118W,output_-115_-110_-85_-70,-84.5174,-84.335,24.3211,0.0
P05_003068_0957_XI_84S118W_G05_020170_0957_XN_84S117W,G:\crater_flux_output_folders\output_-115_-110_-85_-70\P05_003068_0957_XI_84S118W_G05_020170_0957_XN_84S117W,output_-115_-110_-85_-70,-84.4994,-84.321,17.8471,0.0
P09_004413_0957_XI_84S118W_J12_049444_0957_XN_84S117W,G:\crater_flux_output_folders\output_-115_-110_-85_-70\P09_004413_0957_XI_84S118W_J12_049444_0957_XN_84S117W,output_-115_-110_-85_-70,-84.4519,-84.3248,7.8073,0.0
F10_039580_0995_XN_80S110W_J14_050340_0975_XI_82S106W,G:\crater_flux_output_folders\output_-110_-100_-85_-30\F10_039580_0995_XN_80S110W_J14_050340_0975_XI_82S106W,output_-115_-110_-85_-70,-81.1077,-80.8652,176.8472,0.0
J08_048046_0951_XN_84S112W_J10_048534_0945_XN_85S107W,G:\crater_flux_output_folders\output_-110_-100_-85_-30\J08_048046_0951_XN_84S112W_J10_048534_0945_XN_85S107W,output_-115_-110_-85_-70,-85.0,-84.9546,21.344,0.0
G06_020592_0957_XN_84S117W_G10_021937_0957_XN_84S117W,G:\crater_flux_output_folders\output_-115_-110_-85_-70\G06_020592_0957_XN_84S117W_G10_021937_0957_XN_84S117W,output_-115_-110_-85_-70,-84.4248,-84.3073,7.3804,0.0
B08_012720_0948_XN_85S111W_J08_048046_0951_XN_84S112W,G:\crater_flux_output_folders\output_-115_-110_-85_-70\B08_012720_0948_XN_85S111W_J08_048046_0951_XN_84S112W,output_-115_-110_-85_-70,-85.0,-84.708,73.4666,0.0
P05_003068_0957_XI_84S118W_J12_049444_0957_XN_84S117W,G:\crater_flux_output_folders\output_-115_-110_-85_-70\P05_003068_0957_XI_84S118W_J12_049444_0957_XN_84S117W,output_-115_-110_-85_-70,-84.4519,-84.321,8.181,0.0
P06_003213_0957_XI_84S118W_D12_031774_0958_XN_84S118W,G:\crater_flux_output_folders\output_-115_-110_-85_-70\P06_003213_0957_XI_84S118W_D12_031774_0958_XN_84S118W,output_-115_-110_-85_-70,-84.3702,-84.3416,0.0824,0.0
P06_003345_0955_XI_84S115W_G06_020724_0957_XN_84S117W,G:\crater_flux_output_folders\output_-115_-110_-85_-70\P06_003345_0955_XI_84S115W_G06_020724_0957_XN_84S117W,output_-115_-110_-85_-70,-84.5375,-84.2646,59.8499,0.0
P06_003345_0955_XI_84S115W_P06_003424_0957_XI_84S118W,G:\crater_flux_output_folders\output_-115_-110_-85_-70\P06_003345_0955_XI_84S115W_P06_003424_0957_XI_84S118W,output_-115_-110_-85_-70,-84.5174,-84.335,24.3216,0.0
B07_012482_0973_XN_82S112W_J09_048257_0962_XN_83S114W,G:\crater_flux_output_folders\output_-115_-110_-85_-70\B07_012482_0973_XN_82S112W_J09_048257_0962_XN_83S114W,output_-115_-110_-85_-70,-83.201,-82.7964,70.5114,0.0
B07_012482_0973_XN_82S112W_F12_040450_0971_XN_82S109W,G:\crater_flux_output_folders\output_-115_-110_-85_-70\B07_012482_0973_XN_82S112W_F12_040450_0971_XN_82S109W,output_-115_-110_-85_-70,-83.1475,-82.5421,355.4236,0.0
P05_003147_0955_XI_84S117W_P06_003345_0955_XI_84S115W,G:\crater_flux_output_folders\output_-115_-110_-85_-70\P05_003147_0955_XI_84S117W_P06_003345_0955_XI_84S115W,output_-115_-110_-85_-70,-84.8412,-84.3978,133.9399,0.0
B07_012390_0959_XN_84S117W_G06_020724_0957_XN_84S117W,G:\crater_flux_output_folders\output_-115_-110_-85_-70\B07_012390_0959_XN_84S117W_G06_020724_0957_XN_84S117W,output_-115_-110_-85_-70,-84.3868,-84.2646,12.9632,0.0
P06_003345_0955_XI_84S115W_J05_046543_0955_XN_84S118W,G:\crater_flux_output_folders\output_-115_-110_-85_-70\P06_003345_0955_XI_84S115W_J05_046543_0955_XN_84S118W,output_-115_-110_-85_-70,-84.7556,-84.7194,0.8763,0.0
P07_003925_0958_XI_84S115W_G05_020170_0957_XN_84S117W,G:\crater_flux_output_folders\output_-115_-110_-85_-70\P07_003925_0958_XI_84S115W_G05_020170_0957_XN_84S117W,output_-115_-110_-85_-70,-84.5499,-84.3116,41.4444,0.0
P05_003068_0957_XI_84S118W_B07_012390_0959_XN_84S117W,G:\crater_flux_output_folders\output_-115_-110_-85_-70\P05_003068_0957_XI_84S118W_B07_012390_0959_XN_84S117W,output_-115_-110_-85_-70,-84.3868,-84.321,1.1777,0.0
B09_012983_0976_XN_82S111W_J13_049760_0973_XI_82S107W,G:\crater_flux_output_folders\output_-115_-110_-85_-70\B09_012983_0976_XN_82S111W_J13_049760_0973_XI_82S107W,output_-115_-110_-85_-70,-81.9784,-80.6426,297.0628,0.0
P06_003213_0957_XI_84S118W_P06_003402_0845_XI_84S115W,G:\crater_flux_output_folders\output_-115_-110_-85_-70\P06_003213_0957_XI_84S118W_P06_003402_0845_XI_84S115W,output_-115_-110_-85_-70,-84.5255,-84.3416,21.347,0.0
J11_049285_0994_XN_80S110W_J14_050340_0975_XI_82S106W,G:\crater_flux_output_folders\output_-110_-100_-85_-30\J11_049285_0994_XN_80S110W_J14_050340_0975_XI_82S106W,output_-115_-110_-85_-70,-81.4269,-80.8652,390.6421,0.0
J09_048494_0994_XN_80S113W_J10_048586_0990_XN_81S110W,G:\crater_flux_output_folders\output_-110_-100_-85_-30\J09_048494_0994_XN_80S113W_J10_048586_0990_XN_81S110W,output_-115_-110_-85_-70,-81.4577,-80.5515,22.8056,0.0
B08_012904_1001_XN_79S119W_J13_049747_0973_XI_82S115W,G:\crater_flux_output_folders\output_-115_-110_-85_-70\B08_012904_1001_XN_79S119W_J13_049747_0973_XI_82S115W,output_-115_-110_-85_-70,-82.438,-81.6816,405.4806,0.0
P07_003780_0957_XI_84S118W_P09_004413_0957_XI_84S118W,G:\crater_flux_output_folders\output_-115_-110_-85_-70\P07_003780_0957_XI_84S118W_P09_004413_0957_XI_84S118W,output_-115_-110_-85_-70,-84.5222,-84.3443,18.9936,0.0
P05_003147_0955_XI_84S117W_B08_012720_0948_XN_85S111W,G:\crater_flux_output_folders\output_-115_-110_-85_-70\P05_003147_0955_XI_84S117W_B08_012720_0948_XN_85S111W,output_-115_-110_-85_-70,-84.8412,-84.708,22.7657,0.0
J08_048085_1059_XN_74S114W_J14_050287_1030_XI_77S113W,G:\crater_flux_output_folders\output_-115_-110_-85_-70\J08_048085_1059_XN_74S114W_J14_050287_1030_XI_77S113W,output_-115_-110_-85_-70,-76.6387,-74.3047,1630.6638,379.1134
G10_022148_0957_XN_84S118W_D12_031774_0958_XN_84S118W,G:\crater_flux_output_folders\output_-115_-110_-85_-70\G10_022148_0957_XN_84S118W_D12_031774_0958_XN_84S118W,output_-115_-110_-85_-70,-84.3702,-84.3038,1.3541,0.0
B07_012548_0969_XN_83S110W_F12_040450_0971_XN_82S109W,G:\crater_flux_output_folders\output_-110_-100_-85_-30\B07_012548_0969_XN_83S110W_F12_040450_0971_XN_82S109W,output_-115_-110_-85_-70,-83.292,-82.5377,200.7609,0.0
B07_012482_0973_XN_82S112W_J12_049338_0969_XN_83S111W,G:\crater_flux_output_folders\output_-115_-110_-85_-70\B07_012482_0973_XN_82S112W_J12_049338_0969_XN_83S111W,output_-115_-110_-85_-70,-83.1885,-82.1763,1295.3287,0.0
F09_039501_0981_XN_81S110W_J13_049760_0973_XI_82S107W,G:\crater_flux_output_folders\output_-115_-110_-85_-70\F09_039501_0981_XN_81S110W_J13_049760_0973_XI_82S107W,output_-115_-110_-85_-70,-81.9784,-80.693,1028.561,0.0
J10_048586_0990_XN_81S110W_J13_049760_0973_XI_82S107W,G:\crater_flux_output_folders\output_-115_-110_-85_-70\J10_048586_0990_XN_81S110W_J13_049760_0973_XI_82S107W,output_-115_-110_-85_-70,-81.4916,-80.7545,267.0437,0.0
P04_002567_0957_XI_84S118W_P05_002936_0957_XI_84S118W,G:\crater_flux_output_folders\output_-115_-110_-85_-70\P04_002567_0957_XI_84S118W_P05_002936_0957_XI_84S118W,output_-115_-110_-85_-70,-84.5264,-84.3648,17.8876,0.0
J10_048507_1000_XN_80S112W_J10_048573_0995_XN_80S113W,G:\crater_flux_output_folders\output_-115_-110_-85_-70\J10_048507_1000_XN_80S112W_J10_048573_0995_XN_80S113W,output_-115_-110_-85_-70,-80.7027,-80.0657,276.9834,0.0
P06_003345_0955_XI_84S115W_G10_022148_0957_XN_84S118W,G:\crater_flux_output_folders\output_-115_-110_-85_-70\P06_003345_0955_XI_84S115W_G10_022148_0957_XN_84S118W,output_-115_-110_-85_-70,-84.4858,-84.2953,27.3483,0.0
P05_002936_0957_XI_84S118W_P05_003147_0955_XI_84S117W,G:\crater_flux_output_folders\output_-115_-110_-85_-70\P05_002936_0957_XI_84S118W_P05_003147_0955_XI_84S117W,output_-115_-110_-85_-70,-84.5264,-84.3978,12.3302,0.0
G06_020592_0957_XN_84S117W_J08_048046_0951_XN_84S112W,G:\crater_flux_output_folders\output_-115_-110_-85_-70\G06_020592_0957_XN_84S117W_J08_048046_0951_XN_84S112W,output_-115_-110_-85_-70,-84.4248,-84.3073,7.3796,0.0
P07_003925_0958_XI_84S115W_J11_049035_0964_XN_83S115W,G:\crater_flux_output_folders\output_-115_-110_-85_-70\P07_003925_0958_XI_84S115W_J11_049035_0964_XN_83S115W,output_-115_-110_-85_-70,-83.9067,-83.8627,0.4341,0.0
P05_003147_0955_XI_84S117W_G07_020948_0957_XN_84S117W,G:\crater_flux_output_folders\output_-115_-110_-85_-70\P05_003147_0955_XI_84S117W_G07_020948_0957_XN_84S117W,output_-115_-110_-85_-70,-84.673,-84.3978,48.3086,0.0
P09_004413_0957_XI_84S118W_J08_048046_0951_XN_84S112W,G:\crater_flux_output_folders\output_-115_-110_-85_-70\P09_004413_0957_XI_84S118W_J08_048046_0951_XN_84S112W,output_-115_-110_-85_-70,-84.5222,-84.3248,23.2614,0.0
B07_012548_0969_XN_83S110W_J13_049747_0973_XI_82S115W,G:\crater_flux_output_folders\output_-115_-110_-85_-70\B07_012548_0969_XN_83S110W_J13_049747_0973_XI_82S115W,output_-115_-110_-85_-70,-83.6868,-82.1713,1352.5383,0.0
J12_049338_0969_XN_83S111W_J13_049747_0973_XI_82S115W,G:\crater_flux_output_folders\output_-110_-100_-85_-30\J12_049338_0969_XN_83S111W_J13_049747_0973_XI_82S115W,output_-115_-110_-85_-70,-83.7869,-82.1828,777.6706,0.0
P06_003213_0957_XI_84S118W_J08_048046_0951_XN_84S112W,G:\crater_flux_output_folders\output_-115_-110_-85_-70\P06_003213_0957_XI_84S118W_J08_048046_0951_XN_84S112W,output_-115_-110_-85_-70,-84.5255,-84.3416,21.347,0.0
P06_003402_0845_XI_84S115W_D06_029585_0957_XN_84S117W,G:\crater_flux_output_folders\output_-115_-110_-85_-70\P06_003402_0845_XI_84S115W_D06_029585_0957_XN_84S117W,output_-115_-110_-85_-70,-84.5661,-84.343,33.355,0.0
P06_003345_0955_XI_84S115W_G06_020592_0957_XN_84S117W,G:\crater_flux_output_folders\output_-115_-110_-85_-70\P06_003345_0955_XI_84S115W_G06_020592_0957_XN_84S117W,output_-115_-110_-85_-70,-84.4248,-84.3073,10.5559,0.0
P04_002646_0957_XI_84S118W_P07_003925_0958_XI_84S115W,G:\crater_flux_output_folders\output_-115_-110_-85_-70\P04_002646_0957_XI_84S118W_P07_003925_0958_XI_84S115W,output_-115_-110_-85_-70,-84.4914,-84.3319,14.1918,0.0
T01_000810_2641_XN_84N119W_T01_000823_2642_XN_84N114W,G:\crater_flux_output_folders\output_-115_-110_50_85\T01_000810_2641_XN_84N119W_T01_000823_2642_XN_84N114W,output_-115_-110_50_85,82.5986,83.1291,51.4001,0.0
T01_000810_2641_XN_84N119W_P13_006151_2600_XN_80N104W,G:\crater_flux_output_folders\output_-115_-110_50_85\T01_000810_2641_XN_84N119W_P13_006151_2600_XN_80N104W,output_-115_-110_50_85,82.314,82.3463,2.2716,0.0
T01_000810_2641_XN_84N119W_P14_006507_2634_XN_83N112W,G:\crater_flux_output_folders\output_-115_-110_50_85\T01_000810_2641_XN_84N119W_P14_006507_2634_XN_83N112W,output_-115_-110_50_85,82.1922,83.1291,823.7592,0.0
T01_000810_2641_XN_84N119W_P18_007997_2650_XI_85N126W,G:\crater_flux_output_folders\output_-115_-110_50_85\T01_000810_2641_XN_84N119W_P18_007997_2650_XI_85N126W,output_-115_-110_50_85,82.6678,83.0507,164.5797,0.0
T01_000810_2641_XN_84N119W_P19_008643_2616_XI_81N112W,G:\crater_flux_output_folders\output_-115_-110_50_85\T01_000810_2641_XN_84N119W_P19_008643_2616_XI_81N112W,output_-115_-110_50_85,82.149,83.1225,527.7404,0.0
T01_000810_2641_XN_84N119W_P21_009157_2635_XI_83N115W,G:\crater_flux_output_folders\output_-115_-110_50_85\T01_000810_2641_XN_84N119W_P21_009157_2635_XI_83N115W,output_-115_-110_50_85,82.149,83.0811,775.1224,0.0
T01_000810_2641_XN_84N119W_P21_009368_2605_XI_80N108W,G:\crater_flux_output_folders\output_-115_-110_50_85\T01_000810_2641_XN_84N119W_P21_009368_2605_XI_80N108W,output_-115_-110_50_85,82.149,82.756,548.3258,0.0
T01_000810_2641_XN_84N119W_P22_009777_2627_XN_82N115W,G:\crater_flux_output_folders\output_-115_-110_50_85\T01_000810_2641_XN_84N119W_P22_009777_2627_XN_82N115W,output_-115_-110_50_85,82.2487,83.0192,600.1812,0.0
T01_000810_2641_XN_84N119W_G17_024941_2625_XN_82N114W,G:\crater_flux_output_folders\output_-115_-110_50_85\T01_000810_2641_XN_84N119W_G17_024941_2625_XN_82N114W,output_-115_-110_50_85,82.149,83.0065,771.0327,0.0
T01_000810_2641_XN_84N119W_G16_024374_2631_XN_83N111W,G:\crater_flux_output_folders\output_-115_-110_50_85\T01_000810_2641_XN_84N119W_G16_024374_2631_XN_83N111W,output_-115_-110_50_85,82.1774,83.1291,850.9613,0.0
T01_000810_2641_XN_84N119W_G17_024730_2617_XN_81N110W,G:\crater_flux_output_folders\output_-115_-110_50_85\T01_000810_2641_XN_84N119W_G17_024730_2617_XN_81N110W,output_-115_-110_50_85,82.1626,82.9327,821.8389,0.0
T01_000810_2641_XN_84N119W_G18_025442_2625_XN_82N114W,G:\crater_flux_output_folders\output_-115_-110_50_85\T01_000810_2641_XN_84N119W_G18_025442_2625_XN_82N114W,output_-115_-110_50_85,82.149,82.9989,793.2927,0.0
T01_000810_2641_XN_84N119W_G18_025231_2625_XN_82N114W,G:\crater_flux_output_folders\output_-115_-110_50_85\T01_000810_2641_XN_84N119W_G18_025231_2625_XN_82N114W,output_-115_-110_50_85,82.149,82.999,794.198,0.0
T01_000810_2641_XN_84N119W_G18_025363_2615_XN_81N112W,G:\crater_flux_output_folders\output_-115_-110_50_85\T01_000810_2641_XN_84N119W_G18_025363_2615_XN_81N112W,output_-115_-110_50_85,82.149,82.9072,650.6494,0.0
T01_000810_2641_XN_84N119W_G19_025574_2626_XN_82N114W,G:\crater_flux_output_folders\output_-115_-110_50_85\T01_000810_2641_XN_84N119W_G19_025574_2626_XN_82N114W,output_-115_-110_50_85,82.149,83.0338,769.714,0.0
T01_000810_2641_XN_84N119W_D01_027763_2627_XN_82N115W,G:\crater_flux_output_folders\output_-115_-110_50_85\T01_000810_2641_XN_84N119W_D01_027763_2627_XN_82N115W,output_-115_-110_50_85,82.2904,83.0747,574.332,0.0
T01_000810_2641_XN_84N119W_G23_027051_2628_XN_82N112W,G:\crater_flux_output_folders\output_-115_-110_50_85\T01_000810_2641_XN_84N119W_G23_027051_2628_XN_82N112W,output_-115_-110_50_85,82.442,82.9751,386.7672,0.0
T01_000823_2642_XN_84N114W_P01_001496_2603_XN_80N103W,G:\crater_flux_output_folders\output_-115_-110_50_85\T01_000823_2642_XN_84N114W_P01_001496_2603_XN_80N103W,output_-115_-110_50_85,82.2159,82.6011,23.1418,0.0
T01_000823_2642_XN_84N114W_P01_001509_2637_XN_83N107W,G:\crater_flux_output_folders\output_-110_-100_60_85\T01_000823_2642_XN_84N114W_P01_001509_2637_XN_83N107W,output_-115_-110_50_85,82.723,84.0723,726.1214,0.0
T01_000823_2642_XN_84N114W_P13_006151_2600_XN_80N104W,G:\crater_flux_output_folders\output_-110_-100_60_85\T01_000823_2642_XN_84N114W_P13_006151_2600_XN_80N104W,output_-115_-110_50_85,82.2159,82.3994,438.1003,0.0
T01_000823_2642_XN_84N114W_P14_006507_2634_XN_83N112W,G:\crater_flux_output_folders\output_-115_-110_50_85\T01_000823_2642_XN_84N114W_P14_006507_2634_XN_83N112W,output_-115_-110_50_85,82.2159,83.6111,1.6094,0.0
T01_000823_2642_XN_84N114W_P18_008155_2647_XN_84N117W,G:\crater_flux_output_folders\output_-115_-110_50_85\T01_000823_2642_XN_84N114W_P18_008155_2647_XN_84N117W,output_-115_-110_50_85,83.9761,84.0723,7.0558,0.0
T01_000823_2642_XN_84N114W_P21_009091_2640_XN_84N114W,G:\crater_flux_output_folders\output_-115_-110_50_85\T01_000823_2642_XN_84N114W_P21_009091_2640_XN_84N114W,output_-115_-110_50_85,82.392,84.0723,1043.5219,0.0
T01_000823_2642_XN_84N114W_P21_009315_2608_XI_80N101W,G:\crater_flux_output_folders\output_-110_-100_60_85\T01_000823_2642_XN_84N114W_P21_009315_2608_XI_80N101W,output_-115_-110_50_85,82.8386,82.9878,864.1745,0.0
T01_000823_2642_XN_84N114W_B01_010027_2637_XN_83N111W,G:\crater_flux_output_folders\output_-115_-110_50_85\T01_000823_2642_XN_84N114W_B01_010027_2637_XN_83N111W,output_-115_-110_50_85,83.353,83.7839,238.5224,0.0
T01_000823_2642_XN_84N114W_B21_017886_2638_XN_83N115W,G:\crater_flux_output_folders\output_-115_-110_50_85\T01_000823_2642_XN_84N114W_B21_017886_2638_XN_83N115W,output_-115_-110_50_85,83.3343,84.0723,318.246,0.0
T01_000823_2642_XN_84N114W_G16_024374_2631_XN_83N111W,G:\crater_flux_output_folders\output_-115_-110_50_85\T01_000823_2642_XN_84N114W_G16_024374_2631_XN_83N111W,output_-115_-110_50_85,82.2159,83.9187,119.4622,0.0
T01_000823_2642_XN_84N114W_G15_024242_2631_XI_83N107W,G:\crater_flux_output_folders\output_-110_-100_60_85\T01_000823_2642_XN_84N114W_G15_024242_2631_XI_83N107W,output_-115_-110_50_85,82.3436,84.0723,1157.902,0.0
T01_000823_2642_XN_84N114W_G17_024901_2629_XI_82N104W,G:\crater_flux_output_folders\output_-115_-110_50_85\T01_000823_2642_XN_84N114W_G17_024901_2629_XI_82N104W,output_-115_-110_50_85,82.9208,83.938,178.3023,0.0
T01_000823_2642_XN_84N114W_D01_027710_2628_XN_82N107W,G:\crater_flux_output_folders\output_-110_-100_60_85\T01_000823_2642_XN_84N114W_D01_027710_2628_XN_82N107W,output_-115_-110_50_85,82.7253,83.0398,534.6519,0.0
T01_000823_2642_XN_84N114W_G22_026866_2627_XN_82N108W,G:\crater_flux_output_folders\output_-110_-100_60_85\T01_000823_2642_XN_84N114W_G22_026866_2627_XN_82N108W,output_-115_-110_50_85,82.5812,83.0759,843.8497,0.0
T01_000823_2642_XN_84N114W_G23_027051_2628_XN_82N112W,G:\crater_flux_output_folders\output_-115_-110_50_85\T01_000823_2642_XN_84N114W_G23_027051_2628_XN_82N112W,output_-115_-110_50_85,82.5322,83.09,168.091,0.0
T01_000863_2634_XN_83N122W_P01_001457_2603_XI_80N115W,G:\crater_flux_output_folders\output_-115_-110_50_85\T01_000863_2634_XN_83N122W_P01_001457_2603_XI_80N115W,output_-115_-110_50_85,81.0265,81.0921,1.0514,0.0
T01_000863_2634_XN_83N122W_P13_006204_2622_XN_82N116W,G:\crater_flux_output_folders\output_-115_-110_50_85\T01_000863_2634_XN_83N122W_P13_006204_2622_XN_82N116W,output_-115_-110_50_85,81.0265,81.3253,64.428,0.0
T01_000863_2634_XN_83N122W_P15_006784_2628_XI_82N119W,G:\crater_flux_output_folders\output_-115_-110_50_85\T01_000863_2634_XN_83N122W_P15_006784_2628_XI_82N119W,output_-115_-110_50_85,81.0265,81.3253,64.428,0.0
T01_000863_2634_XN_83N122W_P18_008208_2604_XN_80N114W,G:\crater_flux_output_folders\output_-115_-110_50_85\T01_000863_2634_XN_83N122W_P18_008208_2604_XN_80N114W,output_-115_-110_50_85,81.0265,81.1223,4.2838,0.0
T01_000863_2634_XN_83N122W_P21_009131_2623_XI_82N116W,G:\crater_flux_output_folders\output_-115_-110_50_85\T01_000863_2634_XN_83N122W_P21_009131_2623_XI_82N116W,output_-115_-110_50_85,81.0265,81.3253,64.428,0.0
P01_001457_2603_XI_80N115W_P01_001602_2558_XN_75N109W,G:\crater_flux_output_folders\output_-115_-110_50_85\P01_001457_2603_XI_80N115W_P01_001602_2558_XN_75N109W,output_-115_-110_50_85,77.4992,77.7691,278.9716,0.0
P01_001457_2603_XI_80N115W_P13_006191_2620_XN_82N120W,G:\crater_flux_output_folders\output_-115_-110_50_85\P01_001457_2603_XI_80N115W_P13_006191_2620_XN_82N120W,output_-115_-110_50_85,79.542,79.9421,122.7884,0.0
P01_001457_2603_XI_80N115W_P13_006204_2622_XN_82N116W,G:\crater_flux_output_folders\output_-115_-110_50_85\P01_001457_2603_XI_80N115W_P13_006204_2622_XN_82N116W,output_-115_-110_50_85,80.1796,81.0921,185.0159,0.0
P01_001457_2603_XI_80N115W_P15_006784_2628_XI_82N119W,G:\crater_flux_output_folders\output_-115_-110_50_85\P01_001457_2603_XI_80N115W_P15_006784_2628_XI_82N119W,output_-115_-110_50_85,80.5904,81.0921,64.5871,0.0
P01_001457_2603_XI_80N115W_P18_008208_2604_XN_80N114W,G:\crater_flux_output_folders\output_-115_-110_50_85\P01_001457_2603_XI_80N115W_P18_008208_2604_XN_80N114W,output_-115_-110_50_85,79.095,81.0921,1238.7072,0.0
P01_001457_2603_XI_80N115W_P21_009276_2611_XI_81N118W,G:\crater_flux_output_folders\output_-115_-110_50_85\P01_001457_2603_XI_80N115W_P21_009276_2611_XI_81N118W,output_-115_-110_50_85,78.6317,79.7151,829.5188,0.0
P01_001457_2603_XI_80N115W_B17_016133_2579_XN_77N113W,G:\crater_flux_output_folders\output_-115_-110_50_85\P01_001457_2603_XI_80N115W_B17_016133_2579_XN_77N113W,output_-115_-110_50_85,77.478,78.771,895.7635,0.0
P01_001457_2603_XI_80N115W_B19_016990_2575_XN_77N110W,G:\crater_flux_output_folders\output_-115_-110_50_85\P01_001457_2603_XI_80N115W_B19_016990_2575_XN_77N110W,output_-115_-110_50_85,77.5494,79.2958,726.1878,0.0
P01_001457_2603_XI_80N115W_B22_018045_2577_XN_77N114W,G:\crater_flux_output_folders\output_-115_-110_50_85\P01_001457_2603_XI_80N115W_B22_018045_2577_XN_77N114W,output_-115_-110_50_85,77.478,78.771,366.5688,0.0
P01_001457_2603_XI_80N115W_B22_018269_2587_XN_78N111W,G:\crater_flux_output_folders\output_-115_-110_50_85\P01_001457_2603_XI_80N115W_B22_018269_2587_XN_78N111W,output_-115_-110_50_85,77.5643,79.8025,733.1293,0.0
P01_001457_2603_XI_80N115W_G02_018968_2598_XN_79N113W,G:\crater_flux_output_folders\output_-115_-110_50_85\P01_001457_2603_XI_80N115W_G02_018968_2598_XN_79N113W,output_-115_-110_50_85,79.52,79.9288,88.7287,0.0
P01_001457_2603_XI_80N115W_B22_018401_2600_XN_80N116W,G:\crater_flux_output_folders\output_-115_-110_50_85\P01_001457_2603_XI_80N115W_B22_018401_2600_XN_80N116W,output_-115_-110_50_85,79.6836,79.9441,30.5729,0.0
P01_001457_2603_XI_80N115W_G01_018435_2801_XN_79N115W,G:\crater_flux_output_folders\output_-115_-110_50_85\P01_001457_2603_XI_80N115W_G01_018435_2801_XN_79N115W,output_-115_-110_50_85,79.459,80.2377,516.8754,0.0
P01_001457_2603_XI_80N115W_G03_019337_2601_XN_80N114W,G:\crater_flux_output_folders\output_-115_-110_50_85\P01_001457_2603_XI_80N115W_G03_019337_2601_XN_80N114W,output_-115_-110_50_85,79.6111,80.4145,558.305,0.0
P01_001457_2603_XI_80N115W_G03_019469_2593_XN_79N114W,G:\crater_flux_output_folders\output_-115_-110_50_85\P01_001457_2603_XI_80N115W_G03_019469_2593_XN_79N114W,output_-115_-110_50_85,79.014,79.479,332.1908,0.0
P01_001457_2603_XI_80N115W_G16_024348_2627_XN_82N122W,G:\crater_flux_output_folders\output_-115_-110_50_85\P01_001457_2603_XI_80N115W_G16_024348_2627_XN_82N122W,output_-115_-110_50_85,80.2975,80.3013,0.0114,0.0
P01_001457_2603_XI_80N115W_D01_027639_2806_XN_79N114W,G:\crater_flux_output_folders\output_-115_-110_50_85\P01_001457_2603_XI_80N115W_D01_027639_2806_XN_79N114W,output_-115_-110_50_85,78.953,79.7697,885.2324,0.0
P01_001457_2603_XI_80N115W_D01_027671_2597_XN_79N112W,G:\crater_flux_output_folders\output_-115_-110_50_85\P01_001457_2603_XI_80N115W_D01_027671_2597_XN_79N112W,output_-115_-110_50_85,79.156,79.8753,345.991,0.0
P01_001457_2603_XI_80N115W_D01_027473_2593_XN_79N113W,G:\crater_flux_output_folders\output_-115_-110_50_85\P01_001457_2603_XI_80N115W_D01_027473_2593_XN_79N113W,output_-115_-110_50_85,78.792,79.5676,776.8334,0.0
P01_001457_2603_XI_80N115W_G22_026893_2596_XN_79N115W,G:\crater_flux_output_folders\output_-115_-110_50_85\P01_001457_2603_XI_80N115W_G22_026893_2596_XN_79N115W,output_-115_-110_50_85,79.2174,79.975,456.6356,0.0
P01_001457_2603_XI_80N115W_F02_036598_2595_XN_79N114W,G:\crater_flux_output_folders\output_-115_-110_50_85\P01_001457_2603_XI_80N115W_F02_036598_2595_XN_79N114W,output_-115_-110_50_85,79.0621,79.853,725.9933,0.0
P01_001457_2603_XI_80N115W_D22_035912_2597_XN_79N112W,G:\crater_flux_output_folders\output_-115_-110_50_85\P01_001457_2603_XI_80N115W_D22_035912_2597_XN_79N112W,output_-115_-110_50_85,79.186,79.9107,317.9126,0.0
P01_001457_2603_XI_80N115W_D22_035899_2593_XN_79N113W,G:\crater_flux_output_folders\output_-115_-110_50_85\P01_001457_2603_XI_80N115W_D22_035899_2593_XN_79N113W,output_-115_-110_50_85,78.802,79.573,779.6145,0.0
P01_001457_2603_XI_80N115W_F23_044919_2594_XN_79N114W,G:\crater_flux_output_folders\output_-115_-110_50_85\P01_001457_2603_XI_80N115W_F23_044919_2594_XN_79N114W,output_-115_-110_50_85,78.9014,79.732,966.3792,0.0
P01_001457_2603_XI_80N115W_F23_044932_2597_XN_79N112W,G:\crater_flux_output_folders\output_-115_-110_50_85\P01_001457_2603_XI_80N115W_F23_044932_2597_XN_79N112W,output_-115_-110_50_85,79.166,79.8942,311.9434,0.0
P01_001457_2603_XI_80N115W_F23_044866_2601_XN_80N112W,G:\crater_flux_output_folders\output_-115_-110_50_85\P01_001457_2603_XI_80N115W_F23_044866_2601_XN_80N112W,output_-115_-110_50_85,80.0955,80.2591,8.9206,0.0
P01_001457_2603_XI_80N115W_J02_045460_2601_XN_80N114W,G:\crater_flux_output_folders\output_-115_-110_50_85\P01_001457_2603_XI_80N115W_J02_045460_2601_XN_80N114W,output_-115_-110_50_85,79.6191,80.5582,644.1721,0.0
P01_001457_2603_XI_80N115W_J02_045552_2601_XN_80N114W,G:\crater_flux_output_folders\output_-115_-110_50_85\P01_001457_2603_XI_80N115W_J02_045552_2601_XN_80N114W,output_-115_-110_50_85,79.515,80.5093,712.2429,0.0
P01_001496_2603_XN_80N103W_P13_006151_2600_XN_80N104W,G:\crater_flux_output_folders\output_-110_-100_60_85\P01_001496_2603_XN_80N103W_P13_006151_2600_XN_80N104W,output_-115_-110_50_85,81.9864,82.3994,4779.0418,0.0
P01_001496_2603_XN_80N103W_P14_006507_2634_XN_83N112W,G:\crater_flux_output_folders\output_-110_-100_60_85\P01_001496_2603_XN_80N103W_P14_006507_2634_XN_83N112W,output_-115_-110_50_85,81.9864,82.5705,1196.3455,0.0
P01_001496_2603_XN_80N103W_P17_007667_2614_XN_81N105W,G:\crater_flux_output_folders\output_-110_-100_60_85\P01_001496_2603_XN_80N103W_P17_007667_2614_XN_81N105W,output_-115_-110_50_85,82.0616,82.1189,2621.3514,0.0
P01_001496_2603_XN_80N103W_P21_009091_2640_XN_84N114W,G:\crater_flux_output_folders\output_-110_-100_60_85\P01_001496_2603_XN_80N103W_P21_009091_2640_XN_84N114W,output_-115_-110_50_85,82.392,82.6011,275.2637,0.0
P01_001496_2603_XN_80N103W_P21_009157_2635_XI_83N115W,G:\crater_flux_output_folders\output_-110_-100_60_85\P01_001496_2603_XN_80N103W_P21_009157_2635_XI_83N115W,output_-115_-110_50_85,81.9864,82.0526,177.4073,0.0
P01_001496_2603_XN_80N103W_G16_024374_2631_XN_83N111W,G:\crater_flux_output_folders\output_-110_-100_60_85\P01_001496_2603_XN_80N103W_G16_024374_2631_XN_83N111W,output_-115_-110_50_85,81.9864,82.567,763.2769,0.0
P01_001496_2603_XN_80N103W_G15_024242_2631_XI_83N107W,G:\crater_flux_output_folders\output_-110_-100_60_85\P01_001496_2603_XN_80N103W_G15_024242_2631_XI_83N107W,output_-115_-110_50_85,82.3436,82.6011,2048.798,0.0
P01_001496_2603_XN_80N103W_G17_024730_2617_XN_81N110W,G:\crater_flux_output_folders\output_-115_-110_50_85\P01_001496_2603_XN_80N103W_G17_024730_2617_XN_81N110W,output_-115_-110_50_85,81.9864,82.5448,0.0931,0.0
P01_001496_2603_XN_80N103W_G22_026866_2627_XN_82N108W,G:\crater_flux_output_folders\output_-110_-100_60_85\P01_001496_2603_XN_80N103W_G22_026866_2627_XN_82N108W,output_-115_-110_50_85,82.5812,82.6011,581.9442,0.0
P01_001509_2637_XN_83N107W_P01_001522_2635_XN_83N101W,G:\crater_flux_output_folders\output_-115_-110_50_85\P01_001509_2637_XN_83N107W_P01_001522_2635_XN_83N101W,output_-115_-110_50_85,83.7897,84.9482,205.3238,0.0
P01_001509_2637_XN_83N107W_P18_008155_2647_XN_84N117W,G:\crater_flux_output_folders\output_-115_-110_50_85\P01_001509_2637_XN_83N107W_P18_008155_2647_XN_84N117W,output_-115_-110_50_85,83.9761,84.7603,262.2781,0.0
P01_001509_2637_XN_83N107W_P21_009315_2608_XI_80N101W,G:\crater_flux_output_folders\output_-110_-100_60_85\P01_001509_2637_XN_83N107W_P21_009315_2608_XI_80N101W,output_-115_-110_50_85,82.8386,82.9878,478.1303,0.0
P01_001509_2637_XN_83N107W_B01_010027_2637_XN_83N111W,G:\crater_flux_output_folders\output_-115_-110_50_85\P01_001509_2637_XN_83N107W_B01_010027_2637_XN_83N111W,output_-115_-110_50_85,83.353,83.9762,94.8161,0.0
P01_001509_2637_XN_83N107W_B18_016620_2651_XN_85N120W,G:\crater_flux_output_folders\output_-115_-110_50_85\P01_001509_2637_XN_83N107W_B18_016620_2651_XN_85N120W,output_-115_-110_50_85,84.707,84.894,27.7984,0.0
P01_001509_2637_XN_83N107W_B17_016449_2648_XN_84N118W,G:\crater_flux_output_folders\output_-115_-110_50_85\P01_001509_2637_XN_83N107W_B17_016449_2648_XN_84N118W,output_-115_-110_50_85,84.0966,84.6261,91.2588,0.0
P01_001509_2637_XN_83N107W_B18_016550_2760_XN_84N121W,G:\crater_flux_output_folders\output_-115_-110_50_85\P01_001509_2637_XN_83N107W_B18_016550_2760_XN_84N121W,output_-115_-110_50_85,84.3987,84.8755,111.605,0.0
P01_001509_2637_XN_83N107W_B20_017293_2650_XN_85N120W,G:\crater_flux_output_folders\output_-115_-110_50_85\P01_001509_2637_XN_83N107W_B20_017293_2650_XN_85N120W,output_-115_-110_50_85,84.6336,84.6488,0.1749,0.0
P01_001509_2637_XN_83N107W_B19_017227_2649_XN_84N119W,G:\crater_flux_output_folders\output_-115_-110_50_85\P01_001509_2637_XN_83N107W_B19_017227_2649_XN_84N119W,output_-115_-110_50_85,84.48,84.6664,27.5925,0.0
P01_001509_2637_XN_83N107W_B19_017042_2653_XN_85N115W,G:\crater_flux_output_folders\output_-115_-110_50_85\P01_001509_2637_XN_83N107W_B19_017042_2653_XN_85N115W,output_-115_-110_50_85,84.8983,84.9482,1.4034,0.0
P01_001509_2637_XN_83N107W_B22_018361_2652_XN_85N118W,G:\crater_flux_output_folders\output_-115_-110_50_85\P01_001509_2637_XN_83N107W_B22_018361_2652_XN_85N118W,output_-115_-110_50_85,84.9423,84.9482,0.0203,0.0
P01_001509_2637_XN_83N107W_G02_018810_2652_XN_85N118W,G:\crater_flux_output_folders\output_-115_-110_50_85\P01_001509_2637_XN_83N107W_G02_018810_2652_XN_85N118W,output_-115_-110_50_85,84.8928,84.9482,2.0569,0.0
P01_001509_2637_XN_83N107W_G17_024954_2650_XN_85N120W,G:\crater_flux_output_folders\output_-115_-110_50_85\P01_001509_2637_XN_83N107W_G17_024954_2650_XN_85N120W,output_-115_-110_50_85,84.604,84.6496,1.7359,0.0
P01_001509_2637_XN_83N107W_G16_024479_2634_XN_83N102W,G:\crater_flux_output_folders\output_-115_-110_50_85\P01_001509_2637_XN_83N107W_G16_024479_2634_XN_83N102W,output_-115_-110_50_85,83.5355,84.9482,547.8107,0.0
P01_001509_2637_XN_83N107W_G15_024242_2631_XI_83N107W,G:\crater_flux_output_folders\output_-115_-110_50_85\P01_001509_2637_XN_83N107W_G15_024242_2631_XI_83N107W,output_-115_-110_50_85,82.723,84.9482,568.9275,0.0
P01_001509_2637_XN_83N107W_G17_024901_2629_XI_82N104W,G:\crater_flux_output_folders\output_-110_-100_60_85\P01_001509_2637_XN_83N107W_G17_024901_2629_XI_82N104W,output_-115_-110_50_85,82.9208,84.9482,2201.6221,0.0
P01_001509_2637_XN_83N107W_G18_025336_2665_XI_86N129W,G:\crater_flux_output_folders\output_-115_-110_50_85\P01_001509_2637_XN_83N107W_G18_025336_2665_XI_86N129W,output_-115_-110_50_85,84.9313,84.9482,0.1667,0.0
P01_001509_2637_XN_83N107W_G18_025389_2650_XN_85N120W,G:\crater_flux_output_folders\output_-115_-110_50_85\P01_001509_2637_XN_83N107W_G18_025389_2650_XN_85N120W,output_-115_-110_50_85,84.616,84.7367,12.8522,0.0
P01_001509_2637_XN_83N107W_G20_025877_2652_XI_85N117W,G:\crater_flux_output_folders\output_-115_-110_50_85\P01_001509_2637_XN_83N107W_G20_025877_2652_XI_85N117W,output_-115_-110_50_85,83.818,84.9482,500.9303,0.0
P01_001509_2637_XN_83N107W_G19_025587_2650_XN_85N120W,G:\crater_flux_output_folders\output_-115_-110_50_85\P01_001509_2637_XN_83N107W_G19_025587_2650_XN_85N120W,output_-115_-110_50_85,84.5645,84.6134,1.9533,0.0
P01_001509_2637_XN_83N107W_D01_027710_2628_XN_82N107W,G:\crater_flux_output_folders\output_-110_-100_60_85\P01_001509_2637_XN_83N107W_D01_027710_2628_XN_82N107W,output_-115_-110_50_85,82.7253,83.0398,289.5012,0.0
P01_001509_2637_XN_83N107W_G22_026866_2627_XN_82N108W,G:\crater_flux_output_folders\output_-110_-100_60_85\P01_001509_2637_XN_83N107W_G22_026866_2627_XN_82N108W,output_-115_-110_50_85,82.723,83.0759,162.1698,0.0
P01_001509_2637_XN_83N107W_D18_034079_2649_XN_84N119W,G:\crater_flux_output_folders\output_-115_-110_50_85\P01_001509_2637_XN_83N107W_D18_034079_2649_XN_84N119W,output_-115_-110_50_85,84.4884,84.6405,18.3319,0.0
P01_001509_2637_XN_83N107W_D16_033433_2649_XN_84N120W,G:\crater_flux_output_folders\output_-115_-110_50_85\P01_001509_2637_XN_83N107W_D16_033433_2649_XN_84N120W,output_-115_-110_50_85,84.4944,84.5524,2.451,0.0
P01_001509_2637_XN_83N107W_D19_034501_2649_XN_84N119W,G:\crater_flux_output_folders\output_-115_-110_50_85\P01_001509_2637_XN_83N107W_D19_034501_2649_XN_84N119W,output_-115_-110_50_85,84.4513,84.6044,16.3697,0.0
P01_001509_2637_XN_83N107W_D21_035529_2646_XN_84N109W,G:\crater_flux_output_folders\output_-115_-110_50_85\P01_001509_2637_XN_83N107W_D21_035529_2646_XN_84N109W,output_-115_-110_50_85,84.4824,84.7276,24.215,0.0
P01_001509_2637_XN_83N107W_F01_036373_2652_XN_85N113W,G:\crater_flux_output_folders\output_-115_-110_50_85\P01_001509_2637_XN_83N107W_F01_036373_2652_XN_85N113W,output_-115_-110_50_85,84.8463,84.9482,3.7328,0.0
P01_001509_2637_XN_83N107W_F02_036558_2649_XN_84N119W,G:\crater_flux_output_folders\output_-115_-110_50_85\P01_001509_2637_XN_83N107W_F02_036558_2649_XN_84N119W,output_-115_-110_50_85,84.1365,84.5775,57.3346,0.0
P01_001509_2637_XN_83N107W_F01_036294_2649_XN_84N112W,G:\crater_flux_output_folders\output_-115_-110_50_85\P01_001509_2637_XN_83N107W_F01_036294_2649_XN_84N112W,output_-115_-110_50_85,84.4134,84.9482,81.1806,0.0
P01_001522_2635_XN_83N101W_P01_001601_2668_XN_86N128W,G:\crater_flux_output_folders\output_-110_-100_60_85\P01_001522_2635_XN_83N101W_P01_001601_2668_XN_86N128W,output_-115_-110_50_85,84.8456,85.0001,53.6224,0.0
P01_001522_2635_XN_83N101W_B01_010014_2644_XN_84N107W,G:\crater_flux_output_folders\output_-115_-110_50_85\P01_001522_2635_XN_83N101W_B01_010014_2644_XN_84N107W,output_-115_-110_50_85,84.341,84.832,70.7218,0.0
P01_001522_2635_XN_83N101W_B01_010198_2644_XI_84N107W,G:\crater_flux_output_folders\output_-115_-110_50_85\P01_001522_2635_XN_83N101W_B01_010198_2644_XI_84N107W,output_-115_-110_50_85,84.291,84.8487,64.5367,0.0
P01_001522_2635_XN_83N101W_B19_017042_2653_XN_85N115W,G:\crater_flux_output_folders\output_-115_-110_50_85\P01_001522_2635_XN_83N101W_B19_017042_2653_XN_85N115W,output_-115_-110_50_85,84.8983,85.0001,0.136,0.0
P01_001522_2635_XN_83N101W_G17_024703_2633_XN_83N098W,G:\crater_flux_output_folders\output_-115_-110_50_85\P01_001522_2635_XN_83N101W_G17_024703_2633_XN_83N098W,output_-115_-110_50_85,84.565,85.0001,136.3066,0.0
P01_001522_2635_XN_83N101W_G16_024479_2634_XN_83N102W,G:\crater_flux_output_folders\output_-110_-100_60_85\P01_001522_2635_XN_83N101W_G16_024479_2634_XN_83N102W,output_-115_-110_50_85,83.7897,85.0001,261.6232,0.0
P01_001522_2635_XN_83N101W_G15_024242_2631_XI_83N107W,G:\crater_flux_output_folders\output_-115_-110_50_85\P01_001522_2635_XN_83N101W_G15_024242_2631_XI_83N107W,output_-115_-110_50_85,83.7897,85.0001,3.0259,0.0
P01_001522_2635_XN_83N101W_G17_024901_2629_XI_82N104W,G:\crater_flux_output_folders\output_-115_-110_50_85\P01_001522_2635_XN_83N101W_G17_024901_2629_XI_82N104W,output_-115_-110_50_85,83.7897,85.0001,31.3632,0.0
P01_001522_2635_XN_83N101W_G18_025336_2665_XI_86N129W,G:\crater_flux_output_folders\output_-110_-100_60_85\P01_001522_2635_XN_83N101W_G18_025336_2665_XI_86N129W,output_-115_-110_50_85,84.769,85.0001,44.7069,0.0
P01_001522_2635_XN_83N101W_D15_032905_2644_XN_84N107W,G:\crater_flux_output_folders\output_-110_-100_60_85\P01_001522_2635_XN_83N101W_D15_032905_2644_XN_84N107W,output_-115_-110_50_85,84.3304,84.6611,461.2802,0.0
P01_001522_2635_XN_83N101W_D19_034672_2644_XN_84N107W,G:\crater_flux_output_folders\output_-110_-100_60_85\P01_001522_2635_XN_83N101W_D19_034672_2644_XN_84N107W,output_-115_-110_50_85,84.3409,84.6667,461.4911,0.0
P01_001522_2635_XN_83N101W_D20_035173_2644_XN_84N107W,G:\crater_flux_output_folders\output_-110_-100_60_85\P01_001522_2635_XN_83N101W_D20_035173_2644_XN_84N107W,output_-115_-110_50_85,84.3364,84.6064,458.3588,0.0
P01_001522_2635_XN_83N101W_D21_035529_2646_XN_84N109W,G:\crater_flux_output_folders\output_-110_-100_60_85\P01_001522_2635_XN_83N101W_D21_035529_2646_XN_84N109W,output_-115_-110_50_85,84.121,84.9826,422.2265,0.0
P01_001522_2635_XN_83N101W_F01_036373_2652_XN_85N113W,G:\crater_flux_output_folders\output_-115_-110_50_85\P01_001522_2635_XN_83N101W_F01_036373_2652_XN_85N113W,output_-115_-110_50_85,84.607,85.0001,203.947,0.0
P01_001522_2635_XN_83N101W_F01_036004_2644_XN_84N106W,G:\crater_flux_output_folders\output_-110_-100_60_85\P01_001522_2635_XN_83N101W_F01_036004_2644_XN_84N106W,output_-115_-110_50_85,84.5428,84.5584,443.6032,0.0
P01_001522_2635_XN_83N101W_D22_035951_2644_XN_84N107W,G:\crater_flux_output_folders\output_-110_-100_60_85\P01_001522_2635_XN_83N101W_D22_035951_2644_XN_84N107W,output_-115_-110_50_85,84.3396,84.6033,456.0583,0.0
P01_001522_2635_XN_83N101W_F01_036043_2644_XN_84N105W,G:\crater_flux_output_folders\output_-110_-100_60_85\P01_001522_2635_XN_83N101W_F01_036043_2644_XN_84N105W,output_-115_-110_50_85,84.3944,84.4609,433.7868,0.0
P01_001522_2635_XN_83N101W_D22_035595_2645_XN_84N108W,G:\crater_flux_output_folders\output_-110_-100_60_85\P01_001522_2635_XN_83N101W_D22_035595_2645_XN_84N108W,output_-115_-110_50_85,84.19,84.8126,461.4368,0.0
P01_001522_2635_XN_83N101W_F01_036294_2649_XN_84N112W,G:\crater_flux_output_folders\output_-110_-100_60_85\P01_001522_2635_XN_83N101W_F01_036294_2649_XN_84N112W,output_-115_-110_50_85,84.263,85.0001,314.8774,0.0
P01_001522_2635_XN_83N101W_F03_037085_2645_XN_84N107W,G:\crater_flux_output_folders\output_-115_-110_50_85\P01_001522_2635_XN_83N101W_F03_037085_2645_XN_84N107W,output_-115_-110_50_85,84.296,85.0001,206.0665,0.0
P01_001522_2635_XN_83N101W_F21_044193_2644_XN_84N107W,G:\crater_flux_output_folders\output_-110_-100_60_85\P01_001522_2635_XN_83N101W_F21_044193_2644_XN_84N107W,output_-115_-110_50_85,84.3488,84.6117,456.1536,0.0
P01_001522_2635_XN_83N101W_F23_044861_2756_XN_84N107W,G:\crater_flux_output_folders\output_-110_-100_60_85\P01_001522_2635_XN_83N101W_F23_044861_2756_XN_84N107W,output_-115_-110_50_85,84.1452,84.3884,400.4657,0.0
P01_001522_2635_XN_83N101W_J02_045604_2644_XN_84N107W,G:\crater_flux_output_folders\output_-115_-110_50_85\P01_001522_2635_XN_83N101W_J02_045604_2644_XN_84N107W,output_-115_-110_50_85,84.3227,84.7878,45.8998,0.0
P01_001522_2635_XN_83N101W_J03_046105_2645_XN_84N107W,G:\crater_flux_output_folders\output_-115_-110_50_85\P01_001522_2635_XN_83N101W_J03_046105_2645_XN_84N107W,output_-115_-110_50_85,84.2847,85.0001,197.822,0.0
P01_001601_2668_XN_86N128W_B01_010198_2644_XI_84N107W,G:\crater_flux_output_folders\output_-110_-100_60_85\P01_001601_2668_XN_86N128W_B01_010198_2644_XI_84N107W,output_-115_-110_50_85,84.8456,84.8487,0.7286,0.0
P01_001601_2668_XN_86N128W_G17_024703_2633_XN_83N098W,G:\crater_flux_output_folders\output_-110_-100_60_85\P01_001601_2668_XN_86N128W_G17_024703_2633_XN_83N098W,output_-115_-110_50_85,84.8456,85.0001,174.1899,0.0
P01_001601_2668_XN_86N128W_G18_025336_2665_XI_86N129W,G:\crater_flux_output_folders\output_-110_-100_60_85\P01_001601_2668_XN_86N128W_G18_025336_2665_XI_86N129W,output_-115_-110_50_85,84.8456,85.0001,14.8692,0.0
P01_001601_2668_XN_86N128W_F01_036373_2652_XN_85N113W,G:\crater_flux_output_folders\output_-110_-100_60_85\P01_001601_2668_XN_86N128W_F01_036373_2652_XN_85N113W,output_-115_-110_50_85,84.8456,85.0001,3.672,0.0
P01_001601_2668_XN_86N128W_F03_037085_2645_XN_84N107W,G:\crater_flux_output_folders\output_-110_-100_60_85\P01_001601_2668_XN_86N128W_F03_037085_2645_XN_84N107W,output_-115_-110_50_85,84.8456,85.0001,28.6513,0.0
P01_001601_2668_XN_86N128W_J03_046105_2645_XN_84N107W,G:\crater_flux_output_folders\output_-110_-100_60_85\P01_001601_2668_XN_86N128W_J03_046105_2645_XN_84N107W,output_-115_-110_50_85,84.8456,85.0001,22.4881,0.0
P01_001602_2558_XN_75N109W_P16_007259_2546_XN_74N110W,G:\crater_flux_output_folders\output_-115_-110_50_85\P01_001602_2558_XN_75N109W_P16_007259_2546_XN_74N110W,output_-115_-110_50_85,74.4677,75.517,262.9136,77.2941
P01_001602_2558_XN_75N109W_B02_010331_2552_XI_75N111W,G:\crater_flux_output_folders\output_-115_-110_50_85\P01_001602_2558_XN_75N109W_B02_010331_2552_XI_75N111W,output_-115_-110_50_85,74.4677,76.922,749.3096,81.1872
P01_001602_2558_XN_75N109W_B17_016133_2579_XN_77N113W,G:\crater_flux_output_folders\output_-115_-110_50_85\P01_001602_2558_XN_75N109W_B17_016133_2579_XN_77N113W,output_-115_-110_50_85,76.7641,77.6921,288.28,0.0
P01_001602_2558_XN_75N109W_B19_016990_2575_XN_77N110W,G:\crater_flux_output_folders\output_-115_-110_50_85\P01_001602_2558_XN_75N109W_B19_016990_2575_XN_77N110W,output_-115_-110_50_85,76.3338,77.801,829.7387,0.0
P01_001602_2558_XN_75N109W_B21_017894_2830_XN_77N109W,G:\crater_flux_output_folders\output_-110_-100_60_85\P01_001602_2558_XN_75N109W_B21_017894_2830_XN_77N109W,output_-115_-110_50_85,76.1867,77.3512,288.7558,0.0
P01_001602_2558_XN_75N109W_B21_017828_2831_XN_76N107W,G:\crater_flux_output_folders\output_-110_-100_60_85\P01_001602_2558_XN_75N109W_B21_017828_2831_XN_76N107W,output_-115_-110_50_85,75.1055,75.2613,799.6368,0.0
P01_001602_2558_XN_75N109W_B22_018269_2587_XN_78N111W,G:\crater_flux_output_folders\output_-115_-110_50_85\P01_001602_2558_XN_75N109W_B22_018269_2587_XN_78N111W,output_-115_-110_50_85,77.417,77.801,188.1839,0.0
P13_006151_2600_XN_80N104W_P14_006507_2634_XN_83N112W,G:\crater_flux_output_folders\output_-110_-100_60_85\P13_006151_2600_XN_80N104W_P14_006507_2634_XN_83N112W,output_-115_-110_50_85,81.6457,82.3994,1662.3127,0.0
P13_006151_2600_XN_80N104W_P17_007667_2614_XN_81N105W,G:\crater_flux_output_folders\output_-110_-100_60_85\P13_006151_2600_XN_80N104W_P17_007667_2614_XN_81N105W,output_-115_-110_50_85,82.0616,82.1189,1994.1679,0.0
P13_006151_2600_XN_80N104W_P21_009157_2635_XI_83N115W,G:\crater_flux_output_folders\output_-110_-100_60_85\P13_006151_2600_XN_80N104W_P21_009157_2635_XI_83N115W,output_-115_-110_50_85,81.6457,82.2949,574.5187,0.0
P13_006151_2600_XN_80N104W_G16_024374_2631_XN_83N111W,G:\crater_flux_output_folders\output_-110_-100_60_85\P13_006151_2600_XN_80N104W_G16_024374_2631_XN_83N111W,output_-115_-110_50_85,81.6457,82.3945,1514.6641,0.0
P13_006151_2600_XN_80N104W_G15_024242_2631_XI_83N107W,G:\crater_flux_output_folders\output_-110_-100_60_85\P13_006151_2600_XN_80N104W_G15_024242_2631_XI_83N107W,output_-115_-110_50_85,82.3436,82.3994,1135.7386,0.0
P13_006151_2600_XN_80N104W_G17_024730_2617_XN_81N110W,G:\crater_flux_output_folders\output_-110_-100_60_85\P13_006151_2600_XN_80N104W_G17_024730_2617_XN_81N110W,output_-115_-110_50_85,81.6457,82.3657,193.3992,0.0
P13_006178_2578_XN_77N118W_B18_016555_2570_XN_77N117W,G:\crater_flux_output_folders\output_-115_-110_50_85\P13_006178_2578_XN_77N118W_B18_016555_2570_XN_77N117W,output_-115_-110_50_85,75.274,75.4373,12.0481,0.0
P13_006178_2578_XN_77N118W_B18_016621_2544_XN_74N113W,G:\crater_flux_output_folders\output_-115_-110_50_85\P13_006178_2578_XN_77N118W_B18_016621_2544_XN_74N113W,output_-115_-110_50_85,75.1878,75.6502,101.8049,0.0
P13_006178_2578_XN_77N118W_G01_018533_2541_XN_74N114W,G:\crater_flux_output_folders\output_-115_-110_50_85\P13_006178_2578_XN_77N118W_G01_018533_2541_XN_74N114W,output_-115_-110_50_85,75.1878,75.234,6.4158,0.0
P13_006191_2620_XN_82N120W_P18_008208_2604_XN_80N114W,G:\crater_flux_output_folders\output_-115_-110_50_85\P13_006191_2620_XN_82N120W_P18_008208_2604_XN_80N114W,output_-115_-110_50_85,79.548,79.9421,118.6825,0.0
P13_006191_2620_XN_82N120W_P21_009276_2611_XI_81N118W,G:\crater_flux_output_folders\output_-115_-110_50_85\P13_006191_2620_XN_82N120W_P21_009276_2611_XI_81N118W,output_-115_-110_50_85,79.542,79.7151,21.3213,0.0
P13_006191_2620_XN_82N120W_B22_018401_2600_XN_80N116W,G:\crater_flux_output_folders\output_-115_-110_50_85\P13_006191_2620_XN_82N120W_B22_018401_2600_XN_80N116W,output_-115_-110_50_85,79.6836,79.9421,30.5692,0.0
P13_006191_2620_XN_82N120W_G01_018435_2801_XN_79N115W,G:\crater_flux_output_folders\output_-115_-110_50_85\P13_006191_2620_XN_82N120W_G01_018435_2801_XN_79N115W,output_-115_-110_50_85,79.542,79.9421,120.1552,0.0
P13_006191_2620_XN_82N120W_G03_019337_2601_XN_80N114W,G:\crater_flux_output_folders\output_-115_-110_50_85\P13_006191_2620_XN_82N120W_G03_019337_2601_XN_80N114W,output_-115_-110_50_85,79.6111,79.9421,80.9067,0.0
P13_006191_2620_XN_82N120W_D01_027639_2806_XN_79N114W,G:\crater_flux_output_folders\output_-115_-110_50_85\P13_006191_2620_XN_82N120W_D01_027639_2806_XN_79N114W,output_-115_-110_50_85,79.542,79.7697,90.9585,0.0
P13_006191_2620_XN_82N120W_D01_027671_2597_XN_79N112W,G:\crater_flux_output_folders\output_-115_-110_50_85\P13_006191_2620_XN_82N120W_D01_027671_2597_XN_79N112W,output_-115_-110_50_85,79.5898,79.5928,0.0001,0.0
P13_006191_2620_XN_82N120W_G22_026893_2596_XN_79N115W,G:\crater_flux_output_folders\output_-115_-110_50_85\P13_006191_2620_XN_82N120W_G22_026893_2596_XN_79N115W,output_-115_-110_50_85,79.542,79.9421,120.5408,0.0
P13_006191_2620_XN_82N120W_F02_036598_2595_XN_79N114W,G:\crater_flux_output_folders\output_-115_-110_50_85\P13_006191_2620_XN_82N120W_F02_036598_2595_XN_79N114W,output_-115_-110_50_85,79.542,79.8179,105.3775,0.0
P13_006191_2620_XN_82N120W_F23_044919_2594_XN_79N114W,G:\crater_flux_output_folders\output_-115_-110_50_85\P13_006191_2620_XN_82N120W_F23_044919_2594_XN_79N114W,output_-115_-110_50_85,79.542,79.6849,54.3586,0.0
P13_006191_2620_XN_82N120W_J02_045460_2601_XN_80N114W,G:\crater_flux_output_folders\output_-115_-110_50_85\P13_006191_2620_XN_82N120W_J02_045460_2601_XN_80N114W,output_-115_-110_50_85,79.6191,79.9421,83.1397,0.0
P13_006191_2620_XN_82N120W_J02_045552_2601_XN_80N114W,G:\crater_flux_output_folders\output_-115_-110_50_85\P13_006191_2620_XN_82N120W_J02_045552_2601_XN_80N114W,output_-115_-110_50_85,79.542,79.9421,120.5408,0.0
P13_006204_2622_XN_82N116W_P13_006283_2591_XN_79N106W,G:\crater_flux_output_folders\output_-115_-110_50_85\P13_006204_2622_XN_82N116W_P13_006283_2591_XN_79N106W,output_-115_-110_50_85,79.9292,80.2032,16.3761,0.0
P13_006204_2622_XN_82N116W_P15_006784_2628_XI_82N119W,G:\crater_flux_output_folders\output_-115_-110_50_85\P13_006204_2622_XN_82N116W_P15_006784_2628_XI_82N119W,output_-115_-110_50_85,80.399,81.6366,1148.6791,0.0
P13_006204_2622_XN_82N116W_P17_007852_2594_XN_79N110W,G:\crater_flux_output_folders\output_-115_-110_50_85\P13_006204_2622_XN_82N116W_P17_007852_2594_XN_79N110W,output_-115_-110_50_85,79.6341,80.1944,690.7742,0.0
P13_006204_2622_XN_82N116W_P18_007984_2638_XI_83N124W,G:\crater_flux_output_folders\output_-115_-110_50_85\P13_006204_2622_XN_82N116W_P18_007984_2638_XI_83N124W,output_-115_-110_50_85,81.478,81.4985,0.3244,0.0
P13_006204_2622_XN_82N116W_P18_008063_2594_XN_79N110W,G:\crater_flux_output_folders\output_-115_-110_50_85\P13_006204_2622_XN_82N116W_P18_008063_2594_XN_79N110W,output_-115_-110_50_85,79.636,80.1752,652.4594,0.0
P13_006204_2622_XN_82N116W_P18_008208_2604_XN_80N114W,G:\crater_flux_output_folders\output_-115_-110_50_85\P13_006204_2622_XN_82N116W_P18_008208_2604_XN_80N114W,output_-115_-110_50_85,79.631,81.1223,146.3628,0.0
P13_006204_2622_XN_82N116W_P19_008643_2616_XI_81N112W,G:\crater_flux_output_folders\output_-115_-110_50_85\P13_006204_2622_XN_82N116W_P19_008643_2616_XI_81N112W,output_-115_-110_50_85,80.086,81.788,789.4834,0.0
P13_006204_2622_XN_82N116W_P21_009131_2623_XI_82N116W,G:\crater_flux_output_folders\output_-115_-110_50_85\P13_006204_2622_XN_82N116W_P21_009131_2623_XI_82N116W,output_-115_-110_50_85,79.7224,81.788,2200.8643,0.0
P13_006204_2622_XN_82N116W_P21_009368_2605_XI_80N108W,G:\crater_flux_output_folders\output_-115_-110_50_85\P13_006204_2622_XN_82N116W_P21_009368_2605_XI_80N108W,output_-115_-110_50_85,79.742,81.788,560.3632,0.0
P13_006204_2622_XN_82N116W_P22_009632_2592_XN_79N109W,G:\crater_flux_output_folders\output_-115_-110_50_85\P13_006204_2622_XN_82N116W_P22_009632_2592_XN_79N109W,output_-115_-110_50_85,79.6804,80.8389,648.415,0.0
P13_006204_2622_XN_82N116W_B01_009877_2793_XN_80N110W,G:\crater_flux_output_folders\output_-115_-110_50_85\P13_006204_2622_XN_82N116W_B01_009877_2793_XN_80N110W,output_-115_-110_50_85,80.2371,80.7775,312.1226,0.0
P13_006204_2622_XN_82N116W_B18_016647_2596_XN_79N110W,G:\crater_flux_output_folders\output_-110_-100_60_85\P13_006204_2622_XN_82N116W_B18_016647_2596_XN_79N110W,output_-115_-110_50_85,79.6378,79.8034,27.6455,0.0
P13_006204_2622_XN_82N116W_B19_016871_2609_XN_80N111W,G:\crater_flux_output_folders\output_-115_-110_50_85\P13_006204_2622_XN_82N116W_B19_016871_2609_XN_80N111W,output_-115_-110_50_85,80.399,81.1217,487.1059,0.0
P13_006204_2622_XN_82N116W_B19_017135_2595_XN_79N110W,G:\crater_flux_output_folders\output_-110_-100_60_85\P13_006204_2622_XN_82N116W_B19_017135_2595_XN_79N110W,output_-115_-110_50_85,79.6412,79.8128,29.4737,0.0
P13_006204_2622_XN_82N116W_B21_017847_2609_XN_80N111W,G:\crater_flux_output_folders\output_-115_-110_50_85\P13_006204_2622_XN_82N116W_B21_017847_2609_XN_80N111W,output_-115_-110_50_85,80.409,81.1308,493.7612,0.0
P13_006204_2622_XN_82N116W_G02_018936_2793_XN_80N112W,G:\crater_flux_output_folders\output_-115_-110_50_85\P13_006204_2622_XN_82N116W_G02_018936_2793_XN_80N112W,output_-115_-110_50_85,80.45,80.9092,239.6188,0.0
P13_006204_2622_XN_82N116W_B22_018269_2587_XN_78N111W,G:\crater_flux_output_folders\output_-115_-110_50_85\P13_006204_2622_XN_82N116W_B22_018269_2587_XN_78N111W,output_-115_-110_50_85,79.631,79.914,166.6705,0.0
P13_006204_2622_XN_82N116W_G02_018968_2598_XN_79N113W,G:\crater_flux_output_folders\output_-115_-110_50_85\P13_006204_2622_XN_82N116W_G02_018968_2598_XN_79N113W,output_-115_-110_50_85,79.631,79.975,26.2749,0.0
P13_006204_2622_XN_82N116W_G01_018414_2598_XN_79N111W,G:\crater_flux_output_folders\output_-115_-110_50_85\P13_006204_2622_XN_82N116W_G01_018414_2598_XN_79N111W,output_-115_-110_50_85,79.631,80.096,523.1738,0.0
P13_006204_2622_XN_82N116W_G01_018448_2798_XN_80N111W,G:\crater_flux_output_folders\output_-115_-110_50_85\P13_006204_2622_XN_82N116W_G01_018448_2798_XN_80N111W,output_-115_-110_50_85,79.762,80.592,920.0686,0.0
P13_006204_2622_XN_82N116W_G16_024585_2595_XN_79N110W,G:\crater_flux_output_folders\output_-115_-110_50_85\P13_006204_2622_XN_82N116W_G16_024585_2595_XN_79N110W,output_-115_-110_50_85,79.6363,79.8292,104.8561,0.0
P13_006204_2622_XN_82N116W_G18_025363_2615_XN_81N112W,G:\crater_flux_output_folders\output_-115_-110_50_85\P13_006204_2622_XN_82N116W_G18_025363_2615_XN_81N112W,output_-115_-110_50_85,79.965,81.788,483.6249,0.0
P13_006204_2622_XN_82N116W_D01_027494_2798_XN_80N111W,G:\crater_flux_output_folders\output_-115_-110_50_85\P13_006204_2622_XN_82N116W_D01_027494_2798_XN_80N111W,output_-115_-110_50_85,79.752,80.612,931.7676,0.0
P13_006204_2622_XN_82N116W_D01_027407_2600_XN_80N110W,G:\crater_flux_output_folders\output_-115_-110_50_85\P13_006204_2622_XN_82N116W_D01_027407_2600_XN_80N110W,output_-115_-110_50_85,79.6768,80.2551,527.4698,0.0
P13_006204_2622_XN_82N116W_D01_027671_2597_XN_79N112W,G:\crater_flux_output_folders\output_-115_-110_50_85\P13_006204_2622_XN_82N116W_D01_027671_2597_XN_79N112W,output_-115_-110_50_85,79.631,79.965,216.0232,0.0
P13_006204_2622_XN_82N116W_D01_027697_2604_XN_80N110W,G:\crater_flux_output_folders\output_-115_-110_50_85\P13_006204_2622_XN_82N116W_D01_027697_2604_XN_80N110W,output_-115_-110_50_85,79.853,80.5628,434.0058,0.0
P13_006204_2622_XN_82N116W_D21_035266_2595_XN_79N110W,G:\crater_flux_output_folders\output_-115_-110_50_85\P13_006204_2622_XN_82N116W_D21_035266_2595_XN_79N110W,output_-115_-110_50_85,79.64,79.8035,87.306,0.0
P13_006204_2622_XN_82N116W_D22_035912_2597_XN_79N112W,G:\crater_flux_output_folders\output_-115_-110_50_85\P13_006204_2622_XN_82N116W_D22_035912_2597_XN_79N112W,output_-115_-110_50_85,79.631,80.045,263.1264,0.0
P13_006204_2622_XN_82N116W_F23_044932_2597_XN_79N112W,G:\crater_flux_output_folders\output_-115_-110_50_85\P13_006204_2622_XN_82N116W_F23_044932_2597_XN_79N112W,output_-115_-110_50_85,79.631,80.025,248.2948,0.0
P13_006204_2622_XN_82N116W_F23_044866_2601_XN_80N112W,G:\crater_flux_output_folders\output_-115_-110_50_85\P13_006204_2622_XN_82N116W_F23_044866_2601_XN_80N112W,output_-115_-110_50_85,79.631,80.45,1042.2278,0.0
P13_006204_2622_XN_82N116W_J02_045460_2601_XN_80N114W,G:\crater_flux_output_folders\output_-115_-110_50_85\P13_006204_2622_XN_82N116W_J02_045460_2601_XN_80N114W,output_-115_-110_50_85,79.8781,80.581,40.1932,0.0
P13_006204_2622_XN_82N116W_J16_051103_2596_XN_79N110W,G:\crater_flux_output_folders\output_-115_-110_50_85\P13_006204_2622_XN_82N116W_J16_051103_2596_XN_79N110W,output_-115_-110_50_85,79.6371,79.9194,234.4292,0.0
P13_006217_2589_XN_78N104W_P21_009157_2635_XI_83N115W,G:\crater_flux_output_folders\output_-110_-100_60_85\P13_006217_2589_XN_78N104W_P21_009157_2635_XI_83N115W,output_-115_-110_50_85,81.1323,81.1757,331.5599,0.0
P13_006217_2589_XN_78N104W_P21_009368_2605_XI_80N108W,G:\crater_flux_output_folders\output_-110_-100_60_85\P13_006217_2589_XN_78N104W_P21_009368_2605_XI_80N108W,output_-115_-110_50_85,81.0722,81.1757,1408.7149,0.0
P13_006217_2589_XN_78N104W_G16_024374_2631_XN_83N111W,G:\crater_flux_output_folders\output_-115_-110_50_85\P13_006217_2589_XN_78N104W_G16_024374_2631_XN_83N111W,output_-115_-110_50_85,81.1094,81.1757,2.4621,0.0
P13_006217_2589_XN_78N104W_G17_024730_2617_XN_81N110W,G:\crater_flux_output_folders\output_-110_-100_60_85\P13_006217_2589_XN_78N104W_G17_024730_2617_XN_81N110W,output_-115_-110_50_85,81.0722,81.1757,1081.237,0.0
P13_006217_2589_XN_78N104W_G18_025363_2615_XN_81N112W,G:\crater_flux_output_folders\output_-110_-100_60_85\P13_006217_2589_XN_78N104W_G18_025363_2615_XN_81N112W,output_-115_-110_50_85,81.0722,81.1757,177.8287,0.0
P13_006257_2580_XN_78N115W_B01_010186_2549_XN_74N112W,G:\crater_flux_output_folders\output_-115_-110_50_85\P13_006257_2580_XN_78N115W_B01_010186_2549_XN_74N112W,output_-115_-110_50_85,75.8778,76.063,132.6322,0.0
P13_006257_2580_XN_78N115W_B02_010252_2573_XN_77N115W,G:\crater_flux_output_folders\output_-115_-110_50_85\P13_006257_2580_XN_78N115W_B02_010252_2573_XN_77N115W,output_-115_-110_50_85,75.85,77.5768,1001.9382,0.0
P13_006257_2580_XN_78N115W_B02_010331_2552_XI_75N111W,G:\crater_flux_output_folders\output_-115_-110_50_85\P13_006257_2580_XN_78N115W_B02_010331_2552_XI_75N111W,output_-115_-110_50_85,75.9162,76.8364,653.5139,0.0
P13_006257_2580_XN_78N115W_B17_016133_2579_XN_77N113W,G:\crater_flux_output_folders\output_-115_-110_50_85\P13_006257_2580_XN_78N115W_B17_016133_2579_XN_77N113W,output_-115_-110_50_85,76.679,78.549,1399.2416,0.0
P13_006257_2580_XN_78N115W_B22_018045_2577_XN_77N114W,G:\crater_flux_output_folders\output_-115_-110_50_85\P13_006257_2580_XN_78N115W_B22_018045_2577_XN_77N114W,output_-115_-110_50_85,76.477,78.549,1988.2729,0.0
P13_006283_2591_XN_79N106W_P15_006784_2628_XI_82N119W,G:\crater_flux_output_folders\output_-115_-110_50_85\P13_006283_2591_XN_79N106W_P15_006784_2628_XI_82N119W,output_-115_-110_50_85,80.5533,80.834,38.0692,0.0
P13_006283_2591_XN_79N106W_P17_007852_2594_XN_79N110W,G:\crater_flux_output_folders\output_-110_-100_60_85\P13_006283_2591_XN_79N106W_P17_007852_2594_XN_79N110W,output_-115_-110_50_85,79.9292,80.2183,102.1036,0.0
P13_006283_2591_XN_79N106W_P18_008063_2594_XN_79N110W,G:\crater_flux_output_folders\output_-110_-100_60_85\P13_006283_2591_XN_79N106W_P18_008063_2594_XN_79N110W,output_-115_-110_50_85,79.9292,80.1933,91.2694,0.0
P13_006283_2591_XN_79N106W_P19_008643_2616_XI_81N112W,G:\crater_flux_output_folders\output_-110_-100_60_85\P13_006283_2591_XN_79N106W_P19_008643_2616_XI_81N112W,output_-115_-110_50_85,80.1264,80.94,496.1995,0.0
P13_006283_2591_XN_79N106W_P21_009368_2605_XI_80N108W,G:\crater_flux_output_folders\output_-110_-100_60_85\P13_006283_2591_XN_79N106W_P21_009368_2605_XI_80N108W,output_-115_-110_50_85,79.9292,80.94,3928.089,0.0
P13_006283_2591_XN_79N106W_P22_009632_2592_XN_79N109W,G:\crater_flux_output_folders\output_-110_-100_60_85\P13_006283_2591_XN_79N106W_P22_009632_2592_XN_79N109W,output_-115_-110_50_85,79.9292,80.94,1388.2954,0.0
P13_006283_2591_XN_79N106W_B01_009877_2793_XN_80N110W,G:\crater_flux_output_folders\output_-110_-100_60_85\P13_006283_2591_XN_79N106W_B01_009877_2793_XN_80N110W,output_-115_-110_50_85,80.2086,80.94,401.5717,0.0
P13_006283_2591_XN_79N106W_B19_016871_2609_XN_80N111W,G:\crater_flux_output_folders\output_-115_-110_50_85\P13_006283_2591_XN_79N106W_B19_016871_2609_XN_80N111W,output_-115_-110_50_85,80.4927,80.9357,247.39,0.0
P13_006283_2591_XN_79N106W_B21_017847_2609_XN_80N111W,G:\crater_flux_output_folders\output_-115_-110_50_85\P13_006283_2591_XN_79N106W_B21_017847_2609_XN_80N111W,output_-115_-110_50_85,80.4943,80.9322,247.1346,0.0
P13_006283_2591_XN_79N106W_G02_018936_2793_XN_80N112W,G:\crater_flux_output_folders\output_-115_-110_50_85\P13_006283_2591_XN_79N106W_G02_018936_2793_XN_80N112W,output_-115_-110_50_85,80.6684,80.866,28.0071,0.0
P13_006283_2591_XN_79N106W_G01_018448_2798_XN_80N111W,G:\crater_flux_output_folders\output_-110_-100_60_85\P13_006283_2591_XN_79N106W_G01_018448_2798_XN_80N111W,output_-115_-110_50_85,79.9292,80.5414,188.4633,0.0
P13_006283_2591_XN_79N106W_G17_024730_2617_XN_81N110W,G:\crater_flux_output_folders\output_-110_-100_60_85\P13_006283_2591_XN_79N106W_G17_024730_2617_XN_81N110W,output_-115_-110_50_85,80.55,80.94,822.4476,0.0
P13_006283_2591_XN_79N106W_G18_025363_2615_XN_81N112W,G:\crater_flux_output_folders\output_-110_-100_60_85\P13_006283_2591_XN_79N106W_G18_025363_2615_XN_81N112W,output_-115_-110_50_85,79.9845,80.94,859.5365,0.0
P13_006283_2591_XN_79N106W_D01_027494_2798_XN_80N111W,G:\crater_flux_output_folders\output_-110_-100_60_85\P13_006283_2591_XN_79N106W_D01_027494_2798_XN_80N111W,output_-115_-110_50_85,79.9292,80.5548,193.5629,0.0
P13_006283_2591_XN_79N106W_D01_027407_2600_XN_80N110W,G:\crater_flux_output_folders\output_-110_-100_60_85\P13_006283_2591_XN_79N106W_D01_027407_2600_XN_80N110W,output_-115_-110_50_85,79.9292,80.2847,505.0428,0.0
P13_006283_2591_XN_79N106W_D01_027697_2604_XN_80N110W,G:\crater_flux_output_folders\output_-110_-100_60_85\P13_006283_2591_XN_79N106W_D01_027697_2604_XN_80N110W,output_-115_-110_50_85,79.9292,80.6541,631.8046,0.0
P14_006507_2634_XN_83N112W_P17_007667_2614_XN_81N105W,G:\crater_flux_output_folders\output_-110_-100_60_85\P14_006507_2634_XN_83N112W_P17_007667_2614_XN_81N105W,output_-115_-110_50_85,82.0616,82.1189,1260.1613,0.0
P14_006507_2634_XN_83N112W_P18_007997_2650_XI_85N126W,G:\crater_flux_output_folders\output_-115_-110_50_85\P14_006507_2634_XN_83N112W_P18_007997_2650_XI_85N126W,output_-115_-110_50_85,82.6678,83.0507,2.3038,0.0
P14_006507_2634_XN_83N112W_P21_009091_2640_XN_84N114W,G:\crater_flux_output_folders\output_-115_-110_50_85\P14_006507_2634_XN_83N112W_P21_009091_2640_XN_84N114W,output_-115_-110_50_85,82.392,83.6111,453.8084,0.0
P14_006507_2634_XN_83N112W_P21_009157_2635_XI_83N115W,G:\crater_flux_output_folders\output_-110_-100_60_85\P14_006507_2634_XN_83N112W_P21_009157_2635_XI_83N115W,output_-115_-110_50_85,81.4149,83.0811,574.4543,0.0
P14_006507_2634_XN_83N112W_B21_017886_2638_XN_83N115W,G:\crater_flux_output_folders\output_-115_-110_50_85\P14_006507_2634_XN_83N112W_B21_017886_2638_XN_83N115W,output_-115_-110_50_85,83.3343,83.6111,50.6651,0.0
P14_006507_2634_XN_83N112W_G16_024374_2631_XN_83N111W,G:\crater_flux_output_folders\output_-115_-110_50_85\P14_006507_2634_XN_83N112W_G16_024374_2631_XN_83N111W,output_-115_-110_50_85,81.4149,83.6111,831.1737,0.0
P14_006507_2634_XN_83N112W_G15_024242_2631_XI_83N107W,G:\crater_flux_output_folders\output_-110_-100_60_85\P14_006507_2634_XN_83N112W_G15_024242_2631_XI_83N107W,output_-115_-110_50_85,82.3436,82.9055,571.8862,0.0
P14_006507_2634_XN_83N112W_G17_024730_2617_XN_81N110W,G:\crater_flux_output_folders\output_-115_-110_50_85\P14_006507_2634_XN_83N112W_G17_024730_2617_XN_81N110W,output_-115_-110_50_85,81.4149,83.0143,434.3197,0.0
P14_006507_2634_XN_83N112W_G23_027051_2628_XN_82N112W,G:\crater_flux_output_folders\output_-115_-110_50_85\P14_006507_2634_XN_83N112W_G23_027051_2628_XN_82N112W,output_-115_-110_50_85,82.442,83.038,295.8315,0.0
P15_006784_2628_XI_82N119W_P18_007984_2638_XI_83N124W,G:\crater_flux_output_folders\output_-115_-110_50_85\P15_006784_2628_XI_82N119W_P18_007984_2638_XI_83N124W,output_-115_-110_50_85,81.478,81.4985,0.3242,0.0
P15_006784_2628_XI_82N119W_P18_008208_2604_XN_80N114W,G:\crater_flux_output_folders\output_-115_-110_50_85\P15_006784_2628_XI_82N119W_P18_008208_2604_XN_80N114W,output_-115_-110_50_85,80.399,81.1223,89.142,0.0
P15_006784_2628_XI_82N119W_P19_008643_2616_XI_81N112W,G:\crater_flux_output_folders\output_-115_-110_50_85\P15_006784_2628_XI_82N119W_P19_008643_2616_XI_81N112W,output_-115_-110_50_85,80.4789,81.6366,775.0725,0.0
P15_006784_2628_XI_82N119W_P21_009131_2623_XI_82N116W,G:\crater_flux_output_folders\output_-115_-110_50_85\P15_006784_2628_XI_82N119W_P21_009131_2623_XI_82N116W,output_-115_-110_50_85,80.399,81.6366,1205.578,0.0
P15_006784_2628_XI_82N119W_P21_009368_2605_XI_80N108W,G:\crater_flux_output_folders\output_-115_-110_50_85\P15_006784_2628_XI_82N119W_P21_009368_2605_XI_80N108W,output_-115_-110_50_85,80.4961,81.5347,516.0932,0.0
P15_006784_2628_XI_82N119W_P22_009632_2592_XN_79N109W,G:\crater_flux_output_folders\output_-115_-110_50_85\P15_006784_2628_XI_82N119W_P22_009632_2592_XN_79N109W,output_-115_-110_50_85,80.4945,80.9505,252.6348,0.0
P15_006784_2628_XI_82N119W_B01_009877_2793_XN_80N110W,G:\crater_flux_output_folders\output_-115_-110_50_85\P15_006784_2628_XI_82N119W_B01_009877_2793_XN_80N110W,output_-115_-110_50_85,80.4483,80.9211,272.853,0.0
P15_006784_2628_XI_82N119W_B19_016871_2609_XN_80N111W,G:\crater_flux_output_folders\output_-115_-110_50_85\P15_006784_2628_XI_82N119W_B19_016871_2609_XN_80N111W,output_-115_-110_50_85,80.4599,81.1406,689.6459,0.0
P15_006784_2628_XI_82N119W_B21_017847_2609_XN_80N111W,G:\crater_flux_output_folders\output_-115_-110_50_85\P15_006784_2628_XI_82N119W_B21_017847_2609_XN_80N111W,output_-115_-110_50_85,80.4456,81.1447,702.2179,0.0
P15_006784_2628_XI_82N119W_G02_018936_2793_XN_80N112W,G:\crater_flux_output_folders\output_-115_-110_50_85\P15_006784_2628_XI_82N119W_G02_018936_2793_XN_80N112W,output_-115_-110_50_85,80.4787,80.915,349.4272,0.0
P15_006784_2628_XI_82N119W_G01_018448_2798_XN_80N111W,G:\crater_flux_output_folders\output_-115_-110_50_85\P15_006784_2628_XI_82N119W_G01_018448_2798_XN_80N111W,output_-115_-110_50_85,80.4789,80.592,29.3419,0.0
P15_006784_2628_XI_82N119W_G18_025363_2615_XN_81N112W,G:\crater_flux_output_folders\output_-115_-110_50_85\P15_006784_2628_XI_82N119W_G18_025363_2615_XN_81N112W,output_-115_-110_50_85,80.4992,81.5472,505.6395,0.0
P15_006784_2628_XI_82N119W_D01_027494_2798_XN_80N111W,G:\crater_flux_output_folders\output_-115_-110_50_85\P15_006784_2628_XI_82N119W_D01_027494_2798_XN_80N111W,output_-115_-110_50_85,80.4825,80.612,34.2364,0.0
P15_006784_2628_XI_82N119W_D01_027697_2604_XN_80N110W,G:\crater_flux_output_folders\output_-115_-110_50_85\P15_006784_2628_XI_82N119W_D01_027697_2604_XN_80N110W,output_-115_-110_50_85,80.4765,80.6222,36.0236,0.0
P15_006784_2628_XI_82N119W_J02_045460_2601_XN_80N114W,G:\crater_flux_output_folders\output_-115_-110_50_85\P15_006784_2628_XI_82N119W_J02_045460_2601_XN_80N114W,output_-115_-110_50_85,80.399,80.581,29.413,0.0
P16_007259_2546_XN_74N110W_B01_010186_2549_XN_74N112W,G:\crater_flux_output_folders\output_-115_-110_50_85\P16_007259_2546_XN_74N110W_B01_010186_2549_XN_74N112W,output_-115_-110_50_85,73.5666,75.4202,398.0174,297.0648
P16_007259_2546_XN_74N110W_B02_010331_2552_XI_75N111W,G:\crater_flux_output_folders\output_-110_-100_60_85\P16_007259_2546_XN_74N110W_B02_010331_2552_XI_75N111W,output_-115_-110_50_85,73.517,75.5069,769.4858,541.4535
P16_007259_2546_XN_74N110W_B21_017828_2831_XN_76N107W,G:\crater_flux_output_folders\output_-110_-100_60_85\P16_007259_2546_XN_74N110W_B21_017828_2831_XN_76N107W,output_-115_-110_50_85,75.1055,75.2374,3.2156,0.0
P17_007667_2614_XN_81N105W_G16_024374_2631_XN_83N111W,G:\crater_flux_output_folders\output_-110_-100_60_85\P17_007667_2614_XN_81N105W_G16_024374_2631_XN_83N111W,output_-115_-110_50_85,82.0616,82.1189,664.118,0.0
P17_007667_2614_XN_81N105W_G17_024730_2617_XN_81N110W,G:\crater_flux_output_folders\output_-115_-110_50_85\P17_007667_2614_XN_81N105W_G17_024730_2617_XN_81N110W,output_-115_-110_50_85,82.0616,82.1134,1.0846,0.0
P17_007852_2594_XN_79N110W_P18_008063_2594_XN_79N110W,G:\crater_flux_output_folders\output_-115_-110_50_85\P17_007852_2594_XN_79N110W_P18_008063_2594_XN_79N110W,output_-115_-110_50_85,78.5145,80.1933,1449.5834,0.0
P17_007852_2594_XN_79N110W_P18_008208_2604_XN_80N114W,G:\crater_flux_output_folders\output_-115_-110_50_85\P17_007852_2594_XN_79N110W_P18_008208_2604_XN_80N114W,output_-115_-110_50_85,79.2551,80.0616,94.9653,0.0
P17_007852_2594_XN_79N110W_P19_008274_2580_XN_78N108W,G:\crater_flux_output_folders\output_-115_-110_50_85\P17_007852_2594_XN_79N110W_P19_008274_2580_XN_78N108W,output_-115_-110_50_85,78.5145,78.6392,8.1219,0.0
P17_007852_2594_XN_79N110W_P19_008643_2616_XI_81N112W,G:\crater_flux_output_folders\output_-115_-110_50_85\P17_007852_2594_XN_79N110W_P19_008643_2616_XI_81N112W,output_-115_-110_50_85,80.086,80.2183,51.5878,0.0
P17_007852_2594_XN_79N110W_P20_008999_2595_XN_79N110W,G:\crater_flux_output_folders\output_-110_-100_60_85\P17_007852_2594_XN_79N110W_P20_008999_2595_XN_79N110W,output_-115_-110_50_85,79.125,79.6999,436.4682,0.0
P17_007852_2594_XN_79N110W_P21_009131_2623_XI_82N116W,G:\crater_flux_output_folders\output_-115_-110_50_85\P17_007852_2594_XN_79N110W_P21_009131_2623_XI_82N116W,output_-115_-110_50_85,79.7308,80.1777,503.2213,0.0
P17_007852_2594_XN_79N110W_P21_009368_2605_XI_80N108W,G:\crater_flux_output_folders\output_-115_-110_50_85\P17_007852_2594_XN_79N110W_P21_009368_2605_XI_80N108W,output_-115_-110_50_85,79.7406,80.2183,154.9872,0.0
P17_007852_2594_XN_79N110W_P22_009632_2592_XN_79N109W,G:\crater_flux_output_folders\output_-115_-110_50_85\P17_007852_2594_XN_79N110W_P22_009632_2592_XN_79N109W,output_-115_-110_50_85,78.5145,80.2183,902.0705,0.0
P17_007852_2594_XN_79N110W_B01_009877_2793_XN_80N110W,G:\crater_flux_output_folders\output_-110_-100_60_85\P17_007852_2594_XN_79N110W_B01_009877_2793_XN_80N110W,output_-115_-110_50_85,80.2086,80.2183,1.5312,0.0
P17_007852_2594_XN_79N110W_B18_016647_2596_XN_79N110W,G:\crater_flux_output_folders\output_-115_-110_50_85\P17_007852_2594_XN_79N110W_B18_016647_2596_XN_79N110W,output_-115_-110_50_85,79.014,79.8034,696.4565,0.0
P17_007852_2594_XN_79N110W_B19_017135_2595_XN_79N110W,G:\crater_flux_output_folders\output_-110_-100_60_85\P17_007852_2594_XN_79N110W_B19_017135_2595_XN_79N110W,output_-115_-110_50_85,79.0359,79.8128,608.7676,0.0
P17_007852_2594_XN_79N110W_B19_016990_2575_XN_77N110W,G:\crater_flux_output_folders\output_-115_-110_50_85\P17_007852_2594_XN_79N110W_B19_016990_2575_XN_77N110W,output_-115_-110_50_85,78.991,79.378,19.0775,0.0
P17_007852_2594_XN_79N110W_B22_018269_2587_XN_78N111W,G:\crater_flux_output_folders\output_-115_-110_50_85\P17_007852_2594_XN_79N110W_B22_018269_2587_XN_78N111W,output_-115_-110_50_85,78.5145,79.914,608.3488,0.0
P17_007852_2594_XN_79N110W_G02_018968_2598_XN_79N113W,G:\crater_flux_output_folders\output_-115_-110_50_85\P17_007852_2594_XN_79N110W_G02_018968_2598_XN_79N113W,output_-115_-110_50_85,79.6914,79.975,10.4751,0.0
P17_007852_2594_XN_79N110W_G01_018414_2598_XN_79N111W,G:\crater_flux_output_folders\output_-115_-110_50_85\P17_007852_2594_XN_79N110W_G01_018414_2598_XN_79N111W,output_-115_-110_50_85,79.498,80.096,683.3314,0.0
P17_007852_2594_XN_79N110W_G01_018448_2798_XN_80N111W,G:\crater_flux_output_folders\output_-115_-110_50_85\P17_007852_2594_XN_79N110W_G01_018448_2798_XN_80N111W,output_-115_-110_50_85,79.762,80.2183,524.1998,0.0
P17_007852_2594_XN_79N110W_G16_024585_2595_XN_79N110W,G:\crater_flux_output_folders\output_-110_-100_60_85\P17_007852_2594_XN_79N110W_G16_024585_2595_XN_79N110W,output_-115_-110_50_85,79.034,79.8292,608.4763,0.0
P17_007852_2594_XN_79N110W_G18_025363_2615_XN_81N112W,G:\crater_flux_output_folders\output_-115_-110_50_85\P17_007852_2594_XN_79N110W_G18_025363_2615_XN_81N112W,output_-115_-110_50_85,79.965,80.2183,100.6774,0.0
P17_007852_2594_XN_79N110W_D01_027494_2798_XN_80N111W,G:\crater_flux_output_folders\output_-115_-110_50_85\P17_007852_2594_XN_79N110W_D01_027494_2798_XN_80N111W,output_-115_-110_50_85,79.752,80.2183,521.55,0.0
P17_007852_2594_XN_79N110W_D01_027407_2600_XN_80N110W,G:\crater_flux_output_folders\output_-115_-110_50_85\P17_007852_2594_XN_79N110W_D01_027407_2600_XN_80N110W,output_-115_-110_50_85,79.398,80.2183,669.5407,0.0
P17_007852_2594_XN_79N110W_D01_027671_2597_XN_79N112W,G:\crater_flux_output_folders\output_-115_-110_50_85\P17_007852_2594_XN_79N110W_D01_027671_2597_XN_79N112W,output_-115_-110_50_85,79.2392,79.965,417.1137,0.0
P17_007852_2594_XN_79N110W_D01_027697_2604_XN_80N110W,G:\crater_flux_output_folders\output_-115_-110_50_85\P17_007852_2594_XN_79N110W_D01_027697_2604_XN_80N110W,output_-115_-110_50_85,79.853,80.2183,216.2774,0.0
P17_007852_2594_XN_79N110W_D21_035266_2595_XN_79N110W,G:\crater_flux_output_folders\output_-110_-100_60_85\P17_007852_2594_XN_79N110W_D21_035266_2595_XN_79N110W,output_-115_-110_50_85,79.0263,79.8035,615.8553,0.0
P17_007852_2594_XN_79N110W_D22_035912_2597_XN_79N112W,G:\crater_flux_output_folders\output_-115_-110_50_85\P17_007852_2594_XN_79N110W_D22_035912_2597_XN_79N112W,output_-115_-110_50_85,79.3033,80.045,475.6666,0.0
P17_007852_2594_XN_79N110W_F23_044932_2597_XN_79N112W,G:\crater_flux_output_folders\output_-115_-110_50_85\P17_007852_2594_XN_79N110W_F23_044932_2597_XN_79N112W,output_-115_-110_50_85,79.2803,80.025,469.6887,0.0
P17_007852_2594_XN_79N110W_F22_044299_2580_XN_78N108W,G:\crater_flux_output_folders\output_-110_-100_60_85\P17_007852_2594_XN_79N110W_F22_044299_2580_XN_78N108W,output_-115_-110_50_85,78.5145,78.5978,98.427,0.0
P17_007852_2594_XN_79N110W_F22_044457_2580_XN_78N108W,G:\crater_flux_output_folders\output_-110_-100_60_85\P17_007852_2594_XN_79N110W_F22_044457_2580_XN_78N108W,output_-115_-110_50_85,78.5145,78.6921,203.9362,0.0
P17_007852_2594_XN_79N110W_F23_044866_2601_XN_80N112W,G:\crater_flux_output_folders\output_-115_-110_50_85\P17_007852_2594_XN_79N110W_F23_044866_2601_XN_80N112W,output_-115_-110_50_85,79.6319,80.183,624.8052,0.0
P17_007852_2594_XN_79N110W_J16_051103_2596_XN_79N110W,G:\crater_flux_output_folders\output_-115_-110_50_85\P17_007852_2594_XN_79N110W_J16_051103_2596_XN_79N110W,output_-115_-110_50_85,79.0242,79.9194,854.9815,0.0
P18_007984_2638_XI_83N124W_P19_008643_2616_XI_81N112W,G:\crater_flux_output_folders\output_-115_-110_50_85\P18_007984_2638_XI_83N124W_P19_008643_2616_XI_81N112W,output_-115_-110_50_85,81.4807,81.4898,0.0097,0.0
P18_007984_2638_XI_83N124W_P21_009131_2623_XI_82N116W,G:\crater_flux_output_folders\output_-115_-110_50_85\P18_007984_2638_XI_83N124W_P21_009131_2623_XI_82N116W,output_-115_-110_50_85,81.478,81.4985,0.2651,0.0
P18_007997_2650_XI_85N126W_P19_008643_2616_XI_81N112W,G:\crater_flux_output_folders\output_-115_-110_50_85\P18_007997_2650_XI_85N126W_P19_008643_2616_XI_81N112W,output_-115_-110_50_85,82.6678,83.0507,114.381,0.0
P18_007997_2650_XI_85N126W_P21_009157_2635_XI_83N115W,G:\crater_flux_output_folders\output_-115_-110_50_85\P18_007997_2650_XI_85N126W_P21_009157_2635_XI_83N115W,output_-115_-110_50_85,82.6678,83.0507,140.9266,0.0
P18_007997_2650_XI_85N126W_P22_009777_2627_XN_82N115W,G:\crater_flux_output_folders\output_-115_-110_50_85\P18_007997_2650_XI_85N126W_P22_009777_2627_XN_82N115W,output_-115_-110_50_85,82.6678,83.0101,169.0844,0.0
P18_007997_2650_XI_85N126W_G17_024941_2625_XN_82N114W,G:\crater_flux_output_folders\output_-115_-110_50_85\P18_007997_2650_XI_85N126W_G17_024941_2625_XN_82N114W,output_-115_-110_50_85,82.6678,82.9974,169.5771,0.0
P18_007997_2650_XI_85N126W_G16_024374_2631_XN_83N111W,G:\crater_flux_output_folders\output_-115_-110_50_85\P18_007997_2650_XI_85N126W_G16_024374_2631_XN_83N111W,output_-115_-110_50_85,82.6678,83.0507,191.5813,0.0
P18_007997_2650_XI_85N126W_G17_024730_2617_XN_81N110W,G:\crater_flux_output_folders\output_-115_-110_50_85\P18_007997_2650_XI_85N126W_G17_024730_2617_XN_81N110W,output_-115_-110_50_85,82.6678,82.9334,154.351,0.0
P18_007997_2650_XI_85N126W_G18_025442_2625_XN_82N114W,G:\crater_flux_output_folders\output_-115_-110_50_85\P18_007997_2650_XI_85N126W_G18_025442_2625_XN_82N114W,output_-115_-110_50_85,82.6678,82.9903,167.2985,0.0
P18_007997_2650_XI_85N126W_G18_025231_2625_XN_82N114W,G:\crater_flux_output_folders\output_-115_-110_50_85\P18_007997_2650_XI_85N126W_G18_025231_2625_XN_82N114W,output_-115_-110_50_85,82.6678,82.9903,167.4133,0.0
P18_007997_2650_XI_85N126W_G18_025363_2615_XN_81N112W,G:\crater_flux_output_folders\output_-115_-110_50_85\P18_007997_2650_XI_85N126W_G18_025363_2615_XN_81N112W,output_-115_-110_50_85,82.6678,82.9113,118.8639,0.0
P18_007997_2650_XI_85N126W_G19_025574_2626_XN_82N114W,G:\crater_flux_output_folders\output_-115_-110_50_85\P18_007997_2650_XI_85N126W_G19_025574_2626_XN_82N114W,output_-115_-110_50_85,82.6678,83.0215,174.8591,0.0
P18_007997_2650_XI_85N126W_D01_027763_2627_XN_82N115W,G:\crater_flux_output_folders\output_-115_-110_50_85\P18_007997_2650_XI_85N126W_D01_027763_2627_XN_82N115W,output_-115_-110_50_85,82.6678,83.0507,176.6817,0.0
P18_007997_2650_XI_85N126W_G23_027051_2628_XN_82N112W,G:\crater_flux_output_folders\output_-115_-110_50_85\P18_007997_2650_XI_85N126W_G23_027051_2628_XN_82N112W,output_-115_-110_50_85,82.6788,82.9714,171.9615,0.0
P18_008063_2594_XN_79N110W_P18_008208_2604_XN_80N114W,G:\crater_flux_output_folders\output_-115_-110_50_85\P18_008063_2594_XN_79N110W_P18_008208_2604_XN_80N114W,output_-115_-110_50_85,79.254,80.0564,65.7965,0.0
P18_008063_2594_XN_79N110W_P19_008274_2580_XN_78N108W,G:\crater_flux_output_folders\output_-110_-100_60_85\P18_008063_2594_XN_79N110W_P19_008274_2580_XN_78N108W,output_-115_-110_50_85,78.499,78.6392,154.3781,0.0
P18_008063_2594_XN_79N110W_P19_008643_2616_XI_81N112W,G:\crater_flux_output_folders\output_-115_-110_50_85\P18_008063_2594_XN_79N110W_P19_008643_2616_XI_81N112W,output_-115_-110_50_85,80.086,80.1933,36.4913,0.0
P18_008063_2594_XN_79N110W_P20_008999_2595_XN_79N110W,G:\crater_flux_output_folders\output_-115_-110_50_85\P18_008063_2594_XN_79N110W_P20_008999_2595_XN_79N110W,output_-115_-110_50_85,79.125,79.6999,495.6862,0.0
P18_008063_2594_XN_79N110W_P21_009131_2623_XI_82N116W,G:\crater_flux_output_folders\output_-115_-110_50_85\P18_008063_2594_XN_79N110W_P21_009131_2623_XI_82N116W,output_-115_-110_50_85,79.7329,80.1598,468.0058,0.0
P18_008063_2594_XN_79N110W_P21_009368_2605_XI_80N108W,G:\crater_flux_output_folders\output_-115_-110_50_85\P18_008063_2594_XN_79N110W_P21_009368_2605_XI_80N108W,output_-115_-110_50_85,79.7406,80.1933,142.1126,0.0
P18_008063_2594_XN_79N110W_P22_009632_2592_XN_79N109W,G:\crater_flux_output_folders\output_-115_-110_50_85\P18_008063_2594_XN_79N110W_P22_009632_2592_XN_79N109W,output_-115_-110_50_85,78.5018,80.1933,886.2632,0.0
P18_008063_2594_XN_79N110W_B18_016647_2596_XN_79N110W,G:\crater_flux_output_folders\output_-115_-110_50_85\P18_008063_2594_XN_79N110W_B18_016647_2596_XN_79N110W,output_-115_-110_50_85,79.014,79.8034,690.7499,0.0
P18_008063_2594_XN_79N110W_B19_017135_2595_XN_79N110W,G:\crater_flux_output_folders\output_-110_-100_60_85\P18_008063_2594_XN_79N110W_B19_017135_2595_XN_79N110W,output_-115_-110_50_85,79.034,79.8128,605.6433,0.0
P18_008063_2594_XN_79N110W_B19_016990_2575_XN_77N110W,G:\crater_flux_output_folders\output_-115_-110_50_85\P18_008063_2594_XN_79N110W_B19_016990_2575_XN_77N110W,output_-115_-110_50_85,78.9031,79.378,21.7052,0.0
P18_008063_2594_XN_79N110W_B22_018269_2587_XN_78N111W,G:\crater_flux_output_folders\output_-115_-110_50_85\P18_008063_2594_XN_79N110W_B22_018269_2587_XN_78N111W,output_-115_-110_50_85,78.499,79.914,624.8916,0.0
P18_008063_2594_XN_79N110W_G02_018968_2598_XN_79N113W,G:\crater_flux_output_folders\output_-115_-110_50_85\P18_008063_2594_XN_79N110W_G02_018968_2598_XN_79N113W,output_-115_-110_50_85,79.7924,79.975,1.4202,0.0
P18_008063_2594_XN_79N110W_G01_018414_2598_XN_79N111W,G:\crater_flux_output_folders\output_-115_-110_50_85\P18_008063_2594_XN_79N110W_G01_018414_2598_XN_79N111W,output_-115_-110_50_85,79.4988,80.096,660.9826,0.0
P18_008063_2594_XN_79N110W_G01_018448_2798_XN_80N111W,G:\crater_flux_output_folders\output_-115_-110_50_85\P18_008063_2594_XN_79N110W_G01_018448_2798_XN_80N111W,output_-115_-110_50_85,79.762,80.1933,487.4484,0.0
P18_008063_2594_XN_79N110W_G16_024585_2595_XN_79N110W,G:\crater_flux_output_folders\output_-115_-110_50_85\P18_008063_2594_XN_79N110W_G16_024585_2595_XN_79N110W,output_-115_-110_50_85,79.034,79.8292,705.6708,0.0
P18_008063_2594_XN_79N110W_G18_025363_2615_XN_81N112W,G:\crater_flux_output_folders\output_-115_-110_50_85\P18_008063_2594_XN_79N110W_G18_025363_2615_XN_81N112W,output_-115_-110_50_85,79.965,80.1933,88.6102,0.0
P18_008063_2594_XN_79N110W_D01_027494_2798_XN_80N111W,G:\crater_flux_output_folders\output_-115_-110_50_85\P18_008063_2594_XN_79N110W_D01_027494_2798_XN_80N111W,output_-115_-110_50_85,79.752,80.1933,485.4011,0.0
P18_008063_2594_XN_79N110W_D01_027407_2600_XN_80N110W,G:\crater_flux_output_folders\output_-115_-110_50_85\P18_008063_2594_XN_79N110W_D01_027407_2600_XN_80N110W,output_-115_-110_50_85,79.398,80.1933,648.3219,0.0
P18_008063_2594_XN_79N110W_D01_027671_2597_XN_79N112W,G:\crater_flux_output_folders\output_-115_-110_50_85\P18_008063_2594_XN_79N110W_D01_027671_2597_XN_79N112W,output_-115_-110_50_85,79.2385,79.965,397.4614,0.0
P18_008063_2594_XN_79N110W_D01_027697_2604_XN_80N110W,G:\crater_flux_output_folders\output_-110_-100_60_85\P18_008063_2594_XN_79N110W_D01_027697_2604_XN_80N110W,output_-115_-110_50_85,79.853,80.1933,82.1524,0.0
P18_008063_2594_XN_79N110W_D21_035266_2595_XN_79N110W,G:\crater_flux_output_folders\output_-115_-110_50_85\P18_008063_2594_XN_79N110W_D21_035266_2595_XN_79N110W,output_-115_-110_50_85,79.024,79.8035,704.8099,0.0
P18_008063_2594_XN_79N110W_D22_035912_2597_XN_79N112W,G:\crater_flux_output_folders\output_-115_-110_50_85\P18_008063_2594_XN_79N110W_D22_035912_2597_XN_79N112W,output_-115_-110_50_85,79.3026,80.045,451.6446,0.0
P18_008063_2594_XN_79N110W_F23_044932_2597_XN_79N112W,G:\crater_flux_output_folders\output_-115_-110_50_85\P18_008063_2594_XN_79N110W_F23_044932_2597_XN_79N112W,output_-115_-110_50_85,79.2795,80.025,446.992,0.0
P18_008063_2594_XN_79N110W_F22_044299_2580_XN_78N108W,G:\crater_flux_output_folders\output_-110_-100_60_85\P18_008063_2594_XN_79N110W_F22_044299_2580_XN_78N108W,output_-115_-110_50_85,78.499,78.5978,109.0745,0.0
P18_008063_2594_XN_79N110W_F22_044457_2580_XN_78N108W,G:\crater_flux_output_folders\output_-110_-100_60_85\P18_008063_2594_XN_79N110W_F22_044457_2580_XN_78N108W,output_-115_-110_50_85,78.499,78.6921,214.026,0.0
P18_008063_2594_XN_79N110W_F23_044866_2601_XN_80N112W,G:\crater_flux_output_folders\output_-115_-110_50_85\P18_008063_2594_XN_79N110W_F23_044866_2601_XN_80N112W,output_-115_-110_50_85,79.6342,80.1643,584.603,0.0
P18_008063_2594_XN_79N110W_J16_051103_2596_XN_79N110W,G:\crater_flux_output_folders\output_-115_-110_50_85\P18_008063_2594_XN_79N110W_J16_051103_2596_XN_79N110W,output_-115_-110_50_85,79.0242,79.9194,845.571,0.0
P18_008155_2647_XN_84N117W_P21_009091_2640_XN_84N114W,G:\crater_flux_output_folders\output_-115_-110_50_85\P18_008155_2647_XN_84N117W_P21_009091_2640_XN_84N114W,output_-115_-110_50_85,83.9761,84.3502,94.5332,0.0
P18_008155_2647_XN_84N117W_B18_016620_2651_XN_85N120W,G:\crater_flux_output_folders\output_-115_-110_50_85\P18_008155_2647_XN_84N117W_B18_016620_2651_XN_85N120W,output_-115_-110_50_85,84.707,84.7603,1.8897,0.0
P18_008155_2647_XN_84N117W_B17_016449_2648_XN_84N118W,G:\crater_flux_output_folders\output_-115_-110_50_85\P18_008155_2647_XN_84N117W_B17_016449_2648_XN_84N118W,output_-115_-110_50_85,84.0966,84.6261,227.7502,0.0
P18_008155_2647_XN_84N117W_B18_016550_2760_XN_84N121W,G:\crater_flux_output_folders\output_-115_-110_50_85\P18_008155_2647_XN_84N117W_B18_016550_2760_XN_84N121W,output_-115_-110_50_85,84.3987,84.7603,60.7836,0.0
P18_008155_2647_XN_84N117W_B20_017293_2650_XN_85N120W,G:\crater_flux_output_folders\output_-115_-110_50_85\P18_008155_2647_XN_84N117W_B20_017293_2650_XN_85N120W,output_-115_-110_50_85,84.6336,84.6488,0.1749,0.0
P18_008155_2647_XN_84N117W_B21_017886_2638_XN_83N115W,G:\crater_flux_output_folders\output_-115_-110_50_85\P18_008155_2647_XN_84N117W_B21_017886_2638_XN_83N115W,output_-115_-110_50_85,83.9761,84.213,55.0033,0.0
P18_008155_2647_XN_84N117W_B19_017227_2649_XN_84N119W,G:\crater_flux_output_folders\output_-115_-110_50_85\P18_008155_2647_XN_84N117W_B19_017227_2649_XN_84N119W,output_-115_-110_50_85,84.48,84.6664,27.813,0.0
P18_008155_2647_XN_84N117W_G17_024954_2650_XN_85N120W,G:\crater_flux_output_folders\output_-115_-110_50_85\P18_008155_2647_XN_84N117W_G17_024954_2650_XN_85N120W,output_-115_-110_50_85,84.604,84.6496,1.736,0.0
P18_008155_2647_XN_84N117W_G16_024479_2634_XN_83N102W,G:\crater_flux_output_folders\output_-115_-110_50_85\P18_008155_2647_XN_84N117W_G16_024479_2634_XN_83N102W,output_-115_-110_50_85,84.0968,84.7603,244.1014,0.0
P18_008155_2647_XN_84N117W_G15_024242_2631_XI_83N107W,G:\crater_flux_output_folders\output_-115_-110_50_85\P18_008155_2647_XN_84N117W_G15_024242_2631_XI_83N107W,output_-115_-110_50_85,83.9761,84.7603,484.1236,0.0
P18_008155_2647_XN_84N117W_G17_024901_2629_XI_82N104W,G:\crater_flux_output_folders\output_-115_-110_50_85\P18_008155_2647_XN_84N117W_G17_024901_2629_XI_82N104W,output_-115_-110_50_85,83.9995,84.7603,474.7333,0.0
P18_008155_2647_XN_84N117W_G18_025389_2650_XN_85N120W,G:\crater_flux_output_folders\output_-115_-110_50_85\P18_008155_2647_XN_84N117W_G18_025389_2650_XN_85N120W,output_-115_-110_50_85,84.616,84.7367,12.709,0.0
P18_008155_2647_XN_84N117W_G20_025877_2652_XI_85N117W,G:\crater_flux_output_folders\output_-115_-110_50_85\P18_008155_2647_XN_84N117W_G20_025877_2652_XI_85N117W,output_-115_-110_50_85,84.0318,84.7603,451.4375,0.0
P18_008155_2647_XN_84N117W_G19_025587_2650_XN_85N120W,G:\crater_flux_output_folders\output_-115_-110_50_85\P18_008155_2647_XN_84N117W_G19_025587_2650_XN_85N120W,output_-115_-110_50_85,84.5645,84.6134,1.9534,0.0
P18_008155_2647_XN_84N117W_D18_034079_2649_XN_84N119W,G:\crater_flux_output_folders\output_-115_-110_50_85\P18_008155_2647_XN_84N117W_D18_034079_2649_XN_84N119W,output_-115_-110_50_85,84.4884,84.6405,18.3821,0.0
P18_008155_2647_XN_84N117W_D16_033433_2649_XN_84N120W,G:\crater_flux_output_folders\output_-115_-110_50_85\P18_008155_2647_XN_84N117W_D16_033433_2649_XN_84N120W,output_-115_-110_50_85,84.4944,84.5524,2.4531,0.0
P18_008155_2647_XN_84N117W_D19_034501_2649_XN_84N119W,G:\crater_flux_output_folders\output_-115_-110_50_85\P18_008155_2647_XN_84N117W_D19_034501_2649_XN_84N119W,output_-115_-110_50_85,84.4513,84.6044,18.0937,0.0
P18_008155_2647_XN_84N117W_F02_036558_2649_XN_84N119W,G:\crater_flux_output_folders\output_-115_-110_50_85\P18_008155_2647_XN_84N117W_F02_036558_2649_XN_84N119W,output_-115_-110_50_85,84.1365,84.5775,166.5156,0.0
P18_008155_2647_XN_84N117W_F01_036294_2649_XN_84N112W,G:\crater_flux_output_folders\output_-115_-110_50_85\P18_008155_2647_XN_84N117W_F01_036294_2649_XN_84N112W,output_-115_-110_50_85,84.6806,84.7603,1.2246,0.0
P18_008208_2604_XN_80N114W_P20_008999_2595_XN_79N110W,G:\crater_flux_output_folders\output_-115_-110_50_85\P18_008208_2604_XN_80N114W_P20_008999_2595_XN_79N110W,output_-115_-110_50_85,79.259,79.6086,50.8072,0.0
P18_008208_2604_XN_80N114W_P21_009131_2623_XI_82N116W,G:\crater_flux_output_folders\output_-115_-110_50_85\P18_008208_2604_XN_80N114W_P21_009131_2623_XI_82N116W,output_-115_-110_50_85,79.702,81.1223,820.2017,0.0
P18_008208_2604_XN_80N114W_P21_009276_2611_XI_81N118W,G:\crater_flux_output_folders\output_-115_-110_50_85\P18_008208_2604_XN_80N114W_P21_009276_2611_XI_81N118W,output_-115_-110_50_85,79.095,79.7151,88.9528,0.0
P18_008208_2604_XN_80N114W_B18_016647_2596_XN_79N110W,G:\crater_flux_output_folders\output_-115_-110_50_85\P18_008208_2604_XN_80N114W_B18_016647_2596_XN_79N110W,output_-115_-110_50_85,79.2598,79.6894,60.8268,0.0
P18_008208_2604_XN_80N114W_B19_017135_2595_XN_79N110W,G:\crater_flux_output_folders\output_-115_-110_50_85\P18_008208_2604_XN_80N114W_B19_017135_2595_XN_79N110W,output_-115_-110_50_85,79.2566,79.724,58.1501,0.0
P18_008208_2604_XN_80N114W_B19_016990_2575_XN_77N110W,G:\crater_flux_output_folders\output_-115_-110_50_85\P18_008208_2604_XN_80N114W_B19_016990_2575_XN_77N110W,output_-115_-110_50_85,79.1242,79.378,192.4176,0.0
P18_008208_2604_XN_80N114W_B22_018269_2587_XN_78N111W,G:\crater_flux_output_folders\output_-115_-110_50_85\P18_008208_2604_XN_80N114W_B22_018269_2587_XN_78N111W,output_-115_-110_50_85,79.1231,79.8656,948.0371,0.0
P18_008208_2604_XN_80N114W_G02_018968_2598_XN_79N113W,G:\crater_flux_output_folders\output_-115_-110_50_85\P18_008208_2604_XN_80N114W_G02_018968_2598_XN_79N113W,output_-115_-110_50_85,79.52,79.9737,396.2473,0.0
P18_008208_2604_XN_80N114W_B22_018401_2600_XN_80N116W,G:\crater_flux_output_folders\output_-115_-110_50_85\P18_008208_2604_XN_80N114W_B22_018401_2600_XN_80N116W,output_-115_-110_50_85,79.6836,79.9441,30.5726,0.0
P18_008208_2604_XN_80N114W_G01_018414_2598_XN_79N111W,G:\crater_flux_output_folders\output_-115_-110_50_85\P18_008208_2604_XN_80N114W_G01_018414_2598_XN_79N111W,output_-115_-110_50_85,79.459,79.989,323.5786,0.0
P18_008208_2604_XN_80N114W_G01_018435_2801_XN_79N115W,G:\crater_flux_output_folders\output_-115_-110_50_85\P18_008208_2604_XN_80N114W_G01_018435_2801_XN_79N115W,output_-115_-110_50_85,79.459,80.2377,562.2712,0.0
P18_008208_2604_XN_80N114W_G01_018448_2798_XN_80N111W,G:\crater_flux_output_folders\output_-115_-110_50_85\P18_008208_2604_XN_80N114W_G01_018448_2798_XN_80N111W,output_-115_-110_50_85,79.8668,80.0914,48.0993,0.0
P18_008208_2604_XN_80N114W_G03_019337_2601_XN_80N114W,G:\crater_flux_output_folders\output_-115_-110_50_85\P18_008208_2604_XN_80N114W_G03_019337_2601_XN_80N114W,output_-115_-110_50_85,79.6111,80.44,864.1449,0.0
P18_008208_2604_XN_80N114W_G03_019469_2593_XN_79N114W,G:\crater_flux_output_folders\output_-115_-110_50_85\P18_008208_2604_XN_80N114W_G03_019469_2593_XN_79N114W,output_-115_-110_50_85,79.095,79.479,82.3204,0.0
P18_008208_2604_XN_80N114W_G16_024348_2627_XN_82N122W,G:\crater_flux_output_folders\output_-115_-110_50_85\P18_008208_2604_XN_80N114W_G16_024348_2627_XN_82N122W,output_-115_-110_50_85,80.2975,80.3013,0.011,0.0
P18_008208_2604_XN_80N114W_G16_024585_2595_XN_79N110W,G:\crater_flux_output_folders\output_-115_-110_50_85\P18_008208_2604_XN_80N114W_G16_024585_2595_XN_79N110W,output_-115_-110_50_85,79.2611,79.7122,65.695,0.0
P18_008208_2604_XN_80N114W_D01_027494_2798_XN_80N111W,G:\crater_flux_output_folders\output_-115_-110_50_85\P18_008208_2604_XN_80N114W_D01_027494_2798_XN_80N111W,output_-115_-110_50_85,79.8752,80.1279,63.7919,0.0
P18_008208_2604_XN_80N114W_D01_027639_2806_XN_79N114W,G:\crater_flux_output_folders\output_-115_-110_50_85\P18_008208_2604_XN_80N114W_D01_027639_2806_XN_79N114W,output_-115_-110_50_85,79.095,79.7697,639.5851,0.0
P18_008208_2604_XN_80N114W_D01_027671_2597_XN_79N112W,G:\crater_flux_output_folders\output_-115_-110_50_85\P18_008208_2604_XN_80N114W_D01_027671_2597_XN_79N112W,output_-115_-110_50_85,79.156,79.9226,1039.8202,0.0
P18_008208_2604_XN_80N114W_D01_027473_2593_XN_79N113W,G:\crater_flux_output_folders\output_-115_-110_50_85\P18_008208_2604_XN_80N114W_D01_027473_2593_XN_79N113W,output_-115_-110_50_85,79.095,79.631,655.4202,0.0
P18_008208_2604_XN_80N114W_G22_026893_2596_XN_79N115W,G:\crater_flux_output_folders\output_-115_-110_50_85\P18_008208_2604_XN_80N114W_G22_026893_2596_XN_79N115W,output_-115_-110_50_85,79.254,79.975,318.617,0.0
P18_008208_2604_XN_80N114W_D21_035266_2595_XN_79N110W,G:\crater_flux_output_folders\output_-115_-110_50_85\P18_008208_2604_XN_80N114W_D21_035266_2595_XN_79N110W,output_-115_-110_50_85,79.2559,79.7153,63.3557,0.0
P18_008208_2604_XN_80N114W_F02_036598_2595_XN_79N114W,G:\crater_flux_output_folders\output_-115_-110_50_85\P18_008208_2604_XN_80N114W_F02_036598_2595_XN_79N114W,output_-115_-110_50_85,79.1232,79.853,483.4811,0.0
P18_008208_2604_XN_80N114W_D22_035912_2597_XN_79N112W,G:\crater_flux_output_folders\output_-115_-110_50_85\P18_008208_2604_XN_80N114W_D22_035912_2597_XN_79N112W,output_-115_-110_50_85,79.186,79.9852,996.4709,0.0
P18_008208_2604_XN_80N114W_D22_035899_2593_XN_79N113W,G:\crater_flux_output_folders\output_-115_-110_50_85\P18_008208_2604_XN_80N114W_D22_035899_2593_XN_79N113W,output_-115_-110_50_85,79.095,79.631,666.1245,0.0
P18_008208_2604_XN_80N114W_F23_044919_2594_XN_79N114W,G:\crater_flux_output_folders\output_-115_-110_50_85\P18_008208_2604_XN_80N114W_F23_044919_2594_XN_79N114W,output_-115_-110_50_85,79.095,79.732,520.6535,0.0
P18_008208_2604_XN_80N114W_F23_044932_2597_XN_79N112W,G:\crater_flux_output_folders\output_-115_-110_50_85\P18_008208_2604_XN_80N114W_F23_044932_2597_XN_79N112W,output_-115_-110_50_85,79.166,79.9666,1004.2117,0.0
P18_008208_2604_XN_80N114W_F23_044866_2601_XN_80N112W,G:\crater_flux_output_folders\output_-115_-110_50_85\P18_008208_2604_XN_80N114W_F23_044866_2601_XN_80N112W,output_-115_-110_50_85,79.59,80.3111,424.1934,0.0
P18_008208_2604_XN_80N114W_J02_045460_2601_XN_80N114W,G:\crater_flux_output_folders\output_-115_-110_50_85\P18_008208_2604_XN_80N114W_J02_045460_2601_XN_80N114W,output_-115_-110_50_85,79.6191,80.5733,1020.8109,0.0
P18_008208_2604_XN_80N114W_J02_045552_2601_XN_80N114W,G:\crater_flux_output_folders\output_-115_-110_50_85\P18_008208_2604_XN_80N114W_J02_045552_2601_XN_80N114W,output_-115_-110_50_85,79.5251,80.531,1065.0293,0.0
P18_008208_2604_XN_80N114W_J16_051103_2596_XN_79N110W,G:\crater_flux_output_folders\output_-115_-110_50_85\P18_008208_2604_XN_80N114W_J16_051103_2596_XN_79N110W,output_-115_-110_50_85,79.259,79.7996,75.5902,0.0
P19_008274_2580_XN_78N108W_P22_009632_2592_XN_79N109W,G:\crater_flux_output_folders\output_-115_-110_50_85\P19_008274_2580_XN_78N108W_P22_009632_2592_XN_79N109W,output_-115_-110_50_85,78.4518,78.6392,10.9885,0.0
P19_008274_2580_XN_78N108W_B19_016990_2575_XN_77N110W,G:\crater_flux_output_folders\output_-110_-100_60_85\P19_008274_2580_XN_78N108W_B19_016990_2575_XN_77N110W,output_-115_-110_50_85,77.7952,78.6156,171.1152,0.0
P19_008274_2580_XN_78N108W_B22_018269_2587_XN_78N111W,G:\crater_flux_output_folders\output_-110_-100_60_85\P19_008274_2580_XN_78N108W_B22_018269_2587_XN_78N111W,output_-115_-110_50_85,77.7952,78.6392,730.1504,0.0
P19_008274_2580_XN_78N108W_F22_044299_2580_XN_78N108W,G:\crater_flux_output_folders\output_-110_-100_60_85\P19_008274_2580_XN_78N108W_F22_044299_2580_XN_78N108W,output_-115_-110_50_85,77.8339,78.5978,2342.5149,0.0
P19_008274_2580_XN_78N108W_F22_044457_2580_XN_78N108W,G:\crater_flux_output_folders\output_-110_-100_60_85\P19_008274_2580_XN_78N108W_F22_044457_2580_XN_78N108W,output_-115_-110_50_85,77.811,78.6392,2301.4326,0.0
P19_008274_2580_XN_78N108W_F23_044853_2582_XN_78N109W,G:\crater_flux_output_folders\output_-110_-100_60_85\P19_008274_2580_XN_78N108W_F23_044853_2582_XN_78N109W,output_-115_-110_50_85,77.8213,78.4868,1550.768,0.0
P19_008274_2580_XN_78N108W_J01_045011_2582_XN_78N108W,G:\crater_flux_output_folders\output_-110_-100_60_85\P19_008274_2580_XN_78N108W_J01_045011_2582_XN_78N108W,output_-115_-110_50_85,77.8567,78.473,1549.7471,0.0
P19_008643_2616_XI_81N112W_P21_009131_2623_XI_82N116W,G:\crater_flux_output_folders\output_-115_-110_50_85\P19_008643_2616_XI_81N112W_P21_009131_2623_XI_82N116W,output_-115_-110_50_85,80.086,82.0226,522.8114,0.0
P19_008643_2616_XI_81N112W_P21_009157_2635_XI_83N115W,G:\crater_flux_output_folders\output_-115_-110_50_85\P19_008643_2616_XI_81N112W_P21_009157_2635_XI_83N115W,output_-115_-110_50_85,81.1959,83.0811,1267.0205,0.0
P19_008643_2616_XI_81N112W_P21_009368_2605_XI_80N108W,G:\crater_flux_output_folders\output_-115_-110_50_85\P19_008643_2616_XI_81N112W_P21_009368_2605_XI_80N108W,output_-115_-110_50_85,80.0965,82.7157,3375.4781,0.0
P19_008643_2616_XI_81N112W_P22_009632_2592_XN_79N109W,G:\crater_flux_output_folders\output_-115_-110_50_85\P19_008643_2616_XI_81N112W_P22_009632_2592_XN_79N109W,output_-115_-110_50_85,80.086,81.028,957.4546,0.0
P19_008643_2616_XI_81N112W_P22_009777_2627_XN_82N115W,G:\crater_flux_output_folders\output_-115_-110_50_85\P19_008643_2616_XI_81N112W_P22_009777_2627_XN_82N115W,output_-115_-110_50_85,82.2487,83.0141,417.4968,0.0
P19_008643_2616_XI_81N112W_B01_009877_2793_XN_80N110W,G:\crater_flux_output_folders\output_-115_-110_50_85\P19_008643_2616_XI_81N112W_B01_009877_2793_XN_80N110W,output_-115_-110_50_85,80.2086,81.036,833.5428,0.0
P19_008643_2616_XI_81N112W_B19_016871_2609_XN_80N111W,G:\crater_flux_output_folders\output_-110_-100_60_85\P19_008643_2616_XI_81N112W_B19_016871_2609_XN_80N111W,output_-115_-110_50_85,80.4185,81.269,75.7124,0.0
P19_008643_2616_XI_81N112W_B21_017847_2609_XN_80N111W,G:\crater_flux_output_folders\output_-115_-110_50_85\P19_008643_2616_XI_81N112W_B21_017847_2609_XN_80N111W,output_-115_-110_50_85,80.4371,81.249,998.7572,0.0
P19_008643_2616_XI_81N112W_G02_018936_2793_XN_80N112W,G:\crater_flux_output_folders\output_-115_-110_50_85\P19_008643_2616_XI_81N112W_G02_018936_2793_XN_80N112W,output_-115_-110_50_85,80.45,80.915,264.1325,0.0
P19_008643_2616_XI_81N112W_G01_018448_2798_XN_80N111W,G:\crater_flux_output_folders\output_-115_-110_50_85\P19_008643_2616_XI_81N112W_G01_018448_2798_XN_80N111W,output_-115_-110_50_85,80.086,80.592,409.4908,0.0
P19_008643_2616_XI_81N112W_G17_024941_2625_XN_82N114W,G:\crater_flux_output_folders\output_-115_-110_50_85\P19_008643_2616_XI_81N112W_G17_024941_2625_XN_82N114W,output_-115_-110_50_85,81.9802,82.9984,697.9143,0.0
P19_008643_2616_XI_81N112W_G16_024374_2631_XN_83N111W,G:\crater_flux_output_folders\output_-115_-110_50_85\P19_008643_2616_XI_81N112W_G16_024374_2631_XN_83N111W,output_-115_-110_50_85,81.2027,83.13,859.1307,0.0
P19_008643_2616_XI_81N112W_G17_024730_2617_XN_81N110W,G:\crater_flux_output_folders\output_-115_-110_50_85\P19_008643_2616_XI_81N112W_G17_024730_2617_XN_81N110W,output_-115_-110_50_85,80.55,82.9155,1608.719,0.0
P19_008643_2616_XI_81N112W_G18_025442_2625_XN_82N114W,G:\crater_flux_output_folders\output_-115_-110_50_85\P19_008643_2616_XI_81N112W_G18_025442_2625_XN_82N114W,output_-115_-110_50_85,81.967,82.989,713.2402,0.0
P19_008643_2616_XI_81N112W_G18_025231_2625_XN_82N114W,G:\crater_flux_output_folders\output_-115_-110_50_85\P19_008643_2616_XI_81N112W_G18_025231_2625_XN_82N114W,output_-115_-110_50_85,81.866,82.9891,849.7211,0.0
P19_008643_2616_XI_81N112W_G18_025363_2615_XN_81N112W,G:\crater_flux_output_folders\output_-110_-100_60_85\P19_008643_2616_XI_81N112W_G18_025363_2615_XN_81N112W,output_-115_-110_50_85,80.1005,82.8865,502.071,0.0
P19_008643_2616_XI_81N112W_G19_025574_2626_XN_82N114W,G:\crater_flux_output_folders\output_-115_-110_50_85\P19_008643_2616_XI_81N112W_G19_025574_2626_XN_82N114W,output_-115_-110_50_85,82.0213,83.0296,654.9202,0.0
P19_008643_2616_XI_81N112W_D01_027494_2798_XN_80N111W,G:\crater_flux_output_folders\output_-115_-110_50_85\P19_008643_2616_XI_81N112W_D01_027494_2798_XN_80N111W,output_-115_-110_50_85,80.086,80.612,419.742,0.0
P19_008643_2616_XI_81N112W_D01_027763_2627_XN_82N115W,G:\crater_flux_output_folders\output_-115_-110_50_85\P19_008643_2616_XI_81N112W_D01_027763_2627_XN_82N115W,output_-115_-110_50_85,82.2904,83.0759,381.6128,0.0
P19_008643_2616_XI_81N112W_D01_027407_2600_XN_80N110W,G:\crater_flux_output_folders\output_-115_-110_50_85\P19_008643_2616_XI_81N112W_D01_027407_2600_XN_80N110W,output_-115_-110_50_85,80.086,80.2847,107.1149,0.0
P19_008643_2616_XI_81N112W_D01_027697_2604_XN_80N110W,G:\crater_flux_output_folders\output_-115_-110_50_85\P19_008643_2616_XI_81N112W_D01_027697_2604_XN_80N110W,output_-115_-110_50_85,80.086,80.6541,466.0727,0.0
P19_008643_2616_XI_81N112W_G23_027051_2628_XN_82N112W,G:\crater_flux_output_folders\output_-115_-110_50_85\P19_008643_2616_XI_81N112W_G23_027051_2628_XN_82N112W,output_-115_-110_50_85,82.442,82.9664,203.6481,0.0
P19_008643_2616_XI_81N112W_F23_044866_2601_XN_80N112W,G:\crater_flux_output_folders\output_-115_-110_50_85\P19_008643_2616_XI_81N112W_F23_044866_2601_XN_80N112W,output_-115_-110_50_85,80.086,80.45,135.4246,0.0
P20_008999_2595_XN_79N110W_P22_009632_2592_XN_79N109W,G:\crater_flux_output_folders\output_-115_-110_50_85\P20_008999_2595_XN_79N110W_P22_009632_2592_XN_79N109W,output_-115_-110_50_85,79.1457,79.6999,304.6017,0.0
P20_008999_2595_XN_79N110W_B18_016647_2596_XN_79N110W,G:\crater_flux_output_folders\output_-115_-110_50_85\P20_008999_2595_XN_79N110W_B18_016647_2596_XN_79N110W,output_-115_-110_50_85,79.1263,79.6999,496.183,0.0
P20_008999_2595_XN_79N110W_B19_017135_2595_XN_79N110W,G:\crater_flux_output_folders\output_-115_-110_50_85\P20_008999_2595_XN_79N110W_B19_017135_2595_XN_79N110W,output_-115_-110_50_85,79.125,79.6999,496.7516,0.0
P20_008999_2595_XN_79N110W_B19_016990_2575_XN_77N110W,G:\crater_flux_output_folders\output_-115_-110_50_85\P20_008999_2595_XN_79N110W_B19_016990_2575_XN_77N110W,output_-115_-110_50_85,79.125,79.378,21.0938,0.0
P20_008999_2595_XN_79N110W_B22_018269_2587_XN_78N111W,G:\crater_flux_output_folders\output_-115_-110_50_85\P20_008999_2595_XN_79N110W_B22_018269_2587_XN_78N111W,output_-115_-110_50_85,79.125,79.6459,251.354,0.0
P20_008999_2595_XN_79N110W_G01_018414_2598_XN_79N111W,G:\crater_flux_output_folders\output_-115_-110_50_85\P20_008999_2595_XN_79N110W_G01_018414_2598_XN_79N111W,output_-115_-110_50_85,79.5022,79.6999,126.3386,0.0
P20_008999_2595_XN_79N110W_G16_024585_2595_XN_79N110W,G:\crater_flux_output_folders\output_-115_-110_50_85\P20_008999_2595_XN_79N110W_G16_024585_2595_XN_79N110W,output_-115_-110_50_85,79.1283,79.6999,492.5369,0.0
P20_008999_2595_XN_79N110W_D01_027407_2600_XN_80N110W,G:\crater_flux_output_folders\output_-110_-100_60_85\P20_008999_2595_XN_79N110W_D01_027407_2600_XN_80N110W,output_-115_-110_50_85,79.398,79.6999,196.5286,0.0
P20_008999_2595_XN_79N110W_D01_027671_2597_XN_79N112W,G:\crater_flux_output_folders\output_-115_-110_50_85\P20_008999_2595_XN_79N110W_D01_027671_2597_XN_79N112W,output_-115_-110_50_85,79.2416,79.6464,191.6521,0.0
P20_008999_2595_XN_79N110W_D21_035266_2595_XN_79N110W,G:\crater_flux_output_folders\output_-110_-100_60_85\P20_008999_2595_XN_79N110W_D21_035266_2595_XN_79N110W,output_-115_-110_50_85,79.125,79.6999,447.1916,0.0
P20_008999_2595_XN_79N110W_D22_035912_2597_XN_79N112W,G:\crater_flux_output_folders\output_-115_-110_50_85\P20_008999_2595_XN_79N110W_D22_035912_2597_XN_79N112W,output_-115_-110_50_85,79.3077,79.6524,202.5937,0.0
P20_008999_2595_XN_79N110W_F23_044932_2597_XN_79N112W,G:\crater_flux_output_folders\output_-115_-110_50_85\P20_008999_2595_XN_79N110W_F23_044932_2597_XN_79N112W,output_-115_-110_50_85,79.2844,79.651,211.4446,0.0
P20_008999_2595_XN_79N110W_J16_051103_2596_XN_79N110W,G:\crater_flux_output_folders\output_-115_-110_50_85\P20_008999_2595_XN_79N110W_J16_051103_2596_XN_79N110W,output_-115_-110_50_85,79.1257,79.6999,497.0733,0.0
P21_009091_2640_XN_84N114W_P21_009315_2608_XI_80N101W,G:\crater_flux_output_folders\output_-110_-100_60_85\P21_009091_2640_XN_84N114W_P21_009315_2608_XI_80N101W,output_-115_-110_50_85,82.8386,82.9878,568.7819,0.0
P21_009091_2640_XN_84N114W_B01_010027_2637_XN_83N111W,G:\crater_flux_output_folders\output_-115_-110_50_85\P21_009091_2640_XN_84N114W_B01_010027_2637_XN_83N111W,output_-115_-110_50_85,83.353,83.8465,406.5418,0.0
P21_009091_2640_XN_84N114W_B17_016449_2648_XN_84N118W,G:\crater_flux_output_folders\output_-115_-110_50_85\P21_009091_2640_XN_84N114W_B17_016449_2648_XN_84N118W,output_-115_-110_50_85,84.0966,84.3502,45.2899,0.0
P21_009091_2640_XN_84N114W_B21_017886_2638_XN_83N115W,G:\crater_flux_output_folders\output_-115_-110_50_85\P21_009091_2640_XN_84N114W_B21_017886_2638_XN_83N115W,output_-115_-110_50_85,83.3343,84.213,611.2877,0.0
P21_009091_2640_XN_84N114W_G16_024374_2631_XN_83N111W,G:\crater_flux_output_folders\output_-115_-110_50_85\P21_009091_2640_XN_84N114W_G16_024374_2631_XN_83N111W,output_-115_-110_50_85,82.392,83.9187,260.2397,0.0
P21_009091_2640_XN_84N114W_G15_024242_2631_XI_83N107W,G:\crater_flux_output_folders\output_-115_-110_50_85\P21_009091_2640_XN_84N114W_G15_024242_2631_XI_83N107W,output_-115_-110_50_85,82.392,84.3502,1608.3244,0.0
P21_009091_2640_XN_84N114W_G17_024901_2629_XI_82N104W,G:\crater_flux_output_folders\output_-115_-110_50_85\P21_009091_2640_XN_84N114W_G17_024901_2629_XI_82N104W,output_-115_-110_50_85,82.9208,84.3502,642.7321,0.0
P21_009091_2640_XN_84N114W_G17_024730_2617_XN_81N110W,G:\crater_flux_output_folders\output_-115_-110_50_85\P21_009091_2640_XN_84N114W_G17_024730_2617_XN_81N110W,output_-115_-110_50_85,82.5611,83.029,9.8899,0.0
P21_009091_2640_XN_84N114W_G20_025877_2652_XI_85N117W,G:\crater_flux_output_folders\output_-115_-110_50_85\P21_009091_2640_XN_84N114W_G20_025877_2652_XI_85N117W,output_-115_-110_50_85,83.879,84.3502,79.6371,0.0
P21_009091_2640_XN_84N114W_D01_027710_2628_XN_82N107W,G:\crater_flux_output_folders\output_-110_-100_60_85\P21_009091_2640_XN_84N114W_D01_027710_2628_XN_82N107W,output_-115_-110_50_85,82.7253,83.0398,620.2594,0.0
P21_009091_2640_XN_84N114W_G22_026866_2627_XN_82N108W,G:\crater_flux_output_folders\output_-110_-100_60_85\P21_009091_2640_XN_84N114W_G22_026866_2627_XN_82N108W,output_-115_-110_50_85,82.5812,83.0759,687.083,0.0
P21_009091_2640_XN_84N114W_G23_027051_2628_XN_82N112W,G:\crater_flux_output_folders\output_-115_-110_50_85\P21_009091_2640_XN_84N114W_G23_027051_2628_XN_82N112W,output_-115_-110_50_85,82.564,83.09,223.7846,0.0
P21_009091_2640_XN_84N114W_F02_036558_2649_XN_84N119W,G:\crater_flux_output_folders\output_-115_-110_50_85\P21_009091_2640_XN_84N114W_F02_036558_2649_XN_84N119W,output_-115_-110_50_85,84.1365,84.3502,31.7954,0.0
P21_009131_2623_XI_82N116W_P21_009368_2605_XI_80N108W,G:\crater_flux_output_folders\output_-115_-110_50_85\P21_009131_2623_XI_82N116W_P21_009368_2605_XI_80N108W,output_-115_-110_50_85,79.8197,82.0226,626.3483,0.0
P21_009131_2623_XI_82N116W_P22_009632_2592_XN_79N109W,G:\crater_flux_output_folders\output_-115_-110_50_85\P21_009131_2623_XI_82N116W_P22_009632_2592_XN_79N109W,output_-115_-110_50_85,79.7732,80.8576,465.1707,0.0
P21_009131_2623_XI_82N116W_B01_009877_2793_XN_80N110W,G:\crater_flux_output_folders\output_-115_-110_50_85\P21_009131_2623_XI_82N116W_B01_009877_2793_XN_80N110W,output_-115_-110_50_85,80.2554,80.7756,263.5284,0.0
P21_009131_2623_XI_82N116W_B19_016871_2609_XN_80N111W,G:\crater_flux_output_folders\output_-115_-110_50_85\P21_009131_2623_XI_82N116W_B19_016871_2609_XN_80N111W,output_-115_-110_50_85,80.399,81.1324,487.2221,0.0
P21_009131_2623_XI_82N116W_B21_017847_2609_XN_80N111W,G:\crater_flux_output_folders\output_-115_-110_50_85\P21_009131_2623_XI_82N116W_B21_017847_2609_XN_80N111W,output_-115_-110_50_85,80.409,81.139,495.4507,0.0
P21_009131_2623_XI_82N116W_G02_018936_2793_XN_80N112W,G:\crater_flux_output_folders\output_-115_-110_50_85\P21_009131_2623_XI_82N116W_G02_018936_2793_XN_80N112W,output_-115_-110_50_85,80.45,80.915,231.2421,0.0
P21_009131_2623_XI_82N116W_B22_018269_2587_XN_78N111W,G:\crater_flux_output_folders\output_-115_-110_50_85\P21_009131_2623_XI_82N116W_B22_018269_2587_XN_78N111W,output_-115_-110_50_85,79.702,79.914,143.0711,0.0
P21_009131_2623_XI_82N116W_G02_018968_2598_XN_79N113W,G:\crater_flux_output_folders\output_-115_-110_50_85\P21_009131_2623_XI_82N116W_G02_018968_2598_XN_79N113W,output_-115_-110_50_85,79.702,79.975,108.5195,0.0
P21_009131_2623_XI_82N116W_G01_018414_2598_XN_79N111W,G:\crater_flux_output_folders\output_-115_-110_50_85\P21_009131_2623_XI_82N116W_G01_018414_2598_XN_79N111W,output_-115_-110_50_85,79.702,80.0945,477.9344,0.0
P21_009131_2623_XI_82N116W_G01_018435_2801_XN_79N115W,G:\crater_flux_output_folders\output_-115_-110_50_85\P21_009131_2623_XI_82N116W_G01_018435_2801_XN_79N115W,output_-115_-110_50_85,79.9234,80.1996,17.2211,0.0
P21_009131_2623_XI_82N116W_G01_018448_2798_XN_80N111W,G:\crater_flux_output_folders\output_-115_-110_50_85\P21_009131_2623_XI_82N116W_G01_018448_2798_XN_80N111W,output_-115_-110_50_85,79.7939,80.592,823.9818,0.0
P21_009131_2623_XI_82N116W_G03_019337_2601_XN_80N114W,G:\crater_flux_output_folders\output_-115_-110_50_85\P21_009131_2623_XI_82N116W_G03_019337_2601_XN_80N114W,output_-115_-110_50_85,79.7406,80.44,138.184,0.0
P21_009131_2623_XI_82N116W_G17_024941_2625_XN_82N114W,G:\crater_flux_output_folders\output_-115_-110_50_85\P21_009131_2623_XI_82N116W_G17_024941_2625_XN_82N114W,output_-115_-110_50_85,81.9802,82.0226,0.9222,0.0
P21_009131_2623_XI_82N116W_G16_024585_2595_XN_79N110W,G:\crater_flux_output_folders\output_-110_-100_60_85\P21_009131_2623_XI_82N116W_G16_024585_2595_XN_79N110W,output_-115_-110_50_85,79.8268,79.8292,0.0851,0.0
P21_009131_2623_XI_82N116W_G18_025442_2625_XN_82N114W,G:\crater_flux_output_folders\output_-115_-110_50_85\P21_009131_2623_XI_82N116W_G18_025442_2625_XN_82N114W,output_-115_-110_50_85,82.0003,82.0226,0.1134,0.0
P21_009131_2623_XI_82N116W_G18_025231_2625_XN_82N114W,G:\crater_flux_output_folders\output_-115_-110_50_85\P21_009131_2623_XI_82N116W_G18_025231_2625_XN_82N114W,output_-115_-110_50_85,81.9773,82.0226,0.4601,0.0
P21_009131_2623_XI_82N116W_G18_025363_2615_XN_81N112W,G:\crater_flux_output_folders\output_-115_-110_50_85\P21_009131_2623_XI_82N116W_G18_025363_2615_XN_81N112W,output_-115_-110_50_85,79.965,82.0226,563.4693,0.0
P21_009131_2623_XI_82N116W_G19_025574_2626_XN_82N114W,G:\crater_flux_output_folders\output_-115_-110_50_85\P21_009131_2623_XI_82N116W_G19_025574_2626_XN_82N114W,output_-115_-110_50_85,82.0213,82.0226,0.001,0.0
P21_009131_2623_XI_82N116W_D01_027494_2798_XN_80N111W,G:\crater_flux_output_folders\output_-115_-110_50_85\P21_009131_2623_XI_82N116W_D01_027494_2798_XN_80N111W,output_-115_-110_50_85,79.7881,80.612,846.9436,0.0
P21_009131_2623_XI_82N116W_D01_027407_2600_XN_80N110W,G:\crater_flux_output_folders\output_-115_-110_50_85\P21_009131_2623_XI_82N116W_D01_027407_2600_XN_80N110W,output_-115_-110_50_85,79.7669,80.2418,385.296,0.0
P21_009131_2623_XI_82N116W_D01_027671_2597_XN_79N112W,G:\crater_flux_output_folders\output_-115_-110_50_85\P21_009131_2623_XI_82N116W_D01_027671_2597_XN_79N112W,output_-115_-110_50_85,79.702,79.965,213.1496,0.0
P21_009131_2623_XI_82N116W_D01_027697_2604_XN_80N110W,G:\crater_flux_output_folders\output_-115_-110_50_85\P21_009131_2623_XI_82N116W_D01_027697_2604_XN_80N110W,output_-115_-110_50_85,79.853,80.556,330.2408,0.0
P21_009131_2623_XI_82N116W_D22_035912_2597_XN_79N112W,G:\crater_flux_output_folders\output_-115_-110_50_85\P21_009131_2623_XI_82N116W_D22_035912_2597_XN_79N112W,output_-115_-110_50_85,79.702,80.045,275.2807,0.0
P21_009131_2623_XI_82N116W_F23_044932_2597_XN_79N112W,G:\crater_flux_output_folders\output_-115_-110_50_85\P21_009131_2623_XI_82N116W_F23_044932_2597_XN_79N112W,output_-115_-110_50_85,79.702,80.025,255.517,0.0
P21_009131_2623_XI_82N116W_F23_044866_2601_XN_80N112W,G:\crater_flux_output_folders\output_-115_-110_50_85\P21_009131_2623_XI_82N116W_F23_044866_2601_XN_80N112W,output_-115_-110_50_85,79.702,80.4398,1073.1151,0.0
P21_009131_2623_XI_82N116W_J02_045460_2601_XN_80N114W,G:\crater_flux_output_folders\output_-115_-110_50_85\P21_009131_2623_XI_82N116W_J02_045460_2601_XN_80N114W,output_-115_-110_50_85,79.702,80.581,195.7023,0.0
P21_009131_2623_XI_82N116W_J02_045552_2601_XN_80N114W,G:\crater_flux_output_folders\output_-115_-110_50_85\P21_009131_2623_XI_82N116W_J02_045552_2601_XN_80N114W,output_-115_-110_50_85,79.702,80.531,139.3644,0.0
P21_009131_2623_XI_82N116W_J16_051103_2596_XN_79N110W,G:\crater_flux_output_folders\output_-115_-110_50_85\P21_009131_2623_XI_82N116W_J16_051103_2596_XN_79N110W,output_-115_-110_50_85,79.7333,79.9144,105.3816,0.0
P21_009157_2635_XI_83N115W_P21_009368_2605_XI_80N108W,G:\crater_flux_output_folders\output_-115_-110_50_85\P21_009157_2635_XI_83N115W_P21_009368_2605_XI_80N108W,output_-115_-110_50_85,81.1323,82.7451,455.1899,0.0
P21_009157_2635_XI_83N115W_P22_009777_2627_XN_82N115W,G:\crater_flux_output_folders\output_-115_-110_50_85\P21_009157_2635_XI_83N115W_P22_009777_2627_XN_82N115W,output_-115_-110_50_85,82.2487,83.0096,351.1954,0.0
P21_009157_2635_XI_83N115W_G17_024941_2625_XN_82N114W,G:\crater_flux_output_folders\output_-115_-110_50_85\P21_009157_2635_XI_83N115W_G17_024941_2625_XN_82N114W,output_-115_-110_50_85,81.9982,82.9947,506.0381,0.0
P21_009157_2635_XI_83N115W_G16_024374_2631_XN_83N111W,G:\crater_flux_output_folders\output_-110_-100_60_85\P21_009157_2635_XI_83N115W_G16_024374_2631_XN_83N111W,output_-115_-110_50_85,81.1323,83.0811,1055.3754,0.0
P21_009157_2635_XI_83N115W_G17_024730_2617_XN_81N110W,G:\crater_flux_output_folders\output_-115_-110_50_85\P21_009157_2635_XI_83N115W_G17_024730_2617_XN_81N110W,output_-115_-110_50_85,81.1323,82.9204,1116.2588,0.0
P21_009157_2635_XI_83N115W_G18_025442_2625_XN_82N114W,G:\crater_flux_output_folders\output_-115_-110_50_85\P21_009157_2635_XI_83N115W_G18_025442_2625_XN_82N114W,output_-115_-110_50_85,81.9816,82.9861,540.1375,0.0
P21_009157_2635_XI_83N115W_G18_025231_2625_XN_82N114W,G:\crater_flux_output_folders\output_-115_-110_50_85\P21_009157_2635_XI_83N115W_G18_025231_2625_XN_82N114W,output_-115_-110_50_85,81.8903,82.9861,611.4145,0.0
P21_009157_2635_XI_83N115W_G18_025363_2615_XN_81N112W,G:\crater_flux_output_folders\output_-115_-110_50_85\P21_009157_2635_XI_83N115W_G18_025363_2615_XN_81N112W,output_-115_-110_50_85,81.1323,82.8945,491.5921,0.0
P21_009157_2635_XI_83N115W_G19_025574_2626_XN_82N114W,G:\crater_flux_output_folders\output_-115_-110_50_85\P21_009157_2635_XI_83N115W_G19_025574_2626_XN_82N114W,output_-115_-110_50_85,82.0301,83.0229,478.2617,0.0
P21_009157_2635_XI_83N115W_D01_027763_2627_XN_82N115W,G:\crater_flux_output_folders\output_-115_-110_50_85\P21_009157_2635_XI_83N115W_D01_027763_2627_XN_82N115W,output_-115_-110_50_85,82.2904,83.0644,348.2723,0.0
P21_009157_2635_XI_83N115W_G23_027051_2628_XN_82N112W,G:\crater_flux_output_folders\output_-115_-110_50_85\P21_009157_2635_XI_83N115W_G23_027051_2628_XN_82N112W,output_-115_-110_50_85,82.442,82.9662,280.9761,0.0
P21_009276_2611_XI_81N118W_P22_009540_2599_XN_79N117W,G:\crater_flux_output_folders\output_-115_-110_50_85\P21_009276_2611_XI_81N118W_P22_009540_2599_XN_79N117W,output_-115_-110_50_85,78.6386,78.6642,0.271,0.0
P21_009276_2611_XI_81N118W_B17_016133_2579_XN_77N113W,G:\crater_flux_output_folders\output_-115_-110_50_85\P21_009276_2611_XI_81N118W_B17_016133_2579_XN_77N113W,output_-115_-110_50_85,78.6317,78.771,60.6617,0.0
P21_009276_2611_XI_81N118W_B19_016990_2575_XN_77N110W,G:\crater_flux_output_folders\output_-115_-110_50_85\P21_009276_2611_XI_81N118W_B19_016990_2575_XN_77N110W,output_-115_-110_50_85,78.7617,79.0296,32.4797,0.0
P21_009276_2611_XI_81N118W_B22_018045_2577_XN_77N114W,G:\crater_flux_output_folders\output_-115_-110_50_85\P21_009276_2611_XI_81N118W_B22_018045_2577_XN_77N114W,output_-115_-110_50_85,78.6317,78.771,51.4443,0.0
P21_009276_2611_XI_81N118W_B22_018269_2587_XN_78N111W,G:\crater_flux_output_folders\output_-115_-110_50_85\P21_009276_2611_XI_81N118W_B22_018269_2587_XN_78N111W,output_-115_-110_50_85,78.7665,79.0225,24.0256,0.0
P21_009276_2611_XI_81N118W_B22_018401_2600_XN_80N116W,G:\crater_flux_output_folders\output_-115_-110_50_85\P21_009276_2611_XI_81N118W_B22_018401_2600_XN_80N116W,output_-115_-110_50_85,79.6836,79.7151,0.7346,0.0
P21_009276_2611_XI_81N118W_G01_018435_2801_XN_79N115W,G:\crater_flux_output_folders\output_-115_-110_50_85\P21_009276_2611_XI_81N118W_G01_018435_2801_XN_79N115W,output_-115_-110_50_85,79.459,79.7151,48.3493,0.0
P21_009276_2611_XI_81N118W_G03_019337_2601_XN_80N114W,G:\crater_flux_output_folders\output_-115_-110_50_85\P21_009276_2611_XI_81N118W_G03_019337_2601_XN_80N114W,output_-115_-110_50_85,79.6111,79.7151,7.7611,0.0
P21_009276_2611_XI_81N118W_G03_019469_2593_XN_79N114W,G:\crater_flux_output_folders\output_-115_-110_50_85\P21_009276_2611_XI_81N118W_G03_019469_2593_XN_79N114W,output_-115_-110_50_85,79.014,79.4669,311.9722,0.0
P21_009276_2611_XI_81N118W_D01_027639_2806_XN_79N114W,G:\crater_flux_output_folders\output_-115_-110_50_85\P21_009276_2611_XI_81N118W_D01_027639_2806_XN_79N114W,output_-115_-110_50_85,78.953,79.7151,446.0481,0.0
P21_009276_2611_XI_81N118W_D01_027473_2593_XN_79N113W,G:\crater_flux_output_folders\output_-115_-110_50_85\P21_009276_2611_XI_81N118W_D01_027473_2593_XN_79N113W,output_-115_-110_50_85,78.792,79.4948,401.2284,0.0
P21_009276_2611_XI_81N118W_G22_026893_2596_XN_79N115W,G:\crater_flux_output_folders\output_-115_-110_50_85\P21_009276_2611_XI_81N118W_G22_026893_2596_XN_79N115W,output_-115_-110_50_85,79.2174,79.7151,191.5446,0.0
P21_009276_2611_XI_81N118W_F02_036598_2595_XN_79N114W,G:\crater_flux_output_folders\output_-115_-110_50_85\P21_009276_2611_XI_81N118W_F02_036598_2595_XN_79N114W,output_-115_-110_50_85,79.0621,79.7151,325.6284,0.0
P21_009276_2611_XI_81N118W_D22_035899_2593_XN_79N113W,G:\crater_flux_output_folders\output_-115_-110_50_85\P21_009276_2611_XI_81N118W_D22_035899_2593_XN_79N113W,output_-115_-110_50_85,78.802,79.5072,397.1856,0.0
P21_009276_2611_XI_81N118W_F23_044919_2594_XN_79N114W,G:\crater_flux_output_folders\output_-115_-110_50_85\P21_009276_2611_XI_81N118W_F23_044919_2594_XN_79N114W,output_-115_-110_50_85,78.9014,79.6541,502.0348,0.0
P21_009276_2611_XI_81N118W_J02_045460_2601_XN_80N114W,G:\crater_flux_output_folders\output_-115_-110_50_85\P21_009276_2611_XI_81N118W_J02_045460_2601_XN_80N114W,output_-115_-110_50_85,79.6191,79.7151,7.1185,0.0
P21_009276_2611_XI_81N118W_J02_045552_2601_XN_80N114W,G:\crater_flux_output_folders\output_-115_-110_50_85\P21_009276_2611_XI_81N118W_J02_045552_2601_XN_80N114W,output_-115_-110_50_85,79.515,79.7151,29.4113,0.0
P21_009315_2608_XI_80N101W_G15_024242_2631_XI_83N107W,G:\crater_flux_output_folders\output_-110_-100_60_85\P21_009315_2608_XI_80N101W_G15_024242_2631_XI_83N107W,output_-115_-110_50_85,82.8386,82.9878,2716.1696,0.0
P21_009315_2608_XI_80N101W_G17_024901_2629_XI_82N104W,G:\crater_flux_output_folders\output_-110_-100_60_85\P21_009315_2608_XI_80N101W_G17_024901_2629_XI_82N104W,output_-115_-110_50_85,82.9208,82.9878,2579.9678,0.0
P21_009315_2608_XI_80N101W_D01_027710_2628_XN_82N107W,G:\crater_flux_output_folders\output_-110_-100_60_85\P21_009315_2608_XI_80N101W_D01_027710_2628_XN_82N107W,output_-115_-110_50_85,82.8386,82.9878,1092.6591,0.0
P21_009315_2608_XI_80N101W_G22_026866_2627_XN_82N108W,G:\crater_flux_output_folders\output_-110_-100_60_85\P21_009315_2608_XI_80N101W_G22_026866_2627_XN_82N108W,output_-115_-110_50_85,82.8386,82.9878,1167.5614,0.0
P21_009368_2605_XI_80N108W_P22_009632_2592_XN_79N109W,G:\crater_flux_output_folders\output_-115_-110_50_85\P21_009368_2605_XI_80N108W_P22_009632_2592_XN_79N109W,output_-115_-110_50_85,79.7406,81.028,420.4103,0.0
P21_009368_2605_XI_80N108W_P22_009777_2627_XN_82N115W,G:\crater_flux_output_folders\output_-115_-110_50_85\P21_009368_2605_XI_80N108W_P22_009777_2627_XN_82N115W,output_-115_-110_50_85,82.2487,82.754,418.5626,0.0
P21_009368_2605_XI_80N108W_B01_009877_2793_XN_80N110W,G:\crater_flux_output_folders\output_-115_-110_50_85\P21_009368_2605_XI_80N108W_B01_009877_2793_XN_80N110W,output_-115_-110_50_85,80.2086,81.036,422.6274,0.0
P21_009368_2605_XI_80N108W_B19_016871_2609_XN_80N111W,G:\crater_flux_output_folders\output_-110_-100_60_85\P21_009368_2605_XI_80N108W_B19_016871_2609_XN_80N111W,output_-115_-110_50_85,80.4358,81.269,75.7124,0.0
P21_009368_2605_XI_80N108W_B19_017135_2595_XN_79N110W,G:\crater_flux_output_folders\output_-110_-100_60_85\P21_009368_2605_XI_80N108W_B19_017135_2595_XN_79N110W,output_-115_-110_50_85,79.7406,79.8128,1.4036,0.0
P21_009368_2605_XI_80N108W_B21_017847_2609_XN_80N111W,G:\crater_flux_output_folders\output_-115_-110_50_85\P21_009368_2605_XI_80N108W_B21_017847_2609_XN_80N111W,output_-115_-110_50_85,80.4505,81.249,562.7472,0.0
P21_009368_2605_XI_80N108W_G02_018936_2793_XN_80N112W,G:\crater_flux_output_folders\output_-115_-110_50_85\P21_009368_2605_XI_80N108W_G02_018936_2793_XN_80N112W,output_-115_-110_50_85,80.45,80.915,37.0741,0.0
P21_009368_2605_XI_80N108W_G01_018448_2798_XN_80N111W,G:\crater_flux_output_folders\output_-115_-110_50_85\P21_009368_2605_XI_80N108W_G01_018448_2798_XN_80N111W,output_-115_-110_50_85,79.7794,80.592,59.8532,0.0
P21_009368_2605_XI_80N108W_G17_024941_2625_XN_82N114W,G:\crater_flux_output_folders\output_-115_-110_50_85\P21_009368_2605_XI_80N108W_G17_024941_2625_XN_82N114W,output_-115_-110_50_85,81.9802,82.756,774.0946,0.0
P21_009368_2605_XI_80N108W_G16_024374_2631_XN_83N111W,G:\crater_flux_output_folders\output_-110_-100_60_85\P21_009368_2605_XI_80N108W_G16_024374_2631_XN_83N111W,output_-115_-110_50_85,81.1094,82.756,43.7973,0.0
P21_009368_2605_XI_80N108W_G17_024730_2617_XN_81N110W,G:\crater_flux_output_folders\output_-115_-110_50_85\P21_009368_2605_XI_80N108W_G17_024730_2617_XN_81N110W,output_-115_-110_50_85,80.55,82.756,2000.9023,0.0
P21_009368_2605_XI_80N108W_G18_025442_2625_XN_82N114W,G:\crater_flux_output_folders\output_-115_-110_50_85\P21_009368_2605_XI_80N108W_G18_025442_2625_XN_82N114W,output_-115_-110_50_85,81.967,82.756,794.0043,0.0
P21_009368_2605_XI_80N108W_G18_025231_2625_XN_82N114W,G:\crater_flux_output_folders\output_-115_-110_50_85\P21_009368_2605_XI_80N108W_G18_025231_2625_XN_82N114W,output_-115_-110_50_85,81.866,82.756,961.7197,0.0
P21_009368_2605_XI_80N108W_G18_025363_2615_XN_81N112W,G:\crater_flux_output_folders\output_-115_-110_50_85\P21_009368_2605_XI_80N108W_G18_025363_2615_XN_81N112W,output_-115_-110_50_85,79.965,82.7513,2780.3179,0.0
P21_009368_2605_XI_80N108W_G19_025574_2626_XN_82N114W,G:\crater_flux_output_folders\output_-115_-110_50_85\P21_009368_2605_XI_80N108W_G19_025574_2626_XN_82N114W,output_-115_-110_50_85,82.0213,82.756,712.8546,0.0
P21_009368_2605_XI_80N108W_D01_027494_2798_XN_80N111W,G:\crater_flux_output_folders\output_-115_-110_50_85\P21_009368_2605_XI_80N108W_D01_027494_2798_XN_80N111W,output_-115_-110_50_85,79.8156,80.612,60.6182,0.0
P21_009368_2605_XI_80N108W_D01_027763_2627_XN_82N115W,G:\crater_flux_output_folders\output_-115_-110_50_85\P21_009368_2605_XI_80N108W_D01_027763_2627_XN_82N115W,output_-115_-110_50_85,82.2904,82.756,354.8461,0.0
P21_009368_2605_XI_80N108W_D01_027407_2600_XN_80N110W,G:\crater_flux_output_folders\output_-115_-110_50_85\P21_009368_2605_XI_80N108W_D01_027407_2600_XN_80N110W,output_-115_-110_50_85,79.7406,80.2847,2.5909,0.0
P21_009368_2605_XI_80N108W_D01_027697_2604_XN_80N110W,G:\crater_flux_output_folders\output_-115_-110_50_85\P21_009368_2605_XI_80N108W_D01_027697_2604_XN_80N110W,output_-115_-110_50_85,79.8791,80.6541,115.7233,0.0
P21_009368_2605_XI_80N108W_G23_027051_2628_XN_82N112W,G:\crater_flux_output_folders\output_-115_-110_50_85\P21_009368_2605_XI_80N108W_G23_027051_2628_XN_82N112W,output_-115_-110_50_85,82.442,82.756,179.5207,0.0
P21_009368_2605_XI_80N108W_D21_035266_2595_XN_79N110W,G:\crater_flux_output_folders\output_-110_-100_60_85\P21_009368_2605_XI_80N108W_D21_035266_2595_XN_79N110W,output_-115_-110_50_85,79.7406,79.8035,0.1822,0.0
P21_009368_2605_XI_80N108W_J16_051103_2596_XN_79N110W,G:\crater_flux_output_folders\output_-110_-100_60_85\P21_009368_2605_XI_80N108W_J16_051103_2596_XN_79N110W,output_-115_-110_50_85,79.7406,79.9194,0.1731,0.0
P22_009540_2599_XN_79N117W_B17_016133_2579_XN_77N113W,G:\crater_flux_output_folders\output_-115_-110_50_85\P22_009540_2599_XN_79N117W_B17_016133_2579_XN_77N113W,output_-115_-110_50_85,78.6386,78.6642,0.2712,0.0
P22_009540_2599_XN_79N117W_B22_018045_2577_XN_77N114W,G:\crater_flux_output_folders\output_-115_-110_50_85\P22_009540_2599_XN_79N117W_B22_018045_2577_XN_77N114W,output_-115_-110_50_85,78.6386,78.6642,0.2712,0.0
P22_009632_2592_XN_79N109W_B01_009877_2793_XN_80N110W,G:\crater_flux_output_folders\output_-115_-110_50_85\P22_009632_2592_XN_79N109W_B01_009877_2793_XN_80N110W,output_-115_-110_50_85,80.2086,80.9959,753.1262,0.0
P22_009632_2592_XN_79N109W_B18_016647_2596_XN_79N110W,G:\crater_flux_output_folders\output_-110_-100_60_85\P22_009632_2592_XN_79N109W_B18_016647_2596_XN_79N110W,output_-115_-110_50_85,79.0297,79.8034,664.9588,0.0
P22_009632_2592_XN_79N109W_B19_016871_2609_XN_80N111W,G:\crater_flux_output_folders\output_-115_-110_50_85\P22_009632_2592_XN_79N109W_B19_016871_2609_XN_80N111W,output_-115_-110_50_85,80.4282,81.0166,552.2501,0.0
P22_009632_2592_XN_79N109W_B19_017135_2595_XN_79N110W,G:\crater_flux_output_folders\output_-115_-110_50_85\P22_009632_2592_XN_79N109W_B19_017135_2595_XN_79N110W,output_-115_-110_50_85,79.054,79.8128,275.5744,0.0
P22_009632_2592_XN_79N109W_B21_017847_2609_XN_80N111W,G:\crater_flux_output_folders\output_-115_-110_50_85\P22_009632_2592_XN_79N109W_B21_017847_2609_XN_80N111W,output_-115_-110_50_85,80.4459,81.0164,546.5253,0.0
P22_009632_2592_XN_79N109W_G02_018936_2793_XN_80N112W,G:\crater_flux_output_folders\output_-115_-110_50_85\P22_009632_2592_XN_79N109W_G02_018936_2793_XN_80N112W,output_-115_-110_50_85,80.45,80.9088,171.0976,0.0
P22_009632_2592_XN_79N109W_B22_018269_2587_XN_78N111W,G:\crater_flux_output_folders\output_-115_-110_50_85\P22_009632_2592_XN_79N109W_B22_018269_2587_XN_78N111W,output_-115_-110_50_85,78.4518,79.914,2.0775,0.0
P22_009632_2592_XN_79N109W_G01_018414_2598_XN_79N111W,G:\crater_flux_output_folders\output_-115_-110_50_85\P22_009632_2592_XN_79N109W_G01_018414_2598_XN_79N111W,output_-115_-110_50_85,79.5362,80.096,266.3891,0.0
P22_009632_2592_XN_79N109W_G01_018448_2798_XN_80N111W,G:\crater_flux_output_folders\output_-115_-110_50_85\P22_009632_2592_XN_79N109W_G01_018448_2798_XN_80N111W,output_-115_-110_50_85,79.762,80.592,604.5164,0.0
P22_009632_2592_XN_79N109W_G16_024585_2595_XN_79N110W,G:\crater_flux_output_folders\output_-115_-110_50_85\P22_009632_2592_XN_79N109W_G16_024585_2595_XN_79N110W,output_-115_-110_50_85,79.0485,79.8292,281.2529,0.0
P22_009632_2592_XN_79N109W_G17_024730_2617_XN_81N110W,G:\crater_flux_output_folders\output_-110_-100_60_85\P22_009632_2592_XN_79N109W_G17_024730_2617_XN_81N110W,output_-115_-110_50_85,80.55,81.028,499.9906,0.0
P22_009632_2592_XN_79N109W_G18_025363_2615_XN_81N112W,G:\crater_flux_output_folders\output_-115_-110_50_85\P22_009632_2592_XN_79N109W_G18_025363_2615_XN_81N112W,output_-115_-110_50_85,79.965,81.028,926.5359,0.0
P22_009632_2592_XN_79N109W_D01_027494_2798_XN_80N111W,G:\crater_flux_output_folders\output_-110_-100_60_85\P22_009632_2592_XN_79N109W_D01_027494_2798_XN_80N111W,output_-115_-110_50_85,79.752,80.612,216.0956,0.0
P22_009632_2592_XN_79N109W_D01_027407_2600_XN_80N110W,G:\crater_flux_output_folders\output_-115_-110_50_85\P22_009632_2592_XN_79N109W_D01_027407_2600_XN_80N110W,output_-115_-110_50_85,79.398,80.2847,509.5367,0.0
P22_009632_2592_XN_79N109W_D01_027697_2604_XN_80N110W,G:\crater_flux_output_folders\output_-115_-110_50_85\P22_009632_2592_XN_79N109W_D01_027697_2604_XN_80N110W,output_-115_-110_50_85,79.853,80.6541,603.0647,0.0
P22_009632_2592_XN_79N109W_D21_035266_2595_XN_79N110W,G:\crater_flux_output_folders\output_-115_-110_50_85\P22_009632_2592_XN_79N109W_D21_035266_2595_XN_79N110W,output_-115_-110_50_85,79.044,79.8035,271.9957,0.0
P22_009632_2592_XN_79N109W_D22_035912_2597_XN_79N112W,G:\crater_flux_output_folders\output_-115_-110_50_85\P22_009632_2592_XN_79N109W_D22_035912_2597_XN_79N112W,output_-115_-110_50_85,79.3442,79.8838,10.369,0.0
P22_009632_2592_XN_79N109W_F23_044932_2597_XN_79N112W,G:\crater_flux_output_folders\output_-115_-110_50_85\P22_009632_2592_XN_79N109W_F23_044932_2597_XN_79N112W,output_-115_-110_50_85,79.3181,79.8856,7.2015,0.0
P22_009632_2592_XN_79N109W_F22_044299_2580_XN_78N108W,G:\crater_flux_output_folders\output_-110_-100_60_85\P22_009632_2592_XN_79N109W_F22_044299_2580_XN_78N108W,output_-115_-110_50_85,78.4518,78.5978,1754.3155,0.0
P22_009632_2592_XN_79N109W_F22_044457_2580_XN_78N108W,G:\crater_flux_output_folders\output_-110_-100_60_85\P22_009632_2592_XN_79N109W_F22_044457_2580_XN_78N108W,output_-115_-110_50_85,78.4518,78.6921,2076.0046,0.0
P22_009632_2592_XN_79N109W_F23_044853_2582_XN_78N109W,G:\crater_flux_output_folders\output_-110_-100_60_85\P22_009632_2592_XN_79N109W_F23_044853_2582_XN_78N109W,output_-115_-110_50_85,78.4518,78.4868,1192.751,0.0
P22_009632_2592_XN_79N109W_F23_044866_2601_XN_80N112W,G:\crater_flux_output_folders\output_-115_-110_50_85\P22_009632_2592_XN_79N109W_F23_044866_2601_XN_80N112W,output_-115_-110_50_85,79.6898,80.45,341.2809,0.0
P22_009632_2592_XN_79N109W_J01_045011_2582_XN_78N108W,G:\crater_flux_output_folders\output_-110_-100_60_85\P22_009632_2592_XN_79N109W_J01_045011_2582_XN_78N108W,output_-115_-110_50_85,78.4518,78.473,1308.0803,0.0
P22_009632_2592_XN_79N109W_J16_051103_2596_XN_79N110W,G:\crater_flux_output_folders\output_-115_-110_50_85\P22_009632_2592_XN_79N109W_J16_051103_2596_XN_79N110W,output_-115_-110_50_85,79.041,79.9194,338.4895,0.0
P22_009777_2627_XN_82N115W_G17_024941_2625_XN_82N114W,G:\crater_flux_output_folders\output_-115_-110_50_85\P22_009777_2627_XN_82N115W_G17_024941_2625_XN_82N114W,output_-115_-110_50_85,82.2487,83.029,610.076,0.0
P22_009777_2627_XN_82N115W_G16_024374_2631_XN_83N111W,G:\crater_flux_output_folders\output_-115_-110_50_85\P22_009777_2627_XN_82N115W_G16_024374_2631_XN_83N111W,output_-115_-110_50_85,82.2728,83.039,596.8944,0.0
P22_009777_2627_XN_82N115W_G17_024730_2617_XN_81N110W,G:\crater_flux_output_folders\output_-115_-110_50_85\P22_009777_2627_XN_82N115W_G17_024730_2617_XN_81N110W,output_-115_-110_50_85,82.2633,82.9457,554.0673,0.0
P22_009777_2627_XN_82N115W_G18_025442_2625_XN_82N114W,G:\crater_flux_output_folders\output_-115_-110_50_85\P22_009777_2627_XN_82N115W_G18_025442_2625_XN_82N114W,output_-115_-110_50_85,82.2487,83.019,603.9027,0.0
P22_009777_2627_XN_82N115W_G18_025231_2625_XN_82N114W,G:\crater_flux_output_folders\output_-115_-110_50_85\P22_009777_2627_XN_82N115W_G18_025231_2625_XN_82N114W,output_-115_-110_50_85,82.2487,83.019,603.9513,0.0
P22_009777_2627_XN_82N115W_G18_025363_2615_XN_81N112W,G:\crater_flux_output_folders\output_-115_-110_50_85\P22_009777_2627_XN_82N115W_G18_025363_2615_XN_81N112W,output_-115_-110_50_85,82.2487,82.9175,524.0483,0.0
P22_009777_2627_XN_82N115W_G19_025574_2626_XN_82N114W,G:\crater_flux_output_folders\output_-115_-110_50_85\P22_009777_2627_XN_82N115W_G19_025574_2626_XN_82N114W,output_-115_-110_50_85,82.2487,83.039,617.4856,0.0
P22_009777_2627_XN_82N115W_D01_027763_2627_XN_82N115W,G:\crater_flux_output_folders\output_-115_-110_50_85\P22_009777_2627_XN_82N115W_D01_027763_2627_XN_82N115W,output_-115_-110_50_85,82.2904,83.0367,549.6134,0.0
P22_009777_2627_XN_82N115W_G23_027051_2628_XN_82N112W,G:\crater_flux_output_folders\output_-115_-110_50_85\P22_009777_2627_XN_82N115W_G23_027051_2628_XN_82N112W,output_-115_-110_50_85,82.442,82.9884,344.6976,0.0
B01_009877_2793_XN_80N110W_B19_016871_2609_XN_80N111W,G:\crater_flux_output_folders\output_-115_-110_50_85\B01_009877_2793_XN_80N110W_B19_016871_2609_XN_80N111W,output_-115_-110_50_85,80.399,81.036,650.2759,0.0
B01_009877_2793_XN_80N110W_B21_017847_2609_XN_80N111W,G:\crater_flux_output_folders\output_-115_-110_50_85\B01_009877_2793_XN_80N110W_B21_017847_2609_XN_80N111W,output_-115_-110_50_85,80.409,81.036,645.0806,0.0
B01_009877_2793_XN_80N110W_G02_018936_2793_XN_80N112W,G:\crater_flux_output_folders\output_-115_-110_50_85\B01_009877_2793_XN_80N110W_G02_018936_2793_XN_80N112W,output_-115_-110_50_85,80.45,80.8868,245.3407,0.0
B01_009877_2793_XN_80N110W_G01_018448_2798_XN_80N111W,G:\crater_flux_output_folders\output_-115_-110_50_85\B01_009877_2793_XN_80N110W_G01_018448_2798_XN_80N111W,output_-115_-110_50_85,80.2086,80.592,358.5747,0.0
B01_009877_2793_XN_80N110W_G17_024730_2617_XN_81N110W,G:\crater_flux_output_folders\output_-110_-100_60_85\B01_009877_2793_XN_80N110W_G17_024730_2617_XN_81N110W,output_-115_-110_50_85,80.55,81.0188,326.3325,0.0
B01_009877_2793_XN_80N110W_G18_025363_2615_XN_81N112W,G:\crater_flux_output_folders\output_-110_-100_60_85\B01_009877_2793_XN_80N110W_G18_025363_2615_XN_81N112W,output_-115_-110_50_85,80.2086,81.036,337.2564,0.0
B01_009877_2793_XN_80N110W_D01_027494_2798_XN_80N111W,G:\crater_flux_output_folders\output_-115_-110_50_85\B01_009877_2793_XN_80N110W_D01_027494_2798_XN_80N111W,output_-115_-110_50_85,80.2086,80.612,364.9951,0.0
B01_009877_2793_XN_80N110W_D01_027407_2600_XN_80N110W,G:\crater_flux_output_folders\output_-110_-100_60_85\B01_009877_2793_XN_80N110W_D01_027407_2600_XN_80N110W,output_-115_-110_50_85,80.2086,80.2847,16.1701,0.0
B01_009877_2793_XN_80N110W_D01_027697_2604_XN_80N110W,G:\crater_flux_output_folders\output_-110_-100_60_85\B01_009877_2793_XN_80N110W_D01_027697_2604_XN_80N110W,output_-115_-110_50_85,80.2086,80.6541,185.8693,0.0
B01_009877_2793_XN_80N110W_F23_044866_2601_XN_80N112W,G:\crater_flux_output_folders\output_-115_-110_50_85\B01_009877_2793_XN_80N110W_F23_044866_2601_XN_80N112W,output_-115_-110_50_85,80.2481,80.45,96.328,0.0
B01_010014_2644_XN_84N107W_B01_010198_2644_XI_84N107W,G:\crater_flux_output_folders\output_-115_-110_50_85\B01_010014_2644_XN_84N107W_B01_010198_2644_XI_84N107W,output_-115_-110_50_85,84.341,84.832,113.6153,0.0
B01_010014_2644_XN_84N107W_G17_024703_2633_XN_83N098W,G:\crater_flux_output_folders\output_-115_-110_50_85\B01_010014_2644_XN_84N107W_G17_024703_2633_XN_83N098W,output_-115_-110_50_85,84.565,84.832,44.647,0.0
B01_010014_2644_XN_84N107W_G16_024479_2634_XN_83N102W,G:\crater_flux_output_folders\output_-110_-100_60_85\B01_010014_2644_XN_84N107W_G16_024479_2634_XN_83N102W,output_-115_-110_50_85,84.341,84.832,559.0063,0.0
B01_010014_2644_XN_84N107W_G17_024901_2629_XI_82N104W,G:\crater_flux_output_folders\output_-115_-110_50_85\B01_010014_2644_XN_84N107W_G17_024901_2629_XI_82N104W,output_-115_-110_50_85,84.4108,84.7686,3.8734,0.0
B01_010014_2644_XN_84N107W_G18_025336_2665_XI_86N129W,G:\crater_flux_output_folders\output_-115_-110_50_85\B01_010014_2644_XN_84N107W_G18_025336_2665_XI_86N129W,output_-115_-110_50_85,84.769,84.832,8.7188,0.0
B01_010014_2644_XN_84N107W_G20_025877_2652_XI_85N117W,G:\crater_flux_output_folders\output_-110_-100_60_85\B01_010014_2644_XN_84N107W_G20_025877_2652_XI_85N117W,output_-115_-110_50_85,84.341,84.4644,59.4026,0.0
B01_010014_2644_XN_84N107W_D15_032905_2644_XN_84N107W,G:\crater_flux_output_folders\output_-110_-100_60_85\B01_010014_2644_XN_84N107W_D15_032905_2644_XN_84N107W,output_-115_-110_50_85,84.341,84.6611,1219.1915,0.0
B01_010014_2644_XN_84N107W_D19_034672_2644_XN_84N107W,G:\crater_flux_output_folders\output_-115_-110_50_85\B01_010014_2644_XN_84N107W_D19_034672_2644_XN_84N107W,output_-115_-110_50_85,84.341,84.6667,44.9288,0.0
B01_010014_2644_XN_84N107W_D20_035173_2644_XN_84N107W,G:\crater_flux_output_folders\output_-115_-110_50_85\B01_010014_2644_XN_84N107W_D20_035173_2644_XN_84N107W,output_-115_-110_50_85,84.341,84.6064,26.6591,0.0
B01_010014_2644_XN_84N107W_D21_035529_2646_XN_84N109W,G:\crater_flux_output_folders\output_-110_-100_60_85\B01_010014_2644_XN_84N107W_D21_035529_2646_XN_84N109W,output_-115_-110_50_85,84.341,84.832,609.77,0.0
B01_010014_2644_XN_84N107W_F01_036373_2652_XN_85N113W,G:\crater_flux_output_folders\output_-110_-100_60_85\B01_010014_2644_XN_84N107W_F01_036373_2652_XN_85N113W,output_-115_-110_50_85,84.6609,84.832,48.2136,0.0
B01_010014_2644_XN_84N107W_F01_036004_2644_XN_84N106W,G:\crater_flux_output_folders\output_-110_-100_60_85\B01_010014_2644_XN_84N107W_F01_036004_2644_XN_84N106W,output_-115_-110_50_85,84.5428,84.5584,1177.1869,0.0
B01_010014_2644_XN_84N107W_D22_035951_2644_XN_84N107W,G:\crater_flux_output_folders\output_-115_-110_50_85\B01_010014_2644_XN_84N107W_D22_035951_2644_XN_84N107W,output_-115_-110_50_85,84.341,84.6033,26.062,0.0
B01_010014_2644_XN_84N107W_F01_036043_2644_XN_84N105W,G:\crater_flux_output_folders\output_-115_-110_50_85\B01_010014_2644_XN_84N107W_F01_036043_2644_XN_84N105W,output_-115_-110_50_85,84.3944,84.4609,2.1786,0.0
B01_010014_2644_XN_84N107W_D22_035595_2645_XN_84N108W,G:\crater_flux_output_folders\output_-110_-100_60_85\B01_010014_2644_XN_84N107W_D22_035595_2645_XN_84N108W,output_-115_-110_50_85,84.341,84.8126,976.8281,0.0
B01_010014_2644_XN_84N107W_F01_036294_2649_XN_84N112W,G:\crater_flux_output_folders\output_-115_-110_50_85\B01_010014_2644_XN_84N107W_F01_036294_2649_XN_84N112W,output_-115_-110_50_85,84.341,84.832,124.2434,0.0
B01_010014_2644_XN_84N107W_F03_037085_2645_XN_84N107W,G:\crater_flux_output_folders\output_-110_-100_60_85\B01_010014_2644_XN_84N107W_F03_037085_2645_XN_84N107W,output_-115_-110_50_85,84.341,84.832,1606.628,0.0
B01_010014_2644_XN_84N107W_F21_044193_2644_XN_84N107W,G:\crater_flux_output_folders\output_-115_-110_50_85\B01_010014_2644_XN_84N107W_F21_044193_2644_XN_84N107W,output_-115_-110_50_85,84.3488,84.6117,28.8903,0.0
B01_010014_2644_XN_84N107W_F23_044861_2756_XN_84N107W,G:\crater_flux_output_folders\output_-110_-100_60_85\B01_010014_2644_XN_84N107W_F23_044861_2756_XN_84N107W,output_-115_-110_50_85,84.341,84.3884,1110.797,0.0
B01_010014_2644_XN_84N107W_J02_045604_2644_XN_84N107W,G:\crater_flux_output_folders\output_-115_-110_50_85\B01_010014_2644_XN_84N107W_J02_045604_2644_XN_84N107W,output_-115_-110_50_85,84.341,84.7878,93.8807,0.0
B01_010014_2644_XN_84N107W_J03_046105_2645_XN_84N107W,G:\crater_flux_output_folders\output_-115_-110_50_85\B01_010014_2644_XN_84N107W_J03_046105_2645_XN_84N107W,output_-115_-110_50_85,84.341,84.832,124.2434,0.0
B01_010027_2637_XN_83N111W_B21_017886_2638_XN_83N115W,G:\crater_flux_output_folders\output_-115_-110_50_85\B01_010027_2637_XN_83N111W_B21_017886_2638_XN_83N115W,output_-115_-110_50_85,83.4494,83.8412,287.7286,0.0
B01_010027_2637_XN_83N111W_G16_024479_2634_XN_83N102W,G:\crater_flux_output_folders\output_-110_-100_60_85\B01_010027_2637_XN_83N111W_G16_024479_2634_XN_83N102W,output_-115_-110_50_85,83.5383,83.98,86.2693,0.0
B01_010027_2637_XN_83N111W_G16_024374_2631_XN_83N111W,G:\crater_flux_output_folders\output_-115_-110_50_85\B01_010027_2637_XN_83N111W_G16_024374_2631_XN_83N111W,output_-115_-110_50_85,83.486,83.7253,23.5824,0.0
B01_010027_2637_XN_83N111W_G15_024242_2631_XI_83N107W,G:\crater_flux_output_folders\output_-115_-110_50_85\B01_010027_2637_XN_83N111W_G15_024242_2631_XI_83N107W,output_-115_-110_50_85,83.353,83.98,686.6383,0.0
B01_010027_2637_XN_83N111W_G17_024901_2629_XI_82N104W,G:\crater_flux_output_folders\output_-115_-110_50_85\B01_010027_2637_XN_83N111W_G17_024901_2629_XI_82N104W,output_-115_-110_50_85,83.4055,83.98,500.4429,0.0
B01_010027_2637_XN_83N111W_G20_025877_2652_XI_85N117W,G:\crater_flux_output_folders\output_-115_-110_50_85\B01_010027_2637_XN_83N111W_G20_025877_2652_XI_85N117W,output_-115_-110_50_85,83.818,83.98,48.7918,0.0
B01_010186_2549_XN_74N112W_B02_010252_2573_XN_77N115W,G:\crater_flux_output_folders\output_-115_-110_50_85\B01_010186_2549_XN_74N112W_B02_010252_2573_XN_77N115W,output_-115_-110_50_85,75.7791,76.0124,71.8183,0.0
B01_010186_2549_XN_74N112W_B02_010331_2552_XI_75N111W,G:\crater_flux_output_folders\output_-115_-110_50_85\B01_010186_2549_XN_74N112W_B02_010331_2552_XI_75N111W,output_-115_-110_50_85,73.5632,76.063,1014.0115,509.4025
B01_010186_2549_XN_74N112W_B18_016621_2544_XN_74N113W,G:\crater_flux_output_folders\output_-115_-110_50_85\B01_010186_2549_XN_74N112W_B18_016621_2544_XN_74N113W,output_-115_-110_50_85,74.956,75.85,34.4648,0.0888
B01_010186_2549_XN_74N112W_B21_017821_2541_XN_74N112W,G:\crater_flux_output_folders\output_-115_-110_50_85\B01_010186_2549_XN_74N112W_B21_017821_2541_XN_74N112W,output_-115_-110_50_85,73.517,75.871,1445.9477,729.622
B01_010198_2644_XI_84N107W_G17_024703_2633_XN_83N098W,G:\crater_flux_output_folders\output_-110_-100_60_85\B01_010198_2644_XI_84N107W_G17_024703_2633_XN_83N098W,output_-115_-110_50_85,84.565,84.8487,1743.6637,0.0
B01_010198_2644_XI_84N107W_G16_024479_2634_XN_83N102W,G:\crater_flux_output_folders\output_-115_-110_50_85\B01_010198_2644_XI_84N107W_G16_024479_2634_XN_83N102W,output_-115_-110_50_85,84.291,84.8487,233.6008,0.0
B01_010198_2644_XI_84N107W_G15_024242_2631_XI_83N107W,G:\crater_flux_output_folders\output_-115_-110_50_85\B01_010198_2644_XI_84N107W_G15_024242_2631_XI_83N107W,output_-115_-110_50_85,84.4836,84.6764,19.3882,0.0
B01_010198_2644_XI_84N107W_G17_024901_2629_XI_82N104W,G:\crater_flux_output_folders\output_-115_-110_50_85\B01_010198_2644_XI_84N107W_G17_024901_2629_XI_82N104W,output_-115_-110_50_85,84.291,84.73,105.6919,0.0
B01_010198_2644_XI_84N107W_G18_025336_2665_XI_86N129W,G:\crater_flux_output_folders\output_-115_-110_50_85\B01_010198_2644_XI_84N107W_G18_025336_2665_XI_86N129W,output_-115_-110_50_85,84.769,84.8487,7.1709,0.0
B01_010198_2644_XI_84N107W_G20_025877_2652_XI_85N117W,G:\crater_flux_output_folders\output_-115_-110_50_85\B01_010198_2644_XI_84N107W_G20_025877_2652_XI_85N117W,output_-115_-110_50_85,84.291,84.6811,74.16,0.0
B01_010198_2644_XI_84N107W_D15_032905_2644_XN_84N107W,G:\crater_flux_output_folders\output_-115_-110_50_85\B01_010198_2644_XI_84N107W_D15_032905_2644_XN_84N107W,output_-115_-110_50_85,84.3304,84.6611,87.8683,0.0
B01_010198_2644_XI_84N107W_D19_034672_2644_XN_84N107W,G:\crater_flux_output_folders\output_-115_-110_50_85\B01_010198_2644_XI_84N107W_D19_034672_2644_XN_84N107W,output_-115_-110_50_85,84.3409,84.6667,80.7474,0.0
B01_010198_2644_XI_84N107W_D20_035173_2644_XN_84N107W,G:\crater_flux_output_folders\output_-115_-110_50_85\B01_010198_2644_XI_84N107W_D20_035173_2644_XN_84N107W,output_-115_-110_50_85,84.3364,84.6064,55.8896,0.0
B01_010198_2644_XI_84N107W_D21_035529_2646_XN_84N109W,G:\crater_flux_output_folders\output_-110_-100_60_85\B01_010198_2644_XI_84N107W_D21_035529_2646_XN_84N109W,output_-115_-110_50_85,84.291,84.8487,629.3402,0.0
B01_010198_2644_XI_84N107W_F01_036373_2652_XN_85N113W,G:\crater_flux_output_folders\output_-115_-110_50_85\B01_010198_2644_XI_84N107W_F01_036373_2652_XN_85N113W,output_-115_-110_50_85,84.607,84.8487,62.3122,0.0
B01_010198_2644_XI_84N107W_F01_036004_2644_XN_84N106W,G:\crater_flux_output_folders\output_-110_-100_60_85\B01_010198_2644_XI_84N107W_F01_036004_2644_XN_84N106W,output_-115_-110_50_85,84.5428,84.5584,1219.4059,0.0
B01_010198_2644_XI_84N107W_D22_035951_2644_XN_84N107W,G:\crater_flux_output_folders\output_-115_-110_50_85\B01_010198_2644_XI_84N107W_D22_035951_2644_XN_84N107W,output_-115_-110_50_85,84.3396,84.6033,54.1247,0.0
B01_010198_2644_XI_84N107W_F01_036043_2644_XN_84N105W,G:\crater_flux_output_folders\output_-110_-100_60_85\B01_010198_2644_XI_84N107W_F01_036043_2644_XN_84N105W,output_-115_-110_50_85,84.3944,84.4609,1213.1789,0.0
B01_010198_2644_XI_84N107W_D22_035595_2645_XN_84N108W,G:\crater_flux_output_folders\output_-110_-100_60_85\B01_010198_2644_XI_84N107W_D22_035595_2645_XN_84N108W,output_-115_-110_50_85,84.291,84.8126,965.9491,0.0
B01_010198_2644_XI_84N107W_F01_036294_2649_XN_84N112W,G:\crater_flux_output_folders\output_-115_-110_50_85\B01_010198_2644_XI_84N107W_F01_036294_2649_XN_84N112W,output_-115_-110_50_85,84.3237,84.8487,233.5532,0.0
B01_010198_2644_XI_84N107W_F03_037085_2645_XN_84N107W,G:\crater_flux_output_folders\output_-110_-100_60_85\B01_010198_2644_XI_84N107W_F03_037085_2645_XN_84N107W,output_-115_-110_50_85,84.296,84.8487,1605.5482,0.0
B01_010198_2644_XI_84N107W_F21_044193_2644_XN_84N107W,G:\crater_flux_output_folders\output_-115_-110_50_85\B01_010198_2644_XI_84N107W_F21_044193_2644_XN_84N107W,output_-115_-110_50_85,84.3488,84.6117,50.1265,0.0
B01_010198_2644_XI_84N107W_F23_044861_2756_XN_84N107W,G:\crater_flux_output_folders\output_-110_-100_60_85\B01_010198_2644_XI_84N107W_F23_044861_2756_XN_84N107W,output_-115_-110_50_85,84.291,84.3884,1056.2849,0.0
B01_010198_2644_XI_84N107W_J02_045604_2644_XN_84N107W,G:\crater_flux_output_folders\output_-115_-110_50_85\B01_010198_2644_XI_84N107W_J02_045604_2644_XN_84N107W,output_-115_-110_50_85,84.3227,84.7878,165.8355,0.0
B01_010198_2644_XI_84N107W_J03_046105_2645_XN_84N107W,G:\crater_flux_output_folders\output_-115_-110_50_85\B01_010198_2644_XI_84N107W_J03_046105_2645_XN_84N107W,output_-115_-110_50_85,84.291,84.8487,218.7041,0.0
B02_010252_2573_XN_77N115W_B17_016133_2579_XN_77N113W,G:\crater_flux_output_folders\output_-115_-110_50_85\B02_010252_2573_XN_77N115W_B17_016133_2579_XN_77N113W,output_-115_-110_50_85,77.5737,77.5768,0.0012,0.0
B02_010252_2573_XN_77N115W_B18_016621_2544_XN_74N113W,G:\crater_flux_output_folders\output_-115_-110_50_85\B02_010252_2573_XN_77N115W_B18_016621_2544_XN_74N113W,output_-115_-110_50_85,75.7069,75.85,86.059,0.0
B02_010252_2573_XN_77N115W_B21_017821_2541_XN_74N112W,G:\crater_flux_output_folders\output_-115_-110_50_85\B02_010252_2573_XN_77N115W_B21_017821_2541_XN_74N112W,output_-115_-110_50_85,75.7232,75.8436,72.3923,0.0
B02_010252_2573_XN_77N115W_B22_018045_2577_XN_77N114W,G:\crater_flux_output_folders\output_-115_-110_50_85\B02_010252_2573_XN_77N115W_B22_018045_2577_XN_77N114W,output_-115_-110_50_85,76.477,77.5768,319.6061,0.0
B02_010331_2552_XI_75N111W_B17_016133_2579_XN_77N113W,G:\crater_flux_output_folders\output_-115_-110_50_85\B02_010331_2552_XI_75N111W_B17_016133_2579_XN_77N113W,output_-115_-110_50_85,76.688,76.9088,195.8474,0.0
B02_010331_2552_XI_75N111W_B21_017821_2541_XN_74N112W,G:\crater_flux_output_folders\output_-115_-110_50_85\B02_010331_2552_XI_75N111W_B21_017821_2541_XN_74N112W,output_-115_-110_50_85,74.9416,75.871,66.7673,0.2834
B02_010331_2552_XI_75N111W_B21_017894_2830_XN_77N109W,G:\crater_flux_output_folders\output_-115_-110_50_85\B02_010331_2552_XI_75N111W_B21_017894_2830_XN_77N109W,output_-115_-110_50_85,76.2416,76.3889,14.5005,0.0
B02_010331_2552_XI_75N111W_B21_017828_2831_XN_76N107W,G:\crater_flux_output_folders\output_-115_-110_50_85\B02_010331_2552_XI_75N111W_B21_017828_2831_XN_76N107W,output_-115_-110_50_85,75.1105,75.1397,0.6504,0.0
B02_010331_2552_XI_75N111W_B22_018045_2577_XN_77N114W,G:\crater_flux_output_folders\output_-115_-110_50_85\B02_010331_2552_XI_75N111W_B22_018045_2577_XN_77N114W,output_-115_-110_50_85,76.5133,76.875,357.7682,0.0
B18_016555_2570_XN_77N117W_B18_016621_2544_XN_74N113W,G:\crater_flux_output_folders\output_-115_-110_50_85\B18_016555_2570_XN_77N117W_B18_016621_2544_XN_74N113W,output_-115_-110_50_85,75.274,75.4373,8.9809,0.0
B17_016133_2579_XN_77N113W_B22_018045_2577_XN_77N114W,G:\crater_flux_output_folders\output_-115_-110_50_85\B17_016133_2579_XN_77N113W_B22_018045_2577_XN_77N114W,output_-115_-110_50_85,76.679,78.7439,2405.4154,0.0
B18_016620_2651_XN_85N120W_B18_016550_2760_XN_84N121W,G:\crater_flux_output_folders\output_-115_-110_50_85\B18_016620_2651_XN_85N120W_B18_016550_2760_XN_84N121W,output_-115_-110_50_85,84.707,84.8755,28.3827,0.0
B18_016620_2651_XN_85N120W_G02_018810_2652_XN_85N118W,G:\crater_flux_output_folders\output_-115_-110_50_85\B18_016620_2651_XN_85N120W_G02_018810_2652_XN_85N118W,output_-115_-110_50_85,84.8928,84.894,0.0019,0.0
B18_016620_2651_XN_85N120W_G16_024479_2634_XN_83N102W,G:\crater_flux_output_folders\output_-115_-110_50_85\B18_016620_2651_XN_85N120W_G16_024479_2634_XN_83N102W,output_-115_-110_50_85,84.707,84.894,29.6427,0.0
B18_016620_2651_XN_85N120W_G15_024242_2631_XI_83N107W,G:\crater_flux_output_folders\output_-115_-110_50_85\B18_016620_2651_XN_85N120W_G15_024242_2631_XI_83N107W,output_-115_-110_50_85,84.707,84.894,29.6427,0.0
B18_016620_2651_XN_85N120W_G17_024901_2629_XI_82N104W,G:\crater_flux_output_folders\output_-115_-110_50_85\B18_016620_2651_XN_85N120W_G17_024901_2629_XI_82N104W,output_-115_-110_50_85,84.707,84.894,29.6427,0.0
B18_016620_2651_XN_85N120W_G18_025389_2650_XN_85N120W,G:\crater_flux_output_folders\output_-115_-110_50_85\B18_016620_2651_XN_85N120W_G18_025389_2650_XN_85N120W,output_-115_-110_50_85,84.707,84.7367,0.3153,0.0
B18_016620_2651_XN_85N120W_G20_025877_2652_XI_85N117W,G:\crater_flux_output_folders\output_-115_-110_50_85\B18_016620_2651_XN_85N120W_G20_025877_2652_XI_85N117W,output_-115_-110_50_85,84.707,84.894,29.6427,0.0
B18_016620_2651_XN_85N120W_F01_036373_2652_XN_85N113W,G:\crater_flux_output_folders\output_-115_-110_50_85\B18_016620_2651_XN_85N120W_F01_036373_2652_XN_85N113W,output_-115_-110_50_85,84.7851,84.8667,1.0089,0.0
B18_016620_2651_XN_85N120W_F01_036294_2649_XN_84N112W,G:\crater_flux_output_folders\output_-115_-110_50_85\B18_016620_2651_XN_85N120W_F01_036294_2649_XN_84N112W,output_-115_-110_50_85,84.7205,84.894,29.0664,0.0
B18_016621_2544_XN_74N113W_B21_017821_2541_XN_74N112W,G:\crater_flux_output_folders\output_-115_-110_50_85\B18_016621_2544_XN_74N113W_B21_017821_2541_XN_74N112W,output_-115_-110_50_85,72.6762,75.8349,4161.9841,3203.9187
B18_016621_2544_XN_74N113W_G01_018533_2541_XN_74N114W,G:\crater_flux_output_folders\output_-115_-110_50_85\B18_016621_2544_XN_74N113W_G01_018533_2541_XN_74N114W,output_-115_-110_50_85,72.658,75.234,696.8036,645.4507
B18_016621_2544_XN_74N113W_J01_045183_2540_XN_74N113W,G:\crater_flux_output_folders\output_-115_-110_50_85\B18_016621_2544_XN_74N113W_J01_045183_2540_XN_74N113W,output_-115_-110_50_85,72.6718,75.012,2129.3591,2126.9945
B18_016647_2596_XN_79N110W_B19_017135_2595_XN_79N110W,G:\crater_flux_output_folders\output_-115_-110_50_85\B18_016647_2596_XN_79N110W_B19_017135_2595_XN_79N110W,output_-115_-110_50_85,79.0394,79.8034,676.1026,0.0
B18_016647_2596_XN_79N110W_B19_016990_2575_XN_77N110W,G:\crater_flux_output_folders\output_-115_-110_50_85\B18_016647_2596_XN_79N110W_B19_016990_2575_XN_77N110W,output_-115_-110_50_85,79.0929,79.378,19.6808,0.0
B18_016647_2596_XN_79N110W_B22_018269_2587_XN_78N111W,G:\crater_flux_output_folders\output_-115_-110_50_85\B18_016647_2596_XN_79N110W_B22_018269_2587_XN_78N111W,output_-115_-110_50_85,79.014,79.7355,353.3434,0.0
B18_016647_2596_XN_79N110W_G01_018414_2598_XN_79N111W,G:\crater_flux_output_folders\output_-115_-110_50_85\B18_016647_2596_XN_79N110W_G01_018414_2598_XN_79N111W,output_-115_-110_50_85,79.5016,79.8011,249.1713,0.0
B18_016647_2596_XN_79N110W_G01_018448_2798_XN_80N111W,G:\crater_flux_output_folders\output_-115_-110_50_85\B18_016647_2596_XN_79N110W_G01_018448_2798_XN_80N111W,output_-115_-110_50_85,79.762,79.7998,4.0479,0.0
B18_016647_2596_XN_79N110W_G16_024585_2595_XN_79N110W,G:\crater_flux_output_folders\output_-110_-100_60_85\B18_016647_2596_XN_79N110W_G16_024585_2595_XN_79N110W,output_-115_-110_50_85,79.034,79.8034,626.0089,0.0
B18_016647_2596_XN_79N110W_D01_027494_2798_XN_80N111W,G:\crater_flux_output_folders\output_-115_-110_50_85\B18_016647_2596_XN_79N110W_D01_027494_2798_XN_80N111W,output_-115_-110_50_85,79.752,79.7882,3.3538,0.0
B18_016647_2596_XN_79N110W_D01_027407_2600_XN_80N110W,G:\crater_flux_output_folders\output_-115_-110_50_85\B18_016647_2596_XN_79N110W_D01_027407_2600_XN_80N110W,output_-115_-110_50_85,79.398,79.8034,240.0227,0.0
B18_016647_2596_XN_79N110W_D01_027671_2597_XN_79N112W,G:\crater_flux_output_folders\output_-115_-110_50_85\B18_016647_2596_XN_79N110W_D01_027671_2597_XN_79N112W,output_-115_-110_50_85,79.2421,79.7368,247.8786,0.0
B18_016647_2596_XN_79N110W_D21_035266_2595_XN_79N110W,G:\crater_flux_output_folders\output_-115_-110_50_85\B18_016647_2596_XN_79N110W_D21_035266_2595_XN_79N110W,output_-115_-110_50_85,79.0298,79.8034,685.0974,0.0
B18_016647_2596_XN_79N110W_D22_035912_2597_XN_79N112W,G:\crater_flux_output_folders\output_-115_-110_50_85\B18_016647_2596_XN_79N110W_D22_035912_2597_XN_79N112W,output_-115_-110_50_85,79.3081,79.7392,263.8868,0.0
B18_016647_2596_XN_79N110W_F23_044932_2597_XN_79N112W,G:\crater_flux_output_folders\output_-115_-110_50_85\B18_016647_2596_XN_79N110W_F23_044932_2597_XN_79N112W,output_-115_-110_50_85,79.285,79.7383,271.3656,0.0
B18_016647_2596_XN_79N110W_F23_044866_2601_XN_80N112W,G:\crater_flux_output_folders\output_-115_-110_50_85\B18_016647_2596_XN_79N110W_F23_044866_2601_XN_80N112W,output_-115_-110_50_85,79.6365,79.8034,53.7646,0.0
B18_016647_2596_XN_79N110W_J16_051103_2596_XN_79N110W,G:\crater_flux_output_folders\output_-115_-110_50_85\B18_016647_2596_XN_79N110W_J16_051103_2596_XN_79N110W,output_-115_-110_50_85,79.0248,79.8034,689.6305,0.0
B17_016449_2648_XN_84N118W_B18_016550_2760_XN_84N121W,G:\crater_flux_output_folders\output_-115_-110_50_85\B17_016449_2648_XN_84N118W_B18_016550_2760_XN_84N121W,output_-115_-110_50_85,84.3987,84.6261,24.6001,0.0
B17_016449_2648_XN_84N118W_B21_017886_2638_XN_83N115W,G:\crater_flux_output_folders\output_-115_-110_50_85\B17_016449_2648_XN_84N118W_B21_017886_2638_XN_83N115W,output_-115_-110_50_85,84.0966,84.213,16.2286,0.0
B17_016449_2648_XN_84N118W_B19_017227_2649_XN_84N119W,G:\crater_flux_output_folders\output_-115_-110_50_85\B17_016449_2648_XN_84N118W_B19_017227_2649_XN_84N119W,output_-115_-110_50_85,84.48,84.6261,16.5718,0.0
B17_016449_2648_XN_84N118W_G17_024954_2650_XN_85N120W,G:\crater_flux_output_folders\output_-115_-110_50_85\B17_016449_2648_XN_84N118W_G17_024954_2650_XN_85N120W,output_-115_-110_50_85,84.604,84.6261,0.3657,0.0
B17_016449_2648_XN_84N118W_G16_024479_2634_XN_83N102W,G:\crater_flux_output_folders\output_-115_-110_50_85\B17_016449_2648_XN_84N118W_G16_024479_2634_XN_83N102W,output_-115_-110_50_85,84.1923,84.6261,70.9093,0.0
B17_016449_2648_XN_84N118W_G15_024242_2631_XI_83N107W,G:\crater_flux_output_folders\output_-115_-110_50_85\B17_016449_2648_XN_84N118W_G15_024242_2631_XI_83N107W,output_-115_-110_50_85,84.0966,84.6261,226.7717,0.0
B17_016449_2648_XN_84N118W_G17_024901_2629_XI_82N104W,G:\crater_flux_output_folders\output_-115_-110_50_85\B17_016449_2648_XN_84N118W_G17_024901_2629_XI_82N104W,output_-115_-110_50_85,84.0982,84.6261,226.7462,0.0
B17_016449_2648_XN_84N118W_G18_025389_2650_XN_85N120W,G:\crater_flux_output_folders\output_-115_-110_50_85\B17_016449_2648_XN_84N118W_G18_025389_2650_XN_85N120W,output_-115_-110_50_85,84.616,84.6261,0.0735,0.0
B17_016449_2648_XN_84N118W_G20_025877_2652_XI_85N117W,G:\crater_flux_output_folders\output_-115_-110_50_85\B17_016449_2648_XN_84N118W_G20_025877_2652_XI_85N117W,output_-115_-110_50_85,84.1158,84.6261,222.7797,0.0
B17_016449_2648_XN_84N118W_G19_025587_2650_XN_85N120W,G:\crater_flux_output_folders\output_-115_-110_50_85\B17_016449_2648_XN_84N118W_G19_025587_2650_XN_85N120W,output_-115_-110_50_85,84.5645,84.6134,1.9534,0.0
B17_016449_2648_XN_84N118W_D18_034079_2649_XN_84N119W,G:\crater_flux_output_folders\output_-115_-110_50_85\B17_016449_2648_XN_84N118W_D18_034079_2649_XN_84N119W,output_-115_-110_50_85,84.4884,84.6261,14.6787,0.0
B17_016449_2648_XN_84N118W_D16_033433_2649_XN_84N120W,G:\crater_flux_output_folders\output_-115_-110_50_85\B17_016449_2648_XN_84N118W_D16_033433_2649_XN_84N120W,output_-115_-110_50_85,84.4944,84.5524,2.4529,0.0
B17_016449_2648_XN_84N118W_D19_034501_2649_XN_84N119W,G:\crater_flux_output_folders\output_-115_-110_50_85\B17_016449_2648_XN_84N118W_D19_034501_2649_XN_84N119W,output_-115_-110_50_85,84.4513,84.6044,18.0935,0.0
B17_016449_2648_XN_84N118W_F02_036558_2649_XN_84N119W,G:\crater_flux_output_folders\output_-115_-110_50_85\B17_016449_2648_XN_84N118W_F02_036558_2649_XN_84N119W,output_-115_-110_50_85,84.1365,84.5775,166.5154,0.0
B18_016550_2760_XN_84N121W_B20_017293_2650_XN_85N120W,G:\crater_flux_output_folders\output_-115_-110_50_85\B18_016550_2760_XN_84N121W_B20_017293_2650_XN_85N120W,output_-115_-110_50_85,84.6336,84.6488,0.1749,0.0
B18_016550_2760_XN_84N121W_B19_017227_2649_XN_84N119W,G:\crater_flux_output_folders\output_-115_-110_50_85\B18_016550_2760_XN_84N121W_B19_017227_2649_XN_84N119W,output_-115_-110_50_85,84.48,84.6664,15.8426,0.0
B18_016550_2760_XN_84N121W_G17_024954_2650_XN_85N120W,G:\crater_flux_output_folders\output_-115_-110_50_85\B18_016550_2760_XN_84N121W_G17_024954_2650_XN_85N120W,output_-115_-110_50_85,84.604,84.6496,1.736,0.0
B18_016550_2760_XN_84N121W_G16_024479_2634_XN_83N102W,G:\crater_flux_output_folders\output_-115_-110_50_85\B18_016550_2760_XN_84N121W_G16_024479_2634_XN_83N102W,output_-115_-110_50_85,84.4838,84.8755,114.4961,0.0
B18_016550_2760_XN_84N121W_G15_024242_2631_XI_83N107W,G:\crater_flux_output_folders\output_-115_-110_50_85\B18_016550_2760_XN_84N121W_G15_024242_2631_XI_83N107W,output_-115_-110_50_85,84.3987,84.8755,117.6033,0.0
B18_016550_2760_XN_84N121W_G17_024901_2629_XI_82N104W,G:\crater_flux_output_folders\output_-115_-110_50_85\B18_016550_2760_XN_84N121W_G17_024901_2629_XI_82N104W,output_-115_-110_50_85,84.3987,84.8755,117.6033,0.0
B18_016550_2760_XN_84N121W_G18_025389_2650_XN_85N120W,G:\crater_flux_output_folders\output_-115_-110_50_85\B18_016550_2760_XN_84N121W_G18_025389_2650_XN_85N120W,output_-115_-110_50_85,84.616,84.7367,12.8523,0.0
B18_016550_2760_XN_84N121W_G20_025877_2652_XI_85N117W,G:\crater_flux_output_folders\output_-115_-110_50_85\B18_016550_2760_XN_84N121W_G20_025877_2652_XI_85N117W,output_-115_-110_50_85,84.3987,84.8755,117.6033,0.0
B18_016550_2760_XN_84N121W_G19_025587_2650_XN_85N120W,G:\crater_flux_output_folders\output_-115_-110_50_85\B18_016550_2760_XN_84N121W_G19_025587_2650_XN_85N120W,output_-115_-110_50_85,84.5645,84.6134,1.9533,0.0
B18_016550_2760_XN_84N121W_D18_034079_2649_XN_84N119W,G:\crater_flux_output_folders\output_-115_-110_50_85\B18_016550_2760_XN_84N121W_D18_034079_2649_XN_84N119W,output_-115_-110_50_85,84.4884,84.6405,11.364,0.0
B18_016550_2760_XN_84N121W_D16_033433_2649_XN_84N120W,G:\crater_flux_output_folders\output_-115_-110_50_85\B18_016550_2760_XN_84N121W_D16_033433_2649_XN_84N120W,output_-115_-110_50_85,84.4944,84.5524,1.6123,0.0
B18_016550_2760_XN_84N121W_D19_034501_2649_XN_84N119W,G:\crater_flux_output_folders\output_-115_-110_50_85\B18_016550_2760_XN_84N121W_D19_034501_2649_XN_84N119W,output_-115_-110_50_85,84.4513,84.6044,6.2048,0.0
B18_016550_2760_XN_84N121W_D21_035529_2646_XN_84N109W,G:\crater_flux_output_folders\output_-115_-110_50_85\B18_016550_2760_XN_84N121W_D21_035529_2646_XN_84N109W,output_-115_-110_50_85,84.6168,84.7775,21.3447,0.0
B18_016550_2760_XN_84N121W_F01_036373_2652_XN_85N113W,G:\crater_flux_output_folders\output_-115_-110_50_85\B18_016550_2760_XN_84N121W_F01_036373_2652_XN_85N113W,output_-115_-110_50_85,84.7153,84.8537,16.0394,0.0
B18_016550_2760_XN_84N121W_F02_036558_2649_XN_84N119W,G:\crater_flux_output_folders\output_-115_-110_50_85\B18_016550_2760_XN_84N121W_F02_036558_2649_XN_84N119W,output_-115_-110_50_85,84.3987,84.5775,3.7313,0.0
B18_016550_2760_XN_84N121W_F01_036294_2649_XN_84N112W,G:\crater_flux_output_folders\output_-115_-110_50_85\B18_016550_2760_XN_84N121W_F01_036294_2649_XN_84N112W,output_-115_-110_50_85,84.6009,84.8755,81.4709,0.0
B18_016550_2760_XN_84N121W_F03_037085_2645_XN_84N107W,G:\crater_flux_output_folders\output_-115_-110_50_85\B18_016550_2760_XN_84N121W_F03_037085_2645_XN_84N107W,output_-115_-110_50_85,84.7564,84.7822,0.4975,0.0
B18_016550_2760_XN_84N121W_J03_046105_2645_XN_84N107W,G:\crater_flux_output_folders\output_-115_-110_50_85\B18_016550_2760_XN_84N121W_J03_046105_2645_XN_84N107W,output_-115_-110_50_85,84.7556,84.7827,0.5514,0.0
B20_017293_2650_XN_85N120W_B19_017227_2649_XN_84N119W,G:\crater_flux_output_folders\output_-115_-110_50_85\B20_017293_2650_XN_85N120W_B19_017227_2649_XN_84N119W,output_-115_-110_50_85,84.6336,84.6488,0.1749,0.0
B20_017293_2650_XN_85N120W_G17_024954_2650_XN_85N120W,G:\crater_flux_output_folders\output_-115_-110_50_85\B20_017293_2650_XN_85N120W_G17_024954_2650_XN_85N120W,output_-115_-110_50_85,84.6336,84.6488,0.1749,0.0
B20_017293_2650_XN_85N120W_G16_024479_2634_XN_83N102W,G:\crater_flux_output_folders\output_-115_-110_50_85\B20_017293_2650_XN_85N120W_G16_024479_2634_XN_83N102W,output_-115_-110_50_85,84.6336,84.6488,0.1749,0.0
B20_017293_2650_XN_85N120W_G15_024242_2631_XI_83N107W,G:\crater_flux_output_folders\output_-115_-110_50_85\B20_017293_2650_XN_85N120W_G15_024242_2631_XI_83N107W,output_-115_-110_50_85,84.6336,84.6488,0.1749,0.0
B20_017293_2650_XN_85N120W_G17_024901_2629_XI_82N104W,G:\crater_flux_output_folders\output_-115_-110_50_85\B20_017293_2650_XN_85N120W_G17_024901_2629_XI_82N104W,output_-115_-110_50_85,84.6336,84.6488,0.1749,0.0
B20_017293_2650_XN_85N120W_G18_025389_2650_XN_85N120W,G:\crater_flux_output_folders\output_-115_-110_50_85\B20_017293_2650_XN_85N120W_G18_025389_2650_XN_85N120W,output_-115_-110_50_85,84.6336,84.6488,0.1749,0.0
B20_017293_2650_XN_85N120W_G20_025877_2652_XI_85N117W,G:\crater_flux_output_folders\output_-115_-110_50_85\B20_017293_2650_XN_85N120W_G20_025877_2652_XI_85N117W,output_-115_-110_50_85,84.6336,84.6488,0.1749,0.0
B20_017293_2650_XN_85N120W_D18_034079_2649_XN_84N119W,G:\crater_flux_output_folders\output_-115_-110_50_85\B20_017293_2650_XN_85N120W_D18_034079_2649_XN_84N119W,output_-115_-110_50_85,84.6336,84.6405,0.0372,0.0
B19_016871_2609_XN_80N111W_B21_017847_2609_XN_80N111W,G:\crater_flux_output_folders\output_-115_-110_50_85\B19_016871_2609_XN_80N111W_B21_017847_2609_XN_80N111W,output_-115_-110_50_85,80.4219,81.2408,1254.8448,0.0
B19_016871_2609_XN_80N111W_G02_018936_2793_XN_80N112W,G:\crater_flux_output_folders\output_-115_-110_50_85\B19_016871_2609_XN_80N111W_G02_018936_2793_XN_80N112W,output_-115_-110_50_85,80.45,80.915,368.0479,0.0
B19_016871_2609_XN_80N111W_G01_018448_2798_XN_80N111W,G:\crater_flux_output_folders\output_-115_-110_50_85\B19_016871_2609_XN_80N111W_G01_018448_2798_XN_80N111W,output_-115_-110_50_85,80.3996,80.592,89.496,0.0
B19_016871_2609_XN_80N111W_G17_024730_2617_XN_81N110W,G:\crater_flux_output_folders\output_-110_-100_60_85\B19_016871_2609_XN_80N111W_G17_024730_2617_XN_81N110W,output_-115_-110_50_85,80.552,81.269,68.121,0.0
B19_016871_2609_XN_80N111W_G18_025363_2615_XN_81N112W,G:\crater_flux_output_folders\output_-110_-100_60_85\B19_016871_2609_XN_80N111W_G18_025363_2615_XN_81N112W,output_-115_-110_50_85,80.4394,81.269,68.121,0.0
B19_016871_2609_XN_80N111W_D01_027494_2798_XN_80N111W,G:\crater_flux_output_folders\output_-115_-110_50_85\B19_016871_2609_XN_80N111W_D01_027494_2798_XN_80N111W,output_-115_-110_50_85,80.4003,80.612,95.7537,0.0
B19_016871_2609_XN_80N111W_D01_027697_2604_XN_80N110W,G:\crater_flux_output_folders\output_-115_-110_50_85\B19_016871_2609_XN_80N111W_D01_027697_2604_XN_80N110W,output_-115_-110_50_85,80.4146,80.6541,133.3618,0.0
B21_017886_2638_XN_83N115W_G16_024374_2631_XN_83N111W,G:\crater_flux_output_folders\output_-115_-110_50_85\B21_017886_2638_XN_83N115W_G16_024374_2631_XN_83N111W,output_-115_-110_50_85,83.3343,83.9187,173.0255,0.0
B21_017886_2638_XN_83N115W_G15_024242_2631_XI_83N107W,G:\crater_flux_output_folders\output_-115_-110_50_85\B21_017886_2638_XN_83N115W_G15_024242_2631_XI_83N107W,output_-115_-110_50_85,83.4181,84.213,558.251,0.0
B21_017886_2638_XN_83N115W_G17_024901_2629_XI_82N104W,G:\crater_flux_output_folders\output_-115_-110_50_85\B21_017886_2638_XN_83N115W_G17_024901_2629_XI_82N104W,output_-115_-110_50_85,83.5138,84.213,282.0987,0.0
B21_017886_2638_XN_83N115W_G20_025877_2652_XI_85N117W,G:\crater_flux_output_folders\output_-115_-110_50_85\B21_017886_2638_XN_83N115W_G20_025877_2652_XI_85N117W,output_-115_-110_50_85,83.9407,84.213,25.1407,0.0
B21_017886_2638_XN_83N115W_F02_036558_2649_XN_84N119W,G:\crater_flux_output_folders\output_-115_-110_50_85\B21_017886_2638_XN_83N115W_F02_036558_2649_XN_84N119W,output_-115_-110_50_85,84.1365,84.213,7.0565,0.0
B19_017135_2595_XN_79N110W_B19_016990_2575_XN_77N110W,G:\crater_flux_output_folders\output_-115_-110_50_85\B19_017135_2595_XN_79N110W_B19_016990_2575_XN_77N110W,output_-115_-110_50_85,79.034,79.378,28.6233,0.0
B19_017135_2595_XN_79N110W_B22_018269_2587_XN_78N111W,G:\crater_flux_output_folders\output_-115_-110_50_85\B19_017135_2595_XN_79N110W_B22_018269_2587_XN_78N111W,output_-115_-110_50_85,79.034,79.7605,357.0739,0.0
B19_017135_2595_XN_79N110W_G01_018414_2598_XN_79N111W,G:\crater_flux_output_folders\output_-110_-100_60_85\B19_017135_2595_XN_79N110W_G01_018414_2598_XN_79N111W,output_-115_-110_50_85,79.5027,79.8104,15.596,0.0
B19_017135_2595_XN_79N110W_G01_018448_2798_XN_80N111W,G:\crater_flux_output_folders\output_-115_-110_50_85\B19_017135_2595_XN_79N110W_G01_018448_2798_XN_80N111W,output_-115_-110_50_85,79.762,79.8109,8.135,0.0
B19_017135_2595_XN_79N110W_G16_024585_2595_XN_79N110W,G:\crater_flux_output_folders\output_-115_-110_50_85\B19_017135_2595_XN_79N110W_G16_024585_2595_XN_79N110W,output_-115_-110_50_85,79.0419,79.8128,690.4575,0.0
B19_017135_2595_XN_79N110W_D01_027494_2798_XN_80N111W,G:\crater_flux_output_folders\output_-115_-110_50_85\B19_017135_2595_XN_79N110W_D01_027494_2798_XN_80N111W,output_-115_-110_50_85,79.752,79.8029,7.8724,0.0
B19_017135_2595_XN_79N110W_D01_027407_2600_XN_80N110W,G:\crater_flux_output_folders\output_-115_-110_50_85\B19_017135_2595_XN_79N110W_D01_027407_2600_XN_80N110W,output_-115_-110_50_85,79.398,79.8128,256.3622,0.0
B19_017135_2595_XN_79N110W_D01_027671_2597_XN_79N112W,G:\crater_flux_output_folders\output_-115_-110_50_85\B19_017135_2595_XN_79N110W_D01_027671_2597_XN_79N112W,output_-115_-110_50_85,79.24,79.7617,252.9858,0.0
B19_017135_2595_XN_79N110W_D21_035266_2595_XN_79N110W,G:\crater_flux_output_folders\output_-115_-110_50_85\B19_017135_2595_XN_79N110W_D21_035266_2595_XN_79N110W,output_-115_-110_50_85,79.034,79.8035,698.3238,0.0
B19_017135_2595_XN_79N110W_D22_035912_2597_XN_79N112W,G:\crater_flux_output_folders\output_-115_-110_50_85\B19_017135_2595_XN_79N110W_D22_035912_2597_XN_79N112W,output_-115_-110_50_85,79.3058,79.7626,268.5847,0.0
B19_017135_2595_XN_79N110W_F23_044932_2597_XN_79N112W,G:\crater_flux_output_folders\output_-115_-110_50_85\B19_017135_2595_XN_79N110W_F23_044932_2597_XN_79N112W,output_-115_-110_50_85,79.2824,79.762,276.0422,0.0
B19_017135_2595_XN_79N110W_F23_044866_2601_XN_80N112W,G:\crater_flux_output_folders\output_-115_-110_50_85\B19_017135_2595_XN_79N110W_F23_044866_2601_XN_80N112W,output_-115_-110_50_85,79.6406,79.8128,79.7763,0.0
B19_017135_2595_XN_79N110W_J16_051103_2596_XN_79N110W,G:\crater_flux_output_folders\output_-115_-110_50_85\B19_017135_2595_XN_79N110W_J16_051103_2596_XN_79N110W,output_-115_-110_50_85,79.0389,79.8128,701.6461,0.0
B19_016990_2575_XN_77N110W_B21_017894_2830_XN_77N109W,G:\crater_flux_output_folders\output_-110_-100_60_85\B19_016990_2575_XN_77N110W_B21_017894_2830_XN_77N109W,output_-115_-110_50_85,76.3338,77.5639,1296.1729,0.0
B19_016990_2575_XN_77N110W_B22_018269_2587_XN_78N111W,G:\crater_flux_output_folders\output_-115_-110_50_85\B19_016990_2575_XN_77N110W_B22_018269_2587_XN_78N111W,output_-115_-110_50_85,77.417,79.378,2437.7006,0.0
B19_016990_2575_XN_77N110W_G16_024585_2595_XN_79N110W,G:\crater_flux_output_folders\output_-115_-110_50_85\B19_016990_2575_XN_77N110W_G16_024585_2595_XN_79N110W,output_-115_-110_50_85,79.1439,79.378,16.3401,0.0
B19_016990_2575_XN_77N110W_D01_027639_2806_XN_79N114W,G:\crater_flux_output_folders\output_-115_-110_50_85\B19_016990_2575_XN_77N110W_D01_027639_2806_XN_79N114W,output_-115_-110_50_85,79.092,79.294,27.7853,0.0
B19_016990_2575_XN_77N110W_D01_027671_2597_XN_79N112W,G:\crater_flux_output_folders\output_-115_-110_50_85\B19_016990_2575_XN_77N110W_D01_027671_2597_XN_79N112W,output_-115_-110_50_85,79.1594,79.378,182.9029,0.0
B19_016990_2575_XN_77N110W_D01_027473_2593_XN_79N113W,G:\crater_flux_output_folders\output_-115_-110_50_85\B19_016990_2575_XN_77N110W_D01_027473_2593_XN_79N113W,output_-115_-110_50_85,78.8392,79.3542,520.3235,0.0
B19_016990_2575_XN_77N110W_D21_035266_2595_XN_79N110W,G:\crater_flux_output_folders\output_-115_-110_50_85\B19_016990_2575_XN_77N110W_D21_035266_2595_XN_79N110W,output_-115_-110_50_85,79.024,79.378,38.1527,0.0
B19_016990_2575_XN_77N110W_F02_036598_2595_XN_79N114W,G:\crater_flux_output_folders\output_-115_-110_50_85\B19_016990_2575_XN_77N110W_F02_036598_2595_XN_79N114W,output_-115_-110_50_85,79.1483,79.2827,23.8896,0.0
B19_016990_2575_XN_77N110W_D22_035912_2597_XN_79N112W,G:\crater_flux_output_folders\output_-115_-110_50_85\B19_016990_2575_XN_77N110W_D22_035912_2597_XN_79N112W,output_-115_-110_50_85,79.186,79.378,108.0514,0.0
B19_016990_2575_XN_77N110W_D22_035899_2593_XN_79N113W,G:\crater_flux_output_folders\output_-115_-110_50_85\B19_016990_2575_XN_77N110W_D22_035899_2593_XN_79N113W,output_-115_-110_50_85,78.8464,79.3537,508.2252,0.0
B19_016990_2575_XN_77N110W_F23_044919_2594_XN_79N114W,G:\crater_flux_output_folders\output_-115_-110_50_85\B19_016990_2575_XN_77N110W_F23_044919_2594_XN_79N114W,output_-115_-110_50_85,79.0038,79.2997,115.9549,0.0
B19_016990_2575_XN_77N110W_F23_044932_2597_XN_79N112W,G:\crater_flux_output_folders\output_-115_-110_50_85\B19_016990_2575_XN_77N110W_F23_044932_2597_XN_79N112W,output_-115_-110_50_85,79.166,79.378,140.4856,0.0
B19_016990_2575_XN_77N110W_F22_044299_2580_XN_78N108W,G:\crater_flux_output_folders\output_-110_-100_60_85\B19_016990_2575_XN_77N110W_F22_044299_2580_XN_78N108W,output_-115_-110_50_85,77.8339,78.5725,148.1169,0.0
B19_016990_2575_XN_77N110W_F22_044457_2580_XN_78N108W,G:\crater_flux_output_folders\output_-110_-100_60_85\B19_016990_2575_XN_77N110W_F22_044457_2580_XN_78N108W,output_-115_-110_50_85,77.811,78.6481,94.1163,0.0
B19_016990_2575_XN_77N110W_F23_044853_2582_XN_78N109W,G:\crater_flux_output_folders\output_-110_-100_60_85\B19_016990_2575_XN_77N110W_F23_044853_2582_XN_78N109W,output_-115_-110_50_85,77.8213,78.4702,105.1176,0.0
B19_016990_2575_XN_77N110W_J01_045011_2582_XN_78N108W,G:\crater_flux_output_folders\output_-110_-100_60_85\B19_016990_2575_XN_77N110W_J01_045011_2582_XN_78N108W,output_-115_-110_50_85,77.8567,78.4497,78.996,0.0
B19_016990_2575_XN_77N110W_J16_051103_2596_XN_79N110W,G:\crater_flux_output_folders\output_-115_-110_50_85\B19_016990_2575_XN_77N110W_J16_051103_2596_XN_79N110W,output_-115_-110_50_85,79.0782,79.378,22.9646,0.0
B21_017847_2609_XN_80N111W_G02_018936_2793_XN_80N112W,G:\crater_flux_output_folders\output_-115_-110_50_85\B21_017847_2609_XN_80N111W_G02_018936_2793_XN_80N112W,output_-115_-110_50_85,80.4543,80.915,376.1873,0.0
B21_017847_2609_XN_80N111W_G01_018448_2798_XN_80N111W,G:\crater_flux_output_folders\output_-115_-110_50_85\B21_017847_2609_XN_80N111W_G01_018448_2798_XN_80N111W,output_-115_-110_50_85,80.4276,80.592,76.8333,0.0
B21_017847_2609_XN_80N111W_G17_024730_2617_XN_81N110W,G:\crater_flux_output_folders\output_-110_-100_60_85\B21_017847_2609_XN_80N111W_G17_024730_2617_XN_81N110W,output_-115_-110_50_85,80.55,81.249,39.9353,0.0
B21_017847_2609_XN_80N111W_G18_025363_2615_XN_81N112W,G:\crater_flux_output_folders\output_-110_-100_60_85\B21_017847_2609_XN_80N111W_G18_025363_2615_XN_81N112W,output_-115_-110_50_85,80.4532,81.249,40.0283,0.0
B21_017847_2609_XN_80N111W_D01_027494_2798_XN_80N111W,G:\crater_flux_output_folders\output_-115_-110_50_85\B21_017847_2609_XN_80N111W_D01_027494_2798_XN_80N111W,output_-115_-110_50_85,80.4289,80.612,83.5775,0.0
B21_017847_2609_XN_80N111W_D01_027697_2604_XN_80N110W,G:\crater_flux_output_folders\output_-115_-110_50_85\B21_017847_2609_XN_80N111W_D01_027697_2604_XN_80N110W,output_-115_-110_50_85,80.4344,80.6541,127.5745,0.0
B19_017227_2649_XN_84N119W_G17_024954_2650_XN_85N120W,G:\crater_flux_output_folders\output_-115_-110_50_85\B19_017227_2649_XN_84N119W_G17_024954_2650_XN_85N120W,output_-115_-110_50_85,84.604,84.6496,1.7358,0.0
B19_017227_2649_XN_84N119W_G16_024479_2634_XN_83N102W,G:\crater_flux_output_folders\output_-115_-110_50_85\B19_017227_2649_XN_84N119W_G16_024479_2634_XN_83N102W,output_-115_-110_50_85,84.4993,84.6664,20.8436,0.0
B19_017227_2649_XN_84N119W_G15_024242_2631_XI_83N107W,G:\crater_flux_output_folders\output_-115_-110_50_85\B19_017227_2649_XN_84N119W_G15_024242_2631_XI_83N107W,output_-115_-110_50_85,84.48,84.6664,26.0913,0.0
B19_017227_2649_XN_84N119W_G17_024901_2629_XI_82N104W,G:\crater_flux_output_folders\output_-115_-110_50_85\B19_017227_2649_XN_84N119W_G17_024901_2629_XI_82N104W,output_-115_-110_50_85,84.48,84.6664,26.0913,0.0
B19_017227_2649_XN_84N119W_G18_025389_2650_XN_85N120W,G:\crater_flux_output_folders\output_-115_-110_50_85\B19_017227_2649_XN_84N119W_G18_025389_2650_XN_85N120W,output_-115_-110_50_85,84.616,84.6664,1.8868,0.0
B19_017227_2649_XN_84N119W_G20_025877_2652_XI_85N117W,G:\crater_flux_output_folders\output_-115_-110_50_85\B19_017227_2649_XN_84N119W_G20_025877_2652_XI_85N117W,output_-115_-110_50_85,84.48,84.6664,26.0913,0.0
B19_017227_2649_XN_84N119W_G19_025587_2650_XN_85N120W,G:\crater_flux_output_folders\output_-115_-110_50_85\B19_017227_2649_XN_84N119W_G19_025587_2650_XN_85N120W,output_-115_-110_50_85,84.5645,84.6134,1.9543,0.0
B19_017227_2649_XN_84N119W_D18_034079_2649_XN_84N119W,G:\crater_flux_output_folders\output_-115_-110_50_85\B19_017227_2649_XN_84N119W_D18_034079_2649_XN_84N119W,output_-115_-110_50_85,84.4884,84.6405,18.3823,0.0
B19_017227_2649_XN_84N119W_D16_033433_2649_XN_84N120W,G:\crater_flux_output_folders\output_-115_-110_50_85\B19_017227_2649_XN_84N119W_D16_033433_2649_XN_84N120W,output_-115_-110_50_85,84.4944,84.5524,2.4531,0.0
B19_017227_2649_XN_84N119W_D19_034501_2649_XN_84N119W,G:\crater_flux_output_folders\output_-115_-110_50_85\B19_017227_2649_XN_84N119W_D19_034501_2649_XN_84N119W,output_-115_-110_50_85,84.48,84.6044,10.5503,0.0
B19_017227_2649_XN_84N119W_F02_036558_2649_XN_84N119W,G:\crater_flux_output_folders\output_-115_-110_50_85\B19_017227_2649_XN_84N119W_F02_036558_2649_XN_84N119W,output_-115_-110_50_85,84.48,84.5775,6.8222,0.0
B19_017042_2653_XN_85N115W_B22_018361_2652_XN_85N118W,G:\crater_flux_output_folders\output_-115_-110_50_85\B19_017042_2653_XN_85N115W_B22_018361_2652_XN_85N118W,output_-115_-110_50_85,84.9423,85.0001,11.4975,0.0
B19_017042_2653_XN_85N115W_G02_018810_2652_XN_85N118W,G:\crater_flux_output_folders\output_-115_-110_50_85\B19_017042_2653_XN_85N115W_G02_018810_2652_XN_85N118W,output_-115_-110_50_85,84.8983,85.0001,22.6044,0.0
B19_017042_2653_XN_85N115W_G16_024479_2634_XN_83N102W,G:\crater_flux_output_folders\output_-115_-110_50_85\B19_017042_2653_XN_85N115W_G16_024479_2634_XN_83N102W,output_-115_-110_50_85,84.8983,85.0001,25.0358,0.0
B19_017042_2653_XN_85N115W_G15_024242_2631_XI_83N107W,G:\crater_flux_output_folders\output_-115_-110_50_85\B19_017042_2653_XN_85N115W_G15_024242_2631_XI_83N107W,output_-115_-110_50_85,84.8983,85.0001,25.0358,0.0
B19_017042_2653_XN_85N115W_G17_024901_2629_XI_82N104W,G:\crater_flux_output_folders\output_-115_-110_50_85\B19_017042_2653_XN_85N115W_G17_024901_2629_XI_82N104W,output_-115_-110_50_85,84.8983,85.0001,25.0358,0.0
B19_017042_2653_XN_85N115W_G18_025336_2665_XI_86N129W,G:\crater_flux_output_folders\output_-115_-110_50_85\B19_017042_2653_XN_85N115W_G18_025336_2665_XI_86N129W,output_-115_-110_50_85,84.92,85.0001,23.0221,0.0
B19_017042_2653_XN_85N115W_G20_025877_2652_XI_85N117W,G:\crater_flux_output_folders\output_-115_-110_50_85\B19_017042_2653_XN_85N115W_G20_025877_2652_XI_85N117W,output_-115_-110_50_85,84.8983,85.0001,18.9141,0.0
B19_017042_2653_XN_85N115W_F01_036373_2652_XN_85N113W,G:\crater_flux_output_folders\output_-115_-110_50_85\B19_017042_2653_XN_85N115W_F01_036373_2652_XN_85N113W,output_-115_-110_50_85,84.8983,85.0001,25.0358,0.0
B19_017042_2653_XN_85N115W_F01_036294_2649_XN_84N112W,G:\crater_flux_output_folders\output_-115_-110_50_85\B19_017042_2653_XN_85N115W_F01_036294_2649_XN_84N112W,output_-115_-110_50_85,84.8983,85.0001,25.0358,0.0
B21_017821_2541_XN_74N112W_J01_045183_2540_XN_74N113W,G:\crater_flux_output_folders\output_-115_-110_50_85\B21_017821_2541_XN_74N112W_J01_045183_2540_XN_74N113W,output_-115_-110_50_85,72.6872,75.012,719.2554,717.4483
B21_017894_2830_XN_77N109W_B22_018269_2587_XN_78N111W,G:\crater_flux_output_folders\output_-110_-100_60_85\B21_017894_2830_XN_77N109W_B22_018269_2587_XN_78N111W,output_-115_-110_50_85,77.4563,77.5639,117.7533,0.0
G02_018936_2793_XN_80N112W_G01_018448_2798_XN_80N111W,G:\crater_flux_output_folders\output_-115_-110_50_85\G02_018936_2793_XN_80N112W_G01_018448_2798_XN_80N111W,output_-115_-110_50_85,80.45,80.592,40.8257,0.0
G02_018936_2793_XN_80N112W_G18_025363_2615_XN_81N112W,G:\crater_flux_output_folders\output_-115_-110_50_85\G02_018936_2793_XN_80N112W_G18_025363_2615_XN_81N112W,output_-115_-110_50_85,80.45,80.915,255.4564,0.0
G02_018936_2793_XN_80N112W_D01_027494_2798_XN_80N111W,G:\crater_flux_output_folders\output_-115_-110_50_85\G02_018936_2793_XN_80N112W_D01_027494_2798_XN_80N111W,output_-115_-110_50_85,80.45,80.612,42.3498,0.0
G02_018936_2793_XN_80N112W_D01_027697_2604_XN_80N110W,G:\crater_flux_output_folders\output_-115_-110_50_85\G02_018936_2793_XN_80N112W_D01_027697_2604_XN_80N110W,output_-115_-110_50_85,80.45,80.5677,30.962,0.0
B22_018269_2587_XN_78N111W_G02_018968_2598_XN_79N113W,G:\crater_flux_output_folders\output_-115_-110_50_85\B22_018269_2587_XN_78N111W_G02_018968_2598_XN_79N113W,output_-115_-110_50_85,79.52,79.8623,275.181,0.0
B22_018269_2587_XN_78N111W_G01_018414_2598_XN_79N111W,G:\crater_flux_output_folders\output_-115_-110_50_85\B22_018269_2587_XN_78N111W_G01_018414_2598_XN_79N111W,output_-115_-110_50_85,79.459,79.914,441.0067,0.0
B22_018269_2587_XN_78N111W_G01_018435_2801_XN_79N115W,G:\crater_flux_output_folders\output_-115_-110_50_85\B22_018269_2587_XN_78N111W_G01_018435_2801_XN_79N115W,output_-115_-110_50_85,79.6177,79.7896,23.4863,0.0
B22_018269_2587_XN_78N111W_G01_018448_2798_XN_80N111W,G:\crater_flux_output_folders\output_-115_-110_50_85\B22_018269_2587_XN_78N111W_G01_018448_2798_XN_80N111W,output_-115_-110_50_85,79.8157,79.914,29.2638,0.0
B22_018269_2587_XN_78N111W_G03_019337_2601_XN_80N114W,G:\crater_flux_output_folders\output_-115_-110_50_85\B22_018269_2587_XN_78N111W_G03_019337_2601_XN_80N114W,output_-115_-110_50_85,79.6663,79.8475,96.5226,0.0
B22_018269_2587_XN_78N111W_G16_024585_2595_XN_79N110W,G:\crater_flux_output_folders\output_-115_-110_50_85\B22_018269_2587_XN_78N111W_G16_024585_2595_XN_79N110W,output_-115_-110_50_85,79.034,79.7595,359.5994,0.0
B22_018269_2587_XN_78N111W_D01_027494_2798_XN_80N111W,G:\crater_flux_output_folders\output_-115_-110_50_85\B22_018269_2587_XN_78N111W_D01_027494_2798_XN_80N111W,output_-115_-110_50_85,79.8075,79.914,29.5742,0.0
B22_018269_2587_XN_78N111W_D01_027639_2806_XN_79N114W,G:\crater_flux_output_folders\output_-115_-110_50_85\B22_018269_2587_XN_78N111W_D01_027639_2806_XN_79N114W,output_-115_-110_50_85,79.0889,79.7322,323.8042,0.0
B22_018269_2587_XN_78N111W_D01_027407_2600_XN_80N110W,G:\crater_flux_output_folders\output_-115_-110_50_85\B22_018269_2587_XN_78N111W_D01_027407_2600_XN_80N110W,output_-115_-110_50_85,79.398,79.914,49.8001,0.0
B22_018269_2587_XN_78N111W_D01_027671_2597_XN_79N112W,G:\crater_flux_output_folders\output_-115_-110_50_85\B22_018269_2587_XN_78N111W_D01_027671_2597_XN_79N112W,output_-115_-110_50_85,79.1584,79.914,1198.1333,0.0
B22_018269_2587_XN_78N111W_D01_027473_2593_XN_79N113W,G:\crater_flux_output_folders\output_-115_-110_50_85\B22_018269_2587_XN_78N111W_D01_027473_2593_XN_79N113W,output_-115_-110_50_85,78.8426,79.631,825.6191,0.0
B22_018269_2587_XN_78N111W_G22_026893_2596_XN_79N115W,G:\crater_flux_output_folders\output_-115_-110_50_85\B22_018269_2587_XN_78N111W_G22_026893_2596_XN_79N115W,output_-115_-110_50_85,79.4814,79.7657,2.6862,0.0
B22_018269_2587_XN_78N111W_D21_035266_2595_XN_79N110W,G:\crater_flux_output_folders\output_-115_-110_50_85\B22_018269_2587_XN_78N111W_D21_035266_2595_XN_79N110W,output_-115_-110_50_85,79.024,79.7516,379.017,0.0
B22_018269_2587_XN_78N111W_F02_036598_2595_XN_79N114W,G:\crater_flux_output_folders\output_-115_-110_50_85\B22_018269_2587_XN_78N111W_F02_036598_2595_XN_79N114W,output_-115_-110_50_85,79.1471,79.7823,129.3059,0.0
B22_018269_2587_XN_78N111W_D22_035912_2597_XN_79N112W,G:\crater_flux_output_folders\output_-115_-110_50_85\B22_018269_2587_XN_78N111W_D22_035912_2597_XN_79N112W,output_-115_-110_50_85,79.186,79.9111,1092.3557,0.0
B22_018269_2587_XN_78N111W_D22_035899_2593_XN_79N113W,G:\crater_flux_output_folders\output_-115_-110_50_85\B22_018269_2587_XN_78N111W_D22_035899_2593_XN_79N113W,output_-115_-110_50_85,78.8493,79.631,820.0538,0.0
B22_018269_2587_XN_78N111W_F23_044919_2594_XN_79N114W,G:\crater_flux_output_folders\output_-115_-110_50_85\B22_018269_2587_XN_78N111W_F23_044919_2594_XN_79N114W,output_-115_-110_50_85,79.0046,79.732,298.9495,0.0
B22_018269_2587_XN_78N111W_F23_044932_2597_XN_79N112W,G:\crater_flux_output_folders\output_-115_-110_50_85\B22_018269_2587_XN_78N111W_F23_044932_2597_XN_79N112W,output_-115_-110_50_85,79.166,79.9114,1136.7827,0.0
B22_018269_2587_XN_78N111W_F22_044299_2580_XN_78N108W,G:\crater_flux_output_folders\output_-110_-100_60_85\B22_018269_2587_XN_78N111W_F22_044299_2580_XN_78N108W,output_-115_-110_50_85,77.8339,78.5978,715.409,0.0
B22_018269_2587_XN_78N111W_F22_044457_2580_XN_78N108W,G:\crater_flux_output_folders\output_-110_-100_60_85\B22_018269_2587_XN_78N111W_F22_044457_2580_XN_78N108W,output_-115_-110_50_85,77.811,78.6921,712.6673,0.0
B22_018269_2587_XN_78N111W_F23_044853_2582_XN_78N109W,G:\crater_flux_output_folders\output_-110_-100_60_85\B22_018269_2587_XN_78N111W_F23_044853_2582_XN_78N109W,output_-115_-110_50_85,77.8213,78.4868,626.9825,0.0
B22_018269_2587_XN_78N111W_F23_044866_2601_XN_80N112W,G:\crater_flux_output_folders\output_-115_-110_50_85\B22_018269_2587_XN_78N111W_F23_044866_2601_XN_80N112W,output_-115_-110_50_85,79.59,79.914,266.3461,0.0
B22_018269_2587_XN_78N111W_J01_045011_2582_XN_78N108W,G:\crater_flux_output_folders\output_-110_-100_60_85\B22_018269_2587_XN_78N111W_J01_045011_2582_XN_78N108W,output_-115_-110_50_85,77.8567,78.473,618.5343,0.0
B22_018269_2587_XN_78N111W_J02_045460_2601_XN_80N114W,G:\crater_flux_output_folders\output_-115_-110_50_85\B22_018269_2587_XN_78N111W_J02_045460_2601_XN_80N114W,output_-115_-110_50_85,79.6481,79.8343,114.5004,0.0
B22_018269_2587_XN_78N111W_J02_045552_2601_XN_80N114W,G:\crater_flux_output_folders\output_-115_-110_50_85\B22_018269_2587_XN_78N111W_J02_045552_2601_XN_80N114W,output_-115_-110_50_85,79.572,79.8419,194.2237,0.0
B22_018269_2587_XN_78N111W_J16_051103_2596_XN_79N110W,G:\crater_flux_output_folders\output_-115_-110_50_85\B22_018269_2587_XN_78N111W_J16_051103_2596_XN_79N110W,output_-115_-110_50_85,79.0242,79.848,431.2939,0.0
B22_018361_2652_XN_85N118W_G02_018810_2652_XN_85N118W,G:\crater_flux_output_folders\output_-115_-110_50_85\B22_018361_2652_XN_85N118W_G02_018810_2652_XN_85N118W,output_-115_-110_50_85,84.9423,85.0001,9.6348,0.0
B22_018361_2652_XN_85N118W_G16_024479_2634_XN_83N102W,G:\crater_flux_output_folders\output_-115_-110_50_85\B22_018361_2652_XN_85N118W_G16_024479_2634_XN_83N102W,output_-115_-110_50_85,84.9423,85.0001,9.8235,0.0
B22_018361_2652_XN_85N118W_G15_024242_2631_XI_83N107W,G:\crater_flux_output_folders\output_-115_-110_50_85\B22_018361_2652_XN_85N118W_G15_024242_2631_XI_83N107W,output_-115_-110_50_85,84.9423,85.0001,9.8235,0.0
B22_018361_2652_XN_85N118W_G17_024901_2629_XI_82N104W,G:\crater_flux_output_folders\output_-115_-110_50_85\B22_018361_2652_XN_85N118W_G17_024901_2629_XI_82N104W,output_-115_-110_50_85,84.9423,85.0001,9.8235,0.0
B22_018361_2652_XN_85N118W_G18_025336_2665_XI_86N129W,G:\crater_flux_output_folders\output_-115_-110_50_85\B22_018361_2652_XN_85N118W_G18_025336_2665_XI_86N129W,output_-115_-110_50_85,84.9423,85.0001,9.8235,0.0
B22_018361_2652_XN_85N118W_G20_025877_2652_XI_85N117W,G:\crater_flux_output_folders\output_-115_-110_50_85\B22_018361_2652_XN_85N118W_G20_025877_2652_XI_85N117W,output_-115_-110_50_85,84.9423,85.0001,8.0194,0.0
B22_018361_2652_XN_85N118W_F01_036373_2652_XN_85N113W,G:\crater_flux_output_folders\output_-115_-110_50_85\B22_018361_2652_XN_85N118W_F01_036373_2652_XN_85N113W,output_-115_-110_50_85,84.9423,85.0001,9.8235,0.0
B22_018361_2652_XN_85N118W_F01_036294_2649_XN_84N112W,G:\crater_flux_output_folders\output_-115_-110_50_85\B22_018361_2652_XN_85N118W_F01_036294_2649_XN_84N112W,output_-115_-110_50_85,84.9423,85.0001,9.8235,0.0
G02_018968_2598_XN_79N113W_G01_018414_2598_XN_79N111W,G:\crater_flux_output_folders\output_-115_-110_50_85\G02_018968_2598_XN_79N113W_G01_018414_2598_XN_79N111W,output_-115_-110_50_85,79.5507,79.975,215.6352,0.0
G02_018968_2598_XN_79N113W_G01_018435_2801_XN_79N115W,G:\crater_flux_output_folders\output_-115_-110_50_85\G02_018968_2598_XN_79N113W_G01_018435_2801_XN_79N115W,output_-115_-110_50_85,79.7573,79.9355,21.452,0.0
G02_018968_2598_XN_79N113W_G01_018448_2798_XN_80N111W,G:\crater_flux_output_folders\output_-115_-110_50_85\G02_018968_2598_XN_79N113W_G01_018448_2798_XN_80N111W,output_-115_-110_50_85,79.8702,79.975,28.8883,0.0
G02_018968_2598_XN_79N113W_G03_019337_2601_XN_80N114W,G:\crater_flux_output_folders\output_-115_-110_50_85\G02_018968_2598_XN_79N113W_G03_019337_2601_XN_80N114W,output_-115_-110_50_85,79.693,79.9604,157.7884,0.0
G02_018968_2598_XN_79N113W_D01_027494_2798_XN_80N111W,G:\crater_flux_output_folders\output_-115_-110_50_85\G02_018968_2598_XN_79N113W_D01_027494_2798_XN_80N111W,output_-115_-110_50_85,79.8792,79.975,26.6597,0.0
G02_018968_2598_XN_79N113W_D01_027639_2806_XN_79N114W,G:\crater_flux_output_folders\output_-115_-110_50_85\G02_018968_2598_XN_79N113W_D01_027639_2806_XN_79N114W,output_-115_-110_50_85,79.52,79.708,90.7659,0.0
G02_018968_2598_XN_79N113W_D01_027671_2597_XN_79N112W,G:\crater_flux_output_folders\output_-115_-110_50_85\G02_018968_2598_XN_79N113W_D01_027671_2597_XN_79N112W,output_-115_-110_50_85,79.52,79.9221,325.3333,0.0
G02_018968_2598_XN_79N113W_D01_027473_2593_XN_79N113W,G:\crater_flux_output_folders\output_-115_-110_50_85\G02_018968_2598_XN_79N113W_D01_027473_2593_XN_79N113W,output_-115_-110_50_85,79.52,79.631,35.7824,0.0
G02_018968_2598_XN_79N113W_D22_035912_2597_XN_79N112W,G:\crater_flux_output_folders\output_-115_-110_50_85\G02_018968_2598_XN_79N113W_D22_035912_2597_XN_79N112W,output_-115_-110_50_85,79.52,79.975,367.8408,0.0
G02_018968_2598_XN_79N113W_D22_035899_2593_XN_79N113W,G:\crater_flux_output_folders\output_-115_-110_50_85\G02_018968_2598_XN_79N113W_D22_035899_2593_XN_79N113W,output_-115_-110_50_85,79.52,79.631,39.0673,0.0
G02_018968_2598_XN_79N113W_F23_044919_2594_XN_79N114W,G:\crater_flux_output_folders\output_-115_-110_50_85\G02_018968_2598_XN_79N113W_F23_044919_2594_XN_79N114W,output_-115_-110_50_85,79.52,79.732,31.2957,0.0
G02_018968_2598_XN_79N113W_F23_044932_2597_XN_79N112W,G:\crater_flux_output_folders\output_-115_-110_50_85\G02_018968_2598_XN_79N113W_F23_044932_2597_XN_79N112W,output_-115_-110_50_85,79.52,79.9683,353.0651,0.0
G02_018968_2598_XN_79N113W_F23_044866_2601_XN_80N112W,G:\crater_flux_output_folders\output_-115_-110_50_85\G02_018968_2598_XN_79N113W_F23_044866_2601_XN_80N112W,output_-115_-110_50_85,79.59,79.975,186.8121,0.0
G02_018968_2598_XN_79N113W_J02_045460_2601_XN_80N114W,G:\crater_flux_output_folders\output_-115_-110_50_85\G02_018968_2598_XN_79N113W_J02_045460_2601_XN_80N114W,output_-115_-110_50_85,79.6622,79.9549,152.3911,0.0
G02_018968_2598_XN_79N113W_J02_045552_2601_XN_80N114W,G:\crater_flux_output_folders\output_-115_-110_50_85\G02_018968_2598_XN_79N113W_J02_045552_2601_XN_80N114W,output_-115_-110_50_85,79.5953,79.957,218.9683,0.0
G02_018968_2598_XN_79N113W_J16_051103_2596_XN_79N110W,G:\crater_flux_output_folders\output_-115_-110_50_85\G02_018968_2598_XN_79N113W_J16_051103_2596_XN_79N110W,output_-115_-110_50_85,79.7902,79.7928,0.0014,0.0
G02_018810_2652_XN_85N118W_G16_024479_2634_XN_83N102W,G:\crater_flux_output_folders\output_-115_-110_50_85\G02_018810_2652_XN_85N118W_G16_024479_2634_XN_83N102W,output_-115_-110_50_85,84.8928,85.0001,34.2425,0.0
G02_018810_2652_XN_85N118W_G15_024242_2631_XI_83N107W,G:\crater_flux_output_folders\output_-115_-110_50_85\G02_018810_2652_XN_85N118W_G15_024242_2631_XI_83N107W,output_-115_-110_50_85,84.8928,85.0001,34.2425,0.0
G02_018810_2652_XN_85N118W_G17_024901_2629_XI_82N104W,G:\crater_flux_output_folders\output_-115_-110_50_85\G02_018810_2652_XN_85N118W_G17_024901_2629_XI_82N104W,output_-115_-110_50_85,84.8928,85.0001,34.2425,0.0
G02_018810_2652_XN_85N118W_G18_025336_2665_XI_86N129W,G:\crater_flux_output_folders\output_-115_-110_50_85\G02_018810_2652_XN_85N118W_G18_025336_2665_XI_86N129W,output_-115_-110_50_85,84.9044,85.0001,29.7879,0.0
G02_018810_2652_XN_85N118W_G20_025877_2652_XI_85N117W,G:\crater_flux_output_folders\output_-115_-110_50_85\G02_018810_2652_XN_85N118W_G20_025877_2652_XI_85N117W,output_-115_-110_50_85,84.8928,85.0001,29.1365,0.0
G02_018810_2652_XN_85N118W_F01_036373_2652_XN_85N113W,G:\crater_flux_output_folders\output_-115_-110_50_85\G02_018810_2652_XN_85N118W_F01_036373_2652_XN_85N113W,output_-115_-110_50_85,84.8934,85.0001,34.2414,0.0
G02_018810_2652_XN_85N118W_F01_036294_2649_XN_84N112W,G:\crater_flux_output_folders\output_-115_-110_50_85\G02_018810_2652_XN_85N118W_F01_036294_2649_XN_84N112W,output_-115_-110_50_85,84.8928,85.0001,34.2425,0.0
B22_018401_2600_XN_80N116W_G01_018435_2801_XN_79N115W,G:\crater_flux_output_folders\output_-115_-110_50_85\B22_018401_2600_XN_80N116W_G01_018435_2801_XN_79N115W,output_-115_-110_50_85,79.6836,79.9441,30.5268,0.0
B22_018401_2600_XN_80N116W_G03_019337_2601_XN_80N114W,G:\crater_flux_output_folders\output_-115_-110_50_85\B22_018401_2600_XN_80N116W_G03_019337_2601_XN_80N114W,output_-115_-110_50_85,79.6836,79.9441,30.5268,0.0
B22_018401_2600_XN_80N116W_D01_027639_2806_XN_79N114W,G:\crater_flux_output_folders\output_-115_-110_50_85\B22_018401_2600_XN_80N116W_D01_027639_2806_XN_79N114W,output_-115_-110_50_85,79.6836,79.7697,14.653,0.0
B22_018401_2600_XN_80N116W_G22_026893_2596_XN_79N115W,G:\crater_flux_output_folders\output_-115_-110_50_85\B22_018401_2600_XN_80N116W_G22_026893_2596_XN_79N115W,output_-115_-110_50_85,79.6836,79.9441,30.5268,0.0
B22_018401_2600_XN_80N116W_F02_036598_2595_XN_79N114W,G:\crater_flux_output_folders\output_-115_-110_50_85\B22_018401_2600_XN_80N116W_F02_036598_2595_XN_79N114W,output_-115_-110_50_85,79.6836,79.8109,21.2832,0.0
B22_018401_2600_XN_80N116W_J02_045460_2601_XN_80N114W,G:\crater_flux_output_folders\output_-115_-110_50_85\B22_018401_2600_XN_80N116W_J02_045460_2601_XN_80N114W,output_-115_-110_50_85,79.6836,79.9441,30.5268,0.0
B22_018401_2600_XN_80N116W_J02_045552_2601_XN_80N114W,G:\crater_flux_output_folders\output_-115_-110_50_85\B22_018401_2600_XN_80N116W_J02_045552_2601_XN_80N114W,output_-115_-110_50_85,79.6836,79.9441,30.5268,0.0
G01_018414_2598_XN_79N111W_G01_018448_2798_XN_80N111W,G:\crater_flux_output_folders\output_-115_-110_50_85\G01_018414_2598_XN_79N111W_G01_018448_2798_XN_80N111W,output_-115_-110_50_85,79.762,80.096,347.1908,0.0
G01_018414_2598_XN_79N111W_G03_019337_2601_XN_80N114W,G:\crater_flux_output_folders\output_-115_-110_50_85\G01_018414_2598_XN_79N111W_G03_019337_2601_XN_80N114W,output_-115_-110_50_85,79.7355,79.9723,78.2088,0.0
G01_018414_2598_XN_79N111W_G16_024585_2595_XN_79N110W,G:\crater_flux_output_folders\output_-110_-100_60_85\G01_018414_2598_XN_79N111W_G16_024585_2595_XN_79N110W,output_-115_-110_50_85,79.501,79.8248,15.261,0.0
G01_018414_2598_XN_79N111W_G18_025363_2615_XN_81N112W,G:\crater_flux_output_folders\output_-115_-110_50_85\G01_018414_2598_XN_79N111W_G18_025363_2615_XN_81N112W,output_-115_-110_50_85,79.965,80.096,18.0914,0.0
G01_018414_2598_XN_79N111W_D01_027494_2798_XN_80N111W,G:\crater_flux_output_folders\output_-115_-110_50_85\G01_018414_2598_XN_79N111W_D01_027494_2798_XN_80N111W,output_-115_-110_50_85,79.752,80.096,347.3155,0.0
G01_018414_2598_XN_79N111W_D01_027639_2806_XN_79N114W,G:\crater_flux_output_folders\output_-115_-110_50_85\G01_018414_2598_XN_79N111W_D01_027639_2806_XN_79N114W,output_-115_-110_50_85,79.4909,79.6686,28.3753,0.0
G01_018414_2598_XN_79N111W_D01_027407_2600_XN_80N110W,G:\crater_flux_output_folders\output_-115_-110_50_85\G01_018414_2598_XN_79N111W_D01_027407_2600_XN_80N110W,output_-115_-110_50_85,79.5386,80.096,422.3194,0.0
G01_018414_2598_XN_79N111W_D01_027671_2597_XN_79N112W,G:\crater_flux_output_folders\output_-115_-110_50_85\G01_018414_2598_XN_79N111W_D01_027671_2597_XN_79N112W,output_-115_-110_50_85,79.459,79.965,519.6861,0.0
G01_018414_2598_XN_79N111W_D01_027697_2604_XN_80N110W,G:\crater_flux_output_folders\output_-115_-110_50_85\G01_018414_2598_XN_79N111W_D01_027697_2604_XN_80N110W,output_-115_-110_50_85,79.853,80.096,94.6961,0.0
G01_018414_2598_XN_79N111W_D01_027473_2593_XN_79N113W,G:\crater_flux_output_folders\output_-115_-110_50_85\G01_018414_2598_XN_79N111W_D01_027473_2593_XN_79N113W,output_-115_-110_50_85,79.459,79.631,59.2699,0.0
G01_018414_2598_XN_79N111W_D21_035266_2595_XN_79N110W,G:\crater_flux_output_folders\output_-115_-110_50_85\G01_018414_2598_XN_79N111W_D21_035266_2595_XN_79N110W,output_-115_-110_50_85,79.5018,79.8017,262.5162,0.0
G01_018414_2598_XN_79N111W_D22_035912_2597_XN_79N112W,G:\crater_flux_output_folders\output_-115_-110_50_85\G01_018414_2598_XN_79N111W_D22_035912_2597_XN_79N112W,output_-115_-110_50_85,79.459,80.0352,601.7662,0.0
G01_018414_2598_XN_79N111W_D22_035899_2593_XN_79N113W,G:\crater_flux_output_folders\output_-115_-110_50_85\G01_018414_2598_XN_79N111W_D22_035899_2593_XN_79N113W,output_-115_-110_50_85,79.459,79.631,61.2172,0.0
G01_018414_2598_XN_79N111W_F23_044932_2597_XN_79N112W,G:\crater_flux_output_folders\output_-115_-110_50_85\G01_018414_2598_XN_79N111W_F23_044932_2597_XN_79N112W,output_-115_-110_50_85,79.459,80.025,577.9734,0.0
G01_018414_2598_XN_79N111W_F23_044866_2601_XN_80N112W,G:\crater_flux_output_folders\output_-115_-110_50_85\G01_018414_2598_XN_79N111W_F23_044866_2601_XN_80N112W,output_-115_-110_50_85,79.59,80.096,668.3223,0.0
G01_018414_2598_XN_79N111W_J02_045460_2601_XN_80N114W,G:\crater_flux_output_folders\output_-115_-110_50_85\G01_018414_2598_XN_79N111W_J02_045460_2601_XN_80N114W,output_-115_-110_50_85,79.6854,79.9659,54.0654,0.0
G01_018414_2598_XN_79N111W_J02_045552_2601_XN_80N114W,G:\crater_flux_output_folders\output_-115_-110_50_85\G01_018414_2598_XN_79N111W_J02_045552_2601_XN_80N114W,output_-115_-110_50_85,79.6357,79.9683,95.2309,0.0
G01_018414_2598_XN_79N111W_J16_051103_2596_XN_79N110W,G:\crater_flux_output_folders\output_-110_-100_60_85\G01_018414_2598_XN_79N111W_J16_051103_2596_XN_79N110W,output_-115_-110_50_85,79.5009,79.9082,15.261,0.0
G01_018435_2801_XN_79N115W_G03_019337_2601_XN_80N114W,G:\crater_flux_output_folders\output_-115_-110_50_85\G01_018435_2801_XN_79N115W_G03_019337_2601_XN_80N114W,output_-115_-110_50_85,79.6111,80.2377,494.8028,0.0
G01_018435_2801_XN_79N115W_G03_019469_2593_XN_79N114W,G:\crater_flux_output_folders\output_-115_-110_50_85\G01_018435_2801_XN_79N115W_G03_019469_2593_XN_79N114W,output_-115_-110_50_85,79.459,79.4672,0.1478,0.0
G01_018435_2801_XN_79N115W_D01_027639_2806_XN_79N114W,G:\crater_flux_output_folders\output_-115_-110_50_85\G01_018435_2801_XN_79N115W_D01_027639_2806_XN_79N114W,output_-115_-110_50_85,79.459,79.7697,153.5893,0.0
G01_018435_2801_XN_79N115W_D01_027671_2597_XN_79N112W,G:\crater_flux_output_folders\output_-115_-110_50_85\G01_018435_2801_XN_79N115W_D01_027671_2597_XN_79N112W,output_-115_-110_50_85,79.6131,79.8751,57.8335,0.0
G01_018435_2801_XN_79N115W_D01_027473_2593_XN_79N113W,G:\crater_flux_output_folders\output_-115_-110_50_85\G01_018435_2801_XN_79N115W_D01_027473_2593_XN_79N113W,output_-115_-110_50_85,79.459,79.5037,5.0378,0.0
G01_018435_2801_XN_79N115W_G22_026893_2596_XN_79N115W,G:\crater_flux_output_folders\output_-115_-110_50_85\G01_018435_2801_XN_79N115W_G22_026893_2596_XN_79N115W,output_-115_-110_50_85,79.459,79.975,238.2993,0.0
G01_018435_2801_XN_79N115W_F02_036598_2595_XN_79N114W,G:\crater_flux_output_folders\output_-115_-110_50_85\G01_018435_2801_XN_79N115W_F02_036598_2595_XN_79N114W,output_-115_-110_50_85,79.459,79.853,212.9613,0.0
G01_018435_2801_XN_79N115W_D22_035912_2597_XN_79N112W,G:\crater_flux_output_folders\output_-115_-110_50_85\G01_018435_2801_XN_79N115W_D22_035912_2597_XN_79N112W,output_-115_-110_50_85,79.609,79.9188,89.8641,0.0
G01_018435_2801_XN_79N115W_D22_035899_2593_XN_79N113W,G:\crater_flux_output_folders\output_-115_-110_50_85\G01_018435_2801_XN_79N115W_D22_035899_2593_XN_79N113W,output_-115_-110_50_85,79.459,79.5183,9.7513,0.0
G01_018435_2801_XN_79N115W_F23_044919_2594_XN_79N114W,G:\crater_flux_output_folders\output_-115_-110_50_85\G01_018435_2801_XN_79N115W_F23_044919_2594_XN_79N114W,output_-115_-110_50_85,79.459,79.7075,107.1012,0.0
G01_018435_2801_XN_79N115W_F23_044932_2597_XN_79N112W,G:\crater_flux_output_folders\output_-115_-110_50_85\G01_018435_2801_XN_79N115W_F23_044932_2597_XN_79N112W,output_-115_-110_50_85,79.6132,79.8982,74.7411,0.0
G01_018435_2801_XN_79N115W_F23_044866_2601_XN_80N112W,G:\crater_flux_output_folders\output_-115_-110_50_85\G01_018435_2801_XN_79N115W_F23_044866_2601_XN_80N112W,output_-115_-110_50_85,79.9383,80.187,61.9361,0.0
G01_018435_2801_XN_79N115W_J02_045460_2601_XN_80N114W,G:\crater_flux_output_folders\output_-115_-110_50_85\G01_018435_2801_XN_79N115W_J02_045460_2601_XN_80N114W,output_-115_-110_50_85,79.6191,80.2377,500.27,0.0
G01_018435_2801_XN_79N115W_J02_045552_2601_XN_80N114W,G:\crater_flux_output_folders\output_-115_-110_50_85\G01_018435_2801_XN_79N115W_J02_045552_2601_XN_80N114W,output_-115_-110_50_85,79.515,80.2377,552.5858,0.0
G01_018448_2798_XN_80N111W_G03_019337_2601_XN_80N114W,G:\crater_flux_output_folders\output_-115_-110_50_85\G01_018448_2798_XN_80N111W_G03_019337_2601_XN_80N114W,output_-115_-110_50_85,79.8872,79.9946,9.9746,0.0
G01_018448_2798_XN_80N111W_G16_024585_2595_XN_79N110W,G:\crater_flux_output_folders\output_-115_-110_50_85\G01_018448_2798_XN_80N111W_G16_024585_2595_XN_79N110W,output_-115_-110_50_85,79.762,79.8287,10.706,0.0
G01_018448_2798_XN_80N111W_G18_025363_2615_XN_81N112W,G:\crater_flux_output_folders\output_-115_-110_50_85\G01_018448_2798_XN_80N111W_G18_025363_2615_XN_81N112W,output_-115_-110_50_85,79.965,80.592,420.9197,0.0
G01_018448_2798_XN_80N111W_D01_027494_2798_XN_80N111W,G:\crater_flux_output_folders\output_-115_-110_50_85\G01_018448_2798_XN_80N111W_D01_027494_2798_XN_80N111W,output_-115_-110_50_85,79.7701,80.5872,1110.4816,0.0
G01_018448_2798_XN_80N111W_D01_027407_2600_XN_80N110W,G:\crater_flux_output_folders\output_-110_-100_60_85\G01_018448_2798_XN_80N111W_D01_027407_2600_XN_80N110W,output_-115_-110_50_85,79.762,80.2847,113.1141,0.0
G01_018448_2798_XN_80N111W_D01_027671_2597_XN_79N112W,G:\crater_flux_output_folders\output_-115_-110_50_85\G01_018448_2798_XN_80N111W_D01_027671_2597_XN_79N112W,output_-115_-110_50_85,79.8137,79.965,74.9259,0.0
G01_018448_2798_XN_80N111W_D01_027697_2604_XN_80N110W,G:\crater_flux_output_folders\output_-115_-110_50_85\G01_018448_2798_XN_80N111W_D01_027697_2604_XN_80N110W,output_-115_-110_50_85,79.853,80.5642,626.7419,0.0
G01_018448_2798_XN_80N111W_D21_035266_2595_XN_79N110W,G:\crater_flux_output_folders\output_-115_-110_50_85\G01_018448_2798_XN_80N111W_D21_035266_2595_XN_79N110W,output_-115_-110_50_85,79.762,79.8009,4.0197,0.0
G01_018448_2798_XN_80N111W_D22_035912_2597_XN_79N112W,G:\crater_flux_output_folders\output_-115_-110_50_85\G01_018448_2798_XN_80N111W_D22_035912_2597_XN_79N112W,output_-115_-110_50_85,79.8151,80.045,132.6835,0.0
G01_018448_2798_XN_80N111W_F23_044932_2597_XN_79N112W,G:\crater_flux_output_folders\output_-115_-110_50_85\G01_018448_2798_XN_80N111W_F23_044932_2597_XN_79N112W,output_-115_-110_50_85,79.8155,80.025,115.4053,0.0
G01_018448_2798_XN_80N111W_F23_044866_2601_XN_80N112W,G:\crater_flux_output_folders\output_-115_-110_50_85\G01_018448_2798_XN_80N111W_F23_044866_2601_XN_80N112W,output_-115_-110_50_85,79.762,80.45,788.891,0.0
G01_018448_2798_XN_80N111W_J02_045460_2601_XN_80N114W,G:\crater_flux_output_folders\output_-115_-110_50_85\G01_018448_2798_XN_80N111W_J02_045460_2601_XN_80N114W,output_-115_-110_50_85,79.8985,79.95,1.6188,0.0
G01_018448_2798_XN_80N111W_J02_045552_2601_XN_80N114W,G:\crater_flux_output_folders\output_-115_-110_50_85\G01_018448_2798_XN_80N111W_J02_045552_2601_XN_80N114W,output_-115_-110_50_85,79.8929,79.9694,4.7011,0.0
G01_018448_2798_XN_80N111W_J16_051103_2596_XN_79N110W,G:\crater_flux_output_folders\output_-115_-110_50_85\G01_018448_2798_XN_80N111W_J16_051103_2596_XN_79N110W,output_-115_-110_50_85,79.762,79.9194,72.8292,0.0
G03_019337_2601_XN_80N114W_G16_024348_2627_XN_82N122W,G:\crater_flux_output_folders\output_-115_-110_50_85\G03_019337_2601_XN_80N114W_G16_024348_2627_XN_82N122W,output_-115_-110_50_85,80.2975,80.3013,0.012,0.0
G03_019337_2601_XN_80N114W_D01_027494_2798_XN_80N111W,G:\crater_flux_output_folders\output_-115_-110_50_85\G03_019337_2601_XN_80N114W_D01_027494_2798_XN_80N111W,output_-115_-110_50_85,79.9023,80.0457,17.9018,0.0
G03_019337_2601_XN_80N114W_D01_027639_2806_XN_79N114W,G:\crater_flux_output_folders\output_-115_-110_50_85\G03_019337_2601_XN_80N114W_D01_027639_2806_XN_79N114W,output_-115_-110_50_85,79.6111,79.7697,68.9762,0.0
G03_019337_2601_XN_80N114W_D01_027671_2597_XN_79N112W,G:\crater_flux_output_folders\output_-115_-110_50_85\G03_019337_2601_XN_80N114W_D01_027671_2597_XN_79N112W,output_-115_-110_50_85,79.6658,79.9088,173.481,0.0
G03_019337_2601_XN_80N114W_G22_026893_2596_XN_79N115W,G:\crater_flux_output_folders\output_-115_-110_50_85\G03_019337_2601_XN_80N114W_G22_026893_2596_XN_79N115W,output_-115_-110_50_85,79.6111,79.975,151.3692,0.0
G03_019337_2601_XN_80N114W_F02_036598_2595_XN_79N114W,G:\crater_flux_output_folders\output_-115_-110_50_85\G03_019337_2601_XN_80N114W_F02_036598_2595_XN_79N114W,output_-115_-110_50_85,79.6111,79.853,128.8932,0.0
G03_019337_2601_XN_80N114W_D22_035912_2597_XN_79N112W,G:\crater_flux_output_folders\output_-115_-110_50_85\G03_019337_2601_XN_80N114W_D22_035912_2597_XN_79N112W,output_-115_-110_50_85,79.6622,79.9635,226.9705,0.0
G03_019337_2601_XN_80N114W_F23_044919_2594_XN_79N114W,G:\crater_flux_output_folders\output_-115_-110_50_85\G03_019337_2601_XN_80N114W_F23_044919_2594_XN_79N114W,output_-115_-110_50_85,79.6111,79.732,25.9135,0.0
G03_019337_2601_XN_80N114W_F23_044932_2597_XN_79N112W,G:\crater_flux_output_folders\output_-115_-110_50_85\G03_019337_2601_XN_80N114W_F23_044932_2597_XN_79N112W,output_-115_-110_50_85,79.6636,79.9456,204.342,0.0
G03_019337_2601_XN_80N114W_F23_044866_2601_XN_80N112W,G:\crater_flux_output_folders\output_-115_-110_50_85\G03_019337_2601_XN_80N114W_F23_044866_2601_XN_80N112W,output_-115_-110_50_85,79.7388,80.2941,212.5059,0.0
G03_019337_2601_XN_80N114W_J02_045460_2601_XN_80N114W,G:\crater_flux_output_folders\output_-115_-110_50_85\G03_019337_2601_XN_80N114W_J02_045460_2601_XN_80N114W,output_-115_-110_50_85,79.6191,80.44,822.4759,0.0
G03_019337_2601_XN_80N114W_J02_045552_2601_XN_80N114W,G:\crater_flux_output_folders\output_-115_-110_50_85\G03_019337_2601_XN_80N114W_J02_045552_2601_XN_80N114W,output_-115_-110_50_85,79.6111,80.44,838.8644,0.0
G03_019469_2593_XN_79N114W_D01_027639_2806_XN_79N114W,G:\crater_flux_output_folders\output_-115_-110_50_85\G03_019469_2593_XN_79N114W_D01_027639_2806_XN_79N114W,output_-115_-110_50_85,79.0218,79.479,328.1147,0.0
G03_019469_2593_XN_79N114W_D01_027473_2593_XN_79N113W,G:\crater_flux_output_folders\output_-115_-110_50_85\G03_019469_2593_XN_79N114W_D01_027473_2593_XN_79N113W,output_-115_-110_50_85,79.048,79.479,219.5282,0.0
G03_019469_2593_XN_79N114W_G22_026893_2596_XN_79N115W,G:\crater_flux_output_folders\output_-115_-110_50_85\G03_019469_2593_XN_79N114W_G22_026893_2596_XN_79N115W,output_-115_-110_50_85,79.2174,79.479,152.0833,0.0
G03_019469_2593_XN_79N114W_F02_036598_2595_XN_79N114W,G:\crater_flux_output_folders\output_-115_-110_50_85\G03_019469_2593_XN_79N114W_F02_036598_2595_XN_79N114W,output_-115_-110_50_85,79.0637,79.479,281.8977,0.0
G03_019469_2593_XN_79N114W_D22_035899_2593_XN_79N113W,G:\crater_flux_output_folders\output_-115_-110_50_85\G03_019469_2593_XN_79N114W_D22_035899_2593_XN_79N113W,output_-115_-110_50_85,79.0476,79.479,212.877,0.0
G03_019469_2593_XN_79N114W_F23_044919_2594_XN_79N114W,G:\crater_flux_output_folders\output_-115_-110_50_85\G03_019469_2593_XN_79N114W_F23_044919_2594_XN_79N114W,output_-115_-110_50_85,79.014,79.479,328.8057,0.0
G17_024941_2625_XN_82N114W_G16_024374_2631_XN_83N111W,G:\crater_flux_output_folders\output_-115_-110_50_85\G17_024941_2625_XN_82N114W_G16_024374_2631_XN_83N111W,output_-115_-110_50_85,82.0533,83.029,907.0441,0.0
G17_024941_2625_XN_82N114W_G17_024730_2617_XN_81N110W,G:\crater_flux_output_folders\output_-115_-110_50_85\G17_024941_2625_XN_82N114W_G17_024730_2617_XN_81N110W,output_-115_-110_50_85,82.031,82.9469,911.4798,0.0
G17_024941_2625_XN_82N114W_G18_025442_2625_XN_82N114W,G:\crater_flux_output_folders\output_-115_-110_50_85\G17_024941_2625_XN_82N114W_G18_025442_2625_XN_82N114W,output_-115_-110_50_85,81.9859,83.019,1041.6859,0.0
G17_024941_2625_XN_82N114W_G18_025231_2625_XN_82N114W,G:\crater_flux_output_folders\output_-115_-110_50_85\G17_024941_2625_XN_82N114W_G18_025231_2625_XN_82N114W,output_-115_-110_50_85,81.9844,83.019,1042.187,0.0
G17_024941_2625_XN_82N114W_G18_025363_2615_XN_81N112W,G:\crater_flux_output_folders\output_-115_-110_50_85\G17_024941_2625_XN_82N114W_G18_025363_2615_XN_81N112W,output_-115_-110_50_85,81.9802,82.918,876.1704,0.0
G17_024941_2625_XN_82N114W_G19_025574_2626_XN_82N114W,G:\crater_flux_output_folders\output_-115_-110_50_85\G17_024941_2625_XN_82N114W_G19_025574_2626_XN_82N114W,output_-115_-110_50_85,82.0213,83.029,973.2093,0.0
G17_024941_2625_XN_82N114W_D01_027763_2627_XN_82N115W,G:\crater_flux_output_folders\output_-115_-110_50_85\G17_024941_2625_XN_82N114W_D01_027763_2627_XN_82N115W,output_-115_-110_50_85,82.2904,83.0267,581.6075,0.0
G17_024941_2625_XN_82N114W_G23_027051_2628_XN_82N112W,G:\crater_flux_output_folders\output_-115_-110_50_85\G17_024941_2625_XN_82N114W_G23_027051_2628_XN_82N112W,output_-115_-110_50_85,82.442,82.9888,376.735,0.0
G17_024954_2650_XN_85N120W_G16_024479_2634_XN_83N102W,G:\crater_flux_output_folders\output_-115_-110_50_85\G17_024954_2650_XN_85N120W_G16_024479_2634_XN_83N102W,output_-115_-110_50_85,84.604,84.6496,1.6889,0.0
G17_024954_2650_XN_85N120W_G15_024242_2631_XI_83N107W,G:\crater_flux_output_folders\output_-115_-110_50_85\G17_024954_2650_XN_85N120W_G15_024242_2631_XI_83N107W,output_-115_-110_50_85,84.604,84.6496,1.6889,0.0
G17_024954_2650_XN_85N120W_G17_024901_2629_XI_82N104W,G:\crater_flux_output_folders\output_-115_-110_50_85\G17_024954_2650_XN_85N120W_G17_024901_2629_XI_82N104W,output_-115_-110_50_85,84.604,84.6496,1.6889,0.0
G17_024954_2650_XN_85N120W_G18_025389_2650_XN_85N120W,G:\crater_flux_output_folders\output_-115_-110_50_85\G17_024954_2650_XN_85N120W_G18_025389_2650_XN_85N120W,output_-115_-110_50_85,84.616,84.6496,0.8993,0.0
G17_024954_2650_XN_85N120W_G20_025877_2652_XI_85N117W,G:\crater_flux_output_folders\output_-115_-110_50_85\G17_024954_2650_XN_85N120W_G20_025877_2652_XI_85N117W,output_-115_-110_50_85,84.604,84.6496,1.6889,0.0
G17_024954_2650_XN_85N120W_G19_025587_2650_XN_85N120W,G:\crater_flux_output_folders\output_-115_-110_50_85\G17_024954_2650_XN_85N120W_G19_025587_2650_XN_85N120W,output_-115_-110_50_85,84.604,84.6134,0.0695,0.0
G17_024954_2650_XN_85N120W_D18_034079_2649_XN_84N119W,G:\crater_flux_output_folders\output_-115_-110_50_85\G17_024954_2650_XN_85N120W_D18_034079_2649_XN_84N119W,output_-115_-110_50_85,84.604,84.6405,1.0208,0.0
G17_024954_2650_XN_85N120W_D19_034501_2649_XN_84N119W,G:\crater_flux_output_folders\output_-115_-110_50_85\G17_024954_2650_XN_85N120W_D19_034501_2649_XN_84N119W,output_-115_-110_50_85,84.604,84.6044,0.0001,0.0
G17_024703_2633_XN_83N098W_G16_024479_2634_XN_83N102W,G:\crater_flux_output_folders\output_-110_-100_60_85\G17_024703_2633_XN_83N098W_G16_024479_2634_XN_83N102W,output_-115_-110_50_85,84.565,85.0001,0.4723,0.0
G17_024703_2633_XN_83N098W_G18_025336_2665_XI_86N129W,G:\crater_flux_output_folders\output_-115_-110_50_85\G17_024703_2633_XN_83N098W_G18_025336_2665_XI_86N129W,output_-115_-110_50_85,84.769,85.0001,18.0593,0.0
G17_024703_2633_XN_83N098W_D15_032905_2644_XN_84N107W,G:\crater_flux_output_folders\output_-110_-100_60_85\G17_024703_2633_XN_83N098W_D15_032905_2644_XN_84N107W,output_-115_-110_50_85,84.565,84.6611,544.9517,0.0
G17_024703_2633_XN_83N098W_D19_034672_2644_XN_84N107W,G:\crater_flux_output_folders\output_-110_-100_60_85\G17_024703_2633_XN_83N098W_D19_034672_2644_XN_84N107W,output_-115_-110_50_85,84.565,84.6667,552.2588,0.0
G17_024703_2633_XN_83N098W_D20_035173_2644_XN_84N107W,G:\crater_flux_output_folders\output_-110_-100_60_85\G17_024703_2633_XN_83N098W_D20_035173_2644_XN_84N107W,output_-115_-110_50_85,84.565,84.6064,547.1954,0.0
G17_024703_2633_XN_83N098W_D21_035529_2646_XN_84N109W,G:\crater_flux_output_folders\output_-110_-100_60_85\G17_024703_2633_XN_83N098W_D21_035529_2646_XN_84N109W,output_-115_-110_50_85,84.565,84.9826,211.8236,0.0
G17_024703_2633_XN_83N098W_F01_036373_2652_XN_85N113W,G:\crater_flux_output_folders\output_-110_-100_60_85\G17_024703_2633_XN_83N098W_F01_036373_2652_XN_85N113W,output_-115_-110_50_85,84.7073,85.0001,115.8808,0.0
G17_024703_2633_XN_83N098W_D22_035951_2644_XN_84N107W,G:\crater_flux_output_folders\output_-110_-100_60_85\G17_024703_2633_XN_83N098W_D22_035951_2644_XN_84N107W,output_-115_-110_50_85,84.565,84.6033,537.4049,0.0
G17_024703_2633_XN_83N098W_D22_035595_2645_XN_84N108W,G:\crater_flux_output_folders\output_-110_-100_60_85\G17_024703_2633_XN_83N098W_D22_035595_2645_XN_84N108W,output_-115_-110_50_85,84.565,84.8126,376.8285,0.0
G17_024703_2633_XN_83N098W_F01_036294_2649_XN_84N112W,G:\crater_flux_output_folders\output_-110_-100_60_85\G17_024703_2633_XN_83N098W_F01_036294_2649_XN_84N112W,output_-115_-110_50_85,84.565,85.0001,132.8585,0.0
G17_024703_2633_XN_83N098W_F03_037085_2645_XN_84N107W,G:\crater_flux_output_folders\output_-110_-100_60_85\G17_024703_2633_XN_83N098W_F03_037085_2645_XN_84N107W,output_-115_-110_50_85,84.565,85.0001,803.8251,0.0
G17_024703_2633_XN_83N098W_F21_044193_2644_XN_84N107W,G:\crater_flux_output_folders\output_-110_-100_60_85\G17_024703_2633_XN_83N098W_F21_044193_2644_XN_84N107W,output_-115_-110_50_85,84.565,84.6117,540.4527,0.0
G17_024703_2633_XN_83N098W_J02_045604_2644_XN_84N107W,G:\crater_flux_output_folders\output_-110_-100_60_85\G17_024703_2633_XN_83N098W_J02_045604_2644_XN_84N107W,output_-115_-110_50_85,84.565,84.7878,696.3302,0.0
G17_024703_2633_XN_83N098W_J03_046105_2645_XN_84N107W,G:\crater_flux_output_folders\output_-110_-100_60_85\G17_024703_2633_XN_83N098W_J03_046105_2645_XN_84N107W,output_-115_-110_50_85,84.565,85.0001,855.7577,0.0
G16_024479_2634_XN_83N102W_G15_024242_2631_XI_83N107W,G:\crater_flux_output_folders\output_-115_-110_50_85\G16_024479_2634_XN_83N102W_G15_024242_2631_XI_83N107W,output_-115_-110_50_85,83.5355,85.0001,110.6625,0.0
G16_024479_2634_XN_83N102W_G17_024901_2629_XI_82N104W,G:\crater_flux_output_folders\output_-110_-100_60_85\G16_024479_2634_XN_83N102W_G17_024901_2629_XI_82N104W,output_-115_-110_50_85,83.5355,85.0001,0.1293,0.0
G16_024479_2634_XN_83N102W_G18_025336_2665_XI_86N129W,G:\crater_flux_output_folders\output_-115_-110_50_85\G16_024479_2634_XN_83N102W_G18_025336_2665_XI_86N129W,output_-115_-110_50_85,84.769,85.0001,231.6734,0.0
G16_024479_2634_XN_83N102W_G20_025877_2652_XI_85N117W,G:\crater_flux_output_folders\output_-110_-100_60_85\G16_024479_2634_XN_83N102W_G20_025877_2652_XI_85N117W,output_-115_-110_50_85,83.8502,85.0001,75.3383,0.0
G16_024479_2634_XN_83N102W_D15_032905_2644_XN_84N107W,G:\crater_flux_output_folders\output_-110_-100_60_85\G16_024479_2634_XN_83N102W_D15_032905_2644_XN_84N107W,output_-115_-110_50_85,84.3304,84.6611,420.4869,0.0
G16_024479_2634_XN_83N102W_D19_034672_2644_XN_84N107W,G:\crater_flux_output_folders\output_-115_-110_50_85\G16_024479_2634_XN_83N102W_D19_034672_2644_XN_84N107W,output_-115_-110_50_85,84.3409,84.6667,80.747,0.0
G16_024479_2634_XN_83N102W_D20_035173_2644_XN_84N107W,G:\crater_flux_output_folders\output_-110_-100_60_85\G16_024479_2634_XN_83N102W_D20_035173_2644_XN_84N107W,output_-115_-110_50_85,84.3364,84.6064,440.4047,0.0
G16_024479_2634_XN_83N102W_D21_035529_2646_XN_84N109W,G:\crater_flux_output_folders\output_-115_-110_50_85\G16_024479_2634_XN_83N102W_D21_035529_2646_XN_84N109W,output_-115_-110_50_85,84.121,84.9651,336.175,0.0
G16_024479_2634_XN_83N102W_F01_036373_2652_XN_85N113W,G:\crater_flux_output_folders\output_-115_-110_50_85\G16_024479_2634_XN_83N102W_F01_036373_2652_XN_85N113W,output_-115_-110_50_85,84.607,85.0001,368.2496,0.0
G16_024479_2634_XN_83N102W_F01_036004_2644_XN_84N106W,G:\crater_flux_output_folders\output_-110_-100_60_85\G16_024479_2634_XN_83N102W_F01_036004_2644_XN_84N106W,output_-115_-110_50_85,84.5428,84.5584,315.9347,0.0
G16_024479_2634_XN_83N102W_D22_035951_2644_XN_84N107W,G:\crater_flux_output_folders\output_-115_-110_50_85\G16_024479_2634_XN_83N102W_D22_035951_2644_XN_84N107W,output_-115_-110_50_85,84.3396,84.6033,54.1274,0.0
G16_024479_2634_XN_83N102W_F01_036043_2644_XN_84N105W,G:\crater_flux_output_folders\output_-110_-100_60_85\G16_024479_2634_XN_83N102W_F01_036043_2644_XN_84N105W,output_-115_-110_50_85,84.3944,84.4609,275.6944,0.0
G16_024479_2634_XN_83N102W_D22_035595_2645_XN_84N108W,G:\crater_flux_output_folders\output_-110_-100_60_85\G16_024479_2634_XN_83N102W_D22_035595_2645_XN_84N108W,output_-115_-110_50_85,84.19,84.8126,395.2683,0.0
G16_024479_2634_XN_83N102W_F01_036294_2649_XN_84N112W,G:\crater_flux_output_folders\output_-115_-110_50_85\G16_024479_2634_XN_83N102W_F01_036294_2649_XN_84N112W,output_-115_-110_50_85,84.263,85.0001,513.3352,0.0
G16_024479_2634_XN_83N102W_F03_037085_2645_XN_84N107W,G:\crater_flux_output_folders\output_-115_-110_50_85\G16_024479_2634_XN_83N102W_F03_037085_2645_XN_84N107W,output_-115_-110_50_85,84.296,85.0001,427.8535,0.0
G16_024479_2634_XN_83N102W_F21_044193_2644_XN_84N107W,G:\crater_flux_output_folders\output_-110_-100_60_85\G16_024479_2634_XN_83N102W_F21_044193_2644_XN_84N107W,output_-115_-110_50_85,84.3488,84.6117,448.2721,0.0
G16_024479_2634_XN_83N102W_F23_044861_2756_XN_84N107W,G:\crater_flux_output_folders\output_-110_-100_60_85\G16_024479_2634_XN_83N102W_F23_044861_2756_XN_84N107W,output_-115_-110_50_85,84.1452,84.3884,381.8891,0.0
G16_024479_2634_XN_83N102W_J02_045604_2644_XN_84N107W,G:\crater_flux_output_folders\output_-115_-110_50_85\G16_024479_2634_XN_83N102W_J02_045604_2644_XN_84N107W,output_-115_-110_50_85,84.3227,84.7878,166.1016,0.0
G16_024479_2634_XN_83N102W_J03_046105_2645_XN_84N107W,G:\crater_flux_output_folders\output_-115_-110_50_85\G16_024479_2634_XN_83N102W_J03_046105_2645_XN_84N107W,output_-115_-110_50_85,84.2847,85.0001,414.5786,0.0
G16_024374_2631_XN_83N111W_G15_024242_2631_XI_83N107W,G:\crater_flux_output_folders\output_-115_-110_50_85\G16_024374_2631_XN_83N111W_G15_024242_2631_XI_83N107W,output_-115_-110_50_85,82.3436,83.9187,202.0107,0.0
G16_024374_2631_XN_83N111W_G17_024730_2617_XN_81N110W,G:\crater_flux_output_folders\output_-115_-110_50_85\G16_024374_2631_XN_83N111W_G17_024730_2617_XN_81N110W,output_-115_-110_50_85,81.1094,83.029,739.7487,0.0
G16_024374_2631_XN_83N111W_G18_025442_2625_XN_82N114W,G:\crater_flux_output_folders\output_-115_-110_50_85\G16_024374_2631_XN_83N111W_G18_025442_2625_XN_82N114W,output_-115_-110_50_85,82.0405,83.019,33.6894,0.0
G16_024374_2631_XN_83N111W_G18_025231_2625_XN_82N114W,G:\crater_flux_output_folders\output_-115_-110_50_85\G16_024374_2631_XN_83N111W_G18_025231_2625_XN_82N114W,output_-115_-110_50_85,81.9449,83.019,46.9958,0.0
G16_024374_2631_XN_83N111W_G18_025363_2615_XN_81N112W,G:\crater_flux_output_folders\output_-115_-110_50_85\G16_024374_2631_XN_83N111W_G18_025363_2615_XN_81N112W,output_-115_-110_50_85,81.1094,82.918,0.2562,0.0
G16_024374_2631_XN_83N111W_G19_025574_2626_XN_82N114W,G:\crater_flux_output_folders\output_-115_-110_50_85\G16_024374_2631_XN_83N111W_G19_025574_2626_XN_82N114W,output_-115_-110_50_85,82.0873,83.059,9.1747,0.0
G16_024374_2631_XN_83N111W_D01_027763_2627_XN_82N115W,G:\crater_flux_output_folders\output_-115_-110_50_85\G16_024374_2631_XN_83N111W_D01_027763_2627_XN_82N115W,output_-115_-110_50_85,82.3112,83.1,6.4024,0.0
G16_024374_2631_XN_83N111W_G23_027051_2628_XN_82N112W,G:\crater_flux_output_folders\output_-115_-110_50_85\G16_024374_2631_XN_83N111W_G23_027051_2628_XN_82N112W,output_-115_-110_50_85,82.442,83.0516,407.6353,0.0
G15_024242_2631_XI_83N107W_G17_024901_2629_XI_82N104W,G:\crater_flux_output_folders\output_-115_-110_50_85\G15_024242_2631_XI_83N107W_G17_024901_2629_XI_82N104W,output_-115_-110_50_85,82.9208,85.0001,1807.0714,0.0
G15_024242_2631_XI_83N107W_G18_025336_2665_XI_86N129W,G:\crater_flux_output_folders\output_-115_-110_50_85\G15_024242_2631_XI_83N107W_G18_025336_2665_XI_86N129W,output_-115_-110_50_85,84.8421,85.0001,70.7625,0.0
G15_024242_2631_XI_83N107W_G18_025389_2650_XN_85N120W,G:\crater_flux_output_folders\output_-115_-110_50_85\G15_024242_2631_XI_83N107W_G18_025389_2650_XN_85N120W,output_-115_-110_50_85,84.616,84.7367,12.8521,0.0
G15_024242_2631_XI_83N107W_G20_025877_2652_XI_85N117W,G:\crater_flux_output_folders\output_-115_-110_50_85\G15_024242_2631_XI_83N107W_G20_025877_2652_XI_85N117W,output_-115_-110_50_85,83.818,85.0001,1197.8337,0.0
G15_024242_2631_XI_83N107W_G19_025587_2650_XN_85N120W,G:\crater_flux_output_folders\output_-115_-110_50_85\G15_024242_2631_XI_83N107W_G19_025587_2650_XN_85N120W,output_-115_-110_50_85,84.5645,84.6134,1.9534,0.0
G15_024242_2631_XI_83N107W_D01_027710_2628_XN_82N107W,G:\crater_flux_output_folders\output_-115_-110_50_85\G15_024242_2631_XI_83N107W_D01_027710_2628_XN_82N107W,output_-115_-110_50_85,82.7253,83.0398,0.4252,0.0
G15_024242_2631_XI_83N107W_G22_026866_2627_XN_82N108W,G:\crater_flux_output_folders\output_-110_-100_60_85\G15_024242_2631_XI_83N107W_G22_026866_2627_XN_82N108W,output_-115_-110_50_85,82.5812,83.0759,1020.6101,0.0
G15_024242_2631_XI_83N107W_D18_034079_2649_XN_84N119W,G:\crater_flux_output_folders\output_-115_-110_50_85\G15_024242_2631_XI_83N107W_D18_034079_2649_XN_84N119W,output_-115_-110_50_85,84.4884,84.6405,18.3824,0.0
G15_024242_2631_XI_83N107W_D16_033433_2649_XN_84N120W,G:\crater_flux_output_folders\output_-115_-110_50_85\G15_024242_2631_XI_83N107W_D16_033433_2649_XN_84N120W,output_-115_-110_50_85,84.4944,84.5524,2.4531,0.0
G15_024242_2631_XI_83N107W_D19_034501_2649_XN_84N119W,G:\crater_flux_output_folders\output_-115_-110_50_85\G15_024242_2631_XI_83N107W_D19_034501_2649_XN_84N119W,output_-115_-110_50_85,84.4513,84.6044,18.0938,0.0
G15_024242_2631_XI_83N107W_D21_035529_2646_XN_84N109W,G:\crater_flux_output_folders\output_-115_-110_50_85\G15_024242_2631_XI_83N107W_D21_035529_2646_XN_84N109W,output_-115_-110_50_85,84.1942,84.8182,231.675,0.0
G15_024242_2631_XI_83N107W_F01_036373_2652_XN_85N113W,G:\crater_flux_output_folders\output_-115_-110_50_85\G15_024242_2631_XI_83N107W_F01_036373_2652_XN_85N113W,output_-115_-110_50_85,84.607,85.0001,184.5766,0.0
G15_024242_2631_XI_83N107W_F02_036558_2649_XN_84N119W,G:\crater_flux_output_folders\output_-115_-110_50_85\G15_024242_2631_XI_83N107W_F02_036558_2649_XN_84N119W,output_-115_-110_50_85,84.1365,84.5775,159.8031,0.0
G15_024242_2631_XI_83N107W_D22_035595_2645_XN_84N108W,G:\crater_flux_output_folders\output_-115_-110_50_85\G15_024242_2631_XI_83N107W_D22_035595_2645_XN_84N108W,output_-115_-110_50_85,84.4011,84.6891,39.6668,0.0
G15_024242_2631_XI_83N107W_F01_036294_2649_XN_84N112W,G:\crater_flux_output_folders\output_-115_-110_50_85\G15_024242_2631_XI_83N107W_F01_036294_2649_XN_84N112W,output_-115_-110_50_85,84.263,85.0001,433.3203,0.0
G15_024242_2631_XI_83N107W_F03_037085_2645_XN_84N107W,G:\crater_flux_output_folders\output_-115_-110_50_85\G15_024242_2631_XI_83N107W_F03_037085_2645_XN_84N107W,output_-115_-110_50_85,84.5665,84.9065,59.3953,0.0
G15_024242_2631_XI_83N107W_F23_044861_2756_XN_84N107W,G:\crater_flux_output_folders\output_-115_-110_50_85\G15_024242_2631_XI_83N107W_F23_044861_2756_XN_84N107W,output_-115_-110_50_85,84.1844,84.2337,2.3568,0.0
G15_024242_2631_XI_83N107W_J02_045604_2644_XN_84N107W,G:\crater_flux_output_folders\output_-115_-110_50_85\G15_024242_2631_XI_83N107W_J02_045604_2644_XN_84N107W,output_-115_-110_50_85,84.6616,84.669,0.0256,0.0
G15_024242_2631_XI_83N107W_J03_046105_2645_XN_84N107W,G:\crater_flux_output_folders\output_-115_-110_50_85\G15_024242_2631_XI_83N107W_J03_046105_2645_XN_84N107W,output_-115_-110_50_85,84.5567,84.893,56.668,0.0
G16_024348_2627_XN_82N122W_J02_045460_2601_XN_80N114W,G:\crater_flux_output_folders\output_-115_-110_50_85\G16_024348_2627_XN_82N122W_J02_045460_2601_XN_80N114W,output_-115_-110_50_85,80.2975,80.3013,0.0114,0.0
G16_024348_2627_XN_82N122W_J02_045552_2601_XN_80N114W,G:\crater_flux_output_folders\output_-115_-110_50_85\G16_024348_2627_XN_82N122W_J02_045552_2601_XN_80N114W,output_-115_-110_50_85,80.2975,80.3013,0.0114,0.0
G16_024585_2595_XN_79N110W_D01_027494_2798_XN_80N111W,G:\crater_flux_output_folders\output_-115_-110_50_85\G16_024585_2595_XN_79N110W_D01_027494_2798_XN_80N111W,output_-115_-110_50_85,79.752,79.8182,11.2179,0.0
G16_024585_2595_XN_79N110W_D01_027407_2600_XN_80N110W,G:\crater_flux_output_folders\output_-115_-110_50_85\G16_024585_2595_XN_79N110W_D01_027407_2600_XN_80N110W,output_-115_-110_50_85,79.398,79.8292,261.9471,0.0
G16_024585_2595_XN_79N110W_D01_027671_2597_XN_79N112W,G:\crater_flux_output_folders\output_-115_-110_50_85\G16_024585_2595_XN_79N110W_D01_027671_2597_XN_79N112W,output_-115_-110_50_85,79.243,79.7611,266.9755,0.0
G16_024585_2595_XN_79N110W_D21_035266_2595_XN_79N110W,G:\crater_flux_output_folders\output_-115_-110_50_85\G16_024585_2595_XN_79N110W_D21_035266_2595_XN_79N110W,output_-115_-110_50_85,79.034,79.8035,694.4457,0.0
G16_024585_2595_XN_79N110W_D22_035912_2597_XN_79N112W,G:\crater_flux_output_folders\output_-115_-110_50_85\G16_024585_2595_XN_79N110W_D22_035912_2597_XN_79N112W,output_-115_-110_50_85,79.3091,79.7623,284.0587,0.0
G16_024585_2595_XN_79N110W_F23_044932_2597_XN_79N112W,G:\crater_flux_output_folders\output_-115_-110_50_85\G16_024585_2595_XN_79N110W_F23_044932_2597_XN_79N112W,output_-115_-110_50_85,79.2861,79.7615,291.1597,0.0
G16_024585_2595_XN_79N110W_F23_044866_2601_XN_80N112W,G:\crater_flux_output_folders\output_-115_-110_50_85\G16_024585_2595_XN_79N110W_F23_044866_2601_XN_80N112W,output_-115_-110_50_85,79.6346,79.8292,88.5773,0.0
G16_024585_2595_XN_79N110W_J16_051103_2596_XN_79N110W,G:\crater_flux_output_folders\output_-115_-110_50_85\G16_024585_2595_XN_79N110W_J16_051103_2596_XN_79N110W,output_-115_-110_50_85,79.034,79.8292,715.0769,0.0
G17_024901_2629_XI_82N104W_G18_025336_2665_XI_86N129W,G:\crater_flux_output_folders\output_-115_-110_50_85\G17_024901_2629_XI_82N104W_G18_025336_2665_XI_86N129W,output_-115_-110_50_85,84.808,85.0001,108.7929,0.0
G17_024901_2629_XI_82N104W_G18_025389_2650_XN_85N120W,G:\crater_flux_output_folders\output_-115_-110_50_85\G17_024901_2629_XI_82N104W_G18_025389_2650_XN_85N120W,output_-115_-110_50_85,84.616,84.7367,12.8518,0.0
G17_024901_2629_XI_82N104W_G20_025877_2652_XI_85N117W,G:\crater_flux_output_folders\output_-115_-110_50_85\G17_024901_2629_XI_82N104W_G20_025877_2652_XI_85N117W,output_-115_-110_50_85,83.818,85.0001,1055.6862,0.0
G17_024901_2629_XI_82N104W_G19_025587_2650_XN_85N120W,G:\crater_flux_output_folders\output_-115_-110_50_85\G17_024901_2629_XI_82N104W_G19_025587_2650_XN_85N120W,output_-115_-110_50_85,84.5645,84.6134,1.9533,0.0
G17_024901_2629_XI_82N104W_D01_027710_2628_XN_82N107W,G:\crater_flux_output_folders\output_-110_-100_60_85\G17_024901_2629_XI_82N104W_D01_027710_2628_XN_82N107W,output_-115_-110_50_85,82.9208,83.0398,188.8158,0.0
G17_024901_2629_XI_82N104W_G22_026866_2627_XN_82N108W,G:\crater_flux_output_folders\output_-110_-100_60_85\G17_024901_2629_XI_82N104W_G22_026866_2627_XN_82N108W,output_-115_-110_50_85,82.9208,83.0759,44.4797,0.0
G17_024901_2629_XI_82N104W_D15_032905_2644_XN_84N107W,G:\crater_flux_output_folders\output_-115_-110_50_85\G17_024901_2629_XI_82N104W_D15_032905_2644_XN_84N107W,output_-115_-110_50_85,84.3363,84.601,30.9407,0.0
G17_024901_2629_XI_82N104W_D18_034079_2649_XN_84N119W,G:\crater_flux_output_folders\output_-115_-110_50_85\G17_024901_2629_XI_82N104W_D18_034079_2649_XN_84N119W,output_-115_-110_50_85,84.4884,84.6405,18.3823,0.0
G17_024901_2629_XI_82N104W_D16_033433_2649_XN_84N120W,G:\crater_flux_output_folders\output_-115_-110_50_85\G17_024901_2629_XI_82N104W_D16_033433_2649_XN_84N120W,output_-115_-110_50_85,84.4944,84.5524,2.4531,0.0
G17_024901_2629_XI_82N104W_D19_034672_2644_XN_84N107W,G:\crater_flux_output_folders\output_-115_-110_50_85\G17_024901_2629_XI_82N104W_D19_034672_2644_XN_84N107W,output_-115_-110_50_85,84.3648,84.6105,21.2771,0.0
G17_024901_2629_XI_82N104W_D19_034501_2649_XN_84N119W,G:\crater_flux_output_folders\output_-115_-110_50_85\G17_024901_2629_XI_82N104W_D19_034501_2649_XN_84N119W,output_-115_-110_50_85,84.4513,84.6044,17.6681,0.0
G17_024901_2629_XI_82N104W_D20_035173_2644_XN_84N107W,G:\crater_flux_output_folders\output_-115_-110_50_85\G17_024901_2629_XI_82N104W_D20_035173_2644_XN_84N107W,output_-115_-110_50_85,84.3522,84.5577,15.6475,0.0
G17_024901_2629_XI_82N104W_D21_035529_2646_XN_84N109W,G:\crater_flux_output_folders\output_-115_-110_50_85\G17_024901_2629_XI_82N104W_D21_035529_2646_XN_84N109W,output_-115_-110_50_85,84.121,84.8578,447.2234,0.0
G17_024901_2629_XI_82N104W_F01_036373_2652_XN_85N113W,G:\crater_flux_output_folders\output_-115_-110_50_85\G17_024901_2629_XI_82N104W_F01_036373_2652_XN_85N113W,output_-115_-110_50_85,84.607,85.0001,269.5536,0.0
G17_024901_2629_XI_82N104W_D22_035951_2644_XN_84N107W,G:\crater_flux_output_folders\output_-115_-110_50_85\G17_024901_2629_XI_82N104W_D22_035951_2644_XN_84N107W,output_-115_-110_50_85,84.3597,84.5566,14.6432,0.0
G17_024901_2629_XI_82N104W_F02_036558_2649_XN_84N119W,G:\crater_flux_output_folders\output_-115_-110_50_85\G17_024901_2629_XI_82N104W_F02_036558_2649_XN_84N119W,output_-115_-110_50_85,84.1365,84.5775,66.9233,0.0
G17_024901_2629_XI_82N104W_D22_035595_2645_XN_84N108W,G:\crater_flux_output_folders\output_-115_-110_50_85\G17_024901_2629_XI_82N104W_D22_035595_2645_XN_84N108W,output_-115_-110_50_85,84.19,84.7292,184.3124,0.0
G17_024901_2629_XI_82N104W_F01_036294_2649_XN_84N112W,G:\crater_flux_output_folders\output_-115_-110_50_85\G17_024901_2629_XI_82N104W_F01_036294_2649_XN_84N112W,output_-115_-110_50_85,84.263,85.0001,634.5982,0.0
G17_024901_2629_XI_82N104W_F03_037085_2645_XN_84N107W,G:\crater_flux_output_folders\output_-110_-100_60_85\G17_024901_2629_XI_82N104W_F03_037085_2645_XN_84N107W,output_-115_-110_50_85,84.296,84.9416,1.2346,0.0
G17_024901_2629_XI_82N104W_F21_044193_2644_XN_84N107W,G:\crater_flux_output_folders\output_-115_-110_50_85\G17_024901_2629_XI_82N104W_F21_044193_2644_XN_84N107W,output_-115_-110_50_85,84.3965,84.5679,8.2149,0.0
G17_024901_2629_XI_82N104W_F23_044861_2756_XN_84N107W,G:\crater_flux_output_folders\output_-115_-110_50_85\G17_024901_2629_XI_82N104W_F23_044861_2756_XN_84N107W,output_-115_-110_50_85,84.1452,84.3634,42.8269,0.0
G17_024901_2629_XI_82N104W_J02_045604_2644_XN_84N107W,G:\crater_flux_output_folders\output_-115_-110_50_85\G17_024901_2629_XI_82N104W_J02_045604_2644_XN_84N107W,output_-115_-110_50_85,84.3227,84.7094,58.2765,0.0
G17_024901_2629_XI_82N104W_J03_046105_2645_XN_84N107W,G:\crater_flux_output_folders\output_-115_-110_50_85\G17_024901_2629_XI_82N104W_J03_046105_2645_XN_84N107W,output_-115_-110_50_85,84.2847,84.9277,200.7286,0.0
G17_024730_2617_XN_81N110W_G18_025442_2625_XN_82N114W,G:\crater_flux_output_folders\output_-115_-110_50_85\G17_024730_2617_XN_81N110W_G18_025442_2625_XN_82N114W,output_-115_-110_50_85,82.0154,82.945,887.1138,0.0
G17_024730_2617_XN_81N110W_G18_025231_2625_XN_82N114W,G:\crater_flux_output_folders\output_-115_-110_50_85\G17_024730_2617_XN_81N110W_G18_025231_2625_XN_82N114W,output_-115_-110_50_85,81.9128,82.9451,1020.0619,0.0
G17_024730_2617_XN_81N110W_G18_025363_2615_XN_81N112W,G:\crater_flux_output_folders\output_-115_-110_50_85\G17_024730_2617_XN_81N110W_G18_025363_2615_XN_81N112W,output_-115_-110_50_85,80.55,82.918,1641.8861,0.0
G17_024730_2617_XN_81N110W_G19_025574_2626_XN_82N114W,G:\crater_flux_output_folders\output_-115_-110_50_85\G17_024730_2617_XN_81N110W_G19_025574_2626_XN_82N114W,output_-115_-110_50_85,82.0668,82.9475,782.8063,0.0
G17_024730_2617_XN_81N110W_D01_027763_2627_XN_82N115W,G:\crater_flux_output_folders\output_-115_-110_50_85\G17_024730_2617_XN_81N110W_D01_027763_2627_XN_82N115W,output_-115_-110_50_85,82.3021,82.9454,515.4896,0.0
G17_024730_2617_XN_81N110W_D01_027697_2604_XN_80N110W,G:\crater_flux_output_folders\output_-110_-100_60_85\G17_024730_2617_XN_81N110W_D01_027697_2604_XN_80N110W,output_-115_-110_50_85,80.55,80.6541,208.5245,0.0
G17_024730_2617_XN_81N110W_G23_027051_2628_XN_82N112W,G:\crater_flux_output_folders\output_-115_-110_50_85\G17_024730_2617_XN_81N110W_G23_027051_2628_XN_82N112W,output_-115_-110_50_85,82.442,83.029,672.117,0.0
G18_025442_2625_XN_82N114W_G18_025231_2625_XN_82N114W,G:\crater_flux_output_folders\output_-115_-110_50_85\G18_025442_2625_XN_82N114W_G18_025231_2625_XN_82N114W,output_-115_-110_50_85,81.967,83.019,1106.738,0.0
G18_025442_2625_XN_82N114W_G18_025363_2615_XN_81N112W,G:\crater_flux_output_folders\output_-115_-110_50_85\G18_025442_2625_XN_82N114W_G18_025363_2615_XN_81N112W,output_-115_-110_50_85,81.967,82.9178,900.4111,0.0
G18_025442_2625_XN_82N114W_G19_025574_2626_XN_82N114W,G:\crater_flux_output_folders\output_-115_-110_50_85\G18_025442_2625_XN_82N114W_G19_025574_2626_XN_82N114W,output_-115_-110_50_85,82.0213,83.019,965.9755,0.0
G18_025442_2625_XN_82N114W_D01_027763_2627_XN_82N115W,G:\crater_flux_output_folders\output_-115_-110_50_85\G18_025442_2625_XN_82N114W_D01_027763_2627_XN_82N115W,output_-115_-110_50_85,82.2904,83.019,580.1459,0.0
G18_025442_2625_XN_82N114W_G23_027051_2628_XN_82N112W,G:\crater_flux_output_folders\output_-115_-110_50_85\G18_025442_2625_XN_82N114W_G23_027051_2628_XN_82N112W,output_-115_-110_50_85,82.442,82.9868,383.7561,0.0
G18_025336_2665_XI_86N129W_D21_035529_2646_XN_84N109W,G:\crater_flux_output_folders\output_-110_-100_60_85\G18_025336_2665_XI_86N129W_D21_035529_2646_XN_84N109W,output_-115_-110_50_85,84.769,84.9826,45.0303,0.0
G18_025336_2665_XI_86N129W_F01_036373_2652_XN_85N113W,G:\crater_flux_output_folders\output_-110_-100_60_85\G18_025336_2665_XI_86N129W_F01_036373_2652_XN_85N113W,output_-115_-110_50_85,84.769,85.0001,79.7038,0.0
G18_025336_2665_XI_86N129W_D22_035595_2645_XN_84N108W,G:\crater_flux_output_folders\output_-115_-110_50_85\G18_025336_2665_XI_86N129W_D22_035595_2645_XN_84N108W,output_-115_-110_50_85,84.769,84.8126,0.0307,0.0
G18_025336_2665_XI_86N129W_F01_036294_2649_XN_84N112W,G:\crater_flux_output_folders\output_-110_-100_60_85\G18_025336_2665_XI_86N129W_F01_036294_2649_XN_84N112W,output_-115_-110_50_85,84.769,85.0001,38.2023,0.0
G18_025336_2665_XI_86N129W_F03_037085_2645_XN_84N107W,G:\crater_flux_output_folders\output_-110_-100_60_85\G18_025336_2665_XI_86N129W_F03_037085_2645_XN_84N107W,output_-115_-110_50_85,84.769,85.0001,86.7575,0.0
G18_025336_2665_XI_86N129W_J03_046105_2645_XN_84N107W,G:\crater_flux_output_folders\output_-110_-100_60_85\G18_025336_2665_XI_86N129W_J03_046105_2645_XN_84N107W,output_-115_-110_50_85,84.769,85.0001,85.9009,0.0
G18_025231_2625_XN_82N114W_G18_025363_2615_XN_81N112W,G:\crater_flux_output_folders\output_-115_-110_50_85\G18_025231_2625_XN_82N114W_G18_025363_2615_XN_81N112W,output_-115_-110_50_85,81.866,82.9178,1057.1691,0.0
G18_025231_2625_XN_82N114W_G19_025574_2626_XN_82N114W,G:\crater_flux_output_folders\output_-115_-110_50_85\G18_025231_2625_XN_82N114W_G19_025574_2626_XN_82N114W,output_-115_-110_50_85,82.0213,83.019,965.8663,0.0
G18_025231_2625_XN_82N114W_D01_027763_2627_XN_82N115W,G:\crater_flux_output_folders\output_-115_-110_50_85\G18_025231_2625_XN_82N114W_D01_027763_2627_XN_82N115W,output_-115_-110_50_85,82.2904,83.019,580.0005,0.0
G18_025231_2625_XN_82N114W_G23_027051_2628_XN_82N112W,G:\crater_flux_output_folders\output_-115_-110_50_85\G18_025231_2625_XN_82N114W_G23_027051_2628_XN_82N112W,output_-115_-110_50_85,82.442,82.9868,384.1283,0.0
G18_025363_2615_XN_81N112W_G19_025574_2626_XN_82N114W,G:\crater_flux_output_folders\output_-115_-110_50_85\G18_025363_2615_XN_81N112W_G19_025574_2626_XN_82N114W,output_-115_-110_50_85,82.0213,82.918,821.7507,0.0
G18_025363_2615_XN_81N112W_D01_027494_2798_XN_80N111W,G:\crater_flux_output_folders\output_-115_-110_50_85\G18_025363_2615_XN_81N112W_D01_027494_2798_XN_80N111W,output_-115_-110_50_85,79.965,80.612,359.5253,0.0
G18_025363_2615_XN_81N112W_D01_027763_2627_XN_82N115W,G:\crater_flux_output_folders\output_-115_-110_50_85\G18_025363_2615_XN_81N112W_D01_027763_2627_XN_82N115W,output_-115_-110_50_85,82.2904,82.9179,473.3805,0.0
G18_025363_2615_XN_81N112W_D01_027407_2600_XN_80N110W,G:\crater_flux_output_folders\output_-110_-100_60_85\G18_025363_2615_XN_81N112W_D01_027407_2600_XN_80N110W,output_-115_-110_50_85,79.965,80.2847,196.4178,0.0
G18_025363_2615_XN_81N112W_D01_027697_2604_XN_80N110W,G:\crater_flux_output_folders\output_-115_-110_50_85\G18_025363_2615_XN_81N112W_D01_027697_2604_XN_80N110W,output_-115_-110_50_85,79.965,80.6541,415.6457,0.0
G18_025363_2615_XN_81N112W_G23_027051_2628_XN_82N112W,G:\crater_flux_output_folders\output_-115_-110_50_85\G18_025363_2615_XN_81N112W_G23_027051_2628_XN_82N112W,output_-115_-110_50_85,82.442,82.918,294.2608,0.0
G18_025363_2615_XN_81N112W_F23_044866_2601_XN_80N112W,G:\crater_flux_output_folders\output_-115_-110_50_85\G18_025363_2615_XN_81N112W_F23_044866_2601_XN_80N112W,output_-115_-110_50_85,79.965,80.45,81.8113,0.0
G18_025389_2650_XN_85N120W_G20_025877_2652_XI_85N117W,G:\crater_flux_output_folders\output_-115_-110_50_85\G18_025389_2650_XN_85N120W_G20_025877_2652_XI_85N117W,output_-115_-110_50_85,84.616,84.7367,12.366,0.0
G18_025389_2650_XN_85N120W_D18_034079_2649_XN_84N119W,G:\crater_flux_output_folders\output_-115_-110_50_85\G18_025389_2650_XN_85N120W_D18_034079_2649_XN_84N119W,output_-115_-110_50_85,84.616,84.6405,0.4248,0.0
G19_025574_2626_XN_82N114W_D01_027763_2627_XN_82N115W,G:\crater_flux_output_folders\output_-115_-110_50_85\G19_025574_2626_XN_82N114W_D01_027763_2627_XN_82N115W,output_-115_-110_50_85,82.2904,83.0553,591.0074,0.0
G19_025574_2626_XN_82N114W_G23_027051_2628_XN_82N112W,G:\crater_flux_output_folders\output_-115_-110_50_85\G19_025574_2626_XN_82N114W_G23_027051_2628_XN_82N112W,output_-115_-110_50_85,82.442,82.9894,373.7395,0.0
G20_025877_2652_XI_85N117W_G19_025587_2650_XN_85N120W,G:\crater_flux_output_folders\output_-115_-110_50_85\G20_025877_2652_XI_85N117W_G19_025587_2650_XN_85N120W,output_-115_-110_50_85,84.5645,84.6134,1.9532,0.0
G20_025877_2652_XI_85N117W_D15_032905_2644_XN_84N107W,G:\crater_flux_output_folders\output_-115_-110_50_85\G20_025877_2652_XI_85N117W_D15_032905_2644_XN_84N107W,output_-115_-110_50_85,84.3304,84.5795,24.7794,0.0
G20_025877_2652_XI_85N117W_D18_034079_2649_XN_84N119W,G:\crater_flux_output_folders\output_-115_-110_50_85\G20_025877_2652_XI_85N117W_D18_034079_2649_XN_84N119W,output_-115_-110_50_85,84.4884,84.6405,18.3828,0.0
G20_025877_2652_XI_85N117W_D16_033433_2649_XN_84N120W,G:\crater_flux_output_folders\output_-115_-110_50_85\G20_025877_2652_XI_85N117W_D16_033433_2649_XN_84N120W,output_-115_-110_50_85,84.4944,84.5524,2.4531,0.0
G20_025877_2652_XI_85N117W_D19_034672_2644_XN_84N107W,G:\crater_flux_output_folders\output_-110_-100_60_85\G20_025877_2652_XI_85N117W_D19_034672_2644_XN_84N107W,output_-115_-110_50_85,84.3409,84.5892,58.0832,0.0
G20_025877_2652_XI_85N117W_D19_034501_2649_XN_84N119W,G:\crater_flux_output_folders\output_-115_-110_50_85\G20_025877_2652_XI_85N117W_D19_034501_2649_XN_84N119W,output_-115_-110_50_85,84.4513,84.6044,18.0934,0.0
G20_025877_2652_XI_85N117W_D20_035173_2644_XN_84N107W,G:\crater_flux_output_folders\output_-110_-100_60_85\G20_025877_2652_XI_85N117W_D20_035173_2644_XN_84N107W,output_-115_-110_50_85,84.3364,84.5429,58.4772,0.0
G20_025877_2652_XI_85N117W_D21_035529_2646_XN_84N109W,G:\crater_flux_output_folders\output_-115_-110_50_85\G20_025877_2652_XI_85N117W_D21_035529_2646_XN_84N109W,output_-115_-110_50_85,84.121,84.7963,373.6291,0.0
G20_025877_2652_XI_85N117W_F01_036373_2652_XN_85N113W,G:\crater_flux_output_folders\output_-115_-110_50_85\G20_025877_2652_XI_85N117W_F01_036373_2652_XN_85N113W,output_-115_-110_50_85,84.607,85.0001,128.0244,0.0
G20_025877_2652_XI_85N117W_D22_035951_2644_XN_84N107W,G:\crater_flux_output_folders\output_-110_-100_60_85\G20_025877_2652_XI_85N117W_D22_035951_2644_XN_84N107W,output_-115_-110_50_85,84.3396,84.5423,55.3497,0.0
G20_025877_2652_XI_85N117W_F02_036558_2649_XN_84N119W,G:\crater_flux_output_folders\output_-115_-110_50_85\G20_025877_2652_XI_85N117W_F02_036558_2649_XN_84N119W,output_-115_-110_50_85,84.1441,84.5775,130.1775,0.0
G20_025877_2652_XI_85N117W_D22_035595_2645_XN_84N108W,G:\crater_flux_output_folders\output_-115_-110_50_85\G20_025877_2652_XI_85N117W_D22_035595_2645_XN_84N108W,output_-115_-110_50_85,84.19,84.6907,151.4244,0.0
G20_025877_2652_XI_85N117W_F01_036294_2649_XN_84N112W,G:\crater_flux_output_folders\output_-115_-110_50_85\G20_025877_2652_XI_85N117W_F01_036294_2649_XN_84N112W,output_-115_-110_50_85,84.263,85.0001,474.3252,0.0
G20_025877_2652_XI_85N117W_F03_037085_2645_XN_84N107W,G:\crater_flux_output_folders\output_-115_-110_50_85\G20_025877_2652_XI_85N117W_F03_037085_2645_XN_84N107W,output_-115_-110_50_85,84.296,84.8694,92.3151,0.0
G20_025877_2652_XI_85N117W_F21_044193_2644_XN_84N107W,G:\crater_flux_output_folders\output_-115_-110_50_85\G20_025877_2652_XI_85N117W_F21_044193_2644_XN_84N107W,output_-115_-110_50_85,84.3488,84.5116,5.7243,0.0
G20_025877_2652_XI_85N117W_F23_044861_2756_XN_84N107W,G:\crater_flux_output_folders\output_-110_-100_60_85\G20_025877_2652_XI_85N117W_F23_044861_2756_XN_84N107W,output_-115_-110_50_85,84.1452,84.3875,118.5773,0.0
G20_025877_2652_XI_85N117W_J02_045604_2644_XN_84N107W,G:\crater_flux_output_folders\output_-110_-100_60_85\G20_025877_2652_XI_85N117W_J02_045604_2644_XN_84N107W,output_-115_-110_50_85,84.3227,84.674,66.7773,0.0
G20_025877_2652_XI_85N117W_J03_046105_2645_XN_84N107W,G:\crater_flux_output_folders\output_-115_-110_50_85\G20_025877_2652_XI_85N117W_J03_046105_2645_XN_84N107W,output_-115_-110_50_85,84.2847,84.8591,97.7609,0.0
G19_025587_2650_XN_85N120W_D18_034079_2649_XN_84N119W,G:\crater_flux_output_folders\output_-115_-110_50_85\G19_025587_2650_XN_85N120W_D18_034079_2649_XN_84N119W,output_-115_-110_50_85,84.5645,84.6134,1.5713,0.0
G19_025587_2650_XN_85N120W_D19_034501_2649_XN_84N119W,G:\crater_flux_output_folders\output_-115_-110_50_85\G19_025587_2650_XN_85N120W_D19_034501_2649_XN_84N119W,output_-115_-110_50_85,84.5645,84.6044,0.9083,0.0
G19_025587_2650_XN_85N120W_F02_036558_2649_XN_84N119W,G:\crater_flux_output_folders\output_-115_-110_50_85\G19_025587_2650_XN_85N120W_F02_036558_2649_XN_84N119W,output_-115_-110_50_85,84.5645,84.5775,0.0462,0.0
D01_027494_2798_XN_80N111W_D01_027407_2600_XN_80N110W,G:\crater_flux_output_folders\output_-115_-110_50_85\D01_027494_2798_XN_80N111W_D01_027407_2600_XN_80N110W,output_-115_-110_50_85,79.752,80.2847,492.0431,0.0
D01_027494_2798_XN_80N111W_D01_027671_2597_XN_79N112W,G:\crater_flux_output_folders\output_-115_-110_50_85\D01_027494_2798_XN_80N111W_D01_027671_2597_XN_79N112W,output_-115_-110_50_85,79.805,79.965,70.8317,0.0
D01_027494_2798_XN_80N111W_D01_027697_2604_XN_80N110W,G:\crater_flux_output_folders\output_-115_-110_50_85\D01_027494_2798_XN_80N111W_D01_027697_2604_XN_80N110W,output_-115_-110_50_85,79.853,80.574,628.8615,0.0
D01_027494_2798_XN_80N111W_D21_035266_2595_XN_79N110W,G:\crater_flux_output_folders\output_-115_-110_50_85\D01_027494_2798_XN_80N111W_D21_035266_2595_XN_79N110W,output_-115_-110_50_85,79.752,79.7926,4.9193,0.0
D01_027494_2798_XN_80N111W_D22_035912_2597_XN_79N112W,G:\crater_flux_output_folders\output_-115_-110_50_85\D01_027494_2798_XN_80N111W_D22_035912_2597_XN_79N112W,output_-115_-110_50_85,79.8063,80.045,128.3908,0.0
D01_027494_2798_XN_80N111W_F23_044932_2597_XN_79N112W,G:\crater_flux_output_folders\output_-115_-110_50_85\D01_027494_2798_XN_80N111W_F23_044932_2597_XN_79N112W,output_-115_-110_50_85,79.8069,80.025,109.0409,0.0
D01_027494_2798_XN_80N111W_F23_044866_2601_XN_80N112W,G:\crater_flux_output_folders\output_-115_-110_50_85\D01_027494_2798_XN_80N111W_F23_044866_2601_XN_80N112W,output_-115_-110_50_85,79.752,80.45,811.333,0.0
D01_027494_2798_XN_80N111W_J02_045460_2601_XN_80N114W,G:\crater_flux_output_folders\output_-115_-110_50_85\D01_027494_2798_XN_80N111W_J02_045460_2601_XN_80N114W,output_-115_-110_50_85,79.916,80.0285,7.515,0.0
D01_027494_2798_XN_80N111W_J02_045552_2601_XN_80N114W,G:\crater_flux_output_folders\output_-115_-110_50_85\D01_027494_2798_XN_80N111W_J02_045552_2601_XN_80N114W,output_-115_-110_50_85,79.9096,80.0276,10.4767,0.0
D01_027494_2798_XN_80N111W_J16_051103_2596_XN_79N110W,G:\crater_flux_output_folders\output_-115_-110_50_85\D01_027494_2798_XN_80N111W_J16_051103_2596_XN_79N110W,output_-115_-110_50_85,79.752,79.9194,75.1093,0.0
D01_027639_2806_XN_79N114W_D01_027671_2597_XN_79N112W,G:\crater_flux_output_folders\output_-115_-110_50_85\D01_027639_2806_XN_79N114W_D01_027671_2597_XN_79N112W,output_-115_-110_50_85,79.156,79.7323,361.6365,0.0
D01_027639_2806_XN_79N114W_D01_027473_2593_XN_79N113W,G:\crater_flux_output_folders\output_-115_-110_50_85\D01_027639_2806_XN_79N114W_D01_027473_2593_XN_79N113W,output_-115_-110_50_85,78.953,79.617,588.6286,0.0
D01_027639_2806_XN_79N114W_G22_026893_2596_XN_79N115W,G:\crater_flux_output_folders\output_-115_-110_50_85\D01_027639_2806_XN_79N114W_G22_026893_2596_XN_79N115W,output_-115_-110_50_85,79.2174,79.7697,364.8109,0.0
D01_027639_2806_XN_79N114W_F02_036598_2595_XN_79N114W,G:\crater_flux_output_folders\output_-115_-110_50_85\D01_027639_2806_XN_79N114W_F02_036598_2595_XN_79N114W,output_-115_-110_50_85,79.0621,79.7697,661.2794,0.0
D01_027639_2806_XN_79N114W_D22_035912_2597_XN_79N112W,G:\crater_flux_output_folders\output_-115_-110_50_85\D01_027639_2806_XN_79N114W_D22_035912_2597_XN_79N112W,output_-115_-110_50_85,79.186,79.7391,313.3647,0.0
D01_027639_2806_XN_79N114W_D22_035899_2593_XN_79N113W,G:\crater_flux_output_folders\output_-115_-110_50_85\D01_027639_2806_XN_79N114W_D22_035899_2593_XN_79N113W,output_-115_-110_50_85,78.953,79.617,596.4278,0.0
D01_027639_2806_XN_79N114W_F23_044919_2594_XN_79N114W,G:\crater_flux_output_folders\output_-115_-110_50_85\D01_027639_2806_XN_79N114W_F23_044919_2594_XN_79N114W,output_-115_-110_50_85,78.969,79.7119,830.7325,0.0
D01_027639_2806_XN_79N114W_F23_044932_2597_XN_79N112W,G:\crater_flux_output_folders\output_-115_-110_50_85\D01_027639_2806_XN_79N114W_F23_044932_2597_XN_79N112W,output_-115_-110_50_85,79.174,79.7372,314.9376,0.0
D01_027639_2806_XN_79N114W_F23_044866_2601_XN_80N112W,G:\crater_flux_output_folders\output_-115_-110_50_85\D01_027639_2806_XN_79N114W_F23_044866_2601_XN_80N112W,output_-115_-110_50_85,79.59,79.6632,11.0344,0.0
D01_027639_2806_XN_79N114W_J02_045460_2601_XN_80N114W,G:\crater_flux_output_folders\output_-115_-110_50_85\D01_027639_2806_XN_79N114W_J02_045460_2601_XN_80N114W,output_-115_-110_50_85,79.6191,79.7697,88.5927,0.0
D01_027639_2806_XN_79N114W_J02_045552_2601_XN_80N114W,G:\crater_flux_output_folders\output_-115_-110_50_85\D01_027639_2806_XN_79N114W_J02_045552_2601_XN_80N114W,output_-115_-110_50_85,79.515,79.7697,195.9786,0.0
D01_027763_2627_XN_82N115W_G23_027051_2628_XN_82N112W,G:\crater_flux_output_folders\output_-115_-110_50_85\D01_027763_2627_XN_82N115W_G23_027051_2628_XN_82N112W,output_-115_-110_50_85,82.442,82.9874,376.8795,0.0
D01_027407_2600_XN_80N110W_D01_027671_2597_XN_79N112W,G:\crater_flux_output_folders\output_-115_-110_50_85\D01_027407_2600_XN_80N110W_D01_027671_2597_XN_79N112W,output_-115_-110_50_85,79.4262,79.965,56.318,0.0
D01_027407_2600_XN_80N110W_D01_027697_2604_XN_80N110W,G:\crater_flux_output_folders\output_-110_-100_60_85\D01_027407_2600_XN_80N110W_D01_027697_2604_XN_80N110W,output_-115_-110_50_85,79.853,80.2847,263.8788,0.0
D01_027407_2600_XN_80N110W_D21_035266_2595_XN_79N110W,G:\crater_flux_output_folders\output_-110_-100_60_85\D01_027407_2600_XN_80N110W_D21_035266_2595_XN_79N110W,output_-115_-110_50_85,79.398,79.8035,251.138,0.0
D01_027407_2600_XN_80N110W_D22_035912_2597_XN_79N112W,G:\crater_flux_output_folders\output_-115_-110_50_85\D01_027407_2600_XN_80N110W_D22_035912_2597_XN_79N112W,output_-115_-110_50_85,79.398,80.045,99.5732,0.0
D01_027407_2600_XN_80N110W_F23_044932_2597_XN_79N112W,G:\crater_flux_output_folders\output_-115_-110_50_85\D01_027407_2600_XN_80N110W_F23_044932_2597_XN_79N112W,output_-115_-110_50_85,79.398,80.025,89.0311,0.0
D01_027407_2600_XN_80N110W_F23_044866_2601_XN_80N112W,G:\crater_flux_output_folders\output_-115_-110_50_85\D01_027407_2600_XN_80N110W_F23_044866_2601_XN_80N112W,output_-115_-110_50_85,79.6849,80.2473,457.0895,0.0
D01_027407_2600_XN_80N110W_J16_051103_2596_XN_79N110W,G:\crater_flux_output_folders\output_-115_-110_50_85\D01_027407_2600_XN_80N110W_J16_051103_2596_XN_79N110W,output_-115_-110_50_85,79.398,79.9194,336.6869,0.0
D01_027671_2597_XN_79N112W_D01_027473_2593_XN_79N113W,G:\crater_flux_output_folders\output_-115_-110_50_85\D01_027671_2597_XN_79N112W_D01_027473_2593_XN_79N113W,output_-115_-110_50_85,79.156,79.631,482.3702,0.0
D01_027671_2597_XN_79N112W_G22_026893_2596_XN_79N115W,G:\crater_flux_output_folders\output_-115_-110_50_85\D01_027671_2597_XN_79N112W_G22_026893_2596_XN_79N115W,output_-115_-110_50_85,79.3039,79.8464,2.058,0.0
D01_027671_2597_XN_79N112W_D21_035266_2595_XN_79N110W,G:\crater_flux_output_folders\output_-115_-110_50_85\D01_027671_2597_XN_79N112W_D21_035266_2595_XN_79N110W,output_-115_-110_50_85,79.2396,79.7527,263.9181,0.0
D01_027671_2597_XN_79N112W_F02_036598_2595_XN_79N114W,G:\crater_flux_output_folders\output_-115_-110_50_85\D01_027671_2597_XN_79N112W_F02_036598_2595_XN_79N114W,output_-115_-110_50_85,79.156,79.853,167.1447,0.0
D01_027671_2597_XN_79N112W_D22_035912_2597_XN_79N112W,G:\crater_flux_output_folders\output_-115_-110_50_85\D01_027671_2597_XN_79N112W_D22_035912_2597_XN_79N112W,output_-115_-110_50_85,79.186,79.959,1214.7013,0.0
D01_027671_2597_XN_79N112W_D22_035899_2593_XN_79N113W,G:\crater_flux_output_folders\output_-115_-110_50_85\D01_027671_2597_XN_79N112W_D22_035899_2593_XN_79N113W,output_-115_-110_50_85,79.156,79.631,487.0632,0.0
D01_027671_2597_XN_79N112W_F23_044919_2594_XN_79N114W,G:\crater_flux_output_folders\output_-115_-110_50_85\D01_027671_2597_XN_79N112W_F23_044919_2594_XN_79N114W,output_-115_-110_50_85,79.156,79.732,262.2077,0.0
D01_027671_2597_XN_79N112W_F23_044932_2597_XN_79N112W,G:\crater_flux_output_folders\output_-115_-110_50_85\D01_027671_2597_XN_79N112W_F23_044932_2597_XN_79N112W,output_-115_-110_50_85,79.1683,79.9594,1258.3006,0.0
D01_027671_2597_XN_79N112W_F23_044866_2601_XN_80N112W,G:\crater_flux_output_folders\output_-115_-110_50_85\D01_027671_2597_XN_79N112W_F23_044866_2601_XN_80N112W,output_-115_-110_50_85,79.59,79.965,347.6876,0.0
D01_027671_2597_XN_79N112W_J02_045460_2601_XN_80N114W,G:\crater_flux_output_folders\output_-115_-110_50_85\D01_027671_2597_XN_79N112W_J02_045460_2601_XN_80N114W,output_-115_-110_50_85,79.6478,79.901,179.1908,0.0
D01_027671_2597_XN_79N112W_J02_045552_2601_XN_80N114W,G:\crater_flux_output_folders\output_-115_-110_50_85\D01_027671_2597_XN_79N112W_J02_045552_2601_XN_80N114W,output_-115_-110_50_85,79.571,79.9049,264.3578,0.0
D01_027671_2597_XN_79N112W_J16_051103_2596_XN_79N110W,G:\crater_flux_output_folders\output_-115_-110_50_85\D01_027671_2597_XN_79N112W_J16_051103_2596_XN_79N110W,output_-115_-110_50_85,79.2416,79.8503,329.8682,0.0
D01_027697_2604_XN_80N110W_F23_044866_2601_XN_80N112W,G:\crater_flux_output_folders\output_-115_-110_50_85\D01_027697_2604_XN_80N110W_F23_044866_2601_XN_80N112W,output_-115_-110_50_85,79.853,80.45,304.8415,0.0
D01_027697_2604_XN_80N110W_J16_051103_2596_XN_79N110W,G:\crater_flux_output_folders\output_-110_-100_60_85\D01_027697_2604_XN_80N110W_J16_051103_2596_XN_79N110W,output_-115_-110_50_85,79.853,79.9194,4.9988,0.0
D01_027710_2628_XN_82N107W_G22_026866_2627_XN_82N108W,G:\crater_flux_output_folders\output_-115_-110_50_85\D01_027710_2628_XN_82N107W_G22_026866_2627_XN_82N108W,output_-115_-110_50_85,82.7253,83.0398,57.9458,0.0
D01_027473_2593_XN_79N113W_G22_026893_2596_XN_79N115W,G:\crater_flux_output_folders\output_-115_-110_50_85\D01_027473_2593_XN_79N113W_G22_026893_2596_XN_79N115W,output_-115_-110_50_85,79.2351,79.5255,173.1388,0.0
D01_027473_2593_XN_79N113W_F02_036598_2595_XN_79N114W,G:\crater_flux_output_folders\output_-115_-110_50_85\D01_027473_2593_XN_79N113W_F02_036598_2595_XN_79N114W,output_-115_-110_50_85,79.097,79.5478,373.9847,0.0
D01_027473_2593_XN_79N113W_D22_035912_2597_XN_79N112W,G:\crater_flux_output_folders\output_-115_-110_50_85\D01_027473_2593_XN_79N113W_D22_035912_2597_XN_79N112W,output_-115_-110_50_85,79.186,79.631,399.8322,0.0
D01_027473_2593_XN_79N113W_D22_035899_2593_XN_79N113W,G:\crater_flux_output_folders\output_-115_-110_50_85\D01_027473_2593_XN_79N113W_D22_035899_2593_XN_79N113W,output_-115_-110_50_85,78.8045,79.6295,1332.0721,0.0
D01_027473_2593_XN_79N113W_F23_044919_2594_XN_79N114W,G:\crater_flux_output_folders\output_-115_-110_50_85\D01_027473_2593_XN_79N113W_F23_044919_2594_XN_79N114W,output_-115_-110_50_85,78.954,79.5676,636.548,0.0
D01_027473_2593_XN_79N113W_F23_044932_2597_XN_79N112W,G:\crater_flux_output_folders\output_-115_-110_50_85\D01_027473_2593_XN_79N113W_F23_044932_2597_XN_79N112W,output_-115_-110_50_85,79.166,79.631,426.9324,0.0
D01_027473_2593_XN_79N113W_F23_044866_2601_XN_80N112W,G:\crater_flux_output_folders\output_-115_-110_50_85\D01_027473_2593_XN_79N113W_F23_044866_2601_XN_80N112W,output_-115_-110_50_85,79.59,79.631,3.3107,0.0
G22_026866_2627_XN_82N108W_G23_027051_2628_XN_82N112W,G:\crater_flux_output_folders\output_-115_-110_50_85\G22_026866_2627_XN_82N108W_G23_027051_2628_XN_82N112W,output_-115_-110_50_85,82.6464,83.0216,32.7366,0.0
G22_026893_2596_XN_79N115W_F02_036598_2595_XN_79N114W,G:\crater_flux_output_folders\output_-115_-110_50_85\G22_026893_2596_XN_79N115W_F02_036598_2595_XN_79N114W,output_-115_-110_50_85,79.2174,79.8371,397.1826,0.0
G22_026893_2596_XN_79N115W_D22_035912_2597_XN_79N112W,G:\crater_flux_output_folders\output_-115_-110_50_85\G22_026893_2596_XN_79N115W_D22_035912_2597_XN_79N112W,output_-115_-110_50_85,79.5486,79.8627,30.7967,0.0
G22_026893_2596_XN_79N115W_D22_035899_2593_XN_79N113W,G:\crater_flux_output_folders\output_-115_-110_50_85\G22_026893_2596_XN_79N115W_D22_035899_2593_XN_79N113W,output_-115_-110_50_85,79.2361,79.5355,175.459,0.0
G22_026893_2596_XN_79N115W_F23_044919_2594_XN_79N114W,G:\crater_flux_output_folders\output_-115_-110_50_85\G22_026893_2596_XN_79N115W_F23_044919_2594_XN_79N114W,output_-115_-110_50_85,79.2174,79.6949,320.003,0.0
G22_026893_2596_XN_79N115W_F23_044932_2597_XN_79N112W,G:\crater_flux_output_folders\output_-115_-110_50_85\G22_026893_2596_XN_79N115W_F23_044932_2597_XN_79N112W,output_-115_-110_50_85,79.5575,79.8483,23.176,0.0
G22_026893_2596_XN_79N115W_J02_045460_2601_XN_80N114W,G:\crater_flux_output_folders\output_-115_-110_50_85\G22_026893_2596_XN_79N115W_J02_045460_2601_XN_80N114W,output_-115_-110_50_85,79.6191,79.975,155.1332,0.0
G22_026893_2596_XN_79N115W_J02_045552_2601_XN_80N114W,G:\crater_flux_output_folders\output_-115_-110_50_85\G22_026893_2596_XN_79N115W_J02_045552_2601_XN_80N114W,output_-115_-110_50_85,79.515,79.975,213.3672,0.0
D15_032905_2644_XN_84N107W_D19_034672_2644_XN_84N107W,G:\crater_flux_output_folders\output_-115_-110_50_85\D15_032905_2644_XN_84N107W_D19_034672_2644_XN_84N107W,output_-115_-110_50_85,84.3409,84.6611,75.406,0.0
D15_032905_2644_XN_84N107W_D20_035173_2644_XN_84N107W,G:\crater_flux_output_folders\output_-115_-110_50_85\D15_032905_2644_XN_84N107W_D20_035173_2644_XN_84N107W,output_-115_-110_50_85,84.3364,84.6064,54.2056,0.0
D15_032905_2644_XN_84N107W_D21_035529_2646_XN_84N109W,G:\crater_flux_output_folders\output_-110_-100_60_85\D15_032905_2644_XN_84N107W_D21_035529_2646_XN_84N109W,output_-115_-110_50_85,84.3304,84.6611,532.6025,0.0
D15_032905_2644_XN_84N107W_F01_036004_2644_XN_84N106W,G:\crater_flux_output_folders\output_-110_-100_60_85\D15_032905_2644_XN_84N107W_F01_036004_2644_XN_84N106W,output_-115_-110_50_85,84.5428,84.5584,969.8738,0.0
D15_032905_2644_XN_84N107W_D22_035951_2644_XN_84N107W,G:\crater_flux_output_folders\output_-115_-110_50_85\D15_032905_2644_XN_84N107W_D22_035951_2644_XN_84N107W,output_-115_-110_50_85,84.3396,84.6033,53.0414,0.0
D15_032905_2644_XN_84N107W_F01_036043_2644_XN_84N105W,G:\crater_flux_output_folders\output_-110_-100_60_85\D15_032905_2644_XN_84N107W_F01_036043_2644_XN_84N105W,output_-115_-110_50_85,84.3944,84.4609,956.6656,0.0
D15_032905_2644_XN_84N107W_D22_035595_2645_XN_84N108W,G:\crater_flux_output_folders\output_-110_-100_60_85\D15_032905_2644_XN_84N107W_D22_035595_2645_XN_84N108W,output_-115_-110_50_85,84.3304,84.6611,859.5699,0.0
D15_032905_2644_XN_84N107W_F01_036294_2649_XN_84N112W,G:\crater_flux_output_folders\output_-110_-100_60_85\D15_032905_2644_XN_84N107W_F01_036294_2649_XN_84N112W,output_-115_-110_50_85,84.3358,84.6611,289.8408,0.0
D15_032905_2644_XN_84N107W_F03_037085_2645_XN_84N107W,G:\crater_flux_output_folders\output_-110_-100_60_85\D15_032905_2644_XN_84N107W_F03_037085_2645_XN_84N107W,output_-115_-110_50_85,84.3304,84.6611,1196.0076,0.0
D15_032905_2644_XN_84N107W_F21_044193_2644_XN_84N107W,G:\crater_flux_output_folders\output_-115_-110_50_85\D15_032905_2644_XN_84N107W_F21_044193_2644_XN_84N107W,output_-115_-110_50_85,84.3488,84.6117,50.1158,0.0
D15_032905_2644_XN_84N107W_F23_044861_2756_XN_84N107W,G:\crater_flux_output_folders\output_-110_-100_60_85\D15_032905_2644_XN_84N107W_F23_044861_2756_XN_84N107W,output_-115_-110_50_85,84.3304,84.3884,1045.8592,0.0
D15_032905_2644_XN_84N107W_J02_045604_2644_XN_84N107W,G:\crater_flux_output_folders\output_-115_-110_50_85\D15_032905_2644_XN_84N107W_J02_045604_2644_XN_84N107W,output_-115_-110_50_85,84.3304,84.6611,80.37,0.0
D15_032905_2644_XN_84N107W_J03_046105_2645_XN_84N107W,G:\crater_flux_output_folders\output_-110_-100_60_85\D15_032905_2644_XN_84N107W_J03_046105_2645_XN_84N107W,output_-115_-110_50_85,84.3304,84.6611,1178.6198,0.0
D18_034079_2649_XN_84N119W_D16_033433_2649_XN_84N120W,G:\crater_flux_output_folders\output_-115_-110_50_85\D18_034079_2649_XN_84N119W_D16_033433_2649_XN_84N120W,output_-115_-110_50_85,84.4944,84.5524,2.453,0.0
D18_034079_2649_XN_84N119W_D19_034501_2649_XN_84N119W,G:\crater_flux_output_folders\output_-115_-110_50_85\D18_034079_2649_XN_84N119W_D19_034501_2649_XN_84N119W,output_-115_-110_50_85,84.4884,84.6044,9.9672,0.0
D18_034079_2649_XN_84N119W_F02_036558_2649_XN_84N119W,G:\crater_flux_output_folders\output_-115_-110_50_85\D18_034079_2649_XN_84N119W_F02_036558_2649_XN_84N119W,output_-115_-110_50_85,84.4884,84.5775,6.3365,0.0
D16_033433_2649_XN_84N120W_D19_034501_2649_XN_84N119W,G:\crater_flux_output_folders\output_-115_-110_50_85\D16_033433_2649_XN_84N120W_D19_034501_2649_XN_84N119W,output_-115_-110_50_85,84.4944,84.5524,2.4527,0.0
D16_033433_2649_XN_84N120W_F02_036558_2649_XN_84N119W,G:\crater_flux_output_folders\output_-115_-110_50_85\D16_033433_2649_XN_84N120W_F02_036558_2649_XN_84N119W,output_-115_-110_50_85,84.4944,84.5524,2.4527,0.0
D19_034672_2644_XN_84N107W_D20_035173_2644_XN_84N107W,G:\crater_flux_output_folders\output_-115_-110_50_85\D19_034672_2644_XN_84N107W_D20_035173_2644_XN_84N107W,output_-115_-110_50_85,84.3409,84.6064,46.2335,0.0
D19_034672_2644_XN_84N107W_D21_035529_2646_XN_84N109W,G:\crater_flux_output_folders\output_-110_-100_60_85\D19_034672_2644_XN_84N107W_D21_035529_2646_XN_84N109W,output_-115_-110_50_85,84.3409,84.6667,530.6657,0.0
D19_034672_2644_XN_84N107W_F01_036004_2644_XN_84N106W,G:\crater_flux_output_folders\output_-110_-100_60_85\D19_034672_2644_XN_84N107W_F01_036004_2644_XN_84N106W,output_-115_-110_50_85,84.5428,84.5584,972.8213,0.0
D19_034672_2644_XN_84N107W_D22_035951_2644_XN_84N107W,G:\crater_flux_output_folders\output_-115_-110_50_85\D19_034672_2644_XN_84N107W_D22_035951_2644_XN_84N107W,output_-115_-110_50_85,84.3409,84.6033,45.4974,0.0
D19_034672_2644_XN_84N107W_F01_036043_2644_XN_84N105W,G:\crater_flux_output_folders\output_-110_-100_60_85\D19_034672_2644_XN_84N107W_F01_036043_2644_XN_84N105W,output_-115_-110_50_85,84.3944,84.4609,963.6367,0.0
D19_034672_2644_XN_84N107W_D22_035595_2645_XN_84N108W,G:\crater_flux_output_folders\output_-115_-110_50_85\D19_034672_2644_XN_84N107W_D22_035595_2645_XN_84N108W,output_-115_-110_50_85,84.3409,84.6667,73.0302,0.0
D19_034672_2644_XN_84N107W_F01_036294_2649_XN_84N112W,G:\crater_flux_output_folders\output_-110_-100_60_85\D19_034672_2644_XN_84N107W_F01_036294_2649_XN_84N112W,output_-115_-110_50_85,84.3409,84.6667,289.689,0.0
D19_034672_2644_XN_84N107W_F03_037085_2645_XN_84N107W,G:\crater_flux_output_folders\output_-115_-110_50_85\D19_034672_2644_XN_84N107W_F03_037085_2645_XN_84N107W,output_-115_-110_50_85,84.3409,84.6667,73.0302,0.0
D19_034672_2644_XN_84N107W_F21_044193_2644_XN_84N107W,G:\crater_flux_output_folders\output_-115_-110_50_85\D19_034672_2644_XN_84N107W_F21_044193_2644_XN_84N107W,output_-115_-110_50_85,84.3488,84.6117,48.5636,0.0
D19_034672_2644_XN_84N107W_F23_044861_2756_XN_84N107W,G:\crater_flux_output_folders\output_-115_-110_50_85\D19_034672_2644_XN_84N107W_F23_044861_2756_XN_84N107W,output_-115_-110_50_85,84.3409,84.3884,0.3103,0.0
D19_034672_2644_XN_84N107W_J02_045604_2644_XN_84N107W,G:\crater_flux_output_folders\output_-110_-100_60_85\D19_034672_2644_XN_84N107W_J02_045604_2644_XN_84N107W,output_-115_-110_50_85,84.3409,84.6667,1231.8944,0.0
D19_034672_2644_XN_84N107W_J03_046105_2645_XN_84N107W,G:\crater_flux_output_folders\output_-115_-110_50_85\D19_034672_2644_XN_84N107W_J03_046105_2645_XN_84N107W,output_-115_-110_50_85,84.3409,84.6667,73.0302,0.0
D19_034501_2649_XN_84N119W_F02_036558_2649_XN_84N119W,G:\crater_flux_output_folders\output_-115_-110_50_85\D19_034501_2649_XN_84N119W_F02_036558_2649_XN_84N119W,output_-115_-110_50_85,84.4513,84.5775,12.173,0.0
D21_035266_2595_XN_79N110W_D22_035912_2597_XN_79N112W,G:\crater_flux_output_folders\output_-115_-110_50_85\D21_035266_2595_XN_79N110W_D22_035912_2597_XN_79N112W,output_-115_-110_50_85,79.305,79.754,269.0884,0.0
D21_035266_2595_XN_79N110W_F23_044932_2597_XN_79N112W,G:\crater_flux_output_folders\output_-115_-110_50_85\D21_035266_2595_XN_79N110W_F23_044932_2597_XN_79N112W,output_-115_-110_50_85,79.2816,79.7533,276.7786,0.0
D21_035266_2595_XN_79N110W_F23_044866_2601_XN_80N112W,G:\crater_flux_output_folders\output_-110_-100_60_85\D21_035266_2595_XN_79N110W_F23_044866_2601_XN_80N112W,output_-115_-110_50_85,79.6392,79.8035,3.7594,0.0
D21_035266_2595_XN_79N110W_J16_051103_2596_XN_79N110W,G:\crater_flux_output_folders\output_-115_-110_50_85\D21_035266_2595_XN_79N110W_J16_051103_2596_XN_79N110W,output_-115_-110_50_85,79.0293,79.8035,700.7519,0.0
D20_035173_2644_XN_84N107W_D21_035529_2646_XN_84N109W,G:\crater_flux_output_folders\output_-110_-100_60_85\D20_035173_2644_XN_84N107W_D21_035529_2646_XN_84N109W,output_-115_-110_50_85,84.3364,84.6064,492.189,0.0
D20_035173_2644_XN_84N107W_F01_036004_2644_XN_84N106W,G:\crater_flux_output_folders\output_-110_-100_60_85\D20_035173_2644_XN_84N107W_F01_036004_2644_XN_84N106W,output_-115_-110_50_85,84.5428,84.5584,1062.0127,0.0
D20_035173_2644_XN_84N107W_D22_035951_2644_XN_84N107W,G:\crater_flux_output_folders\output_-115_-110_50_85\D20_035173_2644_XN_84N107W_D22_035951_2644_XN_84N107W,output_-115_-110_50_85,84.3396,84.6033,50.1168,0.0
D20_035173_2644_XN_84N107W_F01_036043_2644_XN_84N105W,G:\crater_flux_output_folders\output_-110_-100_60_85\D20_035173_2644_XN_84N107W_F01_036043_2644_XN_84N105W,output_-115_-110_50_85,84.3944,84.4609,1038.5982,0.0
D20_035173_2644_XN_84N107W_D22_035595_2645_XN_84N108W,G:\crater_flux_output_folders\output_-110_-100_60_85\D20_035173_2644_XN_84N107W_D22_035595_2645_XN_84N108W,output_-115_-110_50_85,84.3364,84.6064,806.1055,0.0
D20_035173_2644_XN_84N107W_F01_036294_2649_XN_84N112W,G:\crater_flux_output_folders\output_-110_-100_60_85\D20_035173_2644_XN_84N107W_F01_036294_2649_XN_84N112W,output_-115_-110_50_85,84.3374,84.6064,253.5926,0.0
D20_035173_2644_XN_84N107W_F03_037085_2645_XN_84N107W,G:\crater_flux_output_folders\output_-115_-110_50_85\D20_035173_2644_XN_84N107W_F03_037085_2645_XN_84N107W,output_-115_-110_50_85,84.3364,84.6064,50.8702,0.0
D20_035173_2644_XN_84N107W_F21_044193_2644_XN_84N107W,G:\crater_flux_output_folders\output_-115_-110_50_85\D20_035173_2644_XN_84N107W_F21_044193_2644_XN_84N107W,output_-115_-110_50_85,84.3488,84.6064,46.2233,0.0
D20_035173_2644_XN_84N107W_F23_044861_2756_XN_84N107W,G:\crater_flux_output_folders\output_-110_-100_60_85\D20_035173_2644_XN_84N107W_F23_044861_2756_XN_84N107W,output_-115_-110_50_85,84.3364,84.3884,1060.181,0.0
D20_035173_2644_XN_84N107W_J02_045604_2644_XN_84N107W,G:\crater_flux_output_folders\output_-110_-100_60_85\D20_035173_2644_XN_84N107W_J02_045604_2644_XN_84N107W,output_-115_-110_50_85,84.3364,84.6064,1260.6832,0.0
D20_035173_2644_XN_84N107W_J03_046105_2645_XN_84N107W,G:\crater_flux_output_folders\output_-115_-110_50_85\D20_035173_2644_XN_84N107W_J03_046105_2645_XN_84N107W,output_-115_-110_50_85,84.3364,84.6064,50.8702,0.0
D21_035529_2646_XN_84N109W_F01_036373_2652_XN_85N113W,G:\crater_flux_output_folders\output_-115_-110_50_85\D21_035529_2646_XN_84N109W_F01_036373_2652_XN_85N113W,output_-115_-110_50_85,84.607,84.9826,221.2214,0.0
D21_035529_2646_XN_84N109W_F01_036004_2644_XN_84N106W,G:\crater_flux_output_folders\output_-110_-100_60_85\D21_035529_2646_XN_84N109W_F01_036004_2644_XN_84N106W,output_-115_-110_50_85,84.5428,84.5584,364.3905,0.0
D21_035529_2646_XN_84N109W_D22_035951_2644_XN_84N107W,G:\crater_flux_output_folders\output_-115_-110_50_85\D21_035529_2646_XN_84N109W_D22_035951_2644_XN_84N107W,output_-115_-110_50_85,84.3396,84.6033,54.1286,0.0
D21_035529_2646_XN_84N109W_F01_036043_2644_XN_84N105W,G:\crater_flux_output_folders\output_-110_-100_60_85\D21_035529_2646_XN_84N109W_F01_036043_2644_XN_84N105W,output_-115_-110_50_85,84.3944,84.4609,362.8615,0.0
D21_035529_2646_XN_84N109W_D22_035595_2645_XN_84N108W,G:\crater_flux_output_folders\output_-110_-100_60_85\D21_035529_2646_XN_84N109W_D22_035595_2645_XN_84N108W,output_-115_-110_50_85,84.19,84.8126,638.0973,0.0
D21_035529_2646_XN_84N109W_F01_036294_2649_XN_84N112W,G:\crater_flux_output_folders\output_-115_-110_50_85\D21_035529_2646_XN_84N109W_F01_036294_2649_XN_84N112W,output_-115_-110_50_85,84.2699,84.9826,580.2922,0.0
D21_035529_2646_XN_84N109W_F03_037085_2645_XN_84N107W,G:\crater_flux_output_folders\output_-110_-100_60_85\D21_035529_2646_XN_84N109W_F03_037085_2645_XN_84N107W,output_-115_-110_50_85,84.296,84.9826,665.9368,0.0
D21_035529_2646_XN_84N109W_F21_044193_2644_XN_84N107W,G:\crater_flux_output_folders\output_-110_-100_60_85\D21_035529_2646_XN_84N109W_F21_044193_2644_XN_84N107W,output_-115_-110_50_85,84.3488,84.6117,488.1223,0.0
D21_035529_2646_XN_84N109W_F23_044861_2756_XN_84N107W,G:\crater_flux_output_folders\output_-110_-100_60_85\D21_035529_2646_XN_84N109W_F23_044861_2756_XN_84N107W,output_-115_-110_50_85,84.1452,84.3884,461.7119,0.0
D21_035529_2646_XN_84N109W_J02_045604_2644_XN_84N107W,G:\crater_flux_output_folders\output_-115_-110_50_85\D21_035529_2646_XN_84N109W_J02_045604_2644_XN_84N107W,output_-115_-110_50_85,84.3227,84.7878,166.1015,0.0
D21_035529_2646_XN_84N109W_J03_046105_2645_XN_84N107W,G:\crater_flux_output_folders\output_-110_-100_60_85\D21_035529_2646_XN_84N109W_J03_046105_2645_XN_84N107W,output_-115_-110_50_85,84.2847,84.9826,669.0485,0.0
F02_036598_2595_XN_79N114W_D22_035912_2597_XN_79N112W,G:\crater_flux_output_folders\output_-115_-110_50_85\F02_036598_2595_XN_79N114W_D22_035912_2597_XN_79N112W,output_-115_-110_50_85,79.186,79.853,151.5349,0.0
F02_036598_2595_XN_79N114W_D22_035899_2593_XN_79N113W,G:\crater_flux_output_folders\output_-115_-110_50_85\F02_036598_2595_XN_79N114W_D22_035899_2593_XN_79N113W,output_-115_-110_50_85,79.097,79.5553,376.9815,0.0
F02_036598_2595_XN_79N114W_F23_044919_2594_XN_79N114W,G:\crater_flux_output_folders\output_-115_-110_50_85\F02_036598_2595_XN_79N114W_F23_044919_2594_XN_79N114W,output_-115_-110_50_85,79.0621,79.7137,616.2098,0.0
F02_036598_2595_XN_79N114W_F23_044932_2597_XN_79N112W,G:\crater_flux_output_folders\output_-115_-110_50_85\F02_036598_2595_XN_79N114W_F23_044932_2597_XN_79N112W,output_-115_-110_50_85,79.166,79.853,152.5022,0.0
F02_036598_2595_XN_79N114W_J02_045460_2601_XN_80N114W,G:\crater_flux_output_folders\output_-115_-110_50_85\F02_036598_2595_XN_79N114W_J02_045460_2601_XN_80N114W,output_-115_-110_50_85,79.6191,79.853,140.2626,0.0
F02_036598_2595_XN_79N114W_J02_045552_2601_XN_80N114W,G:\crater_flux_output_folders\output_-115_-110_50_85\F02_036598_2595_XN_79N114W_J02_045552_2601_XN_80N114W,output_-115_-110_50_85,79.515,79.853,215.8272,0.0
F01_036373_2652_XN_85N113W_D22_035595_2645_XN_84N108W,G:\crater_flux_output_folders\output_-110_-100_60_85\F01_036373_2652_XN_85N113W_D22_035595_2645_XN_84N108W,output_-115_-110_50_85,84.607,84.8126,39.4068,0.0
F01_036373_2652_XN_85N113W_F01_036294_2649_XN_84N112W,G:\crater_flux_output_folders\output_-115_-110_50_85\F01_036373_2652_XN_85N113W_F01_036294_2649_XN_84N112W,output_-115_-110_50_85,84.607,85.0001,420.138,0.0
F01_036373_2652_XN_85N113W_F03_037085_2645_XN_84N107W,G:\crater_flux_output_folders\output_-115_-110_50_85\F01_036373_2652_XN_85N113W_F03_037085_2645_XN_84N107W,output_-115_-110_50_85,84.6169,85.0001,290.1204,0.0
F01_036373_2652_XN_85N113W_J02_045604_2644_XN_84N107W,G:\crater_flux_output_folders\output_-115_-110_50_85\F01_036373_2652_XN_85N113W_J02_045604_2644_XN_84N107W,output_-115_-110_50_85,84.6317,84.7878,25.0247,0.0
F01_036373_2652_XN_85N113W_J03_046105_2645_XN_84N107W,G:\crater_flux_output_folders\output_-110_-100_60_85\F01_036373_2652_XN_85N113W_J03_046105_2645_XN_84N107W,output_-115_-110_50_85,84.6157,85.0001,125.9028,0.0
F01_036004_2644_XN_84N106W_D22_035951_2644_XN_84N107W,G:\crater_flux_output_folders\output_-110_-100_60_85\F01_036004_2644_XN_84N106W_D22_035951_2644_XN_84N107W,output_-115_-110_50_85,84.5428,84.5584,1047.7444,0.0
F01_036004_2644_XN_84N106W_D22_035595_2645_XN_84N108W,G:\crater_flux_output_folders\output_-110_-100_60_85\F01_036004_2644_XN_84N106W_D22_035595_2645_XN_84N108W,output_-115_-110_50_85,84.5428,84.5584,620.3562,0.0
F01_036004_2644_XN_84N106W_F01_036294_2649_XN_84N112W,G:\crater_flux_output_folders\output_-110_-100_60_85\F01_036004_2644_XN_84N106W_F01_036294_2649_XN_84N112W,output_-115_-110_50_85,84.5428,84.5584,169.5919,0.0
F01_036004_2644_XN_84N106W_F03_037085_2645_XN_84N107W,G:\crater_flux_output_folders\output_-110_-100_60_85\F01_036004_2644_XN_84N106W_F03_037085_2645_XN_84N107W,output_-115_-110_50_85,84.5428,84.5584,1131.2763,0.0
F01_036004_2644_XN_84N106W_F21_044193_2644_XN_84N107W,G:\crater_flux_output_folders\output_-110_-100_60_85\F01_036004_2644_XN_84N106W_F21_044193_2644_XN_84N107W,output_-115_-110_50_85,84.5428,84.5584,1046.1822,0.0
F01_036004_2644_XN_84N106W_J02_045604_2644_XN_84N107W,G:\crater_flux_output_folders\output_-110_-100_60_85\F01_036004_2644_XN_84N106W_J02_045604_2644_XN_84N107W,output_-115_-110_50_85,84.5428,84.5584,1115.8561,0.0
F01_036004_2644_XN_84N106W_J03_046105_2645_XN_84N107W,G:\crater_flux_output_folders\output_-110_-100_60_85\F01_036004_2644_XN_84N106W_J03_046105_2645_XN_84N107W,output_-115_-110_50_85,84.5428,84.5584,1111.7735,0.0
D22_035951_2644_XN_84N107W_F01_036043_2644_XN_84N105W,G:\crater_flux_output_folders\output_-110_-100_60_85\D22_035951_2644_XN_84N107W_F01_036043_2644_XN_84N105W,output_-115_-110_50_85,84.3944,84.4609,1039.9529,0.0
D22_035951_2644_XN_84N107W_D22_035595_2645_XN_84N108W,G:\crater_flux_output_folders\output_-110_-100_60_85\D22_035951_2644_XN_84N107W_D22_035595_2645_XN_84N108W,output_-115_-110_50_85,84.3396,84.6033,799.5802,0.0
D22_035951_2644_XN_84N107W_F01_036294_2649_XN_84N112W,G:\crater_flux_output_folders\output_-110_-100_60_85\D22_035951_2644_XN_84N107W_F01_036294_2649_XN_84N112W,output_-115_-110_50_85,84.3396,84.6033,249.955,0.0
D22_035951_2644_XN_84N107W_F03_037085_2645_XN_84N107W,G:\crater_flux_output_folders\output_-110_-100_60_85\D22_035951_2644_XN_84N107W_F03_037085_2645_XN_84N107W,output_-115_-110_50_85,84.3396,84.6033,1231.0834,0.0
D22_035951_2644_XN_84N107W_F21_044193_2644_XN_84N107W,G:\crater_flux_output_folders\output_-115_-110_50_85\D22_035951_2644_XN_84N107W_F21_044193_2644_XN_84N107W,output_-115_-110_50_85,84.3488,84.6033,45.3074,0.0
D22_035951_2644_XN_84N107W_F23_044861_2756_XN_84N107W,G:\crater_flux_output_folders\output_-110_-100_60_85\D22_035951_2644_XN_84N107W_F23_044861_2756_XN_84N107W,output_-115_-110_50_85,84.3396,84.3884,1053.4725,0.0
D22_035951_2644_XN_84N107W_J02_045604_2644_XN_84N107W,G:\crater_flux_output_folders\output_-115_-110_50_85\D22_035951_2644_XN_84N107W_J02_045604_2644_XN_84N107W,output_-115_-110_50_85,84.3396,84.6033,50.2584,0.0
D22_035951_2644_XN_84N107W_J03_046105_2645_XN_84N107W,G:\crater_flux_output_folders\output_-115_-110_50_85\D22_035951_2644_XN_84N107W_J03_046105_2645_XN_84N107W,output_-115_-110_50_85,84.3396,84.6033,50.2584,0.0
D22_035912_2597_XN_79N112W_D22_035899_2593_XN_79N113W,G:\crater_flux_output_folders\output_-115_-110_50_85\D22_035912_2597_XN_79N112W_D22_035899_2593_XN_79N113W,output_-115_-110_50_85,79.186,79.631,408.0615,0.0
D22_035912_2597_XN_79N112W_F23_044919_2594_XN_79N114W,G:\crater_flux_output_folders\output_-115_-110_50_85\D22_035912_2597_XN_79N112W_F23_044919_2594_XN_79N114W,output_-115_-110_50_85,79.186,79.732,223.1835,0.0
D22_035912_2597_XN_79N112W_F23_044932_2597_XN_79N112W,G:\crater_flux_output_folders\output_-115_-110_50_85\D22_035912_2597_XN_79N112W_F23_044932_2597_XN_79N112W,output_-115_-110_50_85,79.186,80.0238,1332.2662,0.0
D22_035912_2597_XN_79N112W_F23_044866_2601_XN_80N112W,G:\crater_flux_output_folders\output_-115_-110_50_85\D22_035912_2597_XN_79N112W_F23_044866_2601_XN_80N112W,output_-115_-110_50_85,79.59,80.045,409.7573,0.0
D22_035912_2597_XN_79N112W_J02_045460_2601_XN_80N114W,G:\crater_flux_output_folders\output_-115_-110_50_85\D22_035912_2597_XN_79N112W_J02_045460_2601_XN_80N114W,output_-115_-110_50_85,79.6463,79.9544,235.3808,0.0
D22_035912_2597_XN_79N112W_J02_045552_2601_XN_80N114W,G:\crater_flux_output_folders\output_-115_-110_50_85\D22_035912_2597_XN_79N112W_J02_045552_2601_XN_80N114W,output_-115_-110_50_85,79.572,79.958,326.8257,0.0
D22_035912_2597_XN_79N112W_J16_051103_2596_XN_79N110W,G:\crater_flux_output_folders\output_-115_-110_50_85\D22_035912_2597_XN_79N112W_J16_051103_2596_XN_79N110W,output_-115_-110_50_85,79.3073,79.8474,332.4505,0.0
F01_036043_2644_XN_84N105W_D22_035595_2645_XN_84N108W,G:\crater_flux_output_folders\output_-110_-100_60_85\F01_036043_2644_XN_84N105W_D22_035595_2645_XN_84N108W,output_-115_-110_50_85,84.3944,84.4609,629.724,0.0
F01_036043_2644_XN_84N105W_F01_036294_2649_XN_84N112W,G:\crater_flux_output_folders\output_-110_-100_60_85\F01_036043_2644_XN_84N105W_F01_036294_2649_XN_84N112W,output_-115_-110_50_85,84.3944,84.4609,157.8501,0.0
F01_036043_2644_XN_84N105W_F03_037085_2645_XN_84N107W,G:\crater_flux_output_folders\output_-110_-100_60_85\F01_036043_2644_XN_84N105W_F03_037085_2645_XN_84N107W,output_-115_-110_50_85,84.3944,84.4609,1129.9911,0.0
F01_036043_2644_XN_84N105W_F21_044193_2644_XN_84N107W,G:\crater_flux_output_folders\output_-110_-100_60_85\F01_036043_2644_XN_84N105W_F21_044193_2644_XN_84N107W,output_-115_-110_50_85,84.3944,84.4609,1040.7151,0.0
F01_036043_2644_XN_84N105W_J02_045604_2644_XN_84N107W,G:\crater_flux_output_folders\output_-110_-100_60_85\F01_036043_2644_XN_84N105W_J02_045604_2644_XN_84N107W,output_-115_-110_50_85,84.3944,84.4609,1093.7619,0.0
F01_036043_2644_XN_84N105W_J03_046105_2645_XN_84N107W,G:\crater_flux_output_folders\output_-110_-100_60_85\F01_036043_2644_XN_84N105W_J03_046105_2645_XN_84N107W,output_-115_-110_50_85,84.3944,84.4609,1111.2511,0.0
D22_035899_2593_XN_79N113W_F23_044919_2594_XN_79N114W,G:\crater_flux_output_folders\output_-115_-110_50_85\D22_035899_2593_XN_79N113W_F23_044919_2594_XN_79N114W,output_-115_-110_50_85,78.9527,79.573,639.9876,0.0
D22_035899_2593_XN_79N113W_F23_044932_2597_XN_79N112W,G:\crater_flux_output_folders\output_-115_-110_50_85\D22_035899_2593_XN_79N113W_F23_044932_2597_XN_79N112W,output_-115_-110_50_85,79.166,79.631,434.923,0.0
D22_035899_2593_XN_79N113W_F23_044866_2601_XN_80N112W,G:\crater_flux_output_folders\output_-115_-110_50_85\D22_035899_2593_XN_79N113W_F23_044866_2601_XN_80N112W,output_-115_-110_50_85,79.59,79.631,3.3388,0.0
D22_035595_2645_XN_84N108W_F01_036294_2649_XN_84N112W,G:\crater_flux_output_folders\output_-115_-110_50_85\D22_035595_2645_XN_84N108W_F01_036294_2649_XN_84N112W,output_-115_-110_50_85,84.3008,84.8126,273.9111,0.0
D22_035595_2645_XN_84N108W_F03_037085_2645_XN_84N107W,G:\crater_flux_output_folders\output_-110_-100_60_85\D22_035595_2645_XN_84N108W_F03_037085_2645_XN_84N107W,output_-115_-110_50_85,84.296,84.8126,993.8145,0.0
D22_035595_2645_XN_84N108W_F21_044193_2644_XN_84N107W,G:\crater_flux_output_folders\output_-110_-100_60_85\D22_035595_2645_XN_84N108W_F21_044193_2644_XN_84N107W,output_-115_-110_50_85,84.3488,84.6117,806.883,0.0
D22_035595_2645_XN_84N108W_F23_044861_2756_XN_84N107W,G:\crater_flux_output_folders\output_-110_-100_60_85\D22_035595_2645_XN_84N108W_F23_044861_2756_XN_84N107W,output_-115_-110_50_85,84.19,84.3884,817.0,0.0
D22_035595_2645_XN_84N108W_J02_045604_2644_XN_84N107W,G:\crater_flux_output_folders\output_-110_-100_60_85\D22_035595_2645_XN_84N108W_J02_045604_2644_XN_84N107W,output_-115_-110_50_85,84.3227,84.7878,967.5959,0.0
D22_035595_2645_XN_84N108W_J03_046105_2645_XN_84N107W,G:\crater_flux_output_folders\output_-110_-100_60_85\D22_035595_2645_XN_84N108W_J03_046105_2645_XN_84N107W,output_-115_-110_50_85,84.2847,84.8126,1000.8092,0.0
F01_036294_2649_XN_84N112W_F03_037085_2645_XN_84N107W,G:\crater_flux_output_folders\output_-115_-110_50_85\F01_036294_2649_XN_84N112W_F03_037085_2645_XN_84N107W,output_-115_-110_50_85,84.3268,85.0001,456.4124,0.0
F01_036294_2649_XN_84N112W_F21_044193_2644_XN_84N107W,G:\crater_flux_output_folders\output_-110_-100_60_85\F01_036294_2649_XN_84N112W_F21_044193_2644_XN_84N107W,output_-115_-110_50_85,84.3488,84.6117,243.2318,0.0
F01_036294_2649_XN_84N112W_F23_044861_2756_XN_84N107W,G:\crater_flux_output_folders\output_-110_-100_60_85\F01_036294_2649_XN_84N112W_F23_044861_2756_XN_84N107W,output_-115_-110_50_85,84.3172,84.3884,182.49,0.0
F01_036294_2649_XN_84N112W_J02_045604_2644_XN_84N107W,G:\crater_flux_output_folders\output_-110_-100_60_85\F01_036294_2649_XN_84N112W_J02_045604_2644_XN_84N107W,output_-115_-110_50_85,84.334,84.7878,342.2091,0.0
F01_036294_2649_XN_84N112W_J03_046105_2645_XN_84N107W,G:\crater_flux_output_folders\output_-115_-110_50_85\F01_036294_2649_XN_84N112W_J03_046105_2645_XN_84N107W,output_-115_-110_50_85,84.3241,85.0001,449.0536,0.0
F03_037085_2645_XN_84N107W_F21_044193_2644_XN_84N107W,G:\crater_flux_output_folders\output_-110_-100_60_85\F03_037085_2645_XN_84N107W_F21_044193_2644_XN_84N107W,output_-115_-110_50_85,84.3488,84.6117,1231.0872,0.0
F03_037085_2645_XN_84N107W_F23_044861_2756_XN_84N107W,G:\crater_flux_output_folders\output_-110_-100_60_85\F03_037085_2645_XN_84N107W_F23_044861_2756_XN_84N107W,output_-115_-110_50_85,84.296,84.3884,1056.1879,0.0
F03_037085_2645_XN_84N107W_J02_045604_2644_XN_84N107W,G:\crater_flux_output_folders\output_-115_-110_50_85\F03_037085_2645_XN_84N107W_J02_045604_2644_XN_84N107W,output_-115_-110_50_85,84.3227,84.7878,155.8779,0.0
F03_037085_2645_XN_84N107W_J03_046105_2645_XN_84N107W,G:\crater_flux_output_folders\output_-110_-100_60_85\F03_037085_2645_XN_84N107W_J03_046105_2645_XN_84N107W,output_-115_-110_50_85,84.296,85.0001,1697.3051,0.0
F23_044919_2594_XN_79N114W_F23_044932_2597_XN_79N112W,G:\crater_flux_output_folders\output_-115_-110_50_85\F23_044919_2594_XN_79N114W_F23_044932_2597_XN_79N112W,output_-115_-110_50_85,79.166,79.732,229.071,0.0
F23_044919_2594_XN_79N114W_J02_045460_2601_XN_80N114W,G:\crater_flux_output_folders\output_-115_-110_50_85\F23_044919_2594_XN_79N114W_J02_045460_2601_XN_80N114W,output_-115_-110_50_85,79.6191,79.732,44.5484,0.0
F23_044919_2594_XN_79N114W_J02_045552_2601_XN_80N114W,G:\crater_flux_output_folders\output_-115_-110_50_85\F23_044919_2594_XN_79N114W_J02_045552_2601_XN_80N114W,output_-115_-110_50_85,79.515,79.732,133.9324,0.0
F23_044932_2597_XN_79N112W_F23_044866_2601_XN_80N112W,G:\crater_flux_output_folders\output_-115_-110_50_85\F23_044932_2597_XN_79N112W_F23_044866_2601_XN_80N112W,output_-115_-110_50_85,79.59,80.025,388.2003,0.0
F23_044932_2597_XN_79N112W_J02_045460_2601_XN_80N114W,G:\crater_flux_output_folders\output_-115_-110_50_85\F23_044932_2597_XN_79N112W_J02_045460_2601_XN_80N114W,output_-115_-110_50_85,79.647,79.9357,213.9806,0.0
F23_044932_2597_XN_79N112W_J02_045552_2601_XN_80N114W,G:\crater_flux_output_folders\output_-115_-110_50_85\F23_044932_2597_XN_79N112W_J02_045552_2601_XN_80N114W,output_-115_-110_50_85,79.5726,79.9401,303.8992,0.0
F23_044932_2597_XN_79N112W_J16_051103_2596_XN_79N110W,G:\crater_flux_output_folders\output_-115_-110_50_85\F23_044932_2597_XN_79N112W_J16_051103_2596_XN_79N110W,output_-115_-110_50_85,79.2842,79.8473,340.7176,0.0
F21_044193_2644_XN_84N107W_F23_044861_2756_XN_84N107W,G:\crater_flux_output_folders\output_-110_-100_60_85\F21_044193_2644_XN_84N107W_F23_044861_2756_XN_84N107W,output_-115_-110_50_85,84.3488,84.3884,1059.0677,0.0
F21_044193_2644_XN_84N107W_J02_045604_2644_XN_84N107W,G:\crater_flux_output_folders\output_-115_-110_50_85\F21_044193_2644_XN_84N107W_J02_045604_2644_XN_84N107W,output_-115_-110_50_85,84.3488,84.6117,44.33,0.0
F21_044193_2644_XN_84N107W_J03_046105_2645_XN_84N107W,G:\crater_flux_output_folders\output_-115_-110_50_85\F21_044193_2644_XN_84N107W_J03_046105_2645_XN_84N107W,output_-115_-110_50_85,84.3488,84.6117,44.33,0.0
F22_044299_2580_XN_78N108W_F22_044457_2580_XN_78N108W,G:\crater_flux_output_folders\output_-110_-100_60_85\F22_044299_2580_XN_78N108W_F22_044457_2580_XN_78N108W,output_-115_-110_50_85,77.8339,78.5978,2543.0957,0.0
F22_044299_2580_XN_78N108W_F23_044853_2582_XN_78N109W,G:\crater_flux_output_folders\output_-115_-110_50_85\F22_044299_2580_XN_78N108W_F23_044853_2582_XN_78N109W,output_-115_-110_50_85,77.8339,78.4868,181.6839,0.0
F22_044299_2580_XN_78N108W_J01_045011_2582_XN_78N108W,G:\crater_flux_output_folders\output_-110_-100_60_85\F22_044299_2580_XN_78N108W_J01_045011_2582_XN_78N108W,output_-115_-110_50_85,77.8567,78.473,1565.1457,0.0
F22_044457_2580_XN_78N108W_F23_044853_2582_XN_78N109W,G:\crater_flux_output_folders\output_-110_-100_60_85\F22_044457_2580_XN_78N108W_F23_044853_2582_XN_78N109W,output_-115_-110_50_85,77.8213,78.4868,1530.0212,0.0
F22_044457_2580_XN_78N108W_J01_045011_2582_XN_78N108W,G:\crater_flux_output_folders\output_-110_-100_60_85\F22_044457_2580_XN_78N108W_J01_045011_2582_XN_78N108W,output_-115_-110_50_85,77.8567,78.473,1649.3506,0.0
F23_044853_2582_XN_78N109W_J01_045011_2582_XN_78N108W,G:\crater_flux_output_folders\output_-110_-100_60_85\F23_044853_2582_XN_78N109W_J01_045011_2582_XN_78N108W,output_-115_-110_50_85,77.8567,78.473,1514.334,0.0
F23_044861_2756_XN_84N107W_J02_045604_2644_XN_84N107W,G:\crater_flux_output_folders\output_-115_-110_50_85\F23_044861_2756_XN_84N107W_J02_045604_2644_XN_84N107W,output_-115_-110_50_85,84.3227,84.3884,2.1966,0.0
F23_044861_2756_XN_84N107W_J03_046105_2645_XN_84N107W,G:\crater_flux_output_folders\output_-115_-110_50_85\F23_044861_2756_XN_84N107W_J03_046105_2645_XN_84N107W,output_-115_-110_50_85,84.2847,84.3884,5.6427,0.0
F23_044866_2601_XN_80N112W_J02_045460_2601_XN_80N114W,G:\crater_flux_output_folders\output_-115_-110_50_85\F23_044866_2601_XN_80N112W_J02_045460_2601_XN_80N114W,output_-115_-110_50_85,79.6881,80.308,203.1773,0.0
F23_044866_2601_XN_80N112W_J02_045552_2601_XN_80N114W,G:\crater_flux_output_folders\output_-115_-110_50_85\F23_044866_2601_XN_80N112W_J02_045552_2601_XN_80N114W,output_-115_-110_50_85,79.6416,80.2939,223.1649,0.0
F23_044866_2601_XN_80N112W_J16_051103_2596_XN_79N110W,G:\crater_flux_output_folders\output_-115_-110_50_85\F23_044866_2601_XN_80N112W_J16_051103_2596_XN_79N110W,output_-115_-110_50_85,79.6356,79.9158,214.5664,0.0
J02_045460_2601_XN_80N114W_J02_045552_2601_XN_80N114W,G:\crater_flux_output_folders\output_-115_-110_50_85\J02_045460_2601_XN_80N114W_J02_045552_2601_XN_80N114W,output_-115_-110_50_85,79.6191,80.531,931.9103,0.0
J02_045604_2644_XN_84N107W_J03_046105_2645_XN_84N107W,G:\crater_flux_output_folders\output_-115_-110_50_85\J02_045604_2644_XN_84N107W_J03_046105_2645_XN_84N107W,output_-115_-110_50_85,84.3227,84.7878,149.9011,0.0
P05_002790_0980_XI_82S099W_B08_012587_0988_XN_81S101W,G:\crater_flux_output_folders\output_-110_-100_-85_-30\P05_002790_0980_XI_82S099W_B08_012587_0988_XN_81S101W,output_-110_-100_-85_-30,-81.8251,-81.671,57.0041,0.0
P05_002790_0980_XI_82S099W_G10_022213_0980_XN_82S099W,G:\crater_flux_output_folders\output_-110_-100_-85_-30\P05_002790_0980_XI_82S099W_G10_022213_0980_XN_82S099W,output_-110_-100_-85_-30,-82.2275,-81.671,189.5921,0.0
P05_002790_0980_XI_82S099W_D06_029505_0980_XN_82S099W,G:\crater_flux_output_folders\output_-110_-100_-85_-30\P05_002790_0980_XI_82S099W_D06_029505_0980_XN_82S099W,output_-110_-100_-85_-30,-82.3383,-81.671,208.6968,0.0
P05_002790_0980_XI_82S099W_D09_030560_0979_XN_82S099W,G:\crater_flux_output_folders\output_-110_-100_-85_-30\P05_002790_0980_XI_82S099W_D09_030560_0979_XN_82S099W,output_-110_-100_-85_-30,-82.2555,-81.7549,144.0248,0.0
P05_002790_0980_XI_82S099W_D08_030204_0980_XN_82S099W,G:\crater_flux_output_folders\output_-110_-100_-85_-30\P05_002790_0980_XI_82S099W_D08_030204_0980_XN_82S099W,output_-110_-100_-85_-30,-82.2387,-81.671,193.3474,0.0
P05_002790_0980_XI_82S099W_F12_040463_0988_XN_81S100W,G:\crater_flux_output_folders\output_-110_-100_-85_-30\P05_002790_0980_XI_82S099W_F12_040463_0988_XN_81S100W,output_-110_-100_-85_-30,-81.947,-81.671,65.0611,0.0
P05_002790_0980_XI_82S099W_J04_046463_0980_XN_82S099W,G:\crater_flux_output_folders\output_-110_-100_-85_-30\P05_002790_0980_XI_82S099W_J04_046463_0980_XN_82S099W,output_-110_-100_-85_-30,-82.2964,-81.671,205.3866,0.0
P05_002790_0980_XI_82S099W_J04_046529_0980_XN_82S099W,G:\crater_flux_output_folders\output_-110_-100_-85_-30\P05_002790_0980_XI_82S099W_J04_046529_0980_XN_82S099W,output_-110_-100_-85_-30,-82.2405,-81.671,190.7477,0.0
P05_002790_0980_XI_82S099W_J11_049232_0980_XN_82S099W,G:\crater_flux_output_folders\output_-110_-100_-85_-30\P05_002790_0980_XI_82S099W_J11_049232_0980_XN_82S099W,output_-110_-100_-85_-30,-82.2412,-81.671,192.2017,0.0
P05_002790_0980_XI_82S099W_J12_049364_0984_XI_81S102W,G:\crater_flux_output_folders\output_-110_-100_-85_-30\P05_002790_0980_XI_82S099W_J12_049364_0984_XI_81S102W,output_-110_-100_-85_-30,-82.2158,-81.671,185.6706,0.0
P08_004043_1026_XI_77S110W_P08_004333_1029_XI_77S110W,G:\crater_flux_output_folders\output_-115_-110_-85_-70\P08_004043_1026_XI_77S110W_P08_004333_1029_XI_77S110W,output_-110_-100_-85_-30,-78.347,-77.042,997.8344,0.0
P08_004043_1026_XI_77S110W_B08_012719_0996_XN_80S108W,G:\crater_flux_output_folders\output_-110_-100_-85_-30\P08_004043_1026_XI_77S110W_B08_012719_0996_XN_80S108W,output_-110_-100_-85_-30,-79.115,-78.2246,483.8889,0.0
P08_004043_1026_XI_77S110W_G13_023136_1029_XN_77S109W,G:\crater_flux_output_folders\output_-115_-110_-85_-70\P08_004043_1026_XI_77S110W_G13_023136_1029_XN_77S109W,output_-110_-100_-85_-30,-79.038,-77.042,3.5516,0.0
P08_004043_1026_XI_77S110W_D13_032182_1030_XN_77S112W,G:\crater_flux_output_folders\output_-115_-110_-85_-70\P08_004043_1026_XI_77S110W_D13_032182_1030_XN_77S112W,output_-110_-100_-85_-30,-78.7319,-78.2166,1867.0435,0.0
P08_004043_1026_XI_77S110W_F11_040226_0993_XN_80S106W,G:\crater_flux_output_folders\output_-110_-100_-85_-30\P08_004043_1026_XI_77S110W_F11_040226_0993_XN_80S106W,output_-110_-100_-85_-30,-79.115,-78.903,144.3744,0.0
P08_004043_1026_XI_77S110W_J09_048230_1041_XN_75S112W,G:\crater_flux_output_folders\output_-115_-110_-85_-70\P08_004043_1026_XI_77S110W_J09_048230_1041_XN_75S112W,output_-110_-100_-85_-30,-77.7258,-77.1776,2829.9214,0.0
P08_004043_1026_XI_77S110W_J14_050353_1027_XI_77S110W,G:\crater_flux_output_folders\output_-110_-100_-85_-30\P08_004043_1026_XI_77S110W_J14_050353_1027_XI_77S110W,output_-110_-100_-85_-30,-79.0896,-77.042,1374.7647,0.0
P08_004333_1029_XI_77S110W_P13_006179_1051_XN_74S111W,G:\crater_flux_output_folders\output_-110_-100_-85_-30\P08_004333_1029_XI_77S110W_P13_006179_1051_XN_74S111W,output_-110_-100_-85_-30,-77.447,-76.118,482.8587,0.0
P08_004333_1029_XI_77S110W_G13_023136_1029_XN_77S109W,G:\crater_flux_output_folders\output_-110_-100_-85_-30\P08_004333_1029_XI_77S110W_G13_023136_1029_XN_77S109W,output_-110_-100_-85_-30,-78.3107,-76.118,1467.4397,0.0
P08_004333_1029_XI_77S110W_J09_048230_1041_XN_75S112W,G:\crater_flux_output_folders\output_-115_-110_-85_-70\P08_004333_1029_XI_77S110W_J09_048230_1041_XN_75S112W,output_-110_-100_-85_-30,-77.7258,-77.1776,1247.6726,0.0
P08_004333_1029_XI_77S110W_J09_048309_1014_XN_78S106W,G:\crater_flux_output_folders\output_-110_-100_-85_-30\P08_004333_1029_XI_77S110W_J09_048309_1014_XN_78S106W,output_-110_-100_-85_-30,-78.2519,-77.0995,254.5582,0.0
P08_004333_1029_XI_77S110W_J14_050353_1027_XI_77S110W,G:\crater_flux_output_folders\output_-115_-110_-85_-70\P08_004333_1029_XI_77S110W_J14_050353_1027_XI_77S110W,output_-110_-100_-85_-30,-78.347,-76.7533,1561.6677,0.0
P08_004333_1029_XI_77S110W_J13_049799_1014_XI_78S107W,G:\crater_flux_output_folders\output_-110_-100_-85_-30\P08_004333_1029_XI_77S110W_J13_049799_1014_XI_78S107W,output_-110_-100_-85_-30,-78.2379,-77.3325,0.3934,0.0
P09_004575_0830_XN_83S089W_P10_004861_0934_XN_86S083W,G:\crater_flux_output_folders\output_-110_-100_-85_-30\P09_004575_0830_XN_83S089W_P10_004861_0934_XN_86S083W,output_-110_-100_-85_-30,-84.968,-84.5235,119.515,0.0
P09_004575_0830_XN_83S089W_P10_004980_0945_XN_85S099W,G:\crater_flux_output_folders\output_-110_-100_-85_-30\P09_004575_0830_XN_83S089W_P10_004980_0945_XN_85S099W,output_-110_-100_-85_-30,-85.0,-84.7009,107.3475,0.0
P09_004575_0830_XN_83S089W_P11_005151_0951_XI_84S101W,G:\crater_flux_output_folders\output_-110_-100_-85_-30\P09_004575_0830_XN_83S089W_P11_005151_0951_XI_84S101W,output_-110_-100_-85_-30,-85.0,-84.3107,161.2684,0.0
P09_004575_0830_XN_83S089W_B06_011981_0939_XN_86S092W,G:\crater_flux_output_folders\output_-110_-100_-85_-30\P09_004575_0830_XN_83S089W_B06_011981_0939_XN_86S092W,output_-110_-100_-85_-30,-85.0,-84.799,104.3967,0.0
P09_004575_0830_XN_83S089W_B06_012060_0934_XI_86S076W,G:\crater_flux_output_folders\output_-110_-100_-85_-30\P09_004575_0830_XN_83S089W_B06_012060_0934_XI_86S076W,output_-110_-100_-85_-30,-84.9625,-84.7598,71.0928,0.0
P09_004575_0830_XN_83S089W_B08_012693_0950_XN_85S101W,G:\crater_flux_output_folders\output_-110_-100_-85_-30\P09_004575_0830_XN_83S089W_B08_012693_0950_XN_85S101W,output_-110_-100_-85_-30,-85.0,-84.546,166.7591,0.0
P09_004575_0830_XN_83S089W_B08_012838_0950_XN_85S101W,G:\crater_flux_output_folders\output_-110_-100_-85_-30\P09_004575_0830_XN_83S089W_B08_012838_0950_XN_85S101W,output_-110_-100_-85_-30,-85.0,-84.607,167.6061,0.0
P09_004575_0830_XN_83S089W_B08_012851_0977_XN_82S108W,G:\crater_flux_output_folders\output_-110_-100_-85_-30\P09_004575_0830_XN_83S089W_B08_012851_0977_XN_82S108W,output_-110_-100_-85_-30,-84.7143,-84.022,4.0319,0.0
P09_004575_0830_XN_83S089W_B09_012983_0976_XN_82S111W,G:\crater_flux_output_folders\output_-110_-100_-85_-30\P09_004575_0830_XN_83S089W_B09_012983_0976_XN_82S111W,output_-110_-100_-85_-30,-84.911,-84.1348,54.4793,0.0
P09_004575_0830_XN_83S089W_B09_013049_0954_XN_84S104W,G:\crater_flux_output_folders\output_-110_-100_-85_-30\P09_004575_0830_XN_83S089W_B09_013049_0954_XN_84S104W,output_-110_-100_-85_-30,-85.0,-84.4126,178.1505,0.0
P09_004575_0830_XN_83S089W_B09_013260_0950_XN_85S101W,G:\crater_flux_output_folders\output_-110_-100_-85_-30\P09_004575_0830_XN_83S089W_B09_013260_0950_XN_85S101W,output_-110_-100_-85_-30,-85.0,-84.607,165.9309,0.0
P09_004575_0830_XN_83S089W_B11_013827_0950_XN_85S101W,G:\crater_flux_output_folders\output_-110_-100_-85_-30\P09_004575_0830_XN_83S089W_B11_013827_0950_XN_85S101W,output_-110_-100_-85_-30,-85.0,-84.739,150.4544,0.0
P09_004575_0830_XN_83S089W_B11_013959_0961_XN_83S114W,G:\crater_flux_output_folders\output_-110_-100_-85_-30\P09_004575_0830_XN_83S089W_B11_013959_0961_XN_83S114W,output_-110_-100_-85_-30,-85.0,-84.8073,4.1733,0.0
P09_004575_0830_XN_83S089W_B12_014420_0929_XI_87S076W,G:\crater_flux_output_folders\output_-110_-100_-85_-30\P09_004575_0830_XN_83S089W_B12_014420_0929_XI_87S076W,output_-110_-100_-85_-30,-85.0,-84.9507,9.3118,0.0
P09_004575_0830_XN_83S089W_B08_012614_0971_XN_82S115W,G:\crater_flux_output_folders\output_-110_-100_-85_-30\P09_004575_0830_XN_83S089W_B08_012614_0971_XN_82S115W,output_-110_-100_-85_-30,-85.0,-84.7037,19.9774,0.0
P09_004575_0830_XN_83S089W_G06_020763_0950_XN_85S101W,G:\crater_flux_output_folders\output_-110_-100_-85_-30\P09_004575_0830_XN_83S089W_G06_020763_0950_XN_85S101W,output_-110_-100_-85_-30,-85.0,-84.597,166.1437,0.0
P09_004575_0830_XN_83S089W_G11_022543_0950_XN_85S101W,G:\crater_flux_output_folders\output_-110_-100_-85_-30\P09_004575_0830_XN_83S089W_G11_022543_0950_XN_85S101W,output_-110_-100_-85_-30,-85.0,-84.759,139.2261,0.0
P09_004575_0830_XN_83S089W_D06_029387_0949_XN_85S100W,G:\crater_flux_output_folders\output_-110_-100_-85_-30\P09_004575_0830_XN_83S089W_D06_029387_0949_XN_85S100W,output_-110_-100_-85_-30,-85.0,-84.637,164.1639,0.0
P09_004575_0830_XN_83S089W_D04_028833_0947_XN_85S099W,G:\crater_flux_output_folders\output_-110_-100_-85_-30\P09_004575_0830_XN_83S089W_D04_028833_0947_XN_85S099W,output_-110_-100_-85_-30,-85.0,-84.617,169.9663,0.0
P09_004575_0830_XN_83S089W_D08_030165_0945_XN_85S096W,G:\crater_flux_output_folders\output_-110_-100_-85_-30\P09_004575_0830_XN_83S089W_D08_030165_0945_XN_85S096W,output_-110_-100_-85_-30,-85.0,-84.658,166.1943,0.0
P09_004575_0830_XN_83S089W_D07_029835_0948_XI_85S093W,G:\crater_flux_output_folders\output_-110_-100_-85_-30\P09_004575_0830_XN_83S089W_D07_029835_0948_XI_85S093W,output_-110_-100_-85_-30,-84.6976,-84.629,4.0481,0.0
P09_004575_0830_XN_83S089W_D07_030099_0950_XN_85S101W,G:\crater_flux_output_folders\output_-110_-100_-85_-30\P09_004575_0830_XN_83S089W_D07_030099_0950_XN_85S101W,output_-110_-100_-85_-30,-85.0,-84.556,166.3343,0.0
P09_004575_0830_XN_83S089W_D10_031022_0949_XN_85S100W,G:\crater_flux_output_folders\output_-110_-100_-85_-30\P09_004575_0830_XN_83S089W_D10_031022_0949_XN_85S100W,output_-110_-100_-85_-30,-85.0,-84.708,162.7004,0.0
P09_004575_0830_XN_83S089W_D13_032130_0943_XI_85S096W,G:\crater_flux_output_folders\output_-110_-100_-85_-30\P09_004575_0830_XN_83S089W_D13_032130_0943_XI_85S096W,output_-110_-100_-85_-30,-85.0,-84.89,19.8332,0.0
P09_004575_0830_XN_83S089W_D10_031088_0948_XN_85S100W,G:\crater_flux_output_folders\output_-110_-100_-85_-30\P09_004575_0830_XN_83S089W_D10_031088_0948_XN_85S100W,output_-110_-100_-85_-30,-85.0,-84.749,143.1475,0.0
P09_004575_0830_XN_83S089W_F07_038723_0949_XN_85S100W,G:\crater_flux_output_folders\output_-110_-100_-85_-30\P09_004575_0830_XN_83S089W_F07_038723_0949_XN_85S100W,output_-110_-100_-85_-30,-85.0,-84.607,165.1895,0.0
P09_004575_0830_XN_83S089W_F07_038380_0948_XN_85S099W,G:\crater_flux_output_folders\output_-110_-100_-85_-30\P09_004575_0830_XN_83S089W_F07_038380_0948_XN_85S099W,output_-110_-100_-85_-30,-85.0,-84.546,168.1087,0.0
P09_004575_0830_XN_83S089W_F07_038446_0950_XN_85S101W,G:\crater_flux_output_folders\output_-110_-100_-85_-30\P09_004575_0830_XN_83S089W_F07_038446_0950_XN_85S101W,output_-110_-100_-85_-30,-85.0,-84.607,164.3949,0.0
P09_004575_0830_XN_83S089W_F10_039633_0950_XN_85S101W,G:\crater_flux_output_folders\output_-110_-100_-85_-30\P09_004575_0830_XN_83S089W_F10_039633_0950_XN_85S101W,output_-110_-100_-85_-30,-85.0,-84.546,166.9189,0.0
P09_004575_0830_XN_83S089W_J06_046991_0940_XN_86S091W,G:\crater_flux_output_folders\output_-110_-100_-85_-30\P09_004575_0830_XN_83S089W_J06_046991_0940_XN_86S091W,output_-110_-100_-85_-30,-85.0,-84.577,175.827,0.0
P09_004575_0830_XN_83S089W_J06_047281_0946_XN_85S098W,G:\crater_flux_output_folders\output_-110_-100_-85_-30\P09_004575_0830_XN_83S089W_J06_047281_0946_XN_85S098W,output_-110_-100_-85_-30,-85.0,-84.658,168.1034,0.0
P09_004575_0830_XN_83S089W_J05_046622_0950_XN_85S100W,G:\crater_flux_output_folders\output_-110_-100_-85_-30\P09_004575_0830_XN_83S089W_J05_046622_0950_XN_85S100W,output_-110_-100_-85_-30,-85.0,-84.617,163.0955,0.0
P09_004575_0830_XN_83S089W_J09_048257_0962_XN_83S114W,G:\crater_flux_output_folders\output_-110_-100_-85_-30\P09_004575_0830_XN_83S089W_J09_048257_0962_XN_83S114W,output_-110_-100_-85_-30,-85.0,-84.7473,17.786,0.0
P09_004575_0830_XN_83S089W_J14_050406_0967_XI_83S107W,G:\crater_flux_output_folders\output_-110_-100_-85_-30\P09_004575_0830_XN_83S089W_J14_050406_0967_XI_83S107W,output_-110_-100_-85_-30,-84.9713,-84.1398,93.5614,0.0
P10_004861_0934_XN_86S083W_P10_004980_0945_XN_85S099W,G:\crater_flux_output_folders\output_-110_-100_-85_-30\P10_004861_0934_XN_86S083W_P10_004980_0945_XN_85S099W,output_-110_-100_-85_-30,-84.968,-84.4822,351.9992,0.0
P10_004861_0934_XN_86S083W_P11_005151_0951_XI_84S101W,G:\crater_flux_output_folders\output_-110_-100_-85_-30\P10_004861_0934_XN_86S083W_P11_005151_0951_XI_84S101W,output_-110_-100_-85_-30,-84.968,-84.425,109.7055,0.0
P10_004861_0934_XN_86S083W_B08_012693_0950_XN_85S101W,G:\crater_flux_output_folders\output_-110_-100_-85_-30\P10_004861_0934_XN_86S083W_B08_012693_0950_XN_85S101W,output_-110_-100_-85_-30,-84.968,-84.546,130.519,0.0
P10_004861_0934_XN_86S083W_B08_012838_0950_XN_85S101W,G:\crater_flux_output_folders\output_-110_-100_-85_-30\P10_004861_0934_XN_86S083W_B08_012838_0950_XN_85S101W,output_-110_-100_-85_-30,-84.968,-84.607,76.375,0.0
P10_004861_0934_XN_86S083W_B09_012983_0976_XN_82S111W,G:\crater_flux_output_folders\output_-110_-100_-85_-30\P10_004861_0934_XN_86S083W_B09_012983_0976_XN_82S111W,output_-110_-100_-85_-30,-84.8889,-84.4563,34.2201,0.0
P10_004861_0934_XN_86S083W_B09_013049_0954_XN_84S104W,G:\crater_flux_output_folders\output_-110_-100_-85_-30\P10_004861_0934_XN_86S083W_B09_013049_0954_XN_84S104W,output_-110_-100_-85_-30,-84.968,-84.425,253.7933,0.0
P10_004861_0934_XN_86S083W_B09_013260_0950_XN_85S101W,G:\crater_flux_output_folders\output_-110_-100_-85_-30\P10_004861_0934_XN_86S083W_B09_013260_0950_XN_85S101W,output_-110_-100_-85_-30,-84.968,-84.607,78.0532,0.0
P10_004861_0934_XN_86S083W_B11_013959_0961_XN_83S114W,G:\crater_flux_output_folders\output_-110_-100_-85_-30\P10_004861_0934_XN_86S083W_B11_013959_0961_XN_83S114W,output_-110_-100_-85_-30,-84.8534,-84.445,289.2665,0.0
P10_004861_0934_XN_86S083W_B08_012614_0971_XN_82S115W,G:\crater_flux_output_folders\output_-110_-100_-85_-30\P10_004861_0934_XN_86S083W_B08_012614_0971_XN_82S115W,output_-110_-100_-85_-30,-84.888,-84.425,379.286,0.0
P10_004861_0934_XN_86S083W_G06_020763_0950_XN_85S101W,G:\crater_flux_output_folders\output_-110_-100_-85_-30\P10_004861_0934_XN_86S083W_G06_020763_0950_XN_85S101W,output_-110_-100_-85_-30,-84.968,-84.597,85.9111,0.0
P10_004861_0934_XN_86S083W_G11_022596_0947_XN_85S103W,G:\crater_flux_output_folders\output_-110_-100_-85_-30\P10_004861_0934_XN_86S083W_G11_022596_0947_XN_85S103W,output_-110_-100_-85_-30,-84.8541,-84.556,146.2134,0.0
P10_004861_0934_XN_86S083W_D06_029387_0949_XN_85S100W,G:\crater_flux_output_folders\output_-110_-100_-85_-30\P10_004861_0934_XN_86S083W_D06_029387_0949_XN_85S100W,output_-110_-100_-85_-30,-84.968,-84.637,59.3245,0.0
P10_004861_0934_XN_86S083W_D04_028833_0947_XN_85S099W,G:\crater_flux_output_folders\output_-110_-100_-85_-30\P10_004861_0934_XN_86S083W_D04_028833_0947_XN_85S099W,output_-110_-100_-85_-30,-84.968,-84.617,74.721,0.0
P10_004861_0934_XN_86S083W_D08_030165_0945_XN_85S096W,G:\crater_flux_output_folders\output_-110_-100_-85_-30\P10_004861_0934_XN_86S083W_D08_030165_0945_XN_85S096W,output_-110_-100_-85_-30,-84.968,-84.658,45.6907,0.0
P10_004861_0934_XN_86S083W_D07_030099_0950_XN_85S101W,G:\crater_flux_output_folders\output_-110_-100_-85_-30\P10_004861_0934_XN_86S083W_D07_030099_0950_XN_85S101W,output_-110_-100_-85_-30,-84.968,-84.556,119.5806,0.0
P10_004861_0934_XN_86S083W_D10_031167_0950_XN_85S101W,G:\crater_flux_output_folders\output_-110_-100_-85_-30\P10_004861_0934_XN_86S083W_D10_031167_0950_XN_85S101W,output_-110_-100_-85_-30,-84.968,-84.607,81.1145,0.0
P10_004861_0934_XN_86S083W_F07_038723_0949_XN_85S100W,G:\crater_flux_output_folders\output_-110_-100_-85_-30\P10_004861_0934_XN_86S083W_F07_038723_0949_XN_85S100W,output_-110_-100_-85_-30,-84.968,-84.607,82.1954,0.0
P10_004861_0934_XN_86S083W_F07_038380_0948_XN_85S099W,G:\crater_flux_output_folders\output_-110_-100_-85_-30\P10_004861_0934_XN_86S083W_F07_038380_0948_XN_85S099W,output_-110_-100_-85_-30,-84.968,-84.546,130.7466,0.0
P10_004861_0934_XN_86S083W_F07_038446_0950_XN_85S101W,G:\crater_flux_output_folders\output_-110_-100_-85_-30\P10_004861_0934_XN_86S083W_F07_038446_0950_XN_85S101W,output_-110_-100_-85_-30,-84.968,-84.607,77.2887,0.0
P10_004861_0934_XN_86S083W_F09_039422_0950_XN_85S101W,G:\crater_flux_output_folders\output_-110_-100_-85_-30\P10_004861_0934_XN_86S083W_F09_039422_0950_XN_85S101W,output_-110_-100_-85_-30,-84.968,-84.5177,177.8492,0.0
P10_004861_0934_XN_86S083W_F10_039633_0950_XN_85S101W,G:\crater_flux_output_folders\output_-110_-100_-85_-30\P10_004861_0934_XN_86S083W_F10_039633_0950_XN_85S101W,output_-110_-100_-85_-30,-84.968,-84.546,127.4207,0.0
P10_004861_0934_XN_86S083W_J06_046991_0940_XN_86S091W,G:\crater_flux_output_folders\output_-110_-100_-85_-30\P10_004861_0934_XN_86S083W_J06_046991_0940_XN_86S091W,output_-110_-100_-85_-30,-84.968,-84.577,101.7719,0.0
P10_004861_0934_XN_86S083W_J13_049747_0973_XI_82S115W,G:\crater_flux_output_folders\output_-110_-100_-85_-30\P10_004861_0934_XN_86S083W_J13_049747_0973_XI_82S115W,output_-110_-100_-85_-30,-84.7186,-84.425,163.4677,0.0
P10_004980_0945_XN_85S099W_B06_011981_0939_XN_86S092W,G:\crater_flux_output_folders\output_-110_-100_-85_-30\P10_004980_0945_XN_85S099W_B06_011981_0939_XN_86S092W,output_-110_-100_-85_-30,-85.0,-84.799,7.2206,0.0
P10_004980_0945_XN_85S099W_B11_013959_0961_XN_83S114W,G:\crater_flux_output_folders\output_-110_-100_-85_-30\P10_004980_0945_XN_85S099W_B11_013959_0961_XN_83S114W,output_-110_-100_-85_-30,-85.0,-84.1682,407.8289,0.0
P10_004980_0945_XN_85S099W_B08_012614_0971_XN_82S115W,G:\crater_flux_output_folders\output_-110_-100_-85_-30\P10_004980_0945_XN_85S099W_B08_012614_0971_XN_82S115W,output_-110_-100_-85_-30,-85.0,-84.1973,193.919,0.0
P10_004980_0945_XN_85S099W_G11_022596_0947_XN_85S103W,G:\crater_flux_output_folders\output_-110_-100_-85_-30\P10_004980_0945_XN_85S099W_G11_022596_0947_XN_85S103W,output_-110_-100_-85_-30,-85.0,-84.556,231.3542,0.0
P10_004980_0945_XN_85S099W_D13_032130_0943_XI_85S096W,G:\crater_flux_output_folders\output_-110_-100_-85_-30\P10_004980_0945_XN_85S099W_D13_032130_0943_XI_85S096W,output_-110_-100_-85_-30,-85.0,-84.89,0.2479,0.0
P10_004980_0945_XN_85S099W_J08_048046_0951_XN_84S112W,G:\crater_flux_output_folders\output_-115_-110_-85_-70\P10_004980_0945_XN_85S099W_J08_048046_0951_XN_84S112W,output_-110_-100_-85_-30,-84.9101,-84.4758,375.5636,0.0
P10_004980_0945_XN_85S099W_J09_048257_0962_XN_83S114W,G:\crater_flux_output_folders\output_-110_-100_-85_-30\P10_004980_0945_XN_85S099W_J09_048257_0962_XN_83S114W,output_-110_-100_-85_-30,-85.0,-84.1682,343.9688,0.0
P10_005032_0955_XI_84S095W_B08_012719_0996_XN_80S108W,G:\crater_flux_output_folders\output_-110_-100_-85_-30\P10_005032_0955_XI_84S095W_B08_012719_0996_XN_80S108W,output_-110_-100_-85_-30,-82.918,-82.655,166.4694,0.0
P10_005032_0955_XI_84S095W_B08_012851_0977_XN_82S108W,G:\crater_flux_output_folders\output_-110_-100_-85_-30\P10_005032_0955_XI_84S095W_B08_012851_0977_XN_82S108W,output_-110_-100_-85_-30,-83.5849,-82.6795,701.0453,0.0
P10_005032_0955_XI_84S095W_B12_014275_0996_XN_80S109W,G:\crater_flux_output_folders\output_-110_-100_-85_-30\P10_005032_0955_XI_84S095W_B12_014275_0996_XN_80S109W,output_-110_-100_-85_-30,-82.8438,-82.7382,24.132,0.0
P10_005032_0955_XI_84S095W_J14_050340_0975_XI_82S106W,G:\crater_flux_output_folders\output_-110_-100_-85_-30\P10_005032_0955_XI_84S095W_J14_050340_0975_XI_82S106W,output_-110_-100_-85_-30,-83.5849,-82.7224,431.1139,0.0
P10_005032_0955_XI_84S095W_J13_049997_0969_XN_83S101W,G:\crater_flux_output_folders\output_-110_-100_-85_-30\P10_005032_0955_XI_84S095W_J13_049997_0969_XN_83S101W,output_-110_-100_-85_-30,-83.5849,-82.655,649.428,0.0
P11_005151_0951_XI_84S101W_B04_011348_0950_XN_85S101W,G:\crater_flux_output_folders\output_-110_-100_-85_-30\P11_005151_0951_XI_84S101W_B04_011348_0950_XN_85S101W,output_-110_-100_-85_-30,-85.0,-84.597,294.1351,0.0
P11_005151_0951_XI_84S101W_B06_011981_0939_XN_86S092W,G:\crater_flux_output_folders\output_-110_-100_-85_-30\P11_005151_0951_XI_84S101W_B06_011981_0939_XN_86S092W,output_-110_-100_-85_-30,-85.0,-84.799,103.5718,0.0
P11_005151_0951_XI_84S101W_B06_012060_0934_XI_86S076W,G:\crater_flux_output_folders\output_-110_-100_-85_-30\P11_005151_0951_XI_84S101W_B06_012060_0934_XI_86S076W,output_-110_-100_-85_-30,-84.9625,-84.7598,71.5106,0.0
P11_005151_0951_XI_84S101W_B07_012271_0944_XN_85S091W,G:\crater_flux_output_folders\output_-110_-100_-85_-30\P11_005151_0951_XI_84S101W_B07_012271_0944_XN_85S091W,output_-110_-100_-85_-30,-84.9383,-84.6597,75.9732,0.0
P11_005151_0951_XI_84S101W_B08_012838_0950_XN_85S101W,G:\crater_flux_output_folders\output_-110_-100_-85_-30\P11_005151_0951_XI_84S101W_B08_012838_0950_XN_85S101W,output_-110_-100_-85_-30,-85.0,-84.607,281.8174,0.0
P11_005151_0951_XI_84S101W_B09_012983_0976_XN_82S111W,G:\crater_flux_output_folders\output_-110_-100_-85_-30\P11_005151_0951_XI_84S101W_B09_012983_0976_XN_82S111W,output_-110_-100_-85_-30,-84.8987,-83.6667,529.2517,0.0
P11_005151_0951_XI_84S101W_B09_013049_0954_XN_84S104W,G:\crater_flux_output_folders\output_-110_-100_-85_-30\P11_005151_0951_XI_84S101W_B09_013049_0954_XN_84S104W,output_-110_-100_-85_-30,-85.0,-83.697,1470.2631,0.0
P11_005151_0951_XI_84S101W_B09_013260_0950_XN_85S101W,G:\crater_flux_output_folders\output_-110_-100_-85_-30\P11_005151_0951_XI_84S101W_B09_013260_0950_XN_85S101W,output_-110_-100_-85_-30,-85.0,-84.607,283.3872,0.0
P11_005151_0951_XI_84S101W_B11_013827_0950_XN_85S101W,G:\crater_flux_output_folders\output_-110_-100_-85_-30\P11_005151_0951_XI_84S101W_B11_013827_0950_XN_85S101W,output_-110_-100_-85_-30,-85.0,-84.739,140.9218,0.0
P11_005151_0951_XI_84S101W_B11_013959_0961_XN_83S114W,G:\crater_flux_output_folders\output_-110_-100_-85_-30\P11_005151_0951_XI_84S101W_B11_013959_0961_XN_83S114W,output_-110_-100_-85_-30,-84.6492,-83.7422,305.4688,0.0
P11_005151_0951_XI_84S101W_B12_014420_0929_XI_87S076W,G:\crater_flux_output_folders\output_-110_-100_-85_-30\P11_005151_0951_XI_84S101W_B12_014420_0929_XI_87S076W,output_-110_-100_-85_-30,-85.0,-84.9507,9.312,0.0
P11_005151_0951_XI_84S101W_B07_012548_0969_XN_83S110W,G:\crater_flux_output_folders\output_-110_-100_-85_-30\P11_005151_0951_XI_84S101W_B07_012548_0969_XN_83S110W,output_-110_-100_-85_-30,-83.929,-83.636,177.8751,0.0
P11_005151_0951_XI_84S101W_B08_012614_0971_XN_82S115W,G:\crater_flux_output_folders\output_-110_-100_-85_-30\P11_005151_0951_XI_84S101W_B08_012614_0971_XN_82S115W,output_-110_-100_-85_-30,-84.9608,-83.6578,877.3992,0.0
P11_005151_0951_XI_84S101W_G06_020407_0969_XN_83S112W,G:\crater_flux_output_folders\output_-115_-110_-85_-70\P11_005151_0951_XI_84S101W_G06_020407_0969_XN_83S112W,output_-110_-100_-85_-30,-83.9277,-83.6949,0.3376,0.0
P11_005151_0951_XI_84S101W_G06_020763_0950_XN_85S101W,G:\crater_flux_output_folders\output_-110_-100_-85_-30\P11_005151_0951_XI_84S101W_G06_020763_0950_XN_85S101W,output_-110_-100_-85_-30,-85.0,-84.597,294.4569,0.0
P11_005151_0951_XI_84S101W_G11_022543_0950_XN_85S101W,G:\crater_flux_output_folders\output_-110_-100_-85_-30\P11_005151_0951_XI_84S101W_G11_022543_0950_XN_85S101W,output_-110_-100_-85_-30,-85.0,-84.759,124.9096,0.0
P11_005151_0951_XI_84S101W_D06_029545_0950_XN_85S101W,G:\crater_flux_output_folders\output_-110_-100_-85_-30\P11_005151_0951_XI_84S101W_D06_029545_0950_XN_85S101W,output_-110_-100_-85_-30,-85.0,-84.708,179.7756,0.0
P11_005151_0951_XI_84S101W_D06_029387_0949_XN_85S100W,G:\crater_flux_output_folders\output_-110_-100_-85_-30\P11_005151_0951_XI_84S101W_D06_029387_0949_XN_85S100W,output_-110_-100_-85_-30,-85.0,-84.637,251.5941,0.0
P11_005151_0951_XI_84S101W_D04_028833_0947_XN_85S099W,G:\crater_flux_output_folders\output_-110_-100_-85_-30\P11_005151_0951_XI_84S101W_D04_028833_0947_XN_85S099W,output_-110_-100_-85_-30,-85.0,-84.617,271.8431,0.0
P11_005151_0951_XI_84S101W_D08_030165_0945_XN_85S096W,G:\crater_flux_output_folders\output_-110_-100_-85_-30\P11_005151_0951_XI_84S101W_D08_030165_0945_XN_85S096W,output_-110_-100_-85_-30,-85.0,-84.658,231.4776,0.0
P11_005151_0951_XI_84S101W_D07_030099_0950_XN_85S101W,G:\crater_flux_output_folders\output_-110_-100_-85_-30\P11_005151_0951_XI_84S101W_D07_030099_0950_XN_85S101W,output_-110_-100_-85_-30,-85.0,-84.556,338.2422,0.0
P11_005151_0951_XI_84S101W_D13_032130_0943_XI_85S096W,G:\crater_flux_output_folders\output_-110_-100_-85_-30\P11_005151_0951_XI_84S101W_D13_032130_0943_XI_85S096W,output_-110_-100_-85_-30,-85.0,-84.9556,2.475,0.0
P11_005151_0951_XI_84S101W_D10_031088_0948_XN_85S100W,G:\crater_flux_output_folders\output_-110_-100_-85_-30\P11_005151_0951_XI_84S101W_D10_031088_0948_XN_85S100W,output_-110_-100_-85_-30,-85.0,-84.749,127.3708,0.0
P11_005151_0951_XI_84S101W_F06_037958_0948_XN_85S099W,G:\crater_flux_output_folders\output_-110_-100_-85_-30\P11_005151_0951_XI_84S101W_F06_037958_0948_XN_85S099W,output_-110_-100_-85_-30,-85.0,-84.556,336.2897,0.0
P11_005151_0951_XI_84S101W_F07_038723_0949_XN_85S100W,G:\crater_flux_output_folders\output_-110_-100_-85_-30\P11_005151_0951_XI_84S101W_F07_038723_0949_XN_85S100W,output_-110_-100_-85_-30,-85.0,-84.607,285.0364,0.0
P11_005151_0951_XI_84S101W_F07_038380_0948_XN_85S099W,G:\crater_flux_output_folders\output_-110_-100_-85_-30\P11_005151_0951_XI_84S101W_F07_038380_0948_XN_85S099W,output_-110_-100_-85_-30,-85.0,-84.546,351.025,0.0
P11_005151_0951_XI_84S101W_F07_038446_0950_XN_85S101W,G:\crater_flux_output_folders\output_-110_-100_-85_-30\P11_005151_0951_XI_84S101W_F07_038446_0950_XN_85S101W,output_-110_-100_-85_-30,-85.0,-84.607,281.5126,0.0
P11_005151_0951_XI_84S101W_F09_039422_0950_XN_85S101W,G:\crater_flux_output_folders\output_-110_-100_-85_-30\P11_005151_0951_XI_84S101W_F09_039422_0950_XN_85S101W,output_-110_-100_-85_-30,-85.0,-84.496,405.6107,0.0
P11_005151_0951_XI_84S101W_F10_039633_0950_XN_85S101W,G:\crater_flux_output_folders\output_-110_-100_-85_-30\P11_005151_0951_XI_84S101W_F10_039633_0950_XN_85S101W,output_-110_-100_-85_-30,-85.0,-84.546,348.7944,0.0
P11_005151_0951_XI_84S101W_J06_046991_0940_XN_86S091W,G:\crater_flux_output_folders\output_-110_-100_-85_-30\P11_005151_0951_XI_84S101W_J06_046991_0940_XN_86S091W,output_-110_-100_-85_-30,-85.0,-84.577,317.0811,0.0
P11_005151_0951_XI_84S101W_J05_046622_0950_XN_85S100W,G:\crater_flux_output_folders\output_-110_-100_-85_-30\P11_005151_0951_XI_84S101W_J05_046622_0950_XN_85S100W,output_-110_-100_-85_-30,-85.0,-84.617,269.2093,0.0
P11_005151_0951_XI_84S101W_J09_048257_0962_XN_83S114W,G:\crater_flux_output_folders\output_-110_-100_-85_-30\P11_005151_0951_XI_84S101W_J09_048257_0962_XN_83S114W,output_-110_-100_-85_-30,-84.9295,-83.7345,442.5849,0.0
P11_005151_0951_XI_84S101W_J12_049338_0969_XN_83S111W,G:\crater_flux_output_folders\output_-110_-100_-85_-30\P11_005151_0951_XI_84S101W_J12_049338_0969_XN_83S111W,output_-110_-100_-85_-30,-83.9398,-83.636,199.0817,0.0
P11_005151_0951_XI_84S101W_J13_049747_0973_XI_82S115W,G:\crater_flux_output_folders\output_-115_-110_-85_-70\P11_005151_0951_XI_84S101W_J13_049747_0973_XI_82S115W,output_-110_-100_-85_-30,-84.5806,-83.6471,0.3376,0.0
P13_006179_1051_XN_74S111W_G05_020024_1052_XN_74S109W,G:\crater_flux_output_folders\output_-110_-100_-85_-30\P13_006179_1051_XN_74S111W_G05_020024_1052_XN_74S109W,output_-110_-100_-85_-30,-77.356,-74.4596,117.0263,6.0777
P13_006179_1051_XN_74S111W_G13_023136_1029_XN_77S109W,G:\crater_flux_output_folders\output_-110_-100_-85_-30\P13_006179_1051_XN_74S111W_G13_023136_1029_XN_77S109W,output_-110_-100_-85_-30,-77.447,-75.5156,1500.8382,0.0
P13_006179_1051_XN_74S111W_G12_022859_1018_XN_78S106W,G:\crater_flux_output_folders\output_-110_-100_-85_-30\P13_006179_1051_XN_74S111W_G12_022859_1018_XN_78S106W,output_-110_-100_-85_-30,-77.3472,-75.5657,166.4099,0.0
P13_006179_1051_XN_74S111W_D12_031773_1061_XN_73S110W,G:\crater_flux_output_folders\output_-115_-110_-85_-70\P13_006179_1051_XN_74S111W_D12_031773_1061_XN_73S110W,output_-110_-100_-85_-30,-75.638,-74.4596,1.9978,0.6103
P13_006179_1051_XN_74S111W_J09_048309_1014_XN_78S106W,G:\crater_flux_output_folders\output_-110_-100_-85_-30\P13_006179_1051_XN_74S111W_J09_048309_1014_XN_78S106W,output_-110_-100_-85_-30,-77.4218,-77.0397,361.0943,0.0
P13_006179_1051_XN_74S111W_J14_050353_1027_XI_77S110W,G:\crater_flux_output_folders\output_-110_-100_-85_-30\P13_006179_1051_XN_74S111W_J14_050353_1027_XI_77S110W,output_-110_-100_-85_-30,-77.447,-76.8046,92.8611,0.0
P13_006179_1051_XN_74S111W_J14_050366_1015_XI_78S107W,G:\crater_flux_output_folders\output_-110_-100_-85_-30\P13_006179_1051_XN_74S111W_J14_050366_1015_XI_78S107W,output_-110_-100_-85_-30,-77.4015,-77.1137,192.2354,0.0
P13_006179_1051_XN_74S111W_J13_049799_1014_XI_78S107W,G:\crater_flux_output_folders\output_-110_-100_-85_-30\P13_006179_1051_XN_74S111W_J13_049799_1014_XI_78S107W,output_-110_-100_-85_-30,-77.4037,-77.2855,53.6288,0.0
P13_006271_1010_XN_79S098W_G09_021883_1015_XN_78S099W,G:\crater_flux_output_folders\output_-110_-100_-85_-30\P13_006271_1010_XN_79S098W_G09_021883_1015_XN_78S099W,output_-110_-100_-85_-30,-78.4224,-77.3991,502.6275,0.0
P13_006271_1010_XN_79S098W_G10_022028_1008_XN_79S097W,G:\crater_flux_output_folders\output_-110_-100_-85_-30\P13_006271_1010_XN_79S098W_G10_022028_1008_XN_79S097W,output_-110_-100_-85_-30,-77.6463,-77.4653,16.8915,0.0
P13_006271_1010_XN_79S098W_G14_023650_1019_XN_78S101W,G:\crater_flux_output_folders\output_-110_-100_-85_-30\P13_006271_1010_XN_79S098W_G14_023650_1019_XN_78S101W,output_-110_-100_-85_-30,-78.4224,-77.4566,124.341,0.0
P13_006271_1010_XN_79S098W_G14_023729_1051_XN_74S101W,G:\crater_flux_output_folders\output_-110_-100_-85_-30\P13_006271_1010_XN_79S098W_G14_023729_1051_XN_74S101W,output_-110_-100_-85_-30,-77.427,-77.3991,1.4343,0.0
P13_006271_1010_XN_79S098W_D09_030652_1001_XI_79S096W,G:\crater_flux_output_folders\output_-110_-100_-85_-30\P13_006271_1010_XN_79S098W_D09_030652_1001_XI_79S096W,output_-110_-100_-85_-30,-77.9088,-77.3991,157.2669,0.0
P13_006271_1010_XN_79S098W_D09_030797_1008_XN_79S097W,G:\crater_flux_output_folders\output_-110_-100_-85_-30\P13_006271_1010_XN_79S098W_D09_030797_1008_XN_79S097W,output_-110_-100_-85_-30,-77.5915,-77.3991,18.9254,0.0
P13_006271_1010_XN_79S098W_D09_030863_1011_XI_78S098W,G:\crater_flux_output_folders\output_-110_-100_-85_-30\P13_006271_1010_XN_79S098W_D09_030863_1011_XI_78S098W,output_-110_-100_-85_-30,-78.1223,-77.5323,181.9921,0.0
P13_006271_1010_XN_79S098W_D13_032353_1031_XN_76S101W,G:\crater_flux_output_folders\output_-110_-100_-85_-30\P13_006271_1010_XN_79S098W_D13_032353_1031_XN_76S101W,output_-110_-100_-85_-30,-78.3826,-77.3991,501.8029,0.0
P13_006271_1010_XN_79S098W_D14_032498_1051_XN_74S102W,G:\crater_flux_output_folders\output_-110_-100_-85_-30\P13_006271_1010_XN_79S098W_D14_032498_1051_XN_74S102W,output_-110_-100_-85_-30,-77.467,-77.3991,10.4881,0.0
P13_006271_1010_XN_79S098W_J12_049535_0993_XI_80S096W,G:\crater_flux_output_folders\output_-110_-100_-85_-30\P13_006271_1010_XN_79S098W_J12_049535_0993_XI_80S096W,output_-110_-100_-85_-30,-78.4224,-78.0717,57.8196,0.0
P13_006271_1010_XN_79S098W_J13_050023_1034_XN_76S103W,G:\crater_flux_output_folders\output_-110_-100_-85_-30\P13_006271_1010_XN_79S098W_J13_050023_1034_XN_76S103W,output_-110_-100_-85_-30,-77.6852,-77.4634,5.0775,0.0
P14_006482_1037_XI_76S102W_B12_014301_1040_XN_76S104W,G:\crater_flux_output_folders\output_-110_-100_-85_-30\P14_006482_1037_XI_76S102W_B12_014301_1040_XN_76S104W,output_-110_-100_-85_-30,-77.164,-75.2998,631.1377,0.0
P14_006482_1037_XI_76S102W_G09_021883_1015_XN_78S099W,G:\crater_flux_output_folders\output_-110_-100_-85_-30\P14_006482_1037_XI_76S102W_G09_021883_1015_XN_78S099W,output_-110_-100_-85_-30,-77.1425,-77.0126,70.597,0.0
P14_006482_1037_XI_76S102W_G14_023650_1019_XN_78S101W,G:\crater_flux_output_folders\output_-110_-100_-85_-30\P14_006482_1037_XI_76S102W_G14_023650_1019_XN_78S101W,output_-110_-100_-85_-30,-77.164,-77.013,82.9867,0.0
P14_006482_1037_XI_76S102W_D13_032353_1031_XN_76S101W,G:\crater_flux_output_folders\output_-110_-100_-85_-30\P14_006482_1037_XI_76S102W_D13_032353_1031_XN_76S101W,output_-110_-100_-85_-30,-77.147,-75.234,2422.1753,0.0
P14_006482_1037_XI_76S102W_D14_032498_1051_XN_74S102W,G:\crater_flux_output_folders\output_-110_-100_-85_-30\P14_006482_1037_XI_76S102W_D14_032498_1051_XN_74S102W,output_-110_-100_-85_-30,-77.1029,-75.234,595.5878,0.0
P14_006482_1037_XI_76S102W_J07_047610_1028_XN_77S102W,G:\crater_flux_output_folders\output_-110_-100_-85_-30\P14_006482_1037_XI_76S102W_J07_047610_1028_XN_77S102W,output_-110_-100_-85_-30,-77.164,-75.2916,1069.8742,0.0
P14_006482_1037_XI_76S102W_J13_050023_1034_XN_76S103W,G:\crater_flux_output_folders\output_-110_-100_-85_-30\P14_006482_1037_XI_76S102W_J13_050023_1034_XN_76S103W,output_-110_-100_-85_-30,-77.164,-75.2795,1374.462,0.0
B04_011348_0950_XN_85S101W_B06_011981_0939_XN_86S092W,G:\crater_flux_output_folders\output_-110_-100_-85_-30\B04_011348_0950_XN_85S101W_B06_011981_0939_XN_86S092W,output_-110_-100_-85_-30,-85.0,-84.799,180.1841,0.0
B04_011348_0950_XN_85S101W_B06_012060_0934_XI_86S076W,G:\crater_flux_output_folders\output_-110_-100_-85_-30\B04_011348_0950_XN_85S101W_B06_012060_0934_XI_86S076W,output_-110_-100_-85_-30,-84.9625,-84.7603,70.8938,0.0
B04_011348_0950_XN_85S101W_B08_012838_0950_XN_85S101W,G:\crater_flux_output_folders\output_-110_-100_-85_-30\B04_011348_0950_XN_85S101W_B08_012838_0950_XN_85S101W,output_-110_-100_-85_-30,-85.0,-84.612,430.2719,0.0
B04_011348_0950_XN_85S101W_B09_012983_0976_XN_82S111W,G:\crater_flux_output_folders\output_-110_-100_-85_-30\B04_011348_0950_XN_85S101W_B09_012983_0976_XN_82S111W,output_-110_-100_-85_-30,-84.911,-84.597,171.5388,0.0
B04_011348_0950_XN_85S101W_B09_013049_0954_XN_84S104W,G:\crater_flux_output_folders\output_-110_-100_-85_-30\B04_011348_0950_XN_85S101W_B09_013049_0954_XN_84S104W,output_-110_-100_-85_-30,-85.0,-84.597,409.8156,0.0
B04_011348_0950_XN_85S101W_B09_013260_0950_XN_85S101W,G:\crater_flux_output_folders\output_-110_-100_-85_-30\B04_011348_0950_XN_85S101W_B09_013260_0950_XN_85S101W,output_-110_-100_-85_-30,-85.0,-84.6078,434.6835,0.0
B04_011348_0950_XN_85S101W_B11_013827_0950_XN_85S101W,G:\crater_flux_output_folders\output_-110_-100_-85_-30\B04_011348_0950_XN_85S101W_B11_013827_0950_XN_85S101W,output_-110_-100_-85_-30,-85.0,-84.739,199.8292,0.0
B04_011348_0950_XN_85S101W_B12_014420_0929_XI_87S076W,G:\crater_flux_output_folders\output_-110_-100_-85_-30\B04_011348_0950_XN_85S101W_B12_014420_0929_XI_87S076W,output_-110_-100_-85_-30,-85.0,-84.9507,9.3121,0.0
B04_011348_0950_XN_85S101W_B08_012614_0971_XN_82S115W,G:\crater_flux_output_folders\output_-110_-100_-85_-30\B04_011348_0950_XN_85S101W_B08_012614_0971_XN_82S115W,output_-110_-100_-85_-30,-85.0,-84.6891,200.1586,0.0
B04_011348_0950_XN_85S101W_G06_020763_0950_XN_85S101W,G:\crater_flux_output_folders\output_-110_-100_-85_-30\B04_011348_0950_XN_85S101W_G06_020763_0950_XN_85S101W,output_-110_-100_-85_-30,-85.0,-84.5978,451.6677,0.0
B04_011348_0950_XN_85S101W_G11_022543_0950_XN_85S101W,G:\crater_flux_output_folders\output_-110_-100_-85_-30\B04_011348_0950_XN_85S101W_G11_022543_0950_XN_85S101W,output_-110_-100_-85_-30,-85.0,-84.759,180.1468,0.0
B04_011348_0950_XN_85S101W_G11_022596_0947_XN_85S103W,G:\crater_flux_output_folders\output_-110_-100_-85_-30\B04_011348_0950_XN_85S101W_G11_022596_0947_XN_85S103W,output_-110_-100_-85_-30,-85.0,-84.7509,134.4473,0.0
B04_011348_0950_XN_85S101W_D06_029545_0950_XN_85S101W,G:\crater_flux_output_folders\output_-110_-100_-85_-30\B04_011348_0950_XN_85S101W_D06_029545_0950_XN_85S101W,output_-110_-100_-85_-30,-85.0,-84.712,274.8791,0.0
B04_011348_0950_XN_85S101W_D06_029387_0949_XN_85S100W,G:\crater_flux_output_folders\output_-110_-100_-85_-30\B04_011348_0950_XN_85S101W_D06_029387_0949_XN_85S100W,output_-110_-100_-85_-30,-85.0,-84.637,387.7387,0.0
B04_011348_0950_XN_85S101W_D04_028833_0947_XN_85S099W,G:\crater_flux_output_folders\output_-110_-100_-85_-30\B04_011348_0950_XN_85S101W_D04_028833_0947_XN_85S099W,output_-110_-100_-85_-30,-85.0,-84.6258,414.0478,0.0
B04_011348_0950_XN_85S101W_D08_030165_0945_XN_85S096W,G:\crater_flux_output_folders\output_-110_-100_-85_-30\B04_011348_0950_XN_85S101W_D08_030165_0945_XN_85S096W,output_-110_-100_-85_-30,-85.0,-84.658,347.3218,0.0
B04_011348_0950_XN_85S101W_D07_030099_0950_XN_85S101W,G:\crater_flux_output_folders\output_-110_-100_-85_-30\B04_011348_0950_XN_85S101W_D07_030099_0950_XN_85S101W,output_-110_-100_-85_-30,-85.0,-84.597,451.8628,0.0
B04_011348_0950_XN_85S101W_D10_031022_0949_XN_85S100W,G:\crater_flux_output_folders\output_-110_-100_-85_-30\B04_011348_0950_XN_85S101W_D10_031022_0949_XN_85S100W,output_-110_-100_-85_-30,-85.0,-84.708,253.6051,0.0
B04_011348_0950_XN_85S101W_D13_032130_0943_XI_85S096W,G:\crater_flux_output_folders\output_-110_-100_-85_-30\B04_011348_0950_XN_85S101W_D13_032130_0943_XI_85S096W,output_-110_-100_-85_-30,-85.0,-84.89,53.0669,0.0
B04_011348_0950_XN_85S101W_D10_031167_0950_XN_85S101W,G:\crater_flux_output_folders\output_-110_-100_-85_-30\B04_011348_0950_XN_85S101W_D10_031167_0950_XN_85S101W,output_-110_-100_-85_-30,-85.0,-84.6096,438.0731,0.0
B04_011348_0950_XN_85S101W_F06_037958_0948_XN_85S099W,G:\crater_flux_output_folders\output_-110_-100_-85_-30\B04_011348_0950_XN_85S101W_F06_037958_0948_XN_85S099W,output_-110_-100_-85_-30,-85.0,-84.597,446.6774,0.0
B04_011348_0950_XN_85S101W_F07_038723_0949_XN_85S100W,G:\crater_flux_output_folders\output_-110_-100_-85_-30\B04_011348_0950_XN_85S101W_F07_038723_0949_XN_85S100W,output_-110_-100_-85_-30,-85.0,-84.6077,441.8389,0.0
B04_011348_0950_XN_85S101W_F07_038380_0948_XN_85S099W,G:\crater_flux_output_folders\output_-110_-100_-85_-30\B04_011348_0950_XN_85S101W_F07_038380_0948_XN_85S099W,output_-110_-100_-85_-30,-85.0,-84.597,448.6128,0.0
B04_011348_0950_XN_85S101W_F07_038446_0950_XN_85S101W,G:\crater_flux_output_folders\output_-110_-100_-85_-30\B04_011348_0950_XN_85S101W_F07_038446_0950_XN_85S101W,output_-110_-100_-85_-30,-85.0,-84.607,435.7709,0.0
B04_011348_0950_XN_85S101W_F09_039422_0950_XN_85S101W,G:\crater_flux_output_folders\output_-110_-100_-85_-30\B04_011348_0950_XN_85S101W_F09_039422_0950_XN_85S101W,output_-110_-100_-85_-30,-85.0,-84.597,444.6369,0.0
B04_011348_0950_XN_85S101W_F10_039633_0950_XN_85S101W,G:\crater_flux_output_folders\output_-110_-100_-85_-30\B04_011348_0950_XN_85S101W_F10_039633_0950_XN_85S101W,output_-110_-100_-85_-30,-85.0,-84.597,451.0565,0.0
B04_011348_0950_XN_85S101W_J06_046991_0940_XN_86S091W,G:\crater_flux_output_folders\output_-110_-100_-85_-30\B04_011348_0950_XN_85S101W_J06_046991_0940_XN_86S091W,output_-110_-100_-85_-30,-85.0,-84.597,409.7021,0.0
B04_011348_0950_XN_85S101W_J05_046622_0950_XN_85S100W,G:\crater_flux_output_folders\output_-110_-100_-85_-30\B04_011348_0950_XN_85S101W_J05_046622_0950_XN_85S100W,output_-110_-100_-85_-30,-85.0,-84.617,414.435,0.0
B04_011348_0950_XN_85S101W_J09_048257_0962_XN_83S114W,G:\crater_flux_output_folders\output_-110_-100_-85_-30\B04_011348_0950_XN_85S101W_J09_048257_0962_XN_83S114W,output_-110_-100_-85_-30,-85.0,-84.7081,179.829,0.0
B04_011348_0950_XN_85S101W_J14_050406_0967_XI_83S107W,G:\crater_flux_output_folders\output_-110_-100_-85_-30\B04_011348_0950_XN_85S101W_J14_050406_0967_XI_83S107W,output_-110_-100_-85_-30,-84.9713,-84.597,116.5644,0.0
B06_011967_1003_XN_79S099W_B07_012389_1002_XN_79S099W,G:\crater_flux_output_folders\output_-110_-100_-85_-30\B06_011967_1003_XN_79S099W_B07_012389_1002_XN_79S099W,output_-110_-100_-85_-30,-80.054,-79.3675,201.9531,0.0
B06_011967_1003_XN_79S099W_B08_012811_0982_XN_81S097W,G:\crater_flux_output_folders\output_-110_-100_-85_-30\B06_011967_1003_XN_79S099W_B08_012811_0982_XN_81S097W,output_-110_-100_-85_-30,-80.054,-79.115,339.805,0.0
B06_011967_1003_XN_79S099W_G09_021883_1015_XN_78S099W,G:\crater_flux_output_folders\output_-110_-100_-85_-30\B06_011967_1003_XN_79S099W_G09_021883_1015_XN_78S099W,output_-110_-100_-85_-30,-78.8873,-78.869,0.1301,0.0
B06_011967_1003_XN_79S099W_G14_023650_1019_XN_78S101W,G:\crater_flux_output_folders\output_-110_-100_-85_-30\B06_011967_1003_XN_79S099W_G14_023650_1019_XN_78S101W,output_-110_-100_-85_-30,-79.055,-78.869,113.7037,0.0
B06_011967_1003_XN_79S099W_G13_023149_1024_XN_77S104W,G:\crater_flux_output_folders\output_-110_-100_-85_-30\B06_011967_1003_XN_79S099W_G13_023149_1024_XN_77S104W,output_-110_-100_-85_-30,-79.2585,-78.9199,99.6723,0.0
B06_011967_1003_XN_79S099W_J12_049535_0993_XI_80S096W,G:\crater_flux_output_folders\output_-110_-100_-85_-30\B06_011967_1003_XN_79S099W_J12_049535_0993_XI_80S096W,output_-110_-100_-85_-30,-79.028,-78.869,14.5898,0.0
B06_011967_1003_XN_79S099W_J14_050300_0992_XI_80S098W,G:\crater_flux_output_folders\output_-110_-100_-85_-30\B06_011967_1003_XN_79S099W_J14_050300_0992_XI_80S098W,output_-110_-100_-85_-30,-80.054,-79.5578,104.2128,0.0
B06_011967_1003_XN_79S099W_J13_049944_1005_XN_79S102W,G:\crater_flux_output_folders\output_-110_-100_-85_-30\B06_011967_1003_XN_79S099W_J13_049944_1005_XN_79S102W,output_-110_-100_-85_-30,-80.054,-79.608,12.6838,0.0
B06_011981_0939_XN_86S092W_B06_012060_0934_XI_86S076W,G:\crater_flux_output_folders\output_-110_-100_-85_-30\B06_011981_0939_XN_86S092W_B06_012060_0934_XI_86S076W,output_-110_-100_-85_-30,-84.9625,-84.8338,13.8064,0.0
B06_011981_0939_XN_86S092W_B08_012693_0950_XN_85S101W,G:\crater_flux_output_folders\output_-110_-100_-85_-30\B06_011981_0939_XN_86S092W_B08_012693_0950_XN_85S101W,output_-110_-100_-85_-30,-85.0,-84.799,137.6442,0.0
B06_011981_0939_XN_86S092W_B08_012838_0950_XN_85S101W,G:\crater_flux_output_folders\output_-110_-100_-85_-30\B06_011981_0939_XN_86S092W_B08_012838_0950_XN_85S101W,output_-110_-100_-85_-30,-85.0,-84.799,138.2233,0.0
B06_011981_0939_XN_86S092W_B09_012983_0976_XN_82S111W,G:\crater_flux_output_folders\output_-110_-100_-85_-30\B06_011981_0939_XN_86S092W_B09_012983_0976_XN_82S111W,output_-110_-100_-85_-30,-84.911,-84.799,20.7378,0.0
B06_011981_0939_XN_86S092W_B09_013260_0950_XN_85S101W,G:\crater_flux_output_folders\output_-110_-100_-85_-30\B06_011981_0939_XN_86S092W_B09_013260_0950_XN_85S101W,output_-110_-100_-85_-30,-85.0,-84.799,137.8594,0.0
B06_011981_0939_XN_86S092W_B11_013827_0950_XN_85S101W,G:\crater_flux_output_folders\output_-110_-100_-85_-30\B06_011981_0939_XN_86S092W_B11_013827_0950_XN_85S101W,output_-110_-100_-85_-30,-85.0,-84.8146,119.1005,0.0
B06_011981_0939_XN_86S092W_B11_013959_0961_XN_83S114W,G:\crater_flux_output_folders\output_-110_-100_-85_-30\B06_011981_0939_XN_86S092W_B11_013959_0961_XN_83S114W,output_-110_-100_-85_-30,-85.0,-84.8685,57.5995,0.0
B06_011981_0939_XN_86S092W_B12_014420_0929_XI_87S076W,G:\crater_flux_output_folders\output_-110_-100_-85_-30\B06_011981_0939_XN_86S092W_B12_014420_0929_XI_87S076W,output_-110_-100_-85_-30,-85.0,-84.9507,3.7075,0.0
B06_011981_0939_XN_86S092W_B08_012614_0971_XN_82S115W,G:\crater_flux_output_folders\output_-110_-100_-85_-30\B06_011981_0939_XN_86S092W_B08_012614_0971_XN_82S115W,output_-110_-100_-85_-30,-85.0,-84.8322,90.6065,0.0
B06_011981_0939_XN_86S092W_G06_020763_0950_XN_85S101W,G:\crater_flux_output_folders\output_-110_-100_-85_-30\B06_011981_0939_XN_86S092W_G06_020763_0950_XN_85S101W,output_-110_-100_-85_-30,-85.0,-84.799,137.788,0.0
B06_011981_0939_XN_86S092W_G11_022543_0950_XN_85S101W,G:\crater_flux_output_folders\output_-110_-100_-85_-30\B06_011981_0939_XN_86S092W_G11_022543_0950_XN_85S101W,output_-110_-100_-85_-30,-85.0,-84.8258,110.0448,0.0
B06_011981_0939_XN_86S092W_G11_022596_0947_XN_85S103W,G:\crater_flux_output_folders\output_-110_-100_-85_-30\B06_011981_0939_XN_86S092W_G11_022596_0947_XN_85S103W,output_-110_-100_-85_-30,-85.0,-84.8657,72.3372,0.0
B06_011981_0939_XN_86S092W_D06_029545_0950_XN_85S101W,G:\crater_flux_output_folders\output_-110_-100_-85_-30\B06_011981_0939_XN_86S092W_D06_029545_0950_XN_85S101W,output_-110_-100_-85_-30,-85.0,-84.799,137.7538,0.0
B06_011981_0939_XN_86S092W_D06_029387_0949_XN_85S100W,G:\crater_flux_output_folders\output_-110_-100_-85_-30\B06_011981_0939_XN_86S092W_D06_029387_0949_XN_85S100W,output_-110_-100_-85_-30,-85.0,-84.799,138.1805,0.0
B06_011981_0939_XN_86S092W_D04_028833_0947_XN_85S099W,G:\crater_flux_output_folders\output_-110_-100_-85_-30\B06_011981_0939_XN_86S092W_D04_028833_0947_XN_85S099W,output_-110_-100_-85_-30,-85.0,-84.799,135.928,0.0
B06_011981_0939_XN_86S092W_D08_030165_0945_XN_85S096W,G:\crater_flux_output_folders\output_-110_-100_-85_-30\B06_011981_0939_XN_86S092W_D08_030165_0945_XN_85S096W,output_-110_-100_-85_-30,-85.0,-84.799,136.4326,0.0
B06_011981_0939_XN_86S092W_D07_030099_0950_XN_85S101W,G:\crater_flux_output_folders\output_-110_-100_-85_-30\B06_011981_0939_XN_86S092W_D07_030099_0950_XN_85S101W,output_-110_-100_-85_-30,-85.0,-84.799,137.6978,0.0
B06_011981_0939_XN_86S092W_D10_031022_0949_XN_85S100W,G:\crater_flux_output_folders\output_-110_-100_-85_-30\B06_011981_0939_XN_86S092W_D10_031022_0949_XN_85S100W,output_-110_-100_-85_-30,-85.0,-84.799,139.4621,0.0
B06_011981_0939_XN_86S092W_D13_032130_0943_XI_85S096W,G:\crater_flux_output_folders\output_-110_-100_-85_-30\B06_011981_0939_XN_86S092W_D13_032130_0943_XI_85S096W,output_-110_-100_-85_-30,-85.0,-84.89,54.441,0.0
B06_011981_0939_XN_86S092W_D10_031088_0948_XN_85S100W,G:\crater_flux_output_folders\output_-110_-100_-85_-30\B06_011981_0939_XN_86S092W_D10_031088_0948_XN_85S100W,output_-110_-100_-85_-30,-85.0,-84.8246,96.4671,0.0
B06_011981_0939_XN_86S092W_F06_037958_0948_XN_85S099W,G:\crater_flux_output_folders\output_-110_-100_-85_-30\B06_011981_0939_XN_86S092W_F06_037958_0948_XN_85S099W,output_-110_-100_-85_-30,-85.0,-84.799,135.1291,0.0
B06_011981_0939_XN_86S092W_F07_038723_0949_XN_85S100W,G:\crater_flux_output_folders\output_-110_-100_-85_-30\B06_011981_0939_XN_86S092W_F07_038723_0949_XN_85S100W,output_-110_-100_-85_-30,-85.0,-84.799,137.848,0.0
B06_011981_0939_XN_86S092W_F07_038380_0948_XN_85S099W,G:\crater_flux_output_folders\output_-110_-100_-85_-30\B06_011981_0939_XN_86S092W_F07_038380_0948_XN_85S099W,output_-110_-100_-85_-30,-85.0,-84.799,135.8694,0.0
B06_011981_0939_XN_86S092W_F09_039422_0950_XN_85S101W,G:\crater_flux_output_folders\output_-110_-100_-85_-30\B06_011981_0939_XN_86S092W_F09_039422_0950_XN_85S101W,output_-110_-100_-85_-30,-85.0,-84.799,135.5809,0.0
B06_011981_0939_XN_86S092W_F10_039633_0950_XN_85S101W,G:\crater_flux_output_folders\output_-110_-100_-85_-30\B06_011981_0939_XN_86S092W_F10_039633_0950_XN_85S101W,output_-110_-100_-85_-30,-85.0,-84.799,137.4544,0.0
B06_011981_0939_XN_86S092W_J06_046991_0940_XN_86S091W,G:\crater_flux_output_folders\output_-110_-100_-85_-30\B06_011981_0939_XN_86S092W_J06_046991_0940_XN_86S091W,output_-110_-100_-85_-30,-85.0,-84.799,112.8051,0.0
B06_011981_0939_XN_86S092W_J09_048257_0962_XN_83S114W,G:\crater_flux_output_folders\output_-110_-100_-85_-30\B06_011981_0939_XN_86S092W_J09_048257_0962_XN_83S114W,output_-110_-100_-85_-30,-85.0,-84.8425,84.8784,0.0
B06_011981_0939_XN_86S092W_J14_050406_0967_XI_83S107W,G:\crater_flux_output_folders\output_-110_-100_-85_-30\B06_011981_0939_XN_86S092W_J14_050406_0967_XI_83S107W,output_-110_-100_-85_-30,-84.9713,-84.8403,0.2129,0.0
B06_012060_0934_XI_86S076W_B07_012271_0944_XN_85S091W,G:\crater_flux_output_folders\output_-110_-100_-85_-30\B06_012060_0934_XI_86S076W_B07_012271_0944_XN_85S091W,output_-110_-100_-85_-30,-84.9383,-84.7598,33.6522,0.0
B06_012060_0934_XI_86S076W_B08_012693_0950_XN_85S101W,G:\crater_flux_output_folders\output_-110_-100_-85_-30\B06_012060_0934_XI_86S076W_B08_012693_0950_XN_85S101W,output_-110_-100_-85_-30,-84.9625,-84.7598,69.0416,0.0
B06_012060_0934_XI_86S076W_B08_012838_0950_XN_85S101W,G:\crater_flux_output_folders\output_-110_-100_-85_-30\B06_012060_0934_XI_86S076W_B08_012838_0950_XN_85S101W,output_-110_-100_-85_-30,-84.9625,-84.7598,69.0416,0.0
B06_012060_0934_XI_86S076W_B09_012983_0976_XN_82S111W,G:\crater_flux_output_folders\output_-110_-100_-85_-30\B06_012060_0934_XI_86S076W_B09_012983_0976_XN_82S111W,output_-110_-100_-85_-30,-84.8914,-84.7598,4.4399,0.0
B06_012060_0934_XI_86S076W_B09_013049_0954_XN_84S104W,G:\crater_flux_output_folders\output_-110_-100_-85_-30\B06_012060_0934_XI_86S076W_B09_013049_0954_XN_84S104W,output_-110_-100_-85_-30,-84.9625,-84.7598,69.0416,0.0
B06_012060_0934_XI_86S076W_B09_013260_0950_XN_85S101W,G:\crater_flux_output_folders\output_-110_-100_-85_-30\B06_012060_0934_XI_86S076W_B09_013260_0950_XN_85S101W,output_-110_-100_-85_-30,-84.9625,-84.7598,69.0416,0.0
B06_012060_0934_XI_86S076W_B11_013827_0950_XN_85S101W,G:\crater_flux_output_folders\output_-110_-100_-85_-30\B06_012060_0934_XI_86S076W_B11_013827_0950_XN_85S101W,output_-110_-100_-85_-30,-84.9625,-84.7631,69.019,0.0
B06_012060_0934_XI_86S076W_B12_014420_0929_XI_87S076W,G:\crater_flux_output_folders\output_-110_-100_-85_-30\B06_012060_0934_XI_86S076W_B12_014420_0929_XI_87S076W,output_-110_-100_-85_-30,-84.9625,-84.9507,0.2969,0.0
B06_012060_0934_XI_86S076W_G06_020763_0950_XN_85S101W,G:\crater_flux_output_folders\output_-110_-100_-85_-30\B06_012060_0934_XI_86S076W_G06_020763_0950_XN_85S101W,output_-110_-100_-85_-30,-84.9625,-84.7598,69.0416,0.0
B06_012060_0934_XI_86S076W_G11_022543_0950_XN_85S101W,G:\crater_flux_output_folders\output_-110_-100_-85_-30\B06_012060_0934_XI_86S076W_G11_022543_0950_XN_85S101W,output_-110_-100_-85_-30,-84.9625,-84.7628,69.0246,0.0
B06_012060_0934_XI_86S076W_D06_029545_0950_XN_85S101W,G:\crater_flux_output_folders\output_-110_-100_-85_-30\B06_012060_0934_XI_86S076W_D06_029545_0950_XN_85S101W,output_-110_-100_-85_-30,-84.9625,-84.7598,69.0416,0.0
B06_012060_0934_XI_86S076W_D06_029387_0949_XN_85S100W,G:\crater_flux_output_folders\output_-110_-100_-85_-30\B06_012060_0934_XI_86S076W_D06_029387_0949_XN_85S100W,output_-110_-100_-85_-30,-84.9625,-84.7617,69.0414,0.0
B06_012060_0934_XI_86S076W_D04_028833_0947_XN_85S099W,G:\crater_flux_output_folders\output_-110_-100_-85_-30\B06_012060_0934_XI_86S076W_D04_028833_0947_XN_85S099W,output_-110_-100_-85_-30,-84.9625,-84.7598,69.0416,0.0
B06_012060_0934_XI_86S076W_D08_030165_0945_XN_85S096W,G:\crater_flux_output_folders\output_-110_-100_-85_-30\B06_012060_0934_XI_86S076W_D08_030165_0945_XN_85S096W,output_-110_-100_-85_-30,-84.9625,-84.7598,69.0416,0.0
B06_012060_0934_XI_86S076W_D07_030099_0950_XN_85S101W,G:\crater_flux_output_folders\output_-110_-100_-85_-30\B06_012060_0934_XI_86S076W_D07_030099_0950_XN_85S101W,output_-110_-100_-85_-30,-84.9625,-84.7598,69.0416,0.0
B06_012060_0934_XI_86S076W_D10_031022_0949_XN_85S100W,G:\crater_flux_output_folders\output_-110_-100_-85_-30\B06_012060_0934_XI_86S076W_D10_031022_0949_XN_85S100W,output_-110_-100_-85_-30,-84.9625,-84.7615,69.0416,0.0
B06_012060_0934_XI_86S076W_D10_031167_0950_XN_85S101W,G:\crater_flux_output_folders\output_-110_-100_-85_-30\B06_012060_0934_XI_86S076W_D10_031167_0950_XN_85S101W,output_-110_-100_-85_-30,-84.9625,-84.7598,69.0416,0.0
B06_012060_0934_XI_86S076W_D10_031088_0948_XN_85S100W,G:\crater_flux_output_folders\output_-110_-100_-85_-30\B06_012060_0934_XI_86S076W_D10_031088_0948_XN_85S100W,output_-110_-100_-85_-30,-84.9625,-84.7647,68.9712,0.0
B06_012060_0934_XI_86S076W_F06_037958_0948_XN_85S099W,G:\crater_flux_output_folders\output_-110_-100_-85_-30\B06_012060_0934_XI_86S076W_F06_037958_0948_XN_85S099W,output_-110_-100_-85_-30,-84.9625,-84.7598,69.0416,0.0
B06_012060_0934_XI_86S076W_F07_038723_0949_XN_85S100W,G:\crater_flux_output_folders\output_-110_-100_-85_-30\B06_012060_0934_XI_86S076W_F07_038723_0949_XN_85S100W,output_-110_-100_-85_-30,-84.9625,-84.7609,69.0416,0.0
B06_012060_0934_XI_86S076W_F07_038380_0948_XN_85S099W,G:\crater_flux_output_folders\output_-110_-100_-85_-30\B06_012060_0934_XI_86S076W_F07_038380_0948_XN_85S099W,output_-110_-100_-85_-30,-84.9625,-84.7598,69.0416,0.0
B06_012060_0934_XI_86S076W_F07_038446_0950_XN_85S101W,G:\crater_flux_output_folders\output_-110_-100_-85_-30\B06_012060_0934_XI_86S076W_F07_038446_0950_XN_85S101W,output_-110_-100_-85_-30,-84.9625,-84.7614,69.0416,0.0
B06_012060_0934_XI_86S076W_F09_039422_0950_XN_85S101W,G:\crater_flux_output_folders\output_-110_-100_-85_-30\B06_012060_0934_XI_86S076W_F09_039422_0950_XN_85S101W,output_-110_-100_-85_-30,-84.9625,-84.7598,69.0416,0.0
B06_012060_0934_XI_86S076W_F10_039633_0950_XN_85S101W,G:\crater_flux_output_folders\output_-110_-100_-85_-30\B06_012060_0934_XI_86S076W_F10_039633_0950_XN_85S101W,output_-110_-100_-85_-30,-84.9625,-84.7598,69.0416,0.0
B06_012060_0934_XI_86S076W_J06_046991_0940_XN_86S091W,G:\crater_flux_output_folders\output_-110_-100_-85_-30\B06_012060_0934_XI_86S076W_J06_046991_0940_XN_86S091W,output_-110_-100_-85_-30,-84.9625,-84.7598,69.0416,0.0
B06_012060_0934_XI_86S076W_J06_047281_0946_XN_85S098W,G:\crater_flux_output_folders\output_-110_-100_-85_-30\B06_012060_0934_XI_86S076W_J06_047281_0946_XN_85S098W,output_-110_-100_-85_-30,-84.9625,-84.7598,69.0416,0.0
B06_012060_0934_XI_86S076W_J05_046622_0950_XN_85S100W,G:\crater_flux_output_folders\output_-110_-100_-85_-30\B06_012060_0934_XI_86S076W_J05_046622_0950_XN_85S100W,output_-110_-100_-85_-30,-84.9625,-84.7621,69.0403,0.0
B06_012060_0934_XI_86S076W_J14_050406_0967_XI_83S107W,G:\crater_flux_output_folders\output_-110_-100_-85_-30\B06_012060_0934_XI_86S076W_J14_050406_0967_XI_83S107W,output_-110_-100_-85_-30,-84.9523,-84.7598,47.1358,0.0
B07_012271_0944_XN_85S091W_B08_012693_0950_XN_85S101W,G:\crater_flux_output_folders\output_-110_-100_-85_-30\B07_012271_0944_XN_85S091W_B08_012693_0950_XN_85S101W,output_-110_-100_-85_-30,-84.9383,-84.6915,76.1522,0.0
B07_012271_0944_XN_85S091W_B08_012838_0950_XN_85S101W,G:\crater_flux_output_folders\output_-110_-100_-85_-30\B07_012271_0944_XN_85S091W_B08_012838_0950_XN_85S101W,output_-110_-100_-85_-30,-84.9383,-84.6895,76.8488,0.0
B07_012271_0944_XN_85S091W_B08_012851_0977_XN_82S108W,G:\crater_flux_output_folders\output_-110_-100_-85_-30\B07_012271_0944_XN_85S091W_B08_012851_0977_XN_82S108W,output_-110_-100_-85_-30,-84.7143,-84.6597,1.015,0.0
B07_012271_0944_XN_85S091W_B09_013049_0954_XN_84S104W,G:\crater_flux_output_folders\output_-110_-100_-85_-30\B07_012271_0944_XN_85S091W_B09_013049_0954_XN_84S104W,output_-110_-100_-85_-30,-84.9383,-84.6621,83.2647,0.0
B07_012271_0944_XN_85S091W_B09_013260_0950_XN_85S101W,G:\crater_flux_output_folders\output_-110_-100_-85_-30\B07_012271_0944_XN_85S091W_B09_013260_0950_XN_85S101W,output_-110_-100_-85_-30,-84.9383,-84.693,75.4203,0.0
B07_012271_0944_XN_85S091W_B11_013827_0950_XN_85S101W,G:\crater_flux_output_folders\output_-110_-100_-85_-30\B07_012271_0944_XN_85S091W_B11_013827_0950_XN_85S101W,output_-110_-100_-85_-30,-84.9383,-84.739,49.4908,0.0
B07_012271_0944_XN_85S091W_G06_020763_0950_XN_85S101W,G:\crater_flux_output_folders\output_-110_-100_-85_-30\B07_012271_0944_XN_85S091W_G06_020763_0950_XN_85S101W,output_-110_-100_-85_-30,-84.9383,-84.6927,75.6151,0.0
B07_012271_0944_XN_85S091W_G11_022543_0950_XN_85S101W,G:\crater_flux_output_folders\output_-110_-100_-85_-30\B07_012271_0944_XN_85S091W_G11_022543_0950_XN_85S101W,output_-110_-100_-85_-30,-84.9383,-84.759,39.3611,0.0
B07_012271_0944_XN_85S091W_D06_029545_0950_XN_85S101W,G:\crater_flux_output_folders\output_-110_-100_-85_-30\B07_012271_0944_XN_85S091W_D06_029545_0950_XN_85S101W,output_-110_-100_-85_-30,-84.9383,-84.708,70.532,0.0
B07_012271_0944_XN_85S091W_D06_029387_0949_XN_85S100W,G:\crater_flux_output_folders\output_-110_-100_-85_-30\B07_012271_0944_XN_85S091W_D06_029387_0949_XN_85S100W,output_-110_-100_-85_-30,-84.9383,-84.6966,73.8483,0.0
B07_012271_0944_XN_85S091W_D08_030165_0945_XN_85S096W,G:\crater_flux_output_folders\output_-110_-100_-85_-30\B07_012271_0944_XN_85S091W_D08_030165_0945_XN_85S096W,output_-110_-100_-85_-30,-84.9383,-84.6958,75.8477,0.0
B07_012271_0944_XN_85S091W_D07_029835_0948_XI_85S093W,G:\crater_flux_output_folders\output_-110_-100_-85_-30\B07_012271_0944_XN_85S091W_D07_029835_0948_XI_85S093W,output_-110_-100_-85_-30,-84.6976,-84.6597,0.9412,0.0
B07_012271_0944_XN_85S091W_D07_030099_0950_XN_85S101W,G:\crater_flux_output_folders\output_-110_-100_-85_-30\B07_012271_0944_XN_85S091W_D07_030099_0950_XN_85S101W,output_-110_-100_-85_-30,-84.9383,-84.6919,75.7543,0.0
B07_012271_0944_XN_85S091W_D10_031022_0949_XN_85S100W,G:\crater_flux_output_folders\output_-110_-100_-85_-30\B07_012271_0944_XN_85S091W_D10_031022_0949_XN_85S100W,output_-110_-100_-85_-30,-84.9383,-84.708,68.4399,0.0
B07_012271_0944_XN_85S091W_D10_031167_0950_XN_85S101W,G:\crater_flux_output_folders\output_-110_-100_-85_-30\B07_012271_0944_XN_85S091W_D10_031167_0950_XN_85S101W,output_-110_-100_-85_-30,-84.9383,-84.692,75.7272,0.0
B07_012271_0944_XN_85S091W_D10_031088_0948_XN_85S100W,G:\crater_flux_output_folders\output_-110_-100_-85_-30\B07_012271_0944_XN_85S091W_D10_031088_0948_XN_85S100W,output_-110_-100_-85_-30,-84.9383,-84.749,43.2409,0.0
B07_012271_0944_XN_85S091W_F06_037958_0948_XN_85S099W,G:\crater_flux_output_folders\output_-110_-100_-85_-30\B07_012271_0944_XN_85S091W_F06_037958_0948_XN_85S099W,output_-110_-100_-85_-30,-84.9383,-84.6872,78.2806,0.0
B07_012271_0944_XN_85S091W_F07_038723_0949_XN_85S100W,G:\crater_flux_output_folders\output_-110_-100_-85_-30\B07_012271_0944_XN_85S091W_F07_038723_0949_XN_85S100W,output_-110_-100_-85_-30,-84.9383,-84.6939,74.7353,0.0
B07_012271_0944_XN_85S091W_F07_038380_0948_XN_85S099W,G:\crater_flux_output_folders\output_-110_-100_-85_-30\B07_012271_0944_XN_85S091W_F07_038380_0948_XN_85S099W,output_-110_-100_-85_-30,-84.9383,-84.6894,77.3511,0.0
B07_012271_0944_XN_85S091W_F07_038446_0950_XN_85S101W,G:\crater_flux_output_folders\output_-110_-100_-85_-30\B07_012271_0944_XN_85S091W_F07_038446_0950_XN_85S101W,output_-110_-100_-85_-30,-84.9383,-84.6962,74.0587,0.0
B07_012271_0944_XN_85S091W_F10_039633_0950_XN_85S101W,G:\crater_flux_output_folders\output_-110_-100_-85_-30\B07_012271_0944_XN_85S091W_F10_039633_0950_XN_85S101W,output_-110_-100_-85_-30,-84.9383,-84.6907,76.2517,0.0
B07_012271_0944_XN_85S091W_J06_046991_0940_XN_86S091W,G:\crater_flux_output_folders\output_-110_-100_-85_-30\B07_012271_0944_XN_85S091W_J06_046991_0940_XN_86S091W,output_-110_-100_-85_-30,-84.9383,-84.6647,83.2309,0.0
B07_012271_0944_XN_85S091W_J06_047281_0946_XN_85S098W,G:\crater_flux_output_folders\output_-110_-100_-85_-30\B07_012271_0944_XN_85S091W_J06_047281_0946_XN_85S098W,output_-110_-100_-85_-30,-84.9383,-84.6899,77.3904,0.0
B07_012271_0944_XN_85S091W_J05_046622_0950_XN_85S100W,G:\crater_flux_output_folders\output_-110_-100_-85_-30\B07_012271_0944_XN_85S091W_J05_046622_0950_XN_85S100W,output_-110_-100_-85_-30,-84.9383,-84.7001,72.9033,0.0
B07_012271_0944_XN_85S091W_J14_050406_0967_XI_83S107W,G:\crater_flux_output_folders\output_-110_-100_-85_-30\B07_012271_0944_XN_85S091W_J14_050406_0967_XI_83S107W,output_-110_-100_-85_-30,-84.936,-84.6597,77.1777,0.0
B07_012389_1002_XN_79S099W_J09_048177_1011_XN_78S101W,G:\crater_flux_output_folders\output_-110_-100_-85_-30\B07_012389_1002_XN_79S099W_J09_048177_1011_XN_78S101W,output_-110_-100_-85_-30,-79.5077,-79.3675,58.3362,0.0
B07_012389_1002_XN_79S099W_J14_050300_0992_XI_80S098W,G:\crater_flux_output_folders\output_-110_-100_-85_-30\B07_012389_1002_XN_79S099W_J14_050300_0992_XI_80S098W,output_-110_-100_-85_-30,-80.136,-79.5578,152.887,0.0
B07_012389_1002_XN_79S099W_J14_050379_1009_XI_79S101W,G:\crater_flux_output_folders\output_-110_-100_-85_-30\B07_012389_1002_XN_79S099W_J14_050379_1009_XI_79S101W,output_-110_-100_-85_-30,-79.7022,-79.3675,169.2283,0.0
B07_012389_1002_XN_79S099W_J13_049944_1005_XN_79S102W,G:\crater_flux_output_folders\output_-110_-100_-85_-30\B07_012389_1002_XN_79S099W_J13_049944_1005_XN_79S102W,output_-110_-100_-85_-30,-80.136,-79.4197,78.9332,0.0
B07_012442_0990_XN_81S102W_B08_012587_0988_XN_81S101W,G:\crater_flux_output_folders\output_-110_-100_-85_-30\B07_012442_0990_XN_81S102W_B08_012587_0988_XN_81S101W,output_-110_-100_-85_-30,-81.3894,-80.45,1223.5712,0.0
B07_012442_0990_XN_81S102W_G09_021870_1019_XN_78S105W,G:\crater_flux_output_folders\output_-110_-100_-85_-30\B07_012442_0990_XN_81S102W_G09_021870_1019_XN_78S105W,output_-110_-100_-85_-30,-80.642,-80.45,72.9813,0.0
B07_012442_0990_XN_81S102W_G12_022859_1018_XN_78S106W,G:\crater_flux_output_folders\output_-110_-100_-85_-30\B07_012442_0990_XN_81S102W_G12_022859_1018_XN_78S106W,output_-110_-100_-85_-30,-80.693,-80.45,157.7727,0.0
B07_012442_0990_XN_81S102W_F10_039738_1000_XN_80S104W,G:\crater_flux_output_folders\output_-110_-100_-85_-30\B07_012442_0990_XN_81S102W_F10_039738_1000_XN_80S104W,output_-110_-100_-85_-30,-80.763,-80.506,155.5136,0.0
B07_012442_0990_XN_81S102W_F12_040463_0988_XN_81S100W,G:\crater_flux_output_folders\output_-110_-100_-85_-30\B07_012442_0990_XN_81S102W_F12_040463_0988_XN_81S100W,output_-110_-100_-85_-30,-81.3062,-80.45,378.1305,0.0
B07_012442_0990_XN_81S102W_J12_049364_0984_XI_81S102W,G:\crater_flux_output_folders\output_-110_-100_-85_-30\B07_012442_0990_XN_81S102W_J12_049364_0984_XI_81S102W,output_-110_-100_-85_-30,-81.3735,-80.4558,1195.5262,0.0
B07_012442_0990_XN_81S102W_J13_049931_0990_XN_81S102W,G:\crater_flux_output_folders\output_-110_-100_-85_-30\B07_012442_0990_XN_81S102W_J13_049931_0990_XN_81S102W,output_-110_-100_-85_-30,-81.3573,-80.4561,894.9678,0.0
B07_012482_0973_XN_82S112W_B07_012548_0969_XN_83S110W,G:\crater_flux_output_folders\output_-115_-110_-85_-70\B07_012482_0973_XN_82S112W_B07_012548_0969_XN_83S110W,output_-110_-100_-85_-30,-83.0849,-82.7638,1253.0998,0.0
B07_012482_0973_XN_82S112W_B08_012614_0971_XN_82S115W,G:\crater_flux_output_folders\output_-115_-110_-85_-70\B07_012482_0973_XN_82S112W_B08_012614_0971_XN_82S115W,output_-110_-100_-85_-30,-83.0849,-82.9092,1125.0571,0.0
B07_012482_0973_XN_82S112W_F12_040450_0971_XN_82S109W,G:\crater_flux_output_folders\output_-115_-110_-85_-70\B07_012482_0973_XN_82S112W_F12_040450_0971_XN_82S109W,output_-110_-100_-85_-30,-83.0849,-82.7638,355.4236,0.0
B07_012482_0973_XN_82S112W_J12_049338_0969_XN_83S111W,G:\crater_flux_output_folders\output_-115_-110_-85_-70\B07_012482_0973_XN_82S112W_J12_049338_0969_XN_83S111W,output_-110_-100_-85_-30,-83.0849,-82.7638,1295.3287,0.0
B07_012482_0973_XN_82S112W_J13_049747_0973_XI_82S115W,G:\crater_flux_output_folders\output_-115_-110_-85_-70\B07_012482_0973_XN_82S112W_J13_049747_0973_XI_82S115W,output_-110_-100_-85_-30,-83.0849,-82.8853,1141.0424,0.0
B08_012693_0950_XN_85S101W_B09_012983_0976_XN_82S111W,G:\crater_flux_output_folders\output_-110_-100_-85_-30\B08_012693_0950_XN_85S101W_B09_012983_0976_XN_82S111W,output_-110_-100_-85_-30,-84.911,-84.546,211.9764,0.0
B08_012693_0950_XN_85S101W_B09_013260_0950_XN_85S101W,G:\crater_flux_output_folders\output_-110_-100_-85_-30\B08_012693_0950_XN_85S101W_B09_013260_0950_XN_85S101W,output_-110_-100_-85_-30,-85.0,-84.607,433.4568,0.0
B08_012693_0950_XN_85S101W_B11_013827_0950_XN_85S101W,G:\crater_flux_output_folders\output_-110_-100_-85_-30\B08_012693_0950_XN_85S101W_B11_013827_0950_XN_85S101W,output_-110_-100_-85_-30,-85.0,-84.739,198.9835,0.0
B08_012693_0950_XN_85S101W_B11_013959_0961_XN_83S114W,G:\crater_flux_output_folders\output_-110_-100_-85_-30\B08_012693_0950_XN_85S101W_B11_013959_0961_XN_83S114W,output_-110_-100_-85_-30,-85.0,-84.677,161.6022,0.0
B08_012693_0950_XN_85S101W_B12_014420_0929_XI_87S076W,G:\crater_flux_output_folders\output_-110_-100_-85_-30\B08_012693_0950_XN_85S101W_B12_014420_0929_XI_87S076W,output_-110_-100_-85_-30,-85.0,-84.9507,9.3119,0.0
B08_012693_0950_XN_85S101W_B08_012614_0971_XN_82S115W,G:\crater_flux_output_folders\output_-110_-100_-85_-30\B08_012693_0950_XN_85S101W_B08_012614_0971_XN_82S115W,output_-110_-100_-85_-30,-85.0,-84.6314,252.7764,0.0
B08_012693_0950_XN_85S101W_G11_022543_0950_XN_85S101W,G:\crater_flux_output_folders\output_-110_-100_-85_-30\B08_012693_0950_XN_85S101W_G11_022543_0950_XN_85S101W,output_-110_-100_-85_-30,-85.0,-84.759,179.4598,0.0
B08_012693_0950_XN_85S101W_G11_022596_0947_XN_85S103W,G:\crater_flux_output_folders\output_-110_-100_-85_-30\B08_012693_0950_XN_85S101W_G11_022596_0947_XN_85S103W,output_-110_-100_-85_-30,-85.0,-84.705,158.8716,0.0
B08_012693_0950_XN_85S101W_D04_028833_0947_XN_85S099W,G:\crater_flux_output_folders\output_-110_-100_-85_-30\B08_012693_0950_XN_85S101W_D04_028833_0947_XN_85S099W,output_-110_-100_-85_-30,-85.0,-84.6239,412.9575,0.0
B08_012693_0950_XN_85S101W_D08_030165_0945_XN_85S096W,G:\crater_flux_output_folders\output_-110_-100_-85_-30\B08_012693_0950_XN_85S101W_D08_030165_0945_XN_85S096W,output_-110_-100_-85_-30,-85.0,-84.658,346.4068,0.0
B08_012693_0950_XN_85S101W_D07_030099_0950_XN_85S101W,G:\crater_flux_output_folders\output_-110_-100_-85_-30\B08_012693_0950_XN_85S101W_D07_030099_0950_XN_85S101W,output_-110_-100_-85_-30,-85.0,-84.5571,521.0211,0.0
B08_012693_0950_XN_85S101W_D10_031022_0949_XN_85S100W,G:\crater_flux_output_folders\output_-110_-100_-85_-30\B08_012693_0950_XN_85S101W_D10_031022_0949_XN_85S100W,output_-110_-100_-85_-30,-85.0,-84.708,252.216,0.0
B08_012693_0950_XN_85S101W_D13_032130_0943_XI_85S096W,G:\crater_flux_output_folders\output_-110_-100_-85_-30\B08_012693_0950_XN_85S101W_D13_032130_0943_XI_85S096W,output_-110_-100_-85_-30,-85.0,-84.89,52.6787,0.0
B08_012693_0950_XN_85S101W_D10_031167_0950_XN_85S101W,G:\crater_flux_output_folders\output_-110_-100_-85_-30\B08_012693_0950_XN_85S101W_D10_031167_0950_XN_85S101W,output_-110_-100_-85_-30,-85.0,-84.6076,436.8855,0.0
B08_012693_0950_XN_85S101W_D10_031088_0948_XN_85S100W,G:\crater_flux_output_folders\output_-110_-100_-85_-30\B08_012693_0950_XN_85S101W_D10_031088_0948_XN_85S100W,output_-110_-100_-85_-30,-85.0,-84.749,170.4029,0.0
B08_012693_0950_XN_85S101W_F06_037958_0948_XN_85S099W,G:\crater_flux_output_folders\output_-110_-100_-85_-30\B08_012693_0950_XN_85S101W_F06_037958_0948_XN_85S099W,output_-110_-100_-85_-30,-85.0,-84.5572,506.5439,0.0
B08_012693_0950_XN_85S101W_F07_038723_0949_XN_85S100W,G:\crater_flux_output_folders\output_-110_-100_-85_-30\B08_012693_0950_XN_85S101W_F07_038723_0949_XN_85S100W,output_-110_-100_-85_-30,-85.0,-84.607,440.6549,0.0
B08_012693_0950_XN_85S101W_F07_038380_0948_XN_85S099W,G:\crater_flux_output_folders\output_-110_-100_-85_-30\B08_012693_0950_XN_85S101W_F07_038380_0948_XN_85S099W,output_-110_-100_-85_-30,-85.0,-84.5468,537.1381,0.0
B08_012693_0950_XN_85S101W_F07_038446_0950_XN_85S101W,G:\crater_flux_output_folders\output_-110_-100_-85_-30\B08_012693_0950_XN_85S101W_F07_038446_0950_XN_85S101W,output_-110_-100_-85_-30,-85.0,-84.607,433.8859,0.0
B08_012693_0950_XN_85S101W_F09_039422_0950_XN_85S101W,G:\crater_flux_output_folders\output_-110_-100_-85_-30\B08_012693_0950_XN_85S101W_F09_039422_0950_XN_85S101W,output_-110_-100_-85_-30,-85.0,-84.546,531.4746,0.0
B08_012693_0950_XN_85S101W_F10_039633_0950_XN_85S101W,G:\crater_flux_output_folders\output_-110_-100_-85_-30\B08_012693_0950_XN_85S101W_F10_039633_0950_XN_85S101W,output_-110_-100_-85_-30,-85.0,-84.5491,534.6965,0.0
B08_012693_0950_XN_85S101W_J06_046991_0940_XN_86S091W,G:\crater_flux_output_folders\output_-110_-100_-85_-30\B08_012693_0950_XN_85S101W_J06_046991_0940_XN_86S091W,output_-110_-100_-85_-30,-85.0,-84.5785,442.3421,0.0
B08_012693_0950_XN_85S101W_J05_046622_0950_XN_85S100W,G:\crater_flux_output_folders\output_-110_-100_-85_-30\B08_012693_0950_XN_85S101W_J05_046622_0950_XN_85S100W,output_-110_-100_-85_-30,-85.0,-84.617,413.019,0.0
B08_012693_0950_XN_85S101W_J09_048257_0962_XN_83S114W,G:\crater_flux_output_folders\output_-110_-100_-85_-30\B08_012693_0950_XN_85S101W_J09_048257_0962_XN_83S114W,output_-110_-100_-85_-30,-85.0,-84.654,223.748,0.0
B08_012693_0950_XN_85S101W_J14_050406_0967_XI_83S107W,G:\crater_flux_output_folders\output_-110_-100_-85_-30\B08_012693_0950_XN_85S101W_J14_050406_0967_XI_83S107W,output_-110_-100_-85_-30,-84.9713,-84.546,128.5604,0.0
B08_012719_0996_XN_80S108W_B08_012851_0977_XN_82S108W,G:\crater_flux_output_folders\output_-110_-100_-85_-30\B08_012719_0996_XN_80S108W_B08_012851_0977_XN_82S108W,output_-110_-100_-85_-30,-82.918,-81.1911,994.0087,0.0
B08_012719_0996_XN_80S108W_B12_014275_0996_XN_80S109W,G:\crater_flux_output_folders\output_-115_-110_-85_-70\B08_012719_0996_XN_80S108W_B12_014275_0996_XN_80S109W,output_-110_-100_-85_-30,-82.8208,-79.2065,515.616,0.0
B08_012719_0996_XN_80S108W_D13_032182_1030_XN_77S112W,G:\crater_flux_output_folders\output_-115_-110_-85_-70\B08_012719_0996_XN_80S108W_D13_032182_1030_XN_77S112W,output_-110_-100_-85_-30,-78.7319,-78.2246,471.9818,0.0
B08_012719_0996_XN_80S108W_F11_040226_0993_XN_80S106W,G:\crater_flux_output_folders\output_-110_-100_-85_-30\B08_012719_0996_XN_80S108W_F11_040226_0993_XN_80S106W,output_-110_-100_-85_-30,-82.392,-78.9114,1158.1417,0.0
B08_012719_0996_XN_80S108W_F12_040477_1005_XN_79S110W,G:\crater_flux_output_folders\output_-110_-100_-85_-30\B08_012719_0996_XN_80S108W_F12_040477_1005_XN_79S110W,output_-110_-100_-85_-30,-79.6893,-79.113,236.5302,0.0
B08_012719_0996_XN_80S108W_F12_040648_1005_XN_79S111W,G:\crater_flux_output_folders\output_-115_-110_-85_-70\B08_012719_0996_XN_80S108W_F12_040648_1005_XN_79S111W,output_-110_-100_-85_-30,-79.7341,-79.2591,108.7641,0.0
B08_012719_0996_XN_80S108W_J11_048929_1001_XN_79S110W,G:\crater_flux_output_folders\output_-110_-100_-85_-30\B08_012719_0996_XN_80S108W_J11_048929_1001_XN_79S110W,output_-110_-100_-85_-30,-80.8904,-79.1578,855.5685,0.0
B08_012719_0996_XN_80S108W_J14_050287_1030_XI_77S113W,G:\crater_flux_output_folders\output_-115_-110_-85_-70\B08_012719_0996_XN_80S108W_J14_050287_1030_XI_77S113W,output_-110_-100_-85_-30,-79.5594,-78.9063,1549.8135,0.0
B08_012719_0996_XN_80S108W_J14_050340_0975_XI_82S106W,G:\crater_flux_output_folders\output_-110_-100_-85_-30\B08_012719_0996_XN_80S108W_J14_050340_0975_XI_82S106W,output_-110_-100_-85_-30,-82.918,-81.9814,331.1036,0.0
B08_012719_0996_XN_80S108W_J13_049720_0993_XI_80S108W,G:\crater_flux_output_folders\output_-110_-100_-85_-30\B08_012719_0996_XN_80S108W_J13_049720_0993_XI_80S108W,output_-110_-100_-85_-30,-82.0367,-79.3579,2076.3477,0.0
B08_012732_0969_XN_83S096W_D06_029505_0980_XN_82S099W,G:\crater_flux_output_folders\output_-110_-100_-85_-30\B08_012732_0969_XN_83S096W_D06_029505_0980_XN_82S099W,output_-110_-100_-85_-30,-82.3383,-82.3247,0.0882,0.0
B08_012798_0979_XN_82S101W_G10_022213_0980_XN_82S099W,G:\crater_flux_output_folders\output_-110_-100_-85_-30\B08_012798_0979_XN_82S101W_G10_022213_0980_XN_82S099W,output_-110_-100_-85_-30,-82.2275,-81.5542,37.5572,0.0
B08_012798_0979_XN_82S101W_G13_023136_1029_XN_77S109W,G:\crater_flux_output_folders\output_-110_-100_-85_-30\B08_012798_0979_XN_82S101W_G13_023136_1029_XN_77S109W,output_-110_-100_-85_-30,-79.6577,-79.439,162.5508,0.0
B08_012798_0979_XN_82S101W_D06_029505_0980_XN_82S099W,G:\crater_flux_output_folders\output_-110_-100_-85_-30\B08_012798_0979_XN_82S101W_D06_029505_0980_XN_82S099W,output_-110_-100_-85_-30,-82.3218,-81.6264,56.9999,0.0
B08_012798_0979_XN_82S101W_D09_030560_0979_XN_82S099W,G:\crater_flux_output_folders\output_-110_-100_-85_-30\B08_012798_0979_XN_82S101W_D09_030560_0979_XN_82S099W,output_-110_-100_-85_-30,-82.2555,-81.7549,34.7746,0.0
B08_012798_0979_XN_82S101W_D08_030204_0980_XN_82S099W,G:\crater_flux_output_folders\output_-110_-100_-85_-30\B08_012798_0979_XN_82S101W_D08_030204_0980_XN_82S099W,output_-110_-100_-85_-30,-82.2387,-81.66,36.0932,0.0
B08_012798_0979_XN_82S101W_F10_039738_1000_XN_80S104W,G:\crater_flux_output_folders\output_-110_-100_-85_-30\B08_012798_0979_XN_82S101W_F10_039738_1000_XN_80S104W,output_-110_-100_-85_-30,-80.763,-79.439,270.1291,0.0
B08_012798_0979_XN_82S101W_F11_040226_0993_XN_80S106W,G:\crater_flux_output_folders\output_-110_-100_-85_-30\B08_012798_0979_XN_82S101W_F11_040226_0993_XN_80S106W,output_-110_-100_-85_-30,-80.5488,-79.5012,199.551,0.0
B08_012798_0979_XN_82S101W_J04_046463_0980_XN_82S099W,G:\crater_flux_output_folders\output_-110_-100_-85_-30\B08_012798_0979_XN_82S101W_J04_046463_0980_XN_82S099W,output_-110_-100_-85_-30,-82.2964,-81.6194,44.441,0.0
B08_012798_0979_XN_82S101W_J04_046529_0980_XN_82S099W,G:\crater_flux_output_folders\output_-110_-100_-85_-30\B08_012798_0979_XN_82S101W_J04_046529_0980_XN_82S099W,output_-110_-100_-85_-30,-82.2405,-81.5408,32.9865,0.0
B08_012798_0979_XN_82S101W_J09_048309_1014_XN_78S106W,G:\crater_flux_output_folders\output_-110_-100_-85_-30\B08_012798_0979_XN_82S101W_J09_048309_1014_XN_78S106W,output_-110_-100_-85_-30,-80.0758,-79.439,236.4574,0.0
B08_012798_0979_XN_82S101W_J11_049232_0980_XN_82S099W,G:\crater_flux_output_folders\output_-110_-100_-85_-30\B08_012798_0979_XN_82S101W_J11_049232_0980_XN_82S099W,output_-110_-100_-85_-30,-82.2412,-81.5984,33.9871,0.0
B08_012798_0979_XN_82S101W_J12_049364_0984_XI_81S102W,G:\crater_flux_output_folders\output_-110_-100_-85_-30\B08_012798_0979_XN_82S101W_J12_049364_0984_XI_81S102W,output_-110_-100_-85_-30,-82.2158,-79.439,1259.3845,0.0
B08_012798_0979_XN_82S101W_J14_050366_1015_XI_78S107W,G:\crater_flux_output_folders\output_-110_-100_-85_-30\B08_012798_0979_XN_82S101W_J14_050366_1015_XI_78S107W,output_-110_-100_-85_-30,-79.8129,-79.439,60.9728,0.0
B08_012798_0979_XN_82S101W_J13_049799_1014_XI_78S107W,G:\crater_flux_output_folders\output_-110_-100_-85_-30\B08_012798_0979_XN_82S101W_J13_049799_1014_XI_78S107W,output_-110_-100_-85_-30,-79.7927,-79.439,90.825,0.0
B08_012811_0982_XN_81S097W_G09_021870_1019_XN_78S105W,G:\crater_flux_output_folders\output_-110_-100_-85_-30\B08_012811_0982_XN_81S097W_G09_021870_1019_XN_78S105W,output_-110_-100_-85_-30,-80.1432,-79.1738,350.2811,0.0
B08_012811_0982_XN_81S097W_G13_023149_1024_XN_77S104W,G:\crater_flux_output_folders\output_-110_-100_-85_-30\B08_012811_0982_XN_81S097W_G13_023149_1024_XN_77S104W,output_-110_-100_-85_-30,-79.3368,-79.1191,171.3771,0.0
B08_012811_0982_XN_81S097W_G12_022859_1018_XN_78S106W,G:\crater_flux_output_folders\output_-110_-100_-85_-30\B08_012811_0982_XN_81S097W_G12_022859_1018_XN_78S106W,output_-110_-100_-85_-30,-79.2888,-79.2225,1.1578,0.0
B08_012811_0982_XN_81S097W_F12_040463_0988_XN_81S100W,G:\crater_flux_output_folders\output_-110_-100_-85_-30\B08_012811_0982_XN_81S097W_F12_040463_0988_XN_81S100W,output_-110_-100_-85_-30,-80.3928,-80.318,3.7861,0.0
B08_012811_0982_XN_81S097W_J08_047742_1005_XN_79S103W,G:\crater_flux_output_folders\output_-110_-100_-85_-30\B08_012811_0982_XN_81S097W_J08_047742_1005_XN_79S103W,output_-110_-100_-85_-30,-79.7375,-79.2055,77.3724,0.0
B08_012811_0982_XN_81S097W_J14_050379_1009_XI_79S101W,G:\crater_flux_output_folders\output_-110_-100_-85_-30\B08_012811_0982_XN_81S097W_J14_050379_1009_XI_79S101W,output_-110_-100_-85_-30,-79.7118,-79.115,357.5316,0.0
B08_012811_0982_XN_81S097W_J13_049944_1005_XN_79S102W,G:\crater_flux_output_folders\output_-110_-100_-85_-30\B08_012811_0982_XN_81S097W_J13_049944_1005_XN_79S102W,output_-110_-100_-85_-30,-80.3339,-79.1469,845.5085,0.0
B08_012838_0950_XN_85S101W_B09_012983_0976_XN_82S111W,G:\crater_flux_output_folders\output_-110_-100_-85_-30\B08_012838_0950_XN_85S101W_B09_012983_0976_XN_82S111W,output_-110_-100_-85_-30,-84.911,-84.607,160.586,0.0
B08_012838_0950_XN_85S101W_B09_013049_0954_XN_84S104W,G:\crater_flux_output_folders\output_-110_-100_-85_-30\B08_012838_0950_XN_85S101W_B09_013049_0954_XN_84S104W,output_-110_-100_-85_-30,-85.0,-84.607,389.4443,0.0
B08_012838_0950_XN_85S101W_B09_013260_0950_XN_85S101W,G:\crater_flux_output_folders\output_-110_-100_-85_-30\B08_012838_0950_XN_85S101W_B09_013260_0950_XN_85S101W,output_-110_-100_-85_-30,-85.0,-84.6112,426.138,0.0
B08_012838_0950_XN_85S101W_B11_013827_0950_XN_85S101W,G:\crater_flux_output_folders\output_-110_-100_-85_-30\B08_012838_0950_XN_85S101W_B11_013827_0950_XN_85S101W,output_-110_-100_-85_-30,-85.0,-84.739,200.3063,0.0
B08_012838_0950_XN_85S101W_B11_013959_0961_XN_83S114W,G:\crater_flux_output_folders\output_-110_-100_-85_-30\B08_012838_0950_XN_85S101W_B11_013959_0961_XN_83S114W,output_-110_-100_-85_-30,-85.0,-84.7469,115.1736,0.0
B08_012838_0950_XN_85S101W_B12_014420_0929_XI_87S076W,G:\crater_flux_output_folders\output_-110_-100_-85_-30\B08_012838_0950_XN_85S101W_B12_014420_0929_XI_87S076W,output_-110_-100_-85_-30,-85.0,-84.9507,9.3116,0.0
B08_012838_0950_XN_85S101W_B08_012614_0971_XN_82S115W,G:\crater_flux_output_folders\output_-110_-100_-85_-30\B08_012838_0950_XN_85S101W_B08_012614_0971_XN_82S115W,output_-110_-100_-85_-30,-85.0,-84.7055,182.4498,0.0
B08_012838_0950_XN_85S101W_G06_020763_0950_XN_85S101W,G:\crater_flux_output_folders\output_-110_-100_-85_-30\B08_012838_0950_XN_85S101W_G06_020763_0950_XN_85S101W,output_-110_-100_-85_-30,-85.0,-84.6111,426.1008,0.0
B08_012838_0950_XN_85S101W_G11_022543_0950_XN_85S101W,G:\crater_flux_output_folders\output_-110_-100_-85_-30\B08_012838_0950_XN_85S101W_G11_022543_0950_XN_85S101W,output_-110_-100_-85_-30,-85.0,-84.759,180.2067,0.0
B08_012838_0950_XN_85S101W_G11_022596_0947_XN_85S103W,G:\crater_flux_output_folders\output_-110_-100_-85_-30\B08_012838_0950_XN_85S101W_G11_022596_0947_XN_85S103W,output_-110_-100_-85_-30,-85.0,-84.7634,124.2601,0.0
B08_012838_0950_XN_85S101W_D06_029545_0950_XN_85S101W,G:\crater_flux_output_folders\output_-110_-100_-85_-30\B08_012838_0950_XN_85S101W_D06_029545_0950_XN_85S101W,output_-110_-100_-85_-30,-85.0,-84.7087,276.2867,0.0
B08_012838_0950_XN_85S101W_D04_028833_0947_XN_85S099W,G:\crater_flux_output_folders\output_-110_-100_-85_-30\B08_012838_0950_XN_85S101W_D04_028833_0947_XN_85S099W,output_-110_-100_-85_-30,-85.0,-84.6213,416.8871,0.0
B08_012838_0950_XN_85S101W_D08_030165_0945_XN_85S096W,G:\crater_flux_output_folders\output_-110_-100_-85_-30\B08_012838_0950_XN_85S101W_D08_030165_0945_XN_85S096W,output_-110_-100_-85_-30,-85.0,-84.658,348.5119,0.0
B08_012838_0950_XN_85S101W_D07_030099_0950_XN_85S101W,G:\crater_flux_output_folders\output_-110_-100_-85_-30\B08_012838_0950_XN_85S101W_D07_030099_0950_XN_85S101W,output_-110_-100_-85_-30,-85.0,-84.6094,426.0933,0.0
B08_012838_0950_XN_85S101W_D10_031022_0949_XN_85S100W,G:\crater_flux_output_folders\output_-110_-100_-85_-30\B08_012838_0950_XN_85S101W_D10_031022_0949_XN_85S100W,output_-110_-100_-85_-30,-85.0,-84.708,254.4082,0.0
B08_012838_0950_XN_85S101W_D13_032130_0943_XI_85S096W,G:\crater_flux_output_folders\output_-110_-100_-85_-30\B08_012838_0950_XN_85S101W_D13_032130_0943_XI_85S096W,output_-110_-100_-85_-30,-85.0,-84.89,52.8541,0.0
B08_012838_0950_XN_85S101W_D10_031167_0950_XN_85S101W,G:\crater_flux_output_folders\output_-110_-100_-85_-30\B08_012838_0950_XN_85S101W_D10_031167_0950_XN_85S101W,output_-110_-100_-85_-30,-85.0,-84.6093,425.8914,0.0
B08_012838_0950_XN_85S101W_F07_038723_0949_XN_85S100W,G:\crater_flux_output_folders\output_-110_-100_-85_-30\B08_012838_0950_XN_85S101W_F07_038723_0949_XN_85S100W,output_-110_-100_-85_-30,-85.0,-84.6112,426.1447,0.0
B08_012838_0950_XN_85S101W_F07_038380_0948_XN_85S099W,G:\crater_flux_output_folders\output_-110_-100_-85_-30\B08_012838_0950_XN_85S101W_F07_038380_0948_XN_85S099W,output_-110_-100_-85_-30,-85.0,-84.6095,423.7865,0.0
B08_012838_0950_XN_85S101W_F09_039422_0950_XN_85S101W,G:\crater_flux_output_folders\output_-110_-100_-85_-30\B08_012838_0950_XN_85S101W_F09_039422_0950_XN_85S101W,output_-110_-100_-85_-30,-85.0,-84.607,421.4509,0.0
B08_012838_0950_XN_85S101W_F10_039633_0950_XN_85S101W,G:\crater_flux_output_folders\output_-110_-100_-85_-30\B08_012838_0950_XN_85S101W_F10_039633_0950_XN_85S101W,output_-110_-100_-85_-30,-85.0,-84.6079,425.8778,0.0
B08_012838_0950_XN_85S101W_J06_046991_0940_XN_86S091W,G:\crater_flux_output_folders\output_-110_-100_-85_-30\B08_012838_0950_XN_85S101W_J06_046991_0940_XN_86S091W,output_-110_-100_-85_-30,-85.0,-84.607,386.3827,0.0
B08_012838_0950_XN_85S101W_J06_047281_0946_XN_85S098W,G:\crater_flux_output_folders\output_-110_-100_-85_-30\B08_012838_0950_XN_85S101W_J06_047281_0946_XN_85S098W,output_-110_-100_-85_-30,-85.0,-84.658,355.7828,0.0
B08_012838_0950_XN_85S101W_J05_046622_0950_XN_85S100W,G:\crater_flux_output_folders\output_-110_-100_-85_-30\B08_012838_0950_XN_85S101W_J05_046622_0950_XN_85S100W,output_-110_-100_-85_-30,-85.0,-84.6223,410.1193,0.0
B08_012838_0950_XN_85S101W_J09_048257_0962_XN_83S114W,G:\crater_flux_output_folders\output_-110_-100_-85_-30\B08_012838_0950_XN_85S101W_J09_048257_0962_XN_83S114W,output_-110_-100_-85_-30,-85.0,-84.7233,164.5302,0.0
B08_012838_0950_XN_85S101W_J14_050406_0967_XI_83S107W,G:\crater_flux_output_folders\output_-110_-100_-85_-30\B08_012838_0950_XN_85S101W_J14_050406_0967_XI_83S107W,output_-110_-100_-85_-30,-84.9713,-84.607,115.3376,0.0
B08_012851_0977_XN_82S108W_B09_012983_0976_XN_82S111W,G:\crater_flux_output_folders\output_-110_-100_-85_-30\B08_012851_0977_XN_82S108W_B09_012983_0976_XN_82S111W,output_-110_-100_-85_-30,-84.7143,-81.9774,649.3267,0.0
B08_012851_0977_XN_82S108W_B09_013049_0954_XN_84S104W,G:\crater_flux_output_folders\output_-110_-100_-85_-30\B08_012851_0977_XN_82S108W_B09_013049_0954_XN_84S104W,output_-110_-100_-85_-30,-84.7143,-84.6307,1.8442,0.0
B08_012851_0977_XN_82S108W_B12_014275_0996_XN_80S109W,G:\crater_flux_output_folders\output_-110_-100_-85_-30\B08_012851_0977_XN_82S108W_B12_014275_0996_XN_80S109W,output_-110_-100_-85_-30,-82.867,-80.5186,90.6904,0.0
B08_012851_0977_XN_82S108W_D07_029835_0948_XI_85S093W,G:\crater_flux_output_folders\output_-110_-100_-85_-30\B08_012851_0977_XN_82S108W_D07_029835_0948_XI_85S093W,output_-110_-100_-85_-30,-84.6976,-84.629,2.8014,0.0
B08_012851_0977_XN_82S108W_D13_032169_0935_XI_86S075W,G:\crater_flux_output_folders\output_-110_-100_-85_-30\B08_012851_0977_XN_82S108W_D13_032169_0935_XI_86S075W,output_-110_-100_-85_-30,-84.5993,-84.5677,1.7345,0.0
B08_012851_0977_XN_82S108W_F10_039580_0995_XN_80S110W,G:\crater_flux_output_folders\output_-110_-100_-85_-30\B08_012851_0977_XN_82S108W_F10_039580_0995_XN_80S110W,output_-110_-100_-85_-30,-81.219,-80.2696,109.2397,0.0
B08_012851_0977_XN_82S108W_J06_046991_0940_XN_86S091W,G:\crater_flux_output_folders\output_-110_-100_-85_-30\B08_012851_0977_XN_82S108W_J06_046991_0940_XN_86S091W,output_-110_-100_-85_-30,-84.7143,-84.6594,1.1544,0.0
B08_012851_0977_XN_82S108W_J09_048494_0994_XN_80S113W,G:\crater_flux_output_folders\output_-115_-110_-85_-70\B08_012851_0977_XN_82S108W_J09_048494_0994_XN_80S113W,output_-110_-100_-85_-30,-81.3915,-81.1551,646.6413,0.0
B08_012851_0977_XN_82S108W_J10_048507_1000_XN_80S112W,G:\crater_flux_output_folders\output_-115_-110_-85_-70\B08_012851_0977_XN_82S108W_J10_048507_1000_XN_80S112W,output_-110_-100_-85_-30,-80.5925,-80.4492,1067.2791,0.0
B08_012851_0977_XN_82S108W_J10_048586_0990_XN_81S110W,G:\crater_flux_output_folders\output_-110_-100_-85_-30\B08_012851_0977_XN_82S108W_J10_048586_0990_XN_81S110W,output_-110_-100_-85_-30,-81.444,-80.4702,244.2773,0.0
B08_012851_0977_XN_82S108W_J11_049285_0994_XN_80S110W,G:\crater_flux_output_folders\output_-110_-100_-85_-30\B08_012851_0977_XN_82S108W_J11_049285_0994_XN_80S110W,output_-110_-100_-85_-30,-81.4235,-80.2696,228.4395,0.0
B08_012851_0977_XN_82S108W_J14_050340_0975_XI_82S106W,G:\crater_flux_output_folders\output_-115_-110_-85_-70\B08_012851_0977_XN_82S108W_J14_050340_0975_XI_82S106W,output_-110_-100_-85_-30,-83.9495,-80.8443,116.1992,0.0
B08_012851_0977_XN_82S108W_J14_050406_0967_XI_83S107W,G:\crater_flux_output_folders\output_-110_-100_-85_-30\B08_012851_0977_XN_82S108W_J14_050406_0967_XI_83S107W,output_-110_-100_-85_-30,-84.7143,-83.3427,338.862,0.0
B08_012851_0977_XN_82S108W_J13_049760_0973_XI_82S107W,G:\crater_flux_output_folders\output_-115_-110_-85_-70\B08_012851_0977_XN_82S108W_J13_049760_0973_XI_82S107W,output_-110_-100_-85_-30,-84.4067,-81.1606,28.6046,0.0
B08_012851_0977_XN_82S108W_J13_049984_0994_XN_80S112W,G:\crater_flux_output_folders\output_-115_-110_-85_-70\B08_012851_0977_XN_82S108W_J13_049984_0994_XN_80S112W,output_-110_-100_-85_-30,-81.4927,-81.1693,813.6321,0.0
B09_012983_0976_XN_82S111W_B09_013049_0954_XN_84S104W,G:\crater_flux_output_folders\output_-110_-100_-85_-30\B09_012983_0976_XN_82S111W_B09_013049_0954_XN_84S104W,output_-110_-100_-85_-30,-84.911,-83.7108,717.6072,0.0
B09_012983_0976_XN_82S111W_B07_012548_0969_XN_83S110W,G:\crater_flux_output_folders\output_-110_-100_-85_-30\B09_012983_0976_XN_82S111W_B07_012548_0969_XN_83S110W,output_-110_-100_-85_-30,-83.7559,-83.1764,66.845,0.0
B09_012983_0976_XN_82S111W_B08_012614_0971_XN_82S115W,G:\crater_flux_output_folders\output_-110_-100_-85_-30\B09_012983_0976_XN_82S111W_B08_012614_0971_XN_82S115W,output_-110_-100_-85_-30,-84.911,-84.371,40.4785,0.0
B09_012983_0976_XN_82S111W_G11_022543_0950_XN_85S101W,G:\crater_flux_output_folders\output_-110_-100_-85_-30\B09_012983_0976_XN_82S111W_G11_022543_0950_XN_85S101W,output_-110_-100_-85_-30,-84.911,-84.759,18.7945,0.0
B09_012983_0976_XN_82S111W_D06_029387_0949_XN_85S100W,G:\crater_flux_output_folders\output_-110_-100_-85_-30\B09_012983_0976_XN_82S111W_D06_029387_0949_XN_85S100W,output_-110_-100_-85_-30,-84.911,-84.637,143.1044,0.0
B09_012983_0976_XN_82S111W_D04_028833_0947_XN_85S099W,G:\crater_flux_output_folders\output_-110_-100_-85_-30\B09_012983_0976_XN_82S111W_D04_028833_0947_XN_85S099W,output_-110_-100_-85_-30,-84.911,-84.617,167.4619,0.0
B09_012983_0976_XN_82S111W_D08_030165_0945_XN_85S096W,G:\crater_flux_output_folders\output_-110_-100_-85_-30\B09_012983_0976_XN_82S111W_D08_030165_0945_XN_85S096W,output_-110_-100_-85_-30,-84.911,-84.658,125.8732,0.0
B09_012983_0976_XN_82S111W_D07_029835_0948_XI_85S093W,G:\crater_flux_output_folders\output_-110_-100_-85_-30\B09_012983_0976_XN_82S111W_D07_029835_0948_XI_85S093W,output_-110_-100_-85_-30,-84.6976,-84.629,4.1692,0.0
B09_012983_0976_XN_82S111W_D07_030099_0950_XN_85S101W,G:\crater_flux_output_folders\output_-110_-100_-85_-30\B09_012983_0976_XN_82S111W_D07_030099_0950_XN_85S101W,output_-110_-100_-85_-30,-84.911,-84.556,216.3777,0.0
B09_012983_0976_XN_82S111W_D13_032169_0935_XI_86S075W,G:\crater_flux_output_folders\output_-110_-100_-85_-30\B09_012983_0976_XN_82S111W_D13_032169_0935_XI_86S075W,output_-110_-100_-85_-30,-84.5993,-84.5677,1.7345,0.0
B09_012983_0976_XN_82S111W_D10_031022_0949_XN_85S100W,G:\crater_flux_output_folders\output_-110_-100_-85_-30\B09_012983_0976_XN_82S111W_D10_031022_0949_XN_85S100W,output_-110_-100_-85_-30,-84.911,-84.708,69.2148,0.0
B09_012983_0976_XN_82S111W_D10_031167_0950_XN_85S101W,G:\crater_flux_output_folders\output_-110_-100_-85_-30\B09_012983_0976_XN_82S111W_D10_031167_0950_XN_85S101W,output_-110_-100_-85_-30,-84.911,-84.607,172.9801,0.0
B09_012983_0976_XN_82S111W_D10_031088_0948_XN_85S100W,G:\crater_flux_output_folders\output_-110_-100_-85_-30\B09_012983_0976_XN_82S111W_D10_031088_0948_XN_85S100W,output_-110_-100_-85_-30,-84.911,-84.749,20.6185,0.0
B09_012983_0976_XN_82S111W_F07_038723_0949_XN_85S100W,G:\crater_flux_output_folders\output_-110_-100_-85_-30\B09_012983_0976_XN_82S111W_F07_038723_0949_XN_85S100W,output_-110_-100_-85_-30,-84.911,-84.607,172.1429,0.0
B09_012983_0976_XN_82S111W_F07_038446_0950_XN_85S101W,G:\crater_flux_output_folders\output_-110_-100_-85_-30\B09_012983_0976_XN_82S111W_F07_038446_0950_XN_85S101W,output_-110_-100_-85_-30,-84.911,-84.607,169.3511,0.0
B09_012983_0976_XN_82S111W_F09_039422_0950_XN_85S101W,G:\crater_flux_output_folders\output_-110_-100_-85_-30\B09_012983_0976_XN_82S111W_F09_039422_0950_XN_85S101W,output_-110_-100_-85_-30,-84.911,-84.496,272.9008,0.0
B09_012983_0976_XN_82S111W_F09_039501_0981_XN_81S110W,G:\crater_flux_output_folders\output_-110_-100_-85_-30\B09_012983_0976_XN_82S111W_F09_039501_0981_XN_81S110W,output_-110_-100_-85_-30,-83.0578,-81.5355,283.0712,0.0
B09_012983_0976_XN_82S111W_F10_039633_0950_XN_85S101W,G:\crater_flux_output_folders\output_-110_-100_-85_-30\B09_012983_0976_XN_82S111W_F10_039633_0950_XN_85S101W,output_-110_-100_-85_-30,-84.911,-84.546,225.558,0.0
B09_012983_0976_XN_82S111W_F12_040450_0971_XN_82S109W,G:\crater_flux_output_folders\output_-110_-100_-85_-30\B09_012983_0976_XN_82S111W_F12_040450_0971_XN_82S109W,output_-110_-100_-85_-30,-83.2256,-82.493,288.9619,0.0
B09_012983_0976_XN_82S111W_J06_046991_0940_XN_86S091W,G:\crater_flux_output_folders\output_-110_-100_-85_-30\B09_012983_0976_XN_82S111W_J06_046991_0940_XN_86S091W,output_-110_-100_-85_-30,-84.911,-84.577,218.5924,0.0
B09_012983_0976_XN_82S111W_J06_047281_0946_XN_85S098W,G:\crater_flux_output_folders\output_-110_-100_-85_-30\B09_012983_0976_XN_82S111W_J06_047281_0946_XN_85S098W,output_-110_-100_-85_-30,-84.911,-84.658,128.5082,0.0
B09_012983_0976_XN_82S111W_J05_046622_0950_XN_85S100W,G:\crater_flux_output_folders\output_-110_-100_-85_-30\B09_012983_0976_XN_82S111W_J05_046622_0950_XN_85S100W,output_-110_-100_-85_-30,-84.911,-84.617,158.7198,0.0
B09_012983_0976_XN_82S111W_J09_048257_0962_XN_83S114W,G:\crater_flux_output_folders\output_-110_-100_-85_-30\B09_012983_0976_XN_82S111W_J09_048257_0962_XN_83S114W,output_-110_-100_-85_-30,-84.911,-84.7568,7.6299,0.0
B09_012983_0976_XN_82S111W_J09_048494_0994_XN_80S113W,G:\crater_flux_output_folders\output_-115_-110_-85_-70\B09_012983_0976_XN_82S111W_J09_048494_0994_XN_80S113W,output_-110_-100_-85_-30,-81.4121,-81.3866,178.5905,0.0
B09_012983_0976_XN_82S111W_J10_048705_0975_XN_82S111W,G:\crater_flux_output_folders\output_-110_-100_-85_-30\B09_012983_0976_XN_82S111W_J10_048705_0975_XN_82S111W,output_-110_-100_-85_-30,-82.7211,-82.2505,119.8352,0.0
B09_012983_0976_XN_82S111W_J12_049338_0969_XN_83S111W,G:\crater_flux_output_folders\output_-110_-100_-85_-30\B09_012983_0976_XN_82S111W_J12_049338_0969_XN_83S111W,output_-110_-100_-85_-30,-83.7593,-83.481,13.1809,0.0
B09_012983_0976_XN_82S111W_J14_050406_0967_XI_83S107W,G:\crater_flux_output_folders\output_-110_-100_-85_-30\B09_012983_0976_XN_82S111W_J14_050406_0967_XI_83S107W,output_-110_-100_-85_-30,-84.8379,-81.9666,1361.0,0.0
B09_012983_0976_XN_82S111W_J13_049760_0973_XI_82S107W,G:\crater_flux_output_folders\output_-115_-110_-85_-70\B09_012983_0976_XN_82S111W_J13_049760_0973_XI_82S107W,output_-110_-100_-85_-30,-84.4067,-81.3866,297.0628,0.0
B09_013049_0954_XN_84S104W_B09_013260_0950_XN_85S101W,G:\crater_flux_output_folders\output_-110_-100_-85_-30\B09_013049_0954_XN_84S104W_B09_013260_0950_XN_85S101W,output_-110_-100_-85_-30,-85.0,-84.607,397.1808,0.0
B09_013049_0954_XN_84S104W_B11_013959_0961_XN_83S114W,G:\crater_flux_output_folders\output_-110_-100_-85_-30\B09_013049_0954_XN_84S104W_B11_013959_0961_XN_83S114W,output_-110_-100_-85_-30,-85.0,-83.8016,585.8335,0.0
B09_013049_0954_XN_84S104W_B12_014420_0929_XI_87S076W,G:\crater_flux_output_folders\output_-110_-100_-85_-30\B09_013049_0954_XN_84S104W_B12_014420_0929_XI_87S076W,output_-110_-100_-85_-30,-85.0,-84.9507,9.3118,0.0
B09_013049_0954_XN_84S104W_B07_012548_0969_XN_83S110W,G:\crater_flux_output_folders\output_-110_-100_-85_-30\B09_013049_0954_XN_84S104W_B07_012548_0969_XN_83S110W,output_-110_-100_-85_-30,-83.929,-83.697,88.264,0.0
B09_013049_0954_XN_84S104W_B08_012614_0971_XN_82S115W,G:\crater_flux_output_folders\output_-110_-100_-85_-30\B09_013049_0954_XN_84S104W_B08_012614_0971_XN_82S115W,output_-110_-100_-85_-30,-85.0,-83.7206,1151.5774,0.0
B09_013049_0954_XN_84S104W_G06_020407_0969_XN_83S112W,G:\crater_flux_output_folders\output_-110_-100_-85_-30\B09_013049_0954_XN_84S104W_G06_020407_0969_XN_83S112W,output_-110_-100_-85_-30,-83.9382,-83.7576,60.77,0.0
B09_013049_0954_XN_84S104W_G06_020763_0950_XN_85S101W,G:\crater_flux_output_folders\output_-110_-100_-85_-30\B09_013049_0954_XN_84S104W_G06_020763_0950_XN_85S101W,output_-110_-100_-85_-30,-85.0,-84.597,412.9486,0.0
B09_013049_0954_XN_84S104W_G11_022543_0950_XN_85S101W,G:\crater_flux_output_folders\output_-110_-100_-85_-30\B09_013049_0954_XN_84S104W_G11_022543_0950_XN_85S101W,output_-110_-100_-85_-30,-85.0,-84.759,171.8643,0.0
B09_013049_0954_XN_84S104W_G11_022596_0947_XN_85S103W,G:\crater_flux_output_folders\output_-110_-100_-85_-30\B09_013049_0954_XN_84S104W_G11_022596_0947_XN_85S103W,output_-110_-100_-85_-30,-85.0,-84.556,123.1816,0.0
B09_013049_0954_XN_84S104W_D06_029387_0949_XN_85S100W,G:\crater_flux_output_folders\output_-110_-100_-85_-30\B09_013049_0954_XN_84S104W_D06_029387_0949_XN_85S100W,output_-110_-100_-85_-30,-85.0,-84.637,355.7922,0.0
B09_013049_0954_XN_84S104W_D04_028833_0947_XN_85S099W,G:\crater_flux_output_folders\output_-110_-100_-85_-30\B09_013049_0954_XN_84S104W_D04_028833_0947_XN_85S099W,output_-110_-100_-85_-30,-85.0,-84.617,382.8144,0.0
B09_013049_0954_XN_84S104W_D08_030165_0945_XN_85S096W,G:\crater_flux_output_folders\output_-110_-100_-85_-30\B09_013049_0954_XN_84S104W_D08_030165_0945_XN_85S096W,output_-110_-100_-85_-30,-85.0,-84.658,322.7271,0.0
B09_013049_0954_XN_84S104W_D07_030099_0950_XN_85S101W,G:\crater_flux_output_folders\output_-110_-100_-85_-30\B09_013049_0954_XN_84S104W_D07_030099_0950_XN_85S101W,output_-110_-100_-85_-30,-85.0,-84.556,473.6133,0.0
B09_013049_0954_XN_84S104W_D10_031022_0949_XN_85S100W,G:\crater_flux_output_folders\output_-110_-100_-85_-30\B09_013049_0954_XN_84S104W_D10_031022_0949_XN_85S100W,output_-110_-100_-85_-30,-85.0,-84.708,238.7275,0.0
B09_013049_0954_XN_84S104W_D13_032130_0943_XI_85S096W,G:\crater_flux_output_folders\output_-110_-100_-85_-30\B09_013049_0954_XN_84S104W_D13_032130_0943_XI_85S096W,output_-110_-100_-85_-30,-85.0,-84.89,45.9372,0.0
B09_013049_0954_XN_84S104W_D10_031167_0950_XN_85S101W,G:\crater_flux_output_folders\output_-110_-100_-85_-30\B09_013049_0954_XN_84S104W_D10_031167_0950_XN_85S101W,output_-110_-100_-85_-30,-85.0,-84.607,400.2032,0.0
B09_013049_0954_XN_84S104W_F06_037958_0948_XN_85S099W,G:\crater_flux_output_folders\output_-110_-100_-85_-30\B09_013049_0954_XN_84S104W_F06_037958_0948_XN_85S099W,output_-110_-100_-85_-30,-85.0,-84.556,466.9692,0.0
B09_013049_0954_XN_84S104W_F07_038723_0949_XN_85S100W,G:\crater_flux_output_folders\output_-110_-100_-85_-30\B09_013049_0954_XN_84S104W_F07_038723_0949_XN_85S100W,output_-110_-100_-85_-30,-85.0,-84.607,402.6349,0.0
B09_013049_0954_XN_84S104W_F07_038380_0948_XN_85S099W,G:\crater_flux_output_folders\output_-110_-100_-85_-30\B09_013049_0954_XN_84S104W_F07_038380_0948_XN_85S099W,output_-110_-100_-85_-30,-85.0,-84.546,491.7723,0.0
B09_013049_0954_XN_84S104W_F09_039422_0950_XN_85S101W,G:\crater_flux_output_folders\output_-110_-100_-85_-30\B09_013049_0954_XN_84S104W_F09_039422_0950_XN_85S101W,output_-110_-100_-85_-30,-85.0,-84.496,563.9438,0.0
B09_013049_0954_XN_84S104W_F10_039633_0950_XN_85S101W,G:\crater_flux_output_folders\output_-110_-100_-85_-30\B09_013049_0954_XN_84S104W_F10_039633_0950_XN_85S101W,output_-110_-100_-85_-30,-85.0,-84.546,486.318,0.0
B09_013049_0954_XN_84S104W_J06_046991_0940_XN_86S091W,G:\crater_flux_output_folders\output_-110_-100_-85_-30\B09_013049_0954_XN_84S104W_J06_046991_0940_XN_86S091W,output_-110_-100_-85_-30,-85.0,-84.577,428.6653,0.0
B09_013049_0954_XN_84S104W_J06_047281_0946_XN_85S098W,G:\crater_flux_output_folders\output_-110_-100_-85_-30\B09_013049_0954_XN_84S104W_J06_047281_0946_XN_85S098W,output_-110_-100_-85_-30,-85.0,-84.658,328.5936,0.0
B09_013049_0954_XN_84S104W_J05_046622_0950_XN_85S100W,G:\crater_flux_output_folders\output_-110_-100_-85_-30\B09_013049_0954_XN_84S104W_J05_046622_0950_XN_85S100W,output_-110_-100_-85_-30,-85.0,-84.617,380.0755,0.0
B09_013049_0954_XN_84S104W_J09_048257_0962_XN_83S114W,G:\crater_flux_output_folders\output_-110_-100_-85_-30\B09_013049_0954_XN_84S104W_J09_048257_0962_XN_83S114W,output_-110_-100_-85_-30,-85.0,-83.7931,759.7845,0.0
B09_013049_0954_XN_84S104W_J14_050406_0967_XI_83S107W,G:\crater_flux_output_folders\output_-110_-100_-85_-30\B09_013049_0954_XN_84S104W_J14_050406_0967_XI_83S107W,output_-110_-100_-85_-30,-84.9713,-83.9294,177.1967,0.0
B09_013049_0954_XN_84S104W_J13_049747_0973_XI_82S115W,G:\crater_flux_output_folders\output_-110_-100_-85_-30\B09_013049_0954_XN_84S104W_J13_049747_0973_XI_82S115W,output_-110_-100_-85_-30,-84.6365,-83.7096,973.5427,0.0
B09_013260_0950_XN_85S101W_B11_013827_0950_XN_85S101W,G:\crater_flux_output_folders\output_-110_-100_-85_-30\B09_013260_0950_XN_85S101W_B11_013827_0950_XN_85S101W,output_-110_-100_-85_-30,-85.0,-84.739,199.2097,0.0
B09_013260_0950_XN_85S101W_B11_013959_0961_XN_83S114W,G:\crater_flux_output_folders\output_-110_-100_-85_-30\B09_013260_0950_XN_85S101W_B11_013959_0961_XN_83S114W,output_-110_-100_-85_-30,-85.0,-84.7443,117.6855,0.0
B09_013260_0950_XN_85S101W_B12_014420_0929_XI_87S076W,G:\crater_flux_output_folders\output_-110_-100_-85_-30\B09_013260_0950_XN_85S101W_B12_014420_0929_XI_87S076W,output_-110_-100_-85_-30,-85.0,-84.9507,9.3116,0.0
B09_013260_0950_XN_85S101W_B08_012614_0971_XN_82S115W,G:\crater_flux_output_folders\output_-110_-100_-85_-30\B09_013260_0950_XN_85S101W_B08_012614_0971_XN_82S115W,output_-110_-100_-85_-30,-85.0,-84.7021,186.0514,0.0
B09_013260_0950_XN_85S101W_G06_020763_0950_XN_85S101W,G:\crater_flux_output_folders\output_-110_-100_-85_-30\B09_013260_0950_XN_85S101W_G06_020763_0950_XN_85S101W,output_-110_-100_-85_-30,-85.0,-84.607,428.5872,0.0
B09_013260_0950_XN_85S101W_G11_022543_0950_XN_85S101W,G:\crater_flux_output_folders\output_-110_-100_-85_-30\B09_013260_0950_XN_85S101W_G11_022543_0950_XN_85S101W,output_-110_-100_-85_-30,-85.0,-84.759,179.636,0.0
B09_013260_0950_XN_85S101W_G11_022596_0947_XN_85S103W,G:\crater_flux_output_folders\output_-110_-100_-85_-30\B09_013260_0950_XN_85S101W_G11_022596_0947_XN_85S103W,output_-110_-100_-85_-30,-85.0,-84.7614,126.4637,0.0
B09_013260_0950_XN_85S101W_D06_029545_0950_XN_85S101W,G:\crater_flux_output_folders\output_-110_-100_-85_-30\B09_013260_0950_XN_85S101W_D06_029545_0950_XN_85S101W,output_-110_-100_-85_-30,-85.0,-84.7112,274.4523,0.0
B09_013260_0950_XN_85S101W_D06_029387_0949_XN_85S100W,G:\crater_flux_output_folders\output_-110_-100_-85_-30\B09_013260_0950_XN_85S101W_D06_029387_0949_XN_85S100W,output_-110_-100_-85_-30,-85.0,-84.637,386.0618,0.0
B09_013260_0950_XN_85S101W_D04_028833_0947_XN_85S099W,G:\crater_flux_output_folders\output_-110_-100_-85_-30\B09_013260_0950_XN_85S101W_D04_028833_0947_XN_85S099W,output_-110_-100_-85_-30,-85.0,-84.625,412.9545,0.0
B09_013260_0950_XN_85S101W_D08_030165_0945_XN_85S096W,G:\crater_flux_output_folders\output_-110_-100_-85_-30\B09_013260_0950_XN_85S101W_D08_030165_0945_XN_85S096W,output_-110_-100_-85_-30,-85.0,-84.658,346.324,0.0
B09_013260_0950_XN_85S101W_D07_030099_0950_XN_85S101W,G:\crater_flux_output_folders\output_-110_-100_-85_-30\B09_013260_0950_XN_85S101W_D07_030099_0950_XN_85S101W,output_-110_-100_-85_-30,-85.0,-84.607,428.4757,0.0
B09_013260_0950_XN_85S101W_D10_031022_0949_XN_85S100W,G:\crater_flux_output_folders\output_-110_-100_-85_-30\B09_013260_0950_XN_85S101W_D10_031022_0949_XN_85S100W,output_-110_-100_-85_-30,-85.0,-84.708,252.5979,0.0
B09_013260_0950_XN_85S101W_D13_032130_0943_XI_85S096W,G:\crater_flux_output_folders\output_-110_-100_-85_-30\B09_013260_0950_XN_85S101W_D13_032130_0943_XI_85S096W,output_-110_-100_-85_-30,-85.0,-84.89,52.7783,0.0
B09_013260_0950_XN_85S101W_D10_031088_0948_XN_85S100W,G:\crater_flux_output_folders\output_-110_-100_-85_-30\B09_013260_0950_XN_85S101W_D10_031088_0948_XN_85S100W,output_-110_-100_-85_-30,-85.0,-84.749,170.5085,0.0
B09_013260_0950_XN_85S101W_F06_037958_0948_XN_85S099W,G:\crater_flux_output_folders\output_-110_-100_-85_-30\B09_013260_0950_XN_85S101W_F06_037958_0948_XN_85S099W,output_-110_-100_-85_-30,-85.0,-84.607,423.8621,0.0
B09_013260_0950_XN_85S101W_F07_038723_0949_XN_85S100W,G:\crater_flux_output_folders\output_-110_-100_-85_-30\B09_013260_0950_XN_85S101W_F07_038723_0949_XN_85S100W,output_-110_-100_-85_-30,-85.0,-84.607,428.6199,0.0
B09_013260_0950_XN_85S101W_F07_038380_0948_XN_85S099W,G:\crater_flux_output_folders\output_-110_-100_-85_-30\B09_013260_0950_XN_85S101W_F07_038380_0948_XN_85S099W,output_-110_-100_-85_-30,-85.0,-84.607,425.5935,0.0
B09_013260_0950_XN_85S101W_F07_038446_0950_XN_85S101W,G:\crater_flux_output_folders\output_-110_-100_-85_-30\B09_013260_0950_XN_85S101W_F07_038446_0950_XN_85S101W,output_-110_-100_-85_-30,-85.0,-84.6112,427.8804,0.0
B09_013260_0950_XN_85S101W_F09_039422_0950_XN_85S101W,G:\crater_flux_output_folders\output_-110_-100_-85_-30\B09_013260_0950_XN_85S101W_F09_039422_0950_XN_85S101W,output_-110_-100_-85_-30,-85.0,-84.607,422.31,0.0
B09_013260_0950_XN_85S101W_F10_039633_0950_XN_85S101W,G:\crater_flux_output_folders\output_-110_-100_-85_-30\B09_013260_0950_XN_85S101W_F10_039633_0950_XN_85S101W,output_-110_-100_-85_-30,-85.0,-84.607,428.0185,0.0
B09_013260_0950_XN_85S101W_J06_047281_0946_XN_85S098W,G:\crater_flux_output_folders\output_-110_-100_-85_-30\B09_013260_0950_XN_85S101W_J06_047281_0946_XN_85S098W,output_-110_-100_-85_-30,-85.0,-84.6594,352.4927,0.0
B09_013260_0950_XN_85S101W_J05_046622_0950_XN_85S100W,G:\crater_flux_output_folders\output_-110_-100_-85_-30\B09_013260_0950_XN_85S101W_J05_046622_0950_XN_85S100W,output_-110_-100_-85_-30,-85.0,-84.6185,412.1561,0.0
B09_013260_0950_XN_85S101W_J09_048257_0962_XN_83S114W,G:\crater_flux_output_folders\output_-110_-100_-85_-30\B09_013260_0950_XN_85S101W_J09_048257_0962_XN_83S114W,output_-110_-100_-85_-30,-85.0,-84.7203,167.6133,0.0
B09_013260_0950_XN_85S101W_J14_050406_0967_XI_83S107W,G:\crater_flux_output_folders\output_-110_-100_-85_-30\B09_013260_0950_XN_85S101W_J14_050406_0967_XI_83S107W,output_-110_-100_-85_-30,-84.9713,-84.607,112.0567,0.0
B11_013827_0950_XN_85S101W_B11_013959_0961_XN_83S114W,G:\crater_flux_output_folders\output_-110_-100_-85_-30\B11_013827_0950_XN_85S101W_B11_013959_0961_XN_83S114W,output_-110_-100_-85_-30,-85.0,-84.8922,35.5529,0.0
B11_013827_0950_XN_85S101W_B12_014420_0929_XI_87S076W,G:\crater_flux_output_folders\output_-110_-100_-85_-30\B11_013827_0950_XN_85S101W_B12_014420_0929_XI_87S076W,output_-110_-100_-85_-30,-85.0,-84.9507,9.312,0.0
B11_013827_0950_XN_85S101W_B08_012614_0971_XN_82S115W,G:\crater_flux_output_folders\output_-110_-100_-85_-30\B11_013827_0950_XN_85S101W_B08_012614_0971_XN_82S115W,output_-110_-100_-85_-30,-85.0,-84.8565,62.597,0.0
B11_013827_0950_XN_85S101W_G11_022543_0950_XN_85S101W,G:\crater_flux_output_folders\output_-110_-100_-85_-30\B11_013827_0950_XN_85S101W_G11_022543_0950_XN_85S101W,output_-110_-100_-85_-30,-85.0,-84.7594,180.0362,0.0
B11_013827_0950_XN_85S101W_G11_022596_0947_XN_85S103W,G:\crater_flux_output_folders\output_-110_-100_-85_-30\B11_013827_0950_XN_85S101W_G11_022596_0947_XN_85S103W,output_-110_-100_-85_-30,-85.0,-84.8855,49.4215,0.0
B11_013827_0950_XN_85S101W_D06_029387_0949_XN_85S100W,G:\crater_flux_output_folders\output_-110_-100_-85_-30\B11_013827_0950_XN_85S101W_D06_029387_0949_XN_85S100W,output_-110_-100_-85_-30,-85.0,-84.739,195.12,0.0
B11_013827_0950_XN_85S101W_D04_028833_0947_XN_85S099W,G:\crater_flux_output_folders\output_-110_-100_-85_-30\B11_013827_0950_XN_85S101W_D04_028833_0947_XN_85S099W,output_-110_-100_-85_-30,-85.0,-84.739,193.7426,0.0
B11_013827_0950_XN_85S101W_D08_030165_0945_XN_85S096W,G:\crater_flux_output_folders\output_-110_-100_-85_-30\B11_013827_0950_XN_85S101W_D08_030165_0945_XN_85S096W,output_-110_-100_-85_-30,-85.0,-84.739,193.7046,0.0
B11_013827_0950_XN_85S101W_D07_030099_0950_XN_85S101W,G:\crater_flux_output_folders\output_-110_-100_-85_-30\B11_013827_0950_XN_85S101W_D07_030099_0950_XN_85S101W,output_-110_-100_-85_-30,-85.0,-84.739,194.8656,0.0
B11_013827_0950_XN_85S101W_D13_032130_0943_XI_85S096W,G:\crater_flux_output_folders\output_-110_-100_-85_-30\B11_013827_0950_XN_85S101W_D13_032130_0943_XI_85S096W,output_-110_-100_-85_-30,-85.0,-84.8916,52.5228,0.0
B11_013827_0950_XN_85S101W_D10_031167_0950_XN_85S101W,G:\crater_flux_output_folders\output_-110_-100_-85_-30\B11_013827_0950_XN_85S101W_D10_031167_0950_XN_85S101W,output_-110_-100_-85_-30,-85.0,-84.739,194.7356,0.0
B11_013827_0950_XN_85S101W_D10_031088_0948_XN_85S100W,G:\crater_flux_output_folders\output_-110_-100_-85_-30\B11_013827_0950_XN_85S101W_D10_031088_0948_XN_85S100W,output_-110_-100_-85_-30,-85.0,-84.749,170.7245,0.0
B11_013827_0950_XN_85S101W_F06_037958_0948_XN_85S099W,G:\crater_flux_output_folders\output_-110_-100_-85_-30\B11_013827_0950_XN_85S101W_F06_037958_0948_XN_85S099W,output_-110_-100_-85_-30,-85.0,-84.739,193.0708,0.0
B11_013827_0950_XN_85S101W_F07_038723_0949_XN_85S100W,G:\crater_flux_output_folders\output_-110_-100_-85_-30\B11_013827_0950_XN_85S101W_F07_038723_0949_XN_85S100W,output_-110_-100_-85_-30,-85.0,-84.739,194.9747,0.0
B11_013827_0950_XN_85S101W_F07_038380_0948_XN_85S099W,G:\crater_flux_output_folders\output_-110_-100_-85_-30\B11_013827_0950_XN_85S101W_F07_038380_0948_XN_85S099W,output_-110_-100_-85_-30,-85.0,-84.739,193.5798,0.0
B11_013827_0950_XN_85S101W_F07_038446_0950_XN_85S101W,G:\crater_flux_output_folders\output_-110_-100_-85_-30\B11_013827_0950_XN_85S101W_F07_038446_0950_XN_85S101W,output_-110_-100_-85_-30,-85.0,-84.739,195.2868,0.0
B11_013827_0950_XN_85S101W_F10_039633_0950_XN_85S101W,G:\crater_flux_output_folders\output_-110_-100_-85_-30\B11_013827_0950_XN_85S101W_F10_039633_0950_XN_85S101W,output_-110_-100_-85_-30,-85.0,-84.739,194.7214,0.0
B11_013827_0950_XN_85S101W_J06_046991_0940_XN_86S091W,G:\crater_flux_output_folders\output_-110_-100_-85_-30\B11_013827_0950_XN_85S101W_J06_046991_0940_XN_86S091W,output_-110_-100_-85_-30,-85.0,-84.739,174.9305,0.0
B11_013827_0950_XN_85S101W_J05_046622_0950_XN_85S100W,G:\crater_flux_output_folders\output_-110_-100_-85_-30\B11_013827_0950_XN_85S101W_J05_046622_0950_XN_85S100W,output_-110_-100_-85_-30,-85.0,-84.7395,195.2868,0.0
B11_013827_0950_XN_85S101W_J09_048257_0962_XN_83S114W,G:\crater_flux_output_folders\output_-110_-100_-85_-30\B11_013827_0950_XN_85S101W_J09_048257_0962_XN_83S114W,output_-110_-100_-85_-30,-85.0,-84.8655,58.4818,0.0
B11_013827_0950_XN_85S101W_J14_050406_0967_XI_83S107W,G:\crater_flux_output_folders\output_-110_-100_-85_-30\B11_013827_0950_XN_85S101W_J14_050406_0967_XI_83S107W,output_-110_-100_-85_-30,-84.9713,-84.739,61.3081,0.0
B11_013959_0961_XN_83S114W_B08_012614_0971_XN_82S115W,G:\crater_flux_output_folders\output_-110_-100_-85_-30\B11_013959_0961_XN_83S114W_B08_012614_0971_XN_82S115W,output_-110_-100_-85_-30,-85.0,-83.477,29.9373,0.0
B11_013959_0961_XN_83S114W_J08_048046_0951_XN_84S112W,G:\crater_flux_output_folders\output_-110_-100_-85_-30\B11_013959_0961_XN_83S114W_J08_048046_0951_XN_84S112W,output_-110_-100_-85_-30,-85.0,-84.4758,117.6812,0.0
B11_013959_0961_XN_83S114W_J09_048257_0962_XN_83S114W,G:\crater_flux_output_folders\output_-115_-110_-85_-70\B11_013959_0961_XN_83S114W_J09_048257_0962_XN_83S114W,output_-110_-100_-85_-30,-85.0,-83.477,187.0835,0.0
B12_014275_0996_XN_80S109W_F12_040477_1005_XN_79S110W,G:\crater_flux_output_folders\output_-115_-110_-85_-70\B12_014275_0996_XN_80S109W_F12_040477_1005_XN_79S110W,output_-110_-100_-85_-30,-79.7206,-79.2065,231.305,0.0
B12_014275_0996_XN_80S109W_F12_040648_1005_XN_79S111W,G:\crater_flux_output_folders\output_-115_-110_-85_-70\B12_014275_0996_XN_80S109W_F12_040648_1005_XN_79S111W,output_-110_-100_-85_-30,-79.7543,-79.2591,223.8723,0.0
B12_014275_0996_XN_80S109W_J11_048929_1001_XN_79S110W,G:\crater_flux_output_folders\output_-110_-100_-85_-30\B12_014275_0996_XN_80S109W_J11_048929_1001_XN_79S110W,output_-110_-100_-85_-30,-80.9482,-79.2065,230.5408,0.0
B12_014275_0996_XN_80S109W_J11_049285_0994_XN_80S110W,G:\crater_flux_output_folders\output_-110_-100_-85_-30\B12_014275_0996_XN_80S109W_J11_049285_0994_XN_80S110W,output_-110_-100_-85_-30,-81.321,-80.1707,134.4165,0.0
B12_014275_0996_XN_80S109W_J14_050287_1030_XI_77S113W,G:\crater_flux_output_folders\output_-115_-110_-85_-70\B12_014275_0996_XN_80S109W_J14_050287_1030_XI_77S113W,output_-110_-100_-85_-30,-79.5637,-79.2065,748.857,0.0
B12_014275_0996_XN_80S109W_J14_050340_0975_XI_82S106W,G:\crater_flux_output_folders\output_-110_-100_-85_-30\B12_014275_0996_XN_80S109W_J14_050340_0975_XI_82S106W,output_-110_-100_-85_-30,-82.867,-81.4146,754.6798,0.0
B12_014275_0996_XN_80S109W_J13_049720_0993_XI_80S108W,G:\crater_flux_output_folders\output_-110_-100_-85_-30\B12_014275_0996_XN_80S109W_J13_049720_0993_XI_80S108W,output_-110_-100_-85_-30,-82.0794,-79.3943,671.1562,0.0
B12_014275_0996_XN_80S109W_J13_049760_0973_XI_82S107W,G:\crater_flux_output_folders\output_-110_-100_-85_-30\B12_014275_0996_XN_80S109W_J13_049760_0973_XI_82S107W,output_-110_-100_-85_-30,-82.867,-81.8721,532.8314,0.0
B12_014275_0996_XN_80S109W_J13_049997_0969_XN_83S101W,G:\crater_flux_output_folders\output_-110_-100_-85_-30\B12_014275_0996_XN_80S109W_J13_049997_0969_XN_83S101W,output_-110_-100_-85_-30,-82.788,-81.8597,181.569,0.0
B12_014301_1040_XN_76S104W_G09_021870_1019_XN_78S105W,G:\crater_flux_output_folders\output_-110_-100_-85_-30\B12_014301_1040_XN_76S104W_G09_021870_1019_XN_78S105W,output_-110_-100_-85_-30,-78.59,-78.3522,7.9978,0.0
B12_014301_1040_XN_76S104W_G14_023650_1019_XN_78S101W,G:\crater_flux_output_folders\output_-110_-100_-85_-30\B12_014301_1040_XN_76S104W_G14_023650_1019_XN_78S101W,output_-110_-100_-85_-30,-78.5403,-77.0397,1212.5755,0.0
B12_014301_1040_XN_76S104W_G12_022780_1055_XI_74S104W,G:\crater_flux_output_folders\output_-110_-100_-85_-30\B12_014301_1040_XN_76S104W_G12_022780_1055_XI_74S104W,output_-110_-100_-85_-30,-75.436,-73.3652,584.2588,512.3348
B12_014301_1040_XN_76S104W_G13_023149_1024_XN_77S104W,G:\crater_flux_output_folders\output_-110_-100_-85_-30\B12_014301_1040_XN_76S104W_G13_023149_1024_XN_77S104W,output_-110_-100_-85_-30,-78.59,-75.578,2027.5618,0.0
B12_014301_1040_XN_76S104W_J07_047610_1028_XN_77S102W,G:\crater_flux_output_folders\output_-110_-100_-85_-30\B12_014301_1040_XN_76S104W_J07_047610_1028_XN_77S102W,output_-110_-100_-85_-30,-78.5063,-74.9373,889.2226,14.1664
B12_014301_1040_XN_76S104W_J12_049535_0993_XI_80S096W,G:\crater_flux_output_folders\output_-110_-100_-85_-30\B12_014301_1040_XN_76S104W_J12_049535_0993_XI_80S096W,output_-110_-100_-85_-30,-78.4906,-78.1213,78.7241,0.0
B12_014301_1040_XN_76S104W_J14_050379_1009_XI_79S101W,G:\crater_flux_output_folders\output_-110_-100_-85_-30\B12_014301_1040_XN_76S104W_J14_050379_1009_XI_79S101W,output_-110_-100_-85_-30,-78.5684,-78.4177,81.8441,0.0
B12_014301_1040_XN_76S104W_J13_049944_1005_XN_79S102W,G:\crater_flux_output_folders\output_-110_-100_-85_-30\B12_014301_1040_XN_76S104W_J13_049944_1005_XN_79S102W,output_-110_-100_-85_-30,-78.59,-78.2964,74.7377,0.0
B12_014301_1040_XN_76S104W_J13_050023_1034_XN_76S103W,G:\crater_flux_output_folders\output_-110_-100_-85_-30\B12_014301_1040_XN_76S104W_J13_050023_1034_XN_76S103W,output_-110_-100_-85_-30,-78.074,-75.0553,1433.4458,0.0
B12_014420_0929_XI_87S076W_G06_020763_0950_XN_85S101W,G:\crater_flux_output_folders\output_-110_-100_-85_-30\B12_014420_0929_XI_87S076W_G06_020763_0950_XN_85S101W,output_-110_-100_-85_-30,-85.0,-84.9507,7.999,0.0
B12_014420_0929_XI_87S076W_G11_022543_0950_XN_85S101W,G:\crater_flux_output_folders\output_-110_-100_-85_-30\B12_014420_0929_XI_87S076W_G11_022543_0950_XN_85S101W,output_-110_-100_-85_-30,-85.0,-84.9507,7.999,0.0
B12_014420_0929_XI_87S076W_D06_029545_0950_XN_85S101W,G:\crater_flux_output_folders\output_-110_-100_-85_-30\B12_014420_0929_XI_87S076W_D06_029545_0950_XN_85S101W,output_-110_-100_-85_-30,-85.0,-84.9507,7.999,0.0
B12_014420_0929_XI_87S076W_D06_029387_0949_XN_85S100W,G:\crater_flux_output_folders\output_-110_-100_-85_-30\B12_014420_0929_XI_87S076W_D06_029387_0949_XN_85S100W,output_-110_-100_-85_-30,-85.0,-84.9507,7.999,0.0
B12_014420_0929_XI_87S076W_D04_028833_0947_XN_85S099W,G:\crater_flux_output_folders\output_-110_-100_-85_-30\B12_014420_0929_XI_87S076W_D04_028833_0947_XN_85S099W,output_-110_-100_-85_-30,-85.0,-84.9507,7.999,0.0
B12_014420_0929_XI_87S076W_D08_030165_0945_XN_85S096W,G:\crater_flux_output_folders\output_-110_-100_-85_-30\B12_014420_0929_XI_87S076W_D08_030165_0945_XN_85S096W,output_-110_-100_-85_-30,-85.0,-84.9507,7.999,0.0
B12_014420_0929_XI_87S076W_D07_030099_0950_XN_85S101W,G:\crater_flux_output_folders\output_-110_-100_-85_-30\B12_014420_0929_XI_87S076W_D07_030099_0950_XN_85S101W,output_-110_-100_-85_-30,-85.0,-84.9507,7.999,0.0
B12_014420_0929_XI_87S076W_D10_031022_0949_XN_85S100W,G:\crater_flux_output_folders\output_-110_-100_-85_-30\B12_014420_0929_XI_87S076W_D10_031022_0949_XN_85S100W,output_-110_-100_-85_-30,-85.0,-84.9507,7.999,0.0
B12_014420_0929_XI_87S076W_D10_031167_0950_XN_85S101W,G:\crater_flux_output_folders\output_-110_-100_-85_-30\B12_014420_0929_XI_87S076W_D10_031167_0950_XN_85S101W,output_-110_-100_-85_-30,-85.0,-84.9507,7.999,0.0
B12_014420_0929_XI_87S076W_D10_031088_0948_XN_85S100W,G:\crater_flux_output_folders\output_-110_-100_-85_-30\B12_014420_0929_XI_87S076W_D10_031088_0948_XN_85S100W,output_-110_-100_-85_-30,-85.0,-84.9507,7.999,0.0
B12_014420_0929_XI_87S076W_F06_037958_0948_XN_85S099W,G:\crater_flux_output_folders\output_-110_-100_-85_-30\B12_014420_0929_XI_87S076W_F06_037958_0948_XN_85S099W,output_-110_-100_-85_-30,-85.0,-84.9507,7.999,0.0
B12_014420_0929_XI_87S076W_F07_038723_0949_XN_85S100W,G:\crater_flux_output_folders\output_-110_-100_-85_-30\B12_014420_0929_XI_87S076W_F07_038723_0949_XN_85S100W,output_-110_-100_-85_-30,-85.0,-84.9507,7.999,0.0
B12_014420_0929_XI_87S076W_F07_038380_0948_XN_85S099W,G:\crater_flux_output_folders\output_-110_-100_-85_-30\B12_014420_0929_XI_87S076W_F07_038380_0948_XN_85S099W,output_-110_-100_-85_-30,-85.0,-84.9507,7.999,0.0
B12_014420_0929_XI_87S076W_F07_038446_0950_XN_85S101W,G:\crater_flux_output_folders\output_-110_-100_-85_-30\B12_014420_0929_XI_87S076W_F07_038446_0950_XN_85S101W,output_-110_-100_-85_-30,-85.0,-84.9507,7.999,0.0
B12_014420_0929_XI_87S076W_F09_039422_0950_XN_85S101W,G:\crater_flux_output_folders\output_-110_-100_-85_-30\B12_014420_0929_XI_87S076W_F09_039422_0950_XN_85S101W,output_-110_-100_-85_-30,-85.0,-84.9507,7.999,0.0
B12_014420_0929_XI_87S076W_F10_039633_0950_XN_85S101W,G:\crater_flux_output_folders\output_-110_-100_-85_-30\B12_014420_0929_XI_87S076W_F10_039633_0950_XN_85S101W,output_-110_-100_-85_-30,-85.0,-84.9507,7.999,0.0
B12_014420_0929_XI_87S076W_J06_046991_0940_XN_86S091W,G:\crater_flux_output_folders\output_-110_-100_-85_-30\B12_014420_0929_XI_87S076W_J06_046991_0940_XN_86S091W,output_-110_-100_-85_-30,-85.0,-84.9507,7.999,0.0
B12_014420_0929_XI_87S076W_J06_047281_0946_XN_85S098W,G:\crater_flux_output_folders\output_-110_-100_-85_-30\B12_014420_0929_XI_87S076W_J06_047281_0946_XN_85S098W,output_-110_-100_-85_-30,-85.0,-84.9507,7.999,0.0
B12_014420_0929_XI_87S076W_J05_046622_0950_XN_85S100W,G:\crater_flux_output_folders\output_-110_-100_-85_-30\B12_014420_0929_XI_87S076W_J05_046622_0950_XN_85S100W,output_-110_-100_-85_-30,-85.0,-84.9507,7.999,0.0
B07_012548_0969_XN_83S110W_B08_012614_0971_XN_82S115W,G:\crater_flux_output_folders\output_-115_-110_-85_-70\B07_012548_0969_XN_83S110W_B08_012614_0971_XN_82S115W,output_-110_-100_-85_-30,-83.929,-82.9092,1328.478,0.0
B07_012548_0969_XN_83S110W_G06_020407_0969_XN_83S112W,G:\crater_flux_output_folders\output_-110_-100_-85_-30\B07_012548_0969_XN_83S110W_G06_020407_0969_XN_83S112W,output_-110_-100_-85_-30,-83.9173,-83.1183,402.1721,0.0
B07_012548_0969_XN_83S110W_F12_040450_0971_XN_82S109W,G:\crater_flux_output_folders\output_-110_-100_-85_-30\B07_012548_0969_XN_83S110W_F12_040450_0971_XN_82S109W,output_-110_-100_-85_-30,-83.2702,-82.6617,200.7609,0.0
B07_012548_0969_XN_83S110W_J09_048257_0962_XN_83S114W,G:\crater_flux_output_folders\output_-115_-110_-85_-70\B07_012548_0969_XN_83S110W_J09_048257_0962_XN_83S114W,output_-110_-100_-85_-30,-83.929,-83.4592,137.3304,0.0
B07_012548_0969_XN_83S110W_J10_048705_0975_XN_82S111W,G:\crater_flux_output_folders\output_-115_-110_-85_-70\B07_012548_0969_XN_83S110W_J10_048705_0975_XN_82S111W,output_-110_-100_-85_-30,-82.759,-82.6617,505.5792,0.0
B07_012548_0969_XN_83S110W_J12_049338_0969_XN_83S111W,G:\crater_flux_output_folders\output_-110_-100_-85_-30\B07_012548_0969_XN_83S110W_J12_049338_0969_XN_83S111W,output_-110_-100_-85_-30,-83.929,-82.7151,942.9798,0.0
B07_012548_0969_XN_83S110W_J13_049747_0973_XI_82S115W,G:\crater_flux_output_folders\output_-115_-110_-85_-70\B07_012548_0969_XN_83S110W_J13_049747_0973_XI_82S115W,output_-110_-100_-85_-30,-83.929,-82.8853,1352.5383,0.0
B08_012587_0988_XN_81S101W_G09_021870_1019_XN_78S105W,G:\crater_flux_output_folders\output_-110_-100_-85_-30\B08_012587_0988_XN_81S101W_G09_021870_1019_XN_78S105W,output_-110_-100_-85_-30,-80.642,-80.42,91.9212,0.0
B08_012587_0988_XN_81S101W_G10_022213_0980_XN_82S099W,G:\crater_flux_output_folders\output_-110_-100_-85_-30\B08_012587_0988_XN_81S101W_G10_022213_0980_XN_82S099W,output_-110_-100_-85_-30,-81.8255,-81.5542,148.8489,0.0
B08_012587_0988_XN_81S101W_D09_030560_0979_XN_82S099W,G:\crater_flux_output_folders\output_-110_-100_-85_-30\B08_012587_0988_XN_81S101W_D09_030560_0979_XN_82S099W,output_-110_-100_-85_-30,-81.8274,-81.7549,3.0048,0.0
B08_012587_0988_XN_81S101W_D08_030204_0980_XN_82S099W,G:\crater_flux_output_folders\output_-110_-100_-85_-30\B08_012587_0988_XN_81S101W_D08_030204_0980_XN_82S099W,output_-110_-100_-85_-30,-81.8267,-81.66,66.2286,0.0
B08_012587_0988_XN_81S101W_F10_039738_1000_XN_80S104W,G:\crater_flux_output_folders\output_-110_-100_-85_-30\B08_012587_0988_XN_81S101W_F10_039738_1000_XN_80S104W,output_-110_-100_-85_-30,-80.763,-80.4725,186.6788,0.0
B08_012587_0988_XN_81S101W_F12_040463_0988_XN_81S100W,G:\crater_flux_output_folders\output_-110_-100_-85_-30\B08_012587_0988_XN_81S101W_F12_040463_0988_XN_81S100W,output_-110_-100_-85_-30,-81.7914,-80.42,630.3297,0.0
B08_012587_0988_XN_81S101W_J04_046463_0980_XN_82S099W,G:\crater_flux_output_folders\output_-110_-100_-85_-30\B08_012587_0988_XN_81S101W_J04_046463_0980_XN_82S099W,output_-110_-100_-85_-30,-81.8238,-81.6194,95.487,0.0
B08_012587_0988_XN_81S101W_J04_046529_0980_XN_82S099W,G:\crater_flux_output_folders\output_-110_-100_-85_-30\B08_012587_0988_XN_81S101W_J04_046529_0980_XN_82S099W,output_-110_-100_-85_-30,-81.8236,-81.5408,157.229,0.0
B08_012587_0988_XN_81S101W_J11_049232_0980_XN_82S099W,G:\crater_flux_output_folders\output_-110_-100_-85_-30\B08_012587_0988_XN_81S101W_J11_049232_0980_XN_82S099W,output_-110_-100_-85_-30,-81.8246,-81.5984,112.0923,0.0
B08_012587_0988_XN_81S101W_J13_049931_0990_XN_81S102W,G:\crater_flux_output_folders\output_-110_-100_-85_-30\B08_012587_0988_XN_81S101W_J13_049931_0990_XN_81S102W,output_-110_-100_-85_-30,-81.4612,-80.4499,1013.4367,0.0
B08_012614_0971_XN_82S115W_G06_020407_0969_XN_83S112W,G:\crater_flux_output_folders\output_-115_-110_-85_-70\B08_012614_0971_XN_82S115W_G06_020407_0969_XN_83S112W,output_-110_-100_-85_-30,-83.9623,-83.1183,516.7449,0.0
B08_012614_0971_XN_82S115W_G06_020763_0950_XN_85S101W,G:\crater_flux_output_folders\output_-110_-100_-85_-30\B08_012614_0971_XN_82S115W_G06_020763_0950_XN_85S101W,output_-110_-100_-85_-30,-85.0,-84.6902,119.4876,0.0
B08_012614_0971_XN_82S115W_G11_022543_0950_XN_85S101W,G:\crater_flux_output_folders\output_-110_-100_-85_-30\B08_012614_0971_XN_82S115W_G11_022543_0950_XN_85S101W,output_-110_-100_-85_-30,-85.0,-84.8692,37.6539,0.0
B08_012614_0971_XN_82S115W_G11_022596_0947_XN_85S103W,G:\crater_flux_output_folders\output_-110_-100_-85_-30\B08_012614_0971_XN_82S115W_G11_022596_0947_XN_85S103W,output_-110_-100_-85_-30,-85.0,-84.556,472.608,0.0
B08_012614_0971_XN_82S115W_D06_029387_0949_XN_85S100W,G:\crater_flux_output_folders\output_-110_-100_-85_-30\B08_012614_0971_XN_82S115W_D06_029387_0949_XN_85S100W,output_-110_-100_-85_-30,-85.0,-84.733,100.4811,0.0
B08_012614_0971_XN_82S115W_D04_028833_0947_XN_85S099W,G:\crater_flux_output_folders\output_-110_-100_-85_-30\B08_012614_0971_XN_82S115W_D04_028833_0947_XN_85S099W,output_-110_-100_-85_-30,-85.0,-84.7127,105.6364,0.0
B08_012614_0971_XN_82S115W_D08_030165_0945_XN_85S096W,G:\crater_flux_output_folders\output_-110_-100_-85_-30\B08_012614_0971_XN_82S115W_D08_030165_0945_XN_85S096W,output_-110_-100_-85_-30,-85.0,-84.7579,85.6825,0.0
B08_012614_0971_XN_82S115W_D07_030099_0950_XN_85S101W,G:\crater_flux_output_folders\output_-110_-100_-85_-30\B08_012614_0971_XN_82S115W_D07_030099_0950_XN_85S101W,output_-110_-100_-85_-30,-85.0,-84.6446,139.6831,0.0
B08_012614_0971_XN_82S115W_D10_031022_0949_XN_85S100W,G:\crater_flux_output_folders\output_-110_-100_-85_-30\B08_012614_0971_XN_82S115W_D10_031022_0949_XN_85S100W,output_-110_-100_-85_-30,-85.0,-84.8211,57.9757,0.0
B08_012614_0971_XN_82S115W_D13_032130_0943_XI_85S096W,G:\crater_flux_output_folders\output_-110_-100_-85_-30\B08_012614_0971_XN_82S115W_D13_032130_0943_XI_85S096W,output_-110_-100_-85_-30,-85.0,-84.89,38.5152,0.0
B08_012614_0971_XN_82S115W_D10_031167_0950_XN_85S101W,G:\crater_flux_output_folders\output_-110_-100_-85_-30\B08_012614_0971_XN_82S115W_D10_031167_0950_XN_85S101W,output_-110_-100_-85_-30,-85.0,-84.6998,114.5418,0.0
B08_012614_0971_XN_82S115W_D10_031088_0948_XN_85S100W,G:\crater_flux_output_folders\output_-110_-100_-85_-30\B08_012614_0971_XN_82S115W_D10_031088_0948_XN_85S100W,output_-110_-100_-85_-30,-85.0,-84.8761,27.3869,0.0
B08_012614_0971_XN_82S115W_F06_037958_0948_XN_85S099W,G:\crater_flux_output_folders\output_-110_-100_-85_-30\B08_012614_0971_XN_82S115W_F06_037958_0948_XN_85S099W,output_-110_-100_-85_-30,-85.0,-84.6494,129.0282,0.0
B08_012614_0971_XN_82S115W_F07_038723_0949_XN_85S100W,G:\crater_flux_output_folders\output_-110_-100_-85_-30\B08_012614_0971_XN_82S115W_F07_038723_0949_XN_85S100W,output_-110_-100_-85_-30,-85.0,-84.698,116.6622,0.0
B08_012614_0971_XN_82S115W_F07_038380_0948_XN_85S099W,G:\crater_flux_output_folders\output_-110_-100_-85_-30\B08_012614_0971_XN_82S115W_F07_038380_0948_XN_85S099W,output_-110_-100_-85_-30,-85.0,-84.6308,142.8932,0.0
B08_012614_0971_XN_82S115W_F07_038446_0950_XN_85S101W,G:\crater_flux_output_folders\output_-110_-100_-85_-30\B08_012614_0971_XN_82S115W_F07_038446_0950_XN_85S101W,output_-110_-100_-85_-30,-85.0,-84.7011,117.9241,0.0
B08_012614_0971_XN_82S115W_F10_039633_0950_XN_85S101W,G:\crater_flux_output_folders\output_-110_-100_-85_-30\B08_012614_0971_XN_82S115W_F10_039633_0950_XN_85S101W,output_-110_-100_-85_-30,-85.0,-84.6351,142.3299,0.0
B08_012614_0971_XN_82S115W_J06_046991_0940_XN_86S091W,G:\crater_flux_output_folders\output_-110_-100_-85_-30\B08_012614_0971_XN_82S115W_J06_046991_0940_XN_86S091W,output_-110_-100_-85_-30,-85.0,-84.6686,86.1437,0.0
B08_012614_0971_XN_82S115W_J06_047281_0946_XN_85S098W,G:\crater_flux_output_folders\output_-110_-100_-85_-30\B08_012614_0971_XN_82S115W_J06_047281_0946_XN_85S098W,output_-110_-100_-85_-30,-85.0,-84.7529,87.9924,0.0
B08_012614_0971_XN_82S115W_J05_046622_0950_XN_85S100W,G:\crater_flux_output_folders\output_-110_-100_-85_-30\B08_012614_0971_XN_82S115W_J05_046622_0950_XN_85S100W,output_-110_-100_-85_-30,-85.0,-84.7117,115.094,0.0
B08_012614_0971_XN_82S115W_J08_048046_0951_XN_84S112W,G:\crater_flux_output_folders\output_-110_-100_-85_-30\B08_012614_0971_XN_82S115W_J08_048046_0951_XN_84S112W,output_-110_-100_-85_-30,-85.0,-84.9341,1.9806,0.0
B08_012614_0971_XN_82S115W_J09_048257_0962_XN_83S114W,G:\crater_flux_output_folders\output_-115_-110_-85_-70\B08_012614_0971_XN_82S115W_J09_048257_0962_XN_83S114W,output_-110_-100_-85_-30,-85.0,-83.4592,543.5987,0.0
B08_012614_0971_XN_82S115W_J12_049338_0969_XN_83S111W,G:\crater_flux_output_folders\output_-115_-110_-85_-70\B08_012614_0971_XN_82S115W_J12_049338_0969_XN_83S111W,output_-110_-100_-85_-30,-83.9495,-82.9092,14.2784,0.0
B08_012614_0971_XN_82S115W_J13_049747_0973_XI_82S115W,G:\crater_flux_output_folders\output_-110_-100_-85_-30\B08_012614_0971_XN_82S115W_J13_049747_0973_XI_82S115W,output_-110_-100_-85_-30,-84.7386,-82.9092,491.4762,0.0
G05_020024_1052_XN_74S109W_G10_022226_1070_XN_73S108W,G:\crater_flux_output_folders\output_-110_-100_-85_-30\G05_020024_1052_XN_74S109W_G10_022226_1070_XN_73S108W,output_-110_-100_-85_-30,-75.568,-73.9713,2.8013,1.2165
G05_020024_1052_XN_74S109W_G12_022859_1018_XN_78S106W,G:\crater_flux_output_folders\output_-110_-100_-85_-30\G05_020024_1052_XN_74S109W_G12_022859_1018_XN_78S106W,output_-110_-100_-85_-30,-77.3407,-75.507,2384.6756,0.0
G05_020024_1052_XN_74S109W_G13_023096_1047_XI_75S107W,G:\crater_flux_output_folders\output_-110_-100_-85_-30\G05_020024_1052_XN_74S109W_G13_023096_1047_XI_75S107W,output_-110_-100_-85_-30,-75.78,-74.6317,90.15,9.6702
G05_020024_1052_XN_74S109W_D13_032129_1053_XI_74S108W,G:\crater_flux_output_folders\output_-110_-100_-85_-30\G05_020024_1052_XN_74S109W_D13_032129_1053_XI_74S108W,output_-110_-100_-85_-30,-76.265,-73.0375,1449.876,805.5505
G05_020024_1052_XN_74S109W_D12_031773_1061_XN_73S110W,G:\crater_flux_output_folders\output_-110_-100_-85_-30\G05_020024_1052_XN_74S109W_D12_031773_1061_XN_73S110W,output_-110_-100_-85_-30,-75.618,-72.6897,2586.151,1859.1469
G05_020024_1052_XN_74S109W_F11_040028_1026_XN_77S105W,G:\crater_flux_output_folders\output_-110_-100_-85_-30\G05_020024_1052_XN_74S109W_F11_040028_1026_XN_77S105W,output_-110_-100_-85_-30,-77.2859,-76.0903,389.4513,0.0
G05_020024_1052_XN_74S109W_J09_048243_1036_XN_76S107W,G:\crater_flux_output_folders\output_-110_-100_-85_-30\G05_020024_1052_XN_74S109W_J09_048243_1036_XN_76S107W,output_-110_-100_-85_-30,-77.3064,-75.0776,1384.2307,0.0
G05_020024_1052_XN_74S109W_J09_048309_1014_XN_78S106W,G:\crater_flux_output_folders\output_-110_-100_-85_-30\G05_020024_1052_XN_74S109W_J09_048309_1014_XN_78S106W,output_-110_-100_-85_-30,-77.356,-77.0228,178.9242,0.0
G05_020024_1052_XN_74S109W_J14_050366_1015_XI_78S107W,G:\crater_flux_output_folders\output_-110_-100_-85_-30\G05_020024_1052_XN_74S109W_J14_050366_1015_XI_78S107W,output_-110_-100_-85_-30,-77.356,-77.1137,33.4146,0.0
G05_020024_1052_XN_74S109W_J13_049799_1014_XI_78S107W,G:\crater_flux_output_folders\output_-110_-100_-85_-30\G05_020024_1052_XN_74S109W_J13_049799_1014_XI_78S107W,output_-110_-100_-85_-30,-77.356,-77.2855,9.0607,0.0
G06_020407_0969_XN_83S112W_F12_040450_0971_XN_82S109W,G:\crater_flux_output_folders\output_-115_-110_-85_-70\G06_020407_0969_XN_83S112W_F12_040450_0971_XN_82S109W,output_-110_-100_-85_-30,-83.2702,-83.1183,131.0318,0.0
G06_020407_0969_XN_83S112W_J09_048257_0962_XN_83S114W,G:\crater_flux_output_folders\output_-115_-110_-85_-70\G06_020407_0969_XN_83S112W_J09_048257_0962_XN_83S114W,output_-110_-100_-85_-30,-83.9623,-83.4592,1119.795,0.0
G06_020407_0969_XN_83S112W_J12_049338_0969_XN_83S111W,G:\crater_flux_output_folders\output_-110_-100_-85_-30\G06_020407_0969_XN_83S112W_J12_049338_0969_XN_83S111W,output_-110_-100_-85_-30,-83.9348,-83.1183,355.1646,0.0
G06_020407_0969_XN_83S112W_J13_049747_0973_XI_82S115W,G:\crater_flux_output_folders\output_-110_-100_-85_-30\G06_020407_0969_XN_83S112W_J13_049747_0973_XI_82S115W,output_-110_-100_-85_-30,-83.9621,-83.1183,372.2384,0.0
G06_020763_0950_XN_85S101W_G11_022596_0947_XN_85S103W,G:\crater_flux_output_folders\output_-110_-100_-85_-30\G06_020763_0950_XN_85S101W_G11_022596_0947_XN_85S103W,output_-110_-100_-85_-30,-85.0,-84.7519,131.5943,0.0
G06_020763_0950_XN_85S101W_D06_029545_0950_XN_85S101W,G:\crater_flux_output_folders\output_-110_-100_-85_-30\G06_020763_0950_XN_85S101W_D06_029545_0950_XN_85S101W,output_-110_-100_-85_-30,-85.0,-84.7109,274.3794,0.0
G06_020763_0950_XN_85S101W_D06_029387_0949_XN_85S100W,G:\crater_flux_output_folders\output_-110_-100_-85_-30\G06_020763_0950_XN_85S101W_D06_029387_0949_XN_85S100W,output_-110_-100_-85_-30,-85.0,-84.637,386.678,0.0
G06_020763_0950_XN_85S101W_D04_028833_0947_XN_85S099W,G:\crater_flux_output_folders\output_-110_-100_-85_-30\G06_020763_0950_XN_85S101W_D04_028833_0947_XN_85S099W,output_-110_-100_-85_-30,-85.0,-84.625,413.0231,0.0
G06_020763_0950_XN_85S101W_D08_030165_0945_XN_85S096W,G:\crater_flux_output_folders\output_-110_-100_-85_-30\G06_020763_0950_XN_85S101W_D08_030165_0945_XN_85S096W,output_-110_-100_-85_-30,-85.0,-84.658,346.71,0.0
G06_020763_0950_XN_85S101W_D07_030099_0950_XN_85S101W,G:\crater_flux_output_folders\output_-110_-100_-85_-30\G06_020763_0950_XN_85S101W_D07_030099_0950_XN_85S101W,output_-110_-100_-85_-30,-85.0,-84.597,442.8294,0.0
G06_020763_0950_XN_85S101W_D10_031022_0949_XN_85S100W,G:\crater_flux_output_folders\output_-110_-100_-85_-30\G06_020763_0950_XN_85S101W_D10_031022_0949_XN_85S100W,output_-110_-100_-85_-30,-85.0,-84.708,252.5102,0.0
G06_020763_0950_XN_85S101W_D13_032130_0943_XI_85S096W,G:\crater_flux_output_folders\output_-110_-100_-85_-30\G06_020763_0950_XN_85S101W_D13_032130_0943_XI_85S096W,output_-110_-100_-85_-30,-85.0,-84.89,52.7395,0.0
G06_020763_0950_XN_85S101W_D10_031167_0950_XN_85S101W,G:\crater_flux_output_folders\output_-110_-100_-85_-30\G06_020763_0950_XN_85S101W_D10_031167_0950_XN_85S101W,output_-110_-100_-85_-30,-85.0,-84.6088,436.7729,0.0
G06_020763_0950_XN_85S101W_D10_031088_0948_XN_85S100W,G:\crater_flux_output_folders\output_-110_-100_-85_-30\G06_020763_0950_XN_85S101W_D10_031088_0948_XN_85S100W,output_-110_-100_-85_-30,-85.0,-84.749,170.5041,0.0
G06_020763_0950_XN_85S101W_F06_037958_0948_XN_85S099W,G:\crater_flux_output_folders\output_-110_-100_-85_-30\G06_020763_0950_XN_85S101W_F06_037958_0948_XN_85S099W,output_-110_-100_-85_-30,-85.0,-84.597,437.2335,0.0
G06_020763_0950_XN_85S101W_F07_038723_0949_XN_85S100W,G:\crater_flux_output_folders\output_-110_-100_-85_-30\G06_020763_0950_XN_85S101W_F07_038723_0949_XN_85S100W,output_-110_-100_-85_-30,-85.0,-84.607,439.8221,0.0
G06_020763_0950_XN_85S101W_F07_038380_0948_XN_85S099W,G:\crater_flux_output_folders\output_-110_-100_-85_-30\G06_020763_0950_XN_85S101W_F07_038380_0948_XN_85S099W,output_-110_-100_-85_-30,-85.0,-84.597,439.3794,0.0
G06_020763_0950_XN_85S101W_F07_038446_0950_XN_85S101W,G:\crater_flux_output_folders\output_-110_-100_-85_-30\G06_020763_0950_XN_85S101W_F07_038446_0950_XN_85S101W,output_-110_-100_-85_-30,-85.0,-84.607,434.4448,0.0
G06_020763_0950_XN_85S101W_F10_039633_0950_XN_85S101W,G:\crater_flux_output_folders\output_-110_-100_-85_-30\G06_020763_0950_XN_85S101W_F10_039633_0950_XN_85S101W,output_-110_-100_-85_-30,-85.0,-84.597,441.6472,0.0
G06_020763_0950_XN_85S101W_J06_046991_0940_XN_86S091W,G:\crater_flux_output_folders\output_-110_-100_-85_-30\G06_020763_0950_XN_85S101W_J06_046991_0940_XN_86S091W,output_-110_-100_-85_-30,-85.0,-84.597,400.287,0.0
G06_020763_0950_XN_85S101W_J06_047281_0946_XN_85S098W,G:\crater_flux_output_folders\output_-110_-100_-85_-30\G06_020763_0950_XN_85S101W_J06_047281_0946_XN_85S098W,output_-110_-100_-85_-30,-85.0,-84.6592,352.2886,0.0
G06_020763_0950_XN_85S101W_J05_046622_0950_XN_85S100W,G:\crater_flux_output_folders\output_-110_-100_-85_-30\G06_020763_0950_XN_85S101W_J05_046622_0950_XN_85S100W,output_-110_-100_-85_-30,-85.0,-84.617,413.5907,0.0
G06_020763_0950_XN_85S101W_J09_048257_0962_XN_83S114W,G:\crater_flux_output_folders\output_-110_-100_-85_-30\G06_020763_0950_XN_85S101W_J09_048257_0962_XN_83S114W,output_-110_-100_-85_-30,-85.0,-84.7092,175.2518,0.0
G06_020763_0950_XN_85S101W_J14_050406_0967_XI_83S107W,G:\crater_flux_output_folders\output_-110_-100_-85_-30\G06_020763_0950_XN_85S101W_J14_050406_0967_XI_83S107W,output_-110_-100_-85_-30,-84.9713,-84.597,114.2271,0.0
G11_022543_0950_XN_85S101W_G11_022596_0947_XN_85S103W,G:\crater_flux_output_folders\output_-110_-100_-85_-30\G11_022543_0950_XN_85S101W_G11_022596_0947_XN_85S103W,output_-110_-100_-85_-30,-85.0,-84.8935,45.992,0.0
G11_022543_0950_XN_85S101W_D06_029545_0950_XN_85S101W,G:\crater_flux_output_folders\output_-110_-100_-85_-30\G11_022543_0950_XN_85S101W_D06_029545_0950_XN_85S101W,output_-110_-100_-85_-30,-85.0,-84.759,179.3415,0.0
G11_022543_0950_XN_85S101W_D06_029387_0949_XN_85S100W,G:\crater_flux_output_folders\output_-110_-100_-85_-30\G11_022543_0950_XN_85S101W_D06_029387_0949_XN_85S100W,output_-110_-100_-85_-30,-85.0,-84.759,179.3415,0.0
G11_022543_0950_XN_85S101W_D04_028833_0947_XN_85S099W,G:\crater_flux_output_folders\output_-110_-100_-85_-30\G11_022543_0950_XN_85S101W_D04_028833_0947_XN_85S099W,output_-110_-100_-85_-30,-85.0,-84.759,178.8779,0.0
G11_022543_0950_XN_85S101W_D08_030165_0945_XN_85S096W,G:\crater_flux_output_folders\output_-110_-100_-85_-30\G11_022543_0950_XN_85S101W_D08_030165_0945_XN_85S096W,output_-110_-100_-85_-30,-85.0,-84.759,178.7772,0.0
G11_022543_0950_XN_85S101W_D07_030099_0950_XN_85S101W,G:\crater_flux_output_folders\output_-110_-100_-85_-30\G11_022543_0950_XN_85S101W_D07_030099_0950_XN_85S101W,output_-110_-100_-85_-30,-85.0,-84.759,179.3415,0.0
G11_022543_0950_XN_85S101W_D10_031022_0949_XN_85S100W,G:\crater_flux_output_folders\output_-110_-100_-85_-30\G11_022543_0950_XN_85S101W_D10_031022_0949_XN_85S100W,output_-110_-100_-85_-30,-85.0,-84.759,179.3415,0.0
G11_022543_0950_XN_85S101W_D13_032130_0943_XI_85S096W,G:\crater_flux_output_folders\output_-110_-100_-85_-30\G11_022543_0950_XN_85S101W_D13_032130_0943_XI_85S096W,output_-110_-100_-85_-30,-85.0,-84.8979,50.675,0.0
G11_022543_0950_XN_85S101W_D10_031167_0950_XN_85S101W,G:\crater_flux_output_folders\output_-110_-100_-85_-30\G11_022543_0950_XN_85S101W_D10_031167_0950_XN_85S101W,output_-110_-100_-85_-30,-85.0,-84.759,179.3415,0.0
G11_022543_0950_XN_85S101W_D10_031088_0948_XN_85S100W,G:\crater_flux_output_folders\output_-110_-100_-85_-30\G11_022543_0950_XN_85S101W_D10_031088_0948_XN_85S100W,output_-110_-100_-85_-30,-85.0,-84.761,167.1241,0.0
G11_022543_0950_XN_85S101W_F06_037958_0948_XN_85S099W,G:\crater_flux_output_folders\output_-110_-100_-85_-30\G11_022543_0950_XN_85S101W_F06_037958_0948_XN_85S099W,output_-110_-100_-85_-30,-85.0,-84.759,178.2309,0.0
G11_022543_0950_XN_85S101W_F07_038380_0948_XN_85S099W,G:\crater_flux_output_folders\output_-110_-100_-85_-30\G11_022543_0950_XN_85S101W_F07_038380_0948_XN_85S099W,output_-110_-100_-85_-30,-85.0,-84.759,178.7105,0.0
G11_022543_0950_XN_85S101W_F07_038446_0950_XN_85S101W,G:\crater_flux_output_folders\output_-110_-100_-85_-30\G11_022543_0950_XN_85S101W_F07_038446_0950_XN_85S101W,output_-110_-100_-85_-30,-85.0,-84.759,179.3415,0.0
G11_022543_0950_XN_85S101W_F09_039422_0950_XN_85S101W,G:\crater_flux_output_folders\output_-110_-100_-85_-30\G11_022543_0950_XN_85S101W_F09_039422_0950_XN_85S101W,output_-110_-100_-85_-30,-85.0,-84.759,178.6356,0.0
G11_022543_0950_XN_85S101W_F10_039633_0950_XN_85S101W,G:\crater_flux_output_folders\output_-110_-100_-85_-30\G11_022543_0950_XN_85S101W_F10_039633_0950_XN_85S101W,output_-110_-100_-85_-30,-85.0,-84.759,179.3415,0.0
G11_022543_0950_XN_85S101W_J06_046991_0940_XN_86S091W,G:\crater_flux_output_folders\output_-110_-100_-85_-30\G11_022543_0950_XN_85S101W_J06_046991_0940_XN_86S091W,output_-110_-100_-85_-30,-85.0,-84.759,160.8705,0.0
G11_022543_0950_XN_85S101W_J05_046622_0950_XN_85S100W,G:\crater_flux_output_folders\output_-110_-100_-85_-30\G11_022543_0950_XN_85S101W_J05_046622_0950_XN_85S100W,output_-110_-100_-85_-30,-85.0,-84.759,179.3415,0.0
G11_022543_0950_XN_85S101W_J09_048257_0962_XN_83S114W,G:\crater_flux_output_folders\output_-110_-100_-85_-30\G11_022543_0950_XN_85S101W_J09_048257_0962_XN_83S114W,output_-110_-100_-85_-30,-85.0,-84.8766,54.0796,0.0
G11_022543_0950_XN_85S101W_J14_050406_0967_XI_83S107W,G:\crater_flux_output_folders\output_-110_-100_-85_-30\G11_022543_0950_XN_85S101W_J14_050406_0967_XI_83S107W,output_-110_-100_-85_-30,-84.9713,-84.759,54.6221,0.0
G09_021883_1015_XN_78S099W_G10_022028_1008_XN_79S097W,G:\crater_flux_output_folders\output_-110_-100_-85_-30\G09_021883_1015_XN_78S099W_G10_022028_1008_XN_79S097W,output_-110_-100_-85_-30,-77.6463,-77.4653,16.8917,0.0
G09_021883_1015_XN_78S099W_G14_023650_1019_XN_78S101W,G:\crater_flux_output_folders\output_-110_-100_-85_-30\G09_021883_1015_XN_78S099W_G14_023650_1019_XN_78S101W,output_-110_-100_-85_-30,-78.8873,-77.0549,773.1524,0.0
G09_021883_1015_XN_78S099W_G14_023729_1051_XN_74S101W,G:\crater_flux_output_folders\output_-110_-100_-85_-30\G09_021883_1015_XN_78S099W_G14_023729_1051_XN_74S101W,output_-110_-100_-85_-30,-77.427,-76.992,37.7481,0.0
G09_021883_1015_XN_78S099W_D09_030797_1008_XN_79S097W,G:\crater_flux_output_folders\output_-110_-100_-85_-30\G09_021883_1015_XN_78S099W_D09_030797_1008_XN_79S097W,output_-110_-100_-85_-30,-77.5915,-77.2757,51.9475,0.0
G09_021883_1015_XN_78S099W_D09_030863_1011_XI_78S098W,G:\crater_flux_output_folders\output_-110_-100_-85_-30\G09_021883_1015_XN_78S099W_D09_030863_1011_XI_78S098W,output_-110_-100_-85_-30,-78.1223,-77.5323,181.9925,0.0
G09_021883_1015_XN_78S099W_D13_032353_1031_XN_76S101W,G:\crater_flux_output_folders\output_-110_-100_-85_-30\G09_021883_1015_XN_78S099W_D13_032353_1031_XN_76S101W,output_-110_-100_-85_-30,-78.4084,-76.9945,1449.124,0.0
G09_021883_1015_XN_78S099W_J07_047610_1028_XN_77S102W,G:\crater_flux_output_folders\output_-110_-100_-85_-30\G09_021883_1015_XN_78S099W_J07_047610_1028_XN_77S102W,output_-110_-100_-85_-30,-78.8873,-77.0618,457.5602,0.0
G09_021883_1015_XN_78S099W_J12_049535_0993_XI_80S096W,G:\crater_flux_output_folders\output_-110_-100_-85_-30\G09_021883_1015_XN_78S099W_J12_049535_0993_XI_80S096W,output_-110_-100_-85_-30,-78.8873,-78.0717,278.6396,0.0
G09_021883_1015_XN_78S099W_J13_050023_1034_XN_76S103W,G:\crater_flux_output_folders\output_-110_-100_-85_-30\G09_021883_1015_XN_78S099W_J13_050023_1034_XN_76S103W,output_-110_-100_-85_-30,-78.0211,-77.056,360.0518,0.0
G10_022226_1070_XN_73S108W_G12_022938_1047_XI_75S106W,G:\crater_flux_output_folders\output_-110_-100_-85_-30\G10_022226_1070_XN_73S108W_G12_022938_1047_XI_75S106W,output_-110_-100_-85_-30,-75.5527,-74.6179,1065.4195,439.9699
G10_022226_1070_XN_73S108W_G13_023096_1047_XI_75S107W,G:\crater_flux_output_folders\output_-110_-100_-85_-30\G10_022226_1070_XN_73S108W_G13_023096_1047_XI_75S107W,output_-110_-100_-85_-30,-75.568,-74.5981,1322.7874,546.4332
G10_022226_1070_XN_73S108W_D13_032129_1053_XI_74S108W,G:\crater_flux_output_folders\output_-110_-100_-85_-30\G10_022226_1070_XN_73S108W_D13_032129_1053_XI_74S108W,output_-110_-100_-85_-30,-75.568,-72.992,2367.1723,1801.8285
G10_022226_1070_XN_73S108W_J09_048243_1036_XN_76S107W,G:\crater_flux_output_folders\output_-110_-100_-85_-30\G10_022226_1070_XN_73S108W_J09_048243_1036_XN_76S107W,output_-110_-100_-85_-30,-75.568,-75.0422,447.014,0.0
G10_022028_1008_XN_79S097W_D09_030652_1001_XI_79S096W,G:\crater_flux_output_folders\output_-110_-100_-85_-30\G10_022028_1008_XN_79S097W_D09_030652_1001_XI_79S096W,output_-110_-100_-85_-30,-77.6463,-77.4653,15.6177,0.0
G10_022028_1008_XN_79S097W_D09_030797_1008_XN_79S097W,G:\crater_flux_output_folders\output_-110_-100_-85_-30\G10_022028_1008_XN_79S097W_D09_030797_1008_XN_79S097W,output_-110_-100_-85_-30,-77.5915,-77.4653,8.1898,0.0
G10_022028_1008_XN_79S097W_D09_030863_1011_XI_78S098W,G:\crater_flux_output_folders\output_-110_-100_-85_-30\G10_022028_1008_XN_79S097W_D09_030863_1011_XI_78S098W,output_-110_-100_-85_-30,-77.6463,-77.5323,6.5109,0.0
G10_022028_1008_XN_79S097W_D13_032353_1031_XN_76S101W,G:\crater_flux_output_folders\output_-110_-100_-85_-30\G10_022028_1008_XN_79S097W_D13_032353_1031_XN_76S101W,output_-110_-100_-85_-30,-77.6463,-77.4653,15.6177,0.0
G09_021870_1019_XN_78S105W_G13_023149_1024_XN_77S104W,G:\crater_flux_output_folders\output_-110_-100_-85_-30\G09_021870_1019_XN_78S105W_G13_023149_1024_XN_77S104W,output_-110_-100_-85_-30,-79.348,-75.6604,315.2792,0.0
G09_021870_1019_XN_78S105W_G12_022859_1018_XN_78S106W,G:\crater_flux_output_folders\output_-110_-100_-85_-30\G09_021870_1019_XN_78S105W_G12_022859_1018_XN_78S106W,output_-110_-100_-85_-30,-80.642,-75.507,4229.1284,0.0
G09_021870_1019_XN_78S105W_G13_023096_1047_XI_75S107W,G:\crater_flux_output_folders\output_-110_-100_-85_-30\G09_021870_1019_XN_78S105W_G13_023096_1047_XI_75S107W,output_-110_-100_-85_-30,-75.78,-75.355,376.6461,0.0
G09_021870_1019_XN_78S105W_D13_032129_1053_XI_74S108W,G:\crater_flux_output_folders\output_-110_-100_-85_-30\G09_021870_1019_XN_78S105W_D13_032129_1053_XI_74S108W,output_-110_-100_-85_-30,-76.2586,-75.355,1114.8645,0.0
G09_021870_1019_XN_78S105W_F11_040028_1026_XN_77S105W,G:\crater_flux_output_folders\output_-110_-100_-85_-30\G09_021870_1019_XN_78S105W_F11_040028_1026_XN_77S105W,output_-110_-100_-85_-30,-78.5754,-76.0467,2586.7678,0.0
G09_021870_1019_XN_78S105W_F12_040463_0988_XN_81S100W,G:\crater_flux_output_folders\output_-110_-100_-85_-30\G09_021870_1019_XN_78S105W_F12_040463_0988_XN_81S100W,output_-110_-100_-85_-30,-80.6246,-80.3304,264.7413,0.0
G09_021870_1019_XN_78S105W_J09_048243_1036_XN_76S107W,G:\crater_flux_output_folders\output_-110_-100_-85_-30\G09_021870_1019_XN_78S105W_J09_048243_1036_XN_76S107W,output_-110_-100_-85_-30,-77.5694,-75.355,2718.0848,0.0
G09_021870_1019_XN_78S105W_J09_048309_1014_XN_78S106W,G:\crater_flux_output_folders\output_-110_-100_-85_-30\G09_021870_1019_XN_78S105W_J09_048309_1014_XN_78S106W,output_-110_-100_-85_-30,-79.9635,-79.2786,39.6508,0.0
G09_021870_1019_XN_78S105W_J14_050300_0992_XI_80S098W,G:\crater_flux_output_folders\output_-110_-100_-85_-30\G09_021870_1019_XN_78S105W_J14_050300_0992_XI_80S098W,output_-110_-100_-85_-30,-80.522,-79.6339,45.4177,0.0
G09_021870_1019_XN_78S105W_J13_049931_0990_XN_81S102W,G:\crater_flux_output_folders\output_-110_-100_-85_-30\G09_021870_1019_XN_78S105W_J13_049931_0990_XN_81S102W,output_-110_-100_-85_-30,-80.642,-80.4499,72.5123,0.0
G11_022596_0947_XN_85S103W_D06_029545_0950_XN_85S101W,G:\crater_flux_output_folders\output_-110_-100_-85_-30\G11_022596_0947_XN_85S103W_D06_029545_0950_XN_85S101W,output_-110_-100_-85_-30,-85.0,-84.8398,42.6278,0.0
G11_022596_0947_XN_85S103W_D06_029387_0949_XN_85S100W,G:\crater_flux_output_folders\output_-110_-100_-85_-30\G11_022596_0947_XN_85S103W_D06_029387_0949_XN_85S100W,output_-110_-100_-85_-30,-85.0,-84.7863,63.6907,0.0
G11_022596_0947_XN_85S103W_D04_028833_0947_XN_85S099W,G:\crater_flux_output_folders\output_-110_-100_-85_-30\G11_022596_0947_XN_85S103W_D04_028833_0947_XN_85S099W,output_-110_-100_-85_-30,-85.0,-84.7647,64.1846,0.0
G11_022596_0947_XN_85S103W_D07_030099_0950_XN_85S101W,G:\crater_flux_output_folders\output_-110_-100_-85_-30\G11_022596_0947_XN_85S103W_D07_030099_0950_XN_85S101W,output_-110_-100_-85_-30,-85.0,-84.7156,88.2334,0.0
G11_022596_0947_XN_85S103W_D10_031022_0949_XN_85S100W,G:\crater_flux_output_folders\output_-110_-100_-85_-30\G11_022596_0947_XN_85S103W_D10_031022_0949_XN_85S100W,output_-110_-100_-85_-30,-85.0,-84.8575,35.5207,0.0
G11_022596_0947_XN_85S103W_D13_032130_0943_XI_85S096W,G:\crater_flux_output_folders\output_-110_-100_-85_-30\G11_022596_0947_XN_85S103W_D13_032130_0943_XI_85S096W,output_-110_-100_-85_-30,-85.0,-84.89,21.558,0.0
G11_022596_0947_XN_85S103W_D10_031167_0950_XN_85S101W,G:\crater_flux_output_folders\output_-110_-100_-85_-30\G11_022596_0947_XN_85S103W_D10_031167_0950_XN_85S101W,output_-110_-100_-85_-30,-85.0,-84.7573,71.7013,0.0
G11_022596_0947_XN_85S103W_D10_031088_0948_XN_85S100W,G:\crater_flux_output_folders\output_-110_-100_-85_-30\G11_022596_0947_XN_85S103W_D10_031088_0948_XN_85S100W,output_-110_-100_-85_-30,-85.0,-84.9029,14.0318,0.0
G11_022596_0947_XN_85S103W_F06_037958_0948_XN_85S099W,G:\crater_flux_output_folders\output_-110_-100_-85_-30\G11_022596_0947_XN_85S103W_F06_037958_0948_XN_85S099W,output_-110_-100_-85_-30,-85.0,-84.7224,79.0817,0.0
G11_022596_0947_XN_85S103W_F07_038723_0949_XN_85S100W,G:\crater_flux_output_folders\output_-110_-100_-85_-30\G11_022596_0947_XN_85S103W_F07_038723_0949_XN_85S100W,output_-110_-100_-85_-30,-85.0,-84.756,73.5663,0.0
G11_022596_0947_XN_85S103W_F07_038380_0948_XN_85S099W,G:\crater_flux_output_folders\output_-110_-100_-85_-30\G11_022596_0947_XN_85S103W_F07_038380_0948_XN_85S099W,output_-110_-100_-85_-30,-85.0,-84.7048,89.1632,0.0
G11_022596_0947_XN_85S103W_F07_038446_0950_XN_85S101W,G:\crater_flux_output_folders\output_-110_-100_-85_-30\G11_022596_0947_XN_85S103W_F07_038446_0950_XN_85S101W,output_-110_-100_-85_-30,-85.0,-84.7627,76.3606,0.0
G11_022596_0947_XN_85S103W_F09_039422_0950_XN_85S101W,G:\crater_flux_output_folders\output_-110_-100_-85_-30\G11_022596_0947_XN_85S103W_F09_039422_0950_XN_85S101W,output_-110_-100_-85_-30,-85.0,-84.6587,97.1917,0.0
G11_022596_0947_XN_85S103W_F10_039633_0950_XN_85S101W,G:\crater_flux_output_folders\output_-110_-100_-85_-30\G11_022596_0947_XN_85S103W_F10_039633_0950_XN_85S101W,output_-110_-100_-85_-30,-85.0,-84.7079,89.2654,0.0
G11_022596_0947_XN_85S103W_J06_046991_0940_XN_86S091W,G:\crater_flux_output_folders\output_-110_-100_-85_-30\G11_022596_0947_XN_85S103W_J06_046991_0940_XN_86S091W,output_-110_-100_-85_-30,-85.0,-84.7339,38.9611,0.0
G11_022596_0947_XN_85S103W_J06_047281_0946_XN_85S098W,G:\crater_flux_output_folders\output_-110_-100_-85_-30\G11_022596_0947_XN_85S103W_J06_047281_0946_XN_85S098W,output_-110_-100_-85_-30,-85.0,-84.7978,53.2617,0.0
G11_022596_0947_XN_85S103W_J05_046622_0950_XN_85S100W,G:\crater_flux_output_folders\output_-110_-100_-85_-30\G11_022596_0947_XN_85S103W_J05_046622_0950_XN_85S100W,output_-110_-100_-85_-30,-85.0,-84.7754,76.3431,0.0
G11_022596_0947_XN_85S103W_J08_048046_0951_XN_84S112W,G:\crater_flux_output_folders\output_-110_-100_-85_-30\G11_022596_0947_XN_85S103W_J08_048046_0951_XN_84S112W,output_-110_-100_-85_-30,-85.0,-84.7035,132.4439,0.0
G11_022596_0947_XN_85S103W_J13_049747_0973_XI_82S115W,G:\crater_flux_output_folders\output_-110_-100_-85_-30\G11_022596_0947_XN_85S103W_J13_049747_0973_XI_82S115W,output_-110_-100_-85_-30,-84.7386,-84.556,52.6144,0.0
G10_022213_0980_XN_82S099W_D06_029505_0980_XN_82S099W,G:\crater_flux_output_folders\output_-110_-100_-85_-30\G10_022213_0980_XN_82S099W_D06_029505_0980_XN_82S099W,output_-110_-100_-85_-30,-82.2275,-81.6264,228.1082,0.0
G10_022213_0980_XN_82S099W_D09_030560_0979_XN_82S099W,G:\crater_flux_output_folders\output_-110_-100_-85_-30\G10_022213_0980_XN_82S099W_D09_030560_0979_XN_82S099W,output_-110_-100_-85_-30,-82.2275,-81.7549,138.483,0.0
G10_022213_0980_XN_82S099W_F12_040463_0988_XN_81S100W,G:\crater_flux_output_folders\output_-110_-100_-85_-30\G10_022213_0980_XN_82S099W_F12_040463_0988_XN_81S100W,output_-110_-100_-85_-30,-81.947,-81.5542,105.9868,0.0
G10_022213_0980_XN_82S099W_J04_046463_0980_XN_82S099W,G:\crater_flux_output_folders\output_-110_-100_-85_-30\G10_022213_0980_XN_82S099W_J04_046463_0980_XN_82S099W,output_-110_-100_-85_-30,-82.2275,-81.6194,230.3674,0.0
G10_022213_0980_XN_82S099W_J04_046529_0980_XN_82S099W,G:\crater_flux_output_folders\output_-110_-100_-85_-30\G10_022213_0980_XN_82S099W_J04_046529_0980_XN_82S099W,output_-110_-100_-85_-30,-82.2275,-81.5542,272.0333,0.0
G10_022213_0980_XN_82S099W_J11_049232_0980_XN_82S099W,G:\crater_flux_output_folders\output_-110_-100_-85_-30\G10_022213_0980_XN_82S099W_J11_049232_0980_XN_82S099W,output_-110_-100_-85_-30,-82.2275,-81.5984,246.9079,0.0
G10_022213_0980_XN_82S099W_J12_049364_0984_XI_81S102W,G:\crater_flux_output_folders\output_-110_-100_-85_-30\G10_022213_0980_XN_82S099W_J12_049364_0984_XI_81S102W,output_-110_-100_-85_-30,-82.2158,-81.5542,270.228,0.0
G14_023650_1019_XN_78S101W_G13_023149_1024_XN_77S104W,G:\crater_flux_output_folders\output_-110_-100_-85_-30\G14_023650_1019_XN_78S101W_G13_023149_1024_XN_77S104W,output_-110_-100_-85_-30,-79.055,-77.101,477.4064,0.0
G14_023650_1019_XN_78S101W_J09_048177_1011_XN_78S101W,G:\crater_flux_output_folders\output_-110_-100_-85_-30\G14_023650_1019_XN_78S101W_J09_048177_1011_XN_78S101W,output_-110_-100_-85_-30,-79.055,-78.5289,334.1108,0.0
G14_023650_1019_XN_78S101W_J12_049535_0993_XI_80S096W,G:\crater_flux_output_folders\output_-110_-100_-85_-30\G14_023650_1019_XN_78S101W_J12_049535_0993_XI_80S096W,output_-110_-100_-85_-30,-78.99,-78.0842,513.2559,0.0
G14_023650_1019_XN_78S101W_J14_050379_1009_XI_79S101W,G:\crater_flux_output_folders\output_-110_-100_-85_-30\G14_023650_1019_XN_78S101W_J14_050379_1009_XI_79S101W,output_-110_-100_-85_-30,-79.055,-78.4177,473.6379,0.0
G14_023650_1019_XN_78S101W_J13_050023_1034_XN_76S103W,G:\crater_flux_output_folders\output_-110_-100_-85_-30\G14_023650_1019_XN_78S101W_J13_050023_1034_XN_76S103W,output_-110_-100_-85_-30,-78.074,-77.0137,1174.0129,0.0
G12_022780_1055_XI_74S104W_D13_032353_1031_XN_76S101W,G:\crater_flux_output_folders\output_-110_-100_-85_-30\G12_022780_1055_XI_74S104W_D13_032353_1031_XN_76S101W,output_-110_-100_-85_-30,-75.4221,-75.163,217.7746,0.0
G12_022780_1055_XI_74S104W_J07_047610_1028_XN_77S102W,G:\crater_flux_output_folders\output_-110_-100_-85_-30\G12_022780_1055_XI_74S104W_J07_047610_1028_XN_77S102W,output_-110_-100_-85_-30,-75.436,-74.931,219.8833,28.1818
G12_022780_1055_XI_74S104W_J13_050023_1034_XN_76S103W,G:\crater_flux_output_folders\output_-110_-100_-85_-30\G12_022780_1055_XI_74S104W_J13_050023_1034_XN_76S103W,output_-110_-100_-85_-30,-75.436,-75.0321,246.1865,0.0
G13_023136_1029_XN_77S109W_F10_039738_1000_XN_80S104W,G:\crater_flux_output_folders\output_-110_-100_-85_-30\G13_023136_1029_XN_77S109W_F10_039738_1000_XN_80S104W,output_-110_-100_-85_-30,-79.5888,-79.1065,177.1642,0.0
G13_023136_1029_XN_77S109W_J09_048230_1041_XN_75S112W,G:\crater_flux_output_folders\output_-115_-110_-85_-70\G13_023136_1029_XN_77S109W_J09_048230_1041_XN_75S112W,output_-110_-100_-85_-30,-77.7054,-77.1776,539.7068,0.0
G13_023136_1029_XN_77S109W_J09_048309_1014_XN_78S106W,G:\crater_flux_output_folders\output_-110_-100_-85_-30\G13_023136_1029_XN_77S109W_J09_048309_1014_XN_78S106W,output_-110_-100_-85_-30,-79.6016,-77.0627,1130.118,0.0
G13_023136_1029_XN_77S109W_J12_049364_0984_XI_81S102W,G:\crater_flux_output_folders\output_-110_-100_-85_-30\G13_023136_1029_XN_77S109W_J12_049364_0984_XI_81S102W,output_-110_-100_-85_-30,-79.6601,-79.3073,355.715,0.0
G13_023136_1029_XN_77S109W_J14_050353_1027_XI_77S110W,G:\crater_flux_output_folders\output_-110_-100_-85_-30\G13_023136_1029_XN_77S109W_J14_050353_1027_XI_77S110W,output_-110_-100_-85_-30,-79.1319,-76.7533,1539.6544,0.0
G13_023136_1029_XN_77S109W_J14_050366_1015_XI_78S107W,G:\crater_flux_output_folders\output_-110_-100_-85_-30\G13_023136_1029_XN_77S109W_J14_050366_1015_XI_78S107W,output_-110_-100_-85_-30,-79.588,-77.1226,502.0272,0.0
G13_023136_1029_XN_77S109W_J13_049799_1014_XI_78S107W,G:\crater_flux_output_folders\output_-110_-100_-85_-30\G13_023136_1029_XN_77S109W_J13_049799_1014_XI_78S107W,output_-110_-100_-85_-30,-79.5956,-77.2964,615.6004,0.0
G13_023149_1024_XN_77S104W_G12_022938_1047_XI_75S106W,G:\crater_flux_output_folders\output_-110_-100_-85_-30\G13_023149_1024_XN_77S104W_G12_022938_1047_XI_75S106W,output_-110_-100_-85_-30,-75.7916,-75.6079,131.1721,0.0
G13_023149_1024_XN_77S104W_G12_022859_1018_XN_78S106W,G:\crater_flux_output_folders\output_-110_-100_-85_-30\G13_023149_1024_XN_77S104W_G12_022859_1018_XN_78S106W,output_-110_-100_-85_-30,-79.348,-78.7529,35.6389,0.0
G13_023149_1024_XN_77S104W_G13_023096_1047_XI_75S107W,G:\crater_flux_output_folders\output_-110_-100_-85_-30\G13_023149_1024_XN_77S104W_G13_023096_1047_XI_75S107W,output_-110_-100_-85_-30,-75.7514,-75.6164,83.6828,0.0
G13_023149_1024_XN_77S104W_D13_032129_1053_XI_74S108W,G:\crater_flux_output_folders\output_-110_-100_-85_-30\G13_023149_1024_XN_77S104W_D13_032129_1053_XI_74S108W,output_-110_-100_-85_-30,-76.1816,-75.6536,101.8061,0.0
G13_023149_1024_XN_77S104W_J08_047742_1005_XN_79S103W,G:\crater_flux_output_folders\output_-110_-100_-85_-30\G13_023149_1024_XN_77S104W_J08_047742_1005_XN_79S103W,output_-110_-100_-85_-30,-79.348,-78.4095,178.0582,0.0
G13_023149_1024_XN_77S104W_J09_048177_1011_XN_78S101W,G:\crater_flux_output_folders\output_-110_-100_-85_-30\G13_023149_1024_XN_77S104W_J09_048177_1011_XN_78S101W,output_-110_-100_-85_-30,-79.3111,-78.5567,690.1916,0.0
G13_023149_1024_XN_77S104W_J09_048243_1036_XN_76S107W,G:\crater_flux_output_folders\output_-110_-100_-85_-30\G13_023149_1024_XN_77S104W_J09_048243_1036_XN_76S107W,output_-110_-100_-85_-30,-77.4987,-75.6549,374.5927,0.0
G13_023149_1024_XN_77S104W_J13_049944_1005_XN_79S102W,G:\crater_flux_output_folders\output_-110_-100_-85_-30\G13_023149_1024_XN_77S104W_J13_049944_1005_XN_79S102W,output_-110_-100_-85_-30,-79.348,-78.2964,1035.5243,0.0
G12_022938_1047_XI_75S106W_G13_023096_1047_XI_75S107W,G:\crater_flux_output_folders\output_-110_-100_-85_-30\G12_022938_1047_XI_75S106W_G13_023096_1047_XI_75S107W,output_-110_-100_-85_-30,-75.7657,-74.608,1654.5017,552.5538
G12_022938_1047_XI_75S106W_D13_032129_1053_XI_74S108W,G:\crater_flux_output_folders\output_-110_-100_-85_-30\G12_022938_1047_XI_75S106W_D13_032129_1053_XI_74S108W,output_-110_-100_-85_-30,-75.82,-74.6444,839.4776,247.4677
G12_022938_1047_XI_75S106W_J09_048243_1036_XN_76S107W,G:\crater_flux_output_folders\output_-110_-100_-85_-30\G12_022938_1047_XI_75S106W_J09_048243_1036_XN_76S107W,output_-110_-100_-85_-30,-75.82,-75.0422,496.1033,0.0
G12_022859_1018_XN_78S106W_G13_023096_1047_XI_75S107W,G:\crater_flux_output_folders\output_-110_-100_-85_-30\G12_022859_1018_XN_78S106W_G13_023096_1047_XI_75S107W,output_-110_-100_-85_-30,-75.78,-75.507,19.4815,0.0
G12_022859_1018_XN_78S106W_D13_032129_1053_XI_74S108W,G:\crater_flux_output_folders\output_-110_-100_-85_-30\G12_022859_1018_XN_78S106W_D13_032129_1053_XI_74S108W,output_-110_-100_-85_-30,-76.265,-75.507,323.325,0.0
G12_022859_1018_XN_78S106W_D12_031773_1061_XN_73S110W,G:\crater_flux_output_folders\output_-110_-100_-85_-30\G12_022859_1018_XN_78S106W_D12_031773_1061_XN_73S110W,output_-110_-100_-85_-30,-75.638,-75.507,65.9397,0.0
G12_022859_1018_XN_78S106W_F10_039738_1000_XN_80S104W,G:\crater_flux_output_folders\output_-110_-100_-85_-30\G12_022859_1018_XN_78S106W_F10_039738_1000_XN_80S104W,output_-110_-100_-85_-30,-80.693,-79.085,462.537,0.0
G12_022859_1018_XN_78S106W_F11_040028_1026_XN_77S105W,G:\crater_flux_output_folders\output_-110_-100_-85_-30\G12_022859_1018_XN_78S106W_F11_040028_1026_XN_77S105W,output_-110_-100_-85_-30,-78.579,-76.1005,585.251,0.0
G12_022859_1018_XN_78S106W_F12_040463_0988_XN_81S100W,G:\crater_flux_output_folders\output_-110_-100_-85_-30\G12_022859_1018_XN_78S106W_F12_040463_0988_XN_81S100W,output_-110_-100_-85_-30,-80.6292,-80.3648,149.5553,0.0
G12_022859_1018_XN_78S106W_J08_047742_1005_XN_79S103W,G:\crater_flux_output_folders\output_-110_-100_-85_-30\G12_022859_1018_XN_78S106W_J08_047742_1005_XN_79S103W,output_-110_-100_-85_-30,-80.5511,-78.279,430.4088,0.0
G12_022859_1018_XN_78S106W_J09_048243_1036_XN_76S107W,G:\crater_flux_output_folders\output_-110_-100_-85_-30\G12_022859_1018_XN_78S106W_J09_048243_1036_XN_76S107W,output_-110_-100_-85_-30,-77.5888,-75.507,1002.8842,0.0
G12_022859_1018_XN_78S106W_J12_049364_0984_XI_81S102W,G:\crater_flux_output_folders\output_-110_-100_-85_-30\G12_022859_1018_XN_78S106W_J12_049364_0984_XI_81S102W,output_-110_-100_-85_-30,-80.693,-79.5915,675.3926,0.0
G12_022859_1018_XN_78S106W_J14_050366_1015_XI_78S107W,G:\crater_flux_output_folders\output_-110_-100_-85_-30\G12_022859_1018_XN_78S106W_J14_050366_1015_XI_78S107W,output_-110_-100_-85_-30,-79.7621,-78.0349,104.8414,0.0
G12_022859_1018_XN_78S106W_J13_049799_1014_XI_78S107W,G:\crater_flux_output_folders\output_-110_-100_-85_-30\G12_022859_1018_XN_78S106W_J13_049799_1014_XI_78S107W,output_-110_-100_-85_-30,-79.7333,-79.2656,3.992,0.0
G12_022859_1018_XN_78S106W_J13_049931_0990_XN_81S102W,G:\crater_flux_output_folders\output_-110_-100_-85_-30\G12_022859_1018_XN_78S106W_J13_049931_0990_XN_81S102W,output_-110_-100_-85_-30,-80.6919,-80.4499,159.5635,0.0
G12_022859_1018_XN_78S106W_J13_049944_1005_XN_79S102W,G:\crater_flux_output_folders\output_-110_-100_-85_-30\G12_022859_1018_XN_78S106W_J13_049944_1005_XN_79S102W,output_-110_-100_-85_-30,-80.4297,-78.3586,311.4824,0.0
G13_023307_1051_XN_74S099W_G14_023729_1051_XN_74S101W,G:\crater_flux_output_folders\output_-110_-100_-85_-30\G13_023307_1051_XN_74S099W_G14_023729_1051_XN_74S101W,output_-110_-100_-85_-30,-75.3193,-74.0237,73.8606,48.3155
G13_023307_1051_XN_74S099W_D14_032643_1051_XN_74S101W,G:\crater_flux_output_folders\output_-110_-100_-85_-30\G13_023307_1051_XN_74S099W_D14_032643_1051_XN_74S101W,output_-110_-100_-85_-30,-75.3193,-72.5501,369.7913,333.8998
G13_023307_1051_XN_74S099W_J13_049957_1050_XN_75S099W,G:\crater_flux_output_folders\output_-110_-100_-85_-30\G13_023307_1051_XN_74S099W_J13_049957_1050_XN_75S099W,output_-110_-100_-85_-30,-75.1857,-74.4223,268.543,239.1963
G14_023729_1051_XN_74S101W_D09_030652_1001_XI_79S096W,G:\crater_flux_output_folders\output_-110_-100_-85_-30\G14_023729_1051_XN_74S101W_D09_030652_1001_XI_79S096W,output_-110_-100_-85_-30,-77.427,-77.262,14.5434,0.0
G14_023729_1051_XN_74S101W_D09_030797_1008_XN_79S097W,G:\crater_flux_output_folders\output_-110_-100_-85_-30\G14_023729_1051_XN_74S101W_D09_030797_1008_XN_79S097W,output_-110_-100_-85_-30,-77.427,-77.2757,12.6537,0.0
G14_023729_1051_XN_74S101W_D13_032432_1066_XN_73S101W,G:\crater_flux_output_folders\output_-110_-100_-85_-30\G14_023729_1051_XN_74S101W_D13_032432_1066_XN_73S101W,output_-110_-100_-85_-30,-75.093,-72.093,1174.7709,1135.1416
G14_023729_1051_XN_74S101W_D13_032353_1031_XN_76S101W,G:\crater_flux_output_folders\output_-110_-100_-85_-30\G14_023729_1051_XN_74S101W_D13_032353_1031_XN_76S101W,output_-110_-100_-85_-30,-77.427,-76.967,24.7708,0.0
G14_023729_1051_XN_74S101W_D14_032643_1051_XN_74S101W,G:\crater_flux_output_folders\output_-110_-100_-85_-30\G14_023729_1051_XN_74S101W_D14_032643_1051_XN_74S101W,output_-110_-100_-85_-30,-77.2508,-72.1205,5859.5873,3752.7817
G14_023729_1051_XN_74S101W_D14_032498_1051_XN_74S102W,G:\crater_flux_output_folders\output_-110_-100_-85_-30\G14_023729_1051_XN_74S101W_D14_032498_1051_XN_74S102W,output_-110_-100_-85_-30,-77.4169,-72.1523,3620.6455,1706.7676
G14_023729_1051_XN_74S101W_J09_048190_1047_XN_75S100W,G:\crater_flux_output_folders\output_-110_-100_-85_-30\G14_023729_1051_XN_74S101W_J09_048190_1047_XN_75S100W,output_-110_-100_-85_-30,-76.6488,-73.7985,2109.288,1067.0439
G14_023729_1051_XN_74S101W_J13_049957_1050_XN_75S099W,G:\crater_flux_output_folders\output_-110_-100_-85_-30\G14_023729_1051_XN_74S101W_J13_049957_1050_XN_75S099W,output_-110_-100_-85_-30,-75.2038,-74.4599,45.9166,34.2368
G13_023096_1047_XI_75S107W_D13_032129_1053_XI_74S108W,G:\crater_flux_output_folders\output_-110_-100_-85_-30\G13_023096_1047_XI_75S107W_D13_032129_1053_XI_74S108W,output_-110_-100_-85_-30,-75.78,-74.6106,1080.1947,306.8598
G13_023096_1047_XI_75S107W_J09_048243_1036_XN_76S107W,G:\crater_flux_output_folders\output_-110_-100_-85_-30\G13_023096_1047_XI_75S107W_J09_048243_1036_XN_76S107W,output_-110_-100_-85_-30,-75.78,-75.0422,672.1377,0.0
D06_029505_0980_XN_82S099W_D09_030560_0979_XN_82S099W,G:\crater_flux_output_folders\output_-110_-100_-85_-30\D06_029505_0980_XN_82S099W_D09_030560_0979_XN_82S099W,output_-110_-100_-85_-30,-82.2555,-81.7549,144.2086,0.0
D06_029505_0980_XN_82S099W_D08_030204_0980_XN_82S099W,G:\crater_flux_output_folders\output_-110_-100_-85_-30\D06_029505_0980_XN_82S099W_D08_030204_0980_XN_82S099W,output_-110_-100_-85_-30,-82.2387,-81.66,196.8665,0.0
D06_029505_0980_XN_82S099W_F12_040463_0988_XN_81S100W,G:\crater_flux_output_folders\output_-110_-100_-85_-30\D06_029505_0980_XN_82S099W_F12_040463_0988_XN_81S100W,output_-110_-100_-85_-30,-81.947,-81.6264,80.8509,0.0
D06_029505_0980_XN_82S099W_J04_046463_0980_XN_82S099W,G:\crater_flux_output_folders\output_-110_-100_-85_-30\D06_029505_0980_XN_82S099W_J04_046463_0980_XN_82S099W,output_-110_-100_-85_-30,-82.2964,-81.6264,235.5605,0.0
D06_029505_0980_XN_82S099W_J04_046529_0980_XN_82S099W,G:\crater_flux_output_folders\output_-110_-100_-85_-30\D06_029505_0980_XN_82S099W_J04_046529_0980_XN_82S099W,output_-110_-100_-85_-30,-82.2405,-81.6264,221.0736,0.0
D06_029505_0980_XN_82S099W_J11_049232_0980_XN_82S099W,G:\crater_flux_output_folders\output_-110_-100_-85_-30\D06_029505_0980_XN_82S099W_J11_049232_0980_XN_82S099W,output_-110_-100_-85_-30,-82.2412,-81.6264,222.5439,0.0
D06_029505_0980_XN_82S099W_J12_049364_0984_XI_81S102W,G:\crater_flux_output_folders\output_-110_-100_-85_-30\D06_029505_0980_XN_82S099W_J12_049364_0984_XI_81S102W,output_-110_-100_-85_-30,-82.2158,-81.6264,215.9832,0.0
D06_029545_0950_XN_85S101W_D06_029387_0949_XN_85S100W,G:\crater_flux_output_folders\output_-110_-100_-85_-30\D06_029545_0950_XN_85S101W_D06_029387_0949_XN_85S100W,output_-110_-100_-85_-30,-85.0,-84.7138,266.2694,0.0
D06_029545_0950_XN_85S101W_D04_028833_0947_XN_85S099W,G:\crater_flux_output_folders\output_-110_-100_-85_-30\D06_029545_0950_XN_85S101W_D04_028833_0947_XN_85S099W,output_-110_-100_-85_-30,-85.0,-84.708,268.3248,0.0
D06_029545_0950_XN_85S101W_D08_030165_0945_XN_85S096W,G:\crater_flux_output_folders\output_-110_-100_-85_-30\D06_029545_0950_XN_85S101W_D08_030165_0945_XN_85S096W,output_-110_-100_-85_-30,-85.0,-84.7117,267.7057,0.0
D06_029545_0950_XN_85S101W_D07_030099_0950_XN_85S101W,G:\crater_flux_output_folders\output_-110_-100_-85_-30\D06_029545_0950_XN_85S101W_D07_030099_0950_XN_85S101W,output_-110_-100_-85_-30,-85.0,-84.7105,267.6188,0.0
D06_029545_0950_XN_85S101W_D10_031022_0949_XN_85S100W,G:\crater_flux_output_folders\output_-110_-100_-85_-30\D06_029545_0950_XN_85S101W_D10_031022_0949_XN_85S100W,output_-110_-100_-85_-30,-85.0,-84.7138,250.8814,0.0
D06_029545_0950_XN_85S101W_D13_032130_0943_XI_85S096W,G:\crater_flux_output_folders\output_-110_-100_-85_-30\D06_029545_0950_XN_85S101W_D13_032130_0943_XI_85S096W,output_-110_-100_-85_-30,-85.0,-84.89,51.7775,0.0
D06_029545_0950_XN_85S101W_D10_031167_0950_XN_85S101W,G:\crater_flux_output_folders\output_-110_-100_-85_-30\D06_029545_0950_XN_85S101W_D10_031167_0950_XN_85S101W,output_-110_-100_-85_-30,-85.0,-84.7105,267.5949,0.0
D06_029545_0950_XN_85S101W_D10_031088_0948_XN_85S100W,G:\crater_flux_output_folders\output_-110_-100_-85_-30\D06_029545_0950_XN_85S101W_D10_031088_0948_XN_85S100W,output_-110_-100_-85_-30,-85.0,-84.749,171.0775,0.0
D06_029545_0950_XN_85S101W_F06_037958_0948_XN_85S099W,G:\crater_flux_output_folders\output_-110_-100_-85_-30\D06_029545_0950_XN_85S101W_F06_037958_0948_XN_85S099W,output_-110_-100_-85_-30,-85.0,-84.708,267.9544,0.0
D06_029545_0950_XN_85S101W_F07_038723_0949_XN_85S100W,G:\crater_flux_output_folders\output_-110_-100_-85_-30\D06_029545_0950_XN_85S101W_F07_038723_0949_XN_85S100W,output_-110_-100_-85_-30,-85.0,-84.7121,266.8537,0.0
D06_029545_0950_XN_85S101W_F07_038380_0948_XN_85S099W,G:\crater_flux_output_folders\output_-110_-100_-85_-30\D06_029545_0950_XN_85S101W_F07_038380_0948_XN_85S099W,output_-110_-100_-85_-30,-85.0,-84.708,268.2525,0.0
D06_029545_0950_XN_85S101W_F07_038446_0950_XN_85S101W,G:\crater_flux_output_folders\output_-110_-100_-85_-30\D06_029545_0950_XN_85S101W_F07_038446_0950_XN_85S101W,output_-110_-100_-85_-30,-85.0,-84.7135,266.4254,0.0
D06_029545_0950_XN_85S101W_F09_039422_0950_XN_85S101W,G:\crater_flux_output_folders\output_-110_-100_-85_-30\D06_029545_0950_XN_85S101W_F09_039422_0950_XN_85S101W,output_-110_-100_-85_-30,-85.0,-84.708,268.2679,0.0
D06_029545_0950_XN_85S101W_F10_039633_0950_XN_85S101W,G:\crater_flux_output_folders\output_-110_-100_-85_-30\D06_029545_0950_XN_85S101W_F10_039633_0950_XN_85S101W,output_-110_-100_-85_-30,-85.0,-84.7096,267.9656,0.0
D06_029545_0950_XN_85S101W_J06_046991_0940_XN_86S091W,G:\crater_flux_output_folders\output_-110_-100_-85_-30\D06_029545_0950_XN_85S101W_J06_046991_0940_XN_86S091W,output_-110_-100_-85_-30,-85.0,-84.708,240.5516,0.0
D06_029545_0950_XN_85S101W_J06_047281_0946_XN_85S098W,G:\crater_flux_output_folders\output_-110_-100_-85_-30\D06_029545_0950_XN_85S101W_J06_047281_0946_XN_85S098W,output_-110_-100_-85_-30,-85.0,-84.7081,267.7109,0.0
D06_029545_0950_XN_85S101W_J09_048257_0962_XN_83S114W,G:\crater_flux_output_folders\output_-110_-100_-85_-30\D06_029545_0950_XN_85S101W_J09_048257_0962_XN_83S114W,output_-110_-100_-85_-30,-85.0,-84.8166,92.9476,0.0
D06_029545_0950_XN_85S101W_J14_050406_0967_XI_83S107W,G:\crater_flux_output_folders\output_-110_-100_-85_-30\D06_029545_0950_XN_85S101W_J14_050406_0967_XI_83S107W,output_-110_-100_-85_-30,-84.9713,-84.708,79.6602,0.0
D06_029387_0949_XN_85S100W_D04_028833_0947_XN_85S099W,G:\crater_flux_output_folders\output_-110_-100_-85_-30\D06_029387_0949_XN_85S100W_D04_028833_0947_XN_85S099W,output_-110_-100_-85_-30,-85.0,-84.637,375.695,0.0
D06_029387_0949_XN_85S100W_D08_030165_0945_XN_85S096W,G:\crater_flux_output_folders\output_-110_-100_-85_-30\D06_029387_0949_XN_85S100W_D08_030165_0945_XN_85S096W,output_-110_-100_-85_-30,-85.0,-84.658,346.2117,0.0
D06_029387_0949_XN_85S100W_D07_030099_0950_XN_85S101W,G:\crater_flux_output_folders\output_-110_-100_-85_-30\D06_029387_0949_XN_85S100W_D07_030099_0950_XN_85S101W,output_-110_-100_-85_-30,-85.0,-84.637,381.1152,0.0
D06_029387_0949_XN_85S100W_D10_031022_0949_XN_85S100W,G:\crater_flux_output_folders\output_-110_-100_-85_-30\D06_029387_0949_XN_85S100W_D10_031022_0949_XN_85S100W,output_-110_-100_-85_-30,-85.0,-84.708,252.4586,0.0
D06_029387_0949_XN_85S100W_D13_032130_0943_XI_85S096W,G:\crater_flux_output_folders\output_-110_-100_-85_-30\D06_029387_0949_XN_85S100W_D13_032130_0943_XI_85S096W,output_-110_-100_-85_-30,-85.0,-84.89,52.8724,0.0
D06_029387_0949_XN_85S100W_D10_031167_0950_XN_85S101W,G:\crater_flux_output_folders\output_-110_-100_-85_-30\D06_029387_0949_XN_85S100W_D10_031167_0950_XN_85S101W,output_-110_-100_-85_-30,-85.0,-84.637,380.1642,0.0
D06_029387_0949_XN_85S100W_D10_031088_0948_XN_85S100W,G:\crater_flux_output_folders\output_-110_-100_-85_-30\D06_029387_0949_XN_85S100W_D10_031088_0948_XN_85S100W,output_-110_-100_-85_-30,-85.0,-84.749,170.3117,0.0
D06_029387_0949_XN_85S100W_F06_037958_0948_XN_85S099W,G:\crater_flux_output_folders\output_-110_-100_-85_-30\D06_029387_0949_XN_85S100W_F06_037958_0948_XN_85S099W,output_-110_-100_-85_-30,-85.0,-84.637,375.9726,0.0
D06_029387_0949_XN_85S100W_F07_038723_0949_XN_85S100W,G:\crater_flux_output_folders\output_-110_-100_-85_-30\D06_029387_0949_XN_85S100W_F07_038723_0949_XN_85S100W,output_-110_-100_-85_-30,-85.0,-84.637,381.2669,0.0
D06_029387_0949_XN_85S100W_F07_038380_0948_XN_85S099W,G:\crater_flux_output_folders\output_-110_-100_-85_-30\D06_029387_0949_XN_85S100W_F07_038380_0948_XN_85S099W,output_-110_-100_-85_-30,-85.0,-84.637,377.7611,0.0
D06_029387_0949_XN_85S100W_F07_038446_0950_XN_85S101W,G:\crater_flux_output_folders\output_-110_-100_-85_-30\D06_029387_0949_XN_85S100W_F07_038446_0950_XN_85S101W,output_-110_-100_-85_-30,-85.0,-84.637,382.9297,0.0
D06_029387_0949_XN_85S100W_F10_039633_0950_XN_85S101W,G:\crater_flux_output_folders\output_-110_-100_-85_-30\D06_029387_0949_XN_85S100W_F10_039633_0950_XN_85S101W,output_-110_-100_-85_-30,-85.0,-84.637,380.2178,0.0
D06_029387_0949_XN_85S100W_J06_046991_0940_XN_86S091W,G:\crater_flux_output_folders\output_-110_-100_-85_-30\D06_029387_0949_XN_85S100W_J06_046991_0940_XN_86S091W,output_-110_-100_-85_-30,-85.0,-84.637,340.8826,0.0
D06_029387_0949_XN_85S100W_J06_047281_0946_XN_85S098W,G:\crater_flux_output_folders\output_-110_-100_-85_-30\D06_029387_0949_XN_85S100W_J06_047281_0946_XN_85S098W,output_-110_-100_-85_-30,-85.0,-84.6629,351.2517,0.0
D06_029387_0949_XN_85S100W_J09_048257_0962_XN_83S114W,G:\crater_flux_output_folders\output_-110_-100_-85_-30\D06_029387_0949_XN_85S100W_J09_048257_0962_XN_83S114W,output_-110_-100_-85_-30,-85.0,-84.7494,146.3732,0.0
D06_029387_0949_XN_85S100W_J14_050406_0967_XI_83S107W,G:\crater_flux_output_folders\output_-110_-100_-85_-30\D06_029387_0949_XN_85S100W_J14_050406_0967_XI_83S107W,output_-110_-100_-85_-30,-84.9713,-84.637,102.3965,0.0
D04_028833_0947_XN_85S099W_D08_030165_0945_XN_85S096W,G:\crater_flux_output_folders\output_-110_-100_-85_-30\D04_028833_0947_XN_85S099W_D08_030165_0945_XN_85S096W,output_-110_-100_-85_-30,-85.0,-84.658,347.2573,0.0
D04_028833_0947_XN_85S099W_D07_030099_0950_XN_85S101W,G:\crater_flux_output_folders\output_-110_-100_-85_-30\D04_028833_0947_XN_85S099W_D07_030099_0950_XN_85S101W,output_-110_-100_-85_-30,-85.0,-84.6235,414.9514,0.0
D04_028833_0947_XN_85S099W_D10_031022_0949_XN_85S100W,G:\crater_flux_output_folders\output_-110_-100_-85_-30\D04_028833_0947_XN_85S099W_D10_031022_0949_XN_85S100W,output_-110_-100_-85_-30,-85.0,-84.708,253.3618,0.0
D04_028833_0947_XN_85S099W_D13_032130_0943_XI_85S096W,G:\crater_flux_output_folders\output_-110_-100_-85_-30\D04_028833_0947_XN_85S099W_D13_032130_0943_XI_85S096W,output_-110_-100_-85_-30,-85.0,-84.89,51.9568,0.0
D04_028833_0947_XN_85S099W_D10_031088_0948_XN_85S100W,G:\crater_flux_output_folders\output_-110_-100_-85_-30\D04_028833_0947_XN_85S099W_D10_031088_0948_XN_85S100W,output_-110_-100_-85_-30,-85.0,-84.749,171.1222,0.0
D04_028833_0947_XN_85S099W_F07_038723_0949_XN_85S100W,G:\crater_flux_output_folders\output_-110_-100_-85_-30\D04_028833_0947_XN_85S099W_F07_038723_0949_XN_85S100W,output_-110_-100_-85_-30,-85.0,-84.6252,413.2079,0.0
D04_028833_0947_XN_85S099W_F07_038446_0950_XN_85S101W,G:\crater_flux_output_folders\output_-110_-100_-85_-30\D04_028833_0947_XN_85S099W_F07_038446_0950_XN_85S101W,output_-110_-100_-85_-30,-85.0,-84.6286,410.151,0.0
D04_028833_0947_XN_85S099W_F09_039422_0950_XN_85S101W,G:\crater_flux_output_folders\output_-110_-100_-85_-30\D04_028833_0947_XN_85S099W_F09_039422_0950_XN_85S101W,output_-110_-100_-85_-30,-85.0,-84.6185,417.1813,0.0
D04_028833_0947_XN_85S099W_J06_046991_0940_XN_86S091W,G:\crater_flux_output_folders\output_-110_-100_-85_-30\D04_028833_0947_XN_85S099W_J06_046991_0940_XN_86S091W,output_-110_-100_-85_-30,-85.0,-84.617,384.9632,0.0
D04_028833_0947_XN_85S099W_J06_047281_0946_XN_85S098W,G:\crater_flux_output_folders\output_-110_-100_-85_-30\D04_028833_0947_XN_85S099W_J06_047281_0946_XN_85S098W,output_-110_-100_-85_-30,-85.0,-84.658,357.3785,0.0
D04_028833_0947_XN_85S099W_J09_048257_0962_XN_83S114W,G:\crater_flux_output_folders\output_-110_-100_-85_-30\D04_028833_0947_XN_85S099W_J09_048257_0962_XN_83S114W,output_-110_-100_-85_-30,-85.0,-84.7284,156.4803,0.0
D08_030165_0945_XN_85S096W_D07_030099_0950_XN_85S101W,G:\crater_flux_output_folders\output_-110_-100_-85_-30\D08_030165_0945_XN_85S096W_D07_030099_0950_XN_85S101W,output_-110_-100_-85_-30,-85.0,-84.658,340.7032,0.0
D08_030165_0945_XN_85S096W_D10_031022_0949_XN_85S100W,G:\crater_flux_output_folders\output_-110_-100_-85_-30\D08_030165_0945_XN_85S096W_D10_031022_0949_XN_85S100W,output_-110_-100_-85_-30,-85.0,-84.708,249.3926,0.0
D08_030165_0945_XN_85S096W_D13_032130_0943_XI_85S096W,G:\crater_flux_output_folders\output_-110_-100_-85_-30\D08_030165_0945_XN_85S096W_D13_032130_0943_XI_85S096W,output_-110_-100_-85_-30,-85.0,-84.89,51.7742,0.0
D08_030165_0945_XN_85S096W_D10_031167_0950_XN_85S101W,G:\crater_flux_output_folders\output_-110_-100_-85_-30\D08_030165_0945_XN_85S096W_D10_031167_0950_XN_85S101W,output_-110_-100_-85_-30,-85.0,-84.658,340.1935,0.0
D08_030165_0945_XN_85S096W_D10_031088_0948_XN_85S100W,G:\crater_flux_output_folders\output_-110_-100_-85_-30\D08_030165_0945_XN_85S096W_D10_031088_0948_XN_85S100W,output_-110_-100_-85_-30,-85.0,-84.749,169.198,0.0
D08_030165_0945_XN_85S096W_F07_038723_0949_XN_85S100W,G:\crater_flux_output_folders\output_-110_-100_-85_-30\D08_030165_0945_XN_85S096W_F07_038723_0949_XN_85S100W,output_-110_-100_-85_-30,-85.0,-84.658,340.7398,0.0
D08_030165_0945_XN_85S096W_F07_038446_0950_XN_85S101W,G:\crater_flux_output_folders\output_-110_-100_-85_-30\D08_030165_0945_XN_85S096W_F07_038446_0950_XN_85S101W,output_-110_-100_-85_-30,-85.0,-84.658,342.548,0.0
D08_030165_0945_XN_85S096W_F09_039422_0950_XN_85S101W,G:\crater_flux_output_folders\output_-110_-100_-85_-30\D08_030165_0945_XN_85S096W_F09_039422_0950_XN_85S101W,output_-110_-100_-85_-30,-85.0,-84.658,337.0647,0.0
D08_030165_0945_XN_85S096W_F10_039633_0950_XN_85S101W,G:\crater_flux_output_folders\output_-110_-100_-85_-30\D08_030165_0945_XN_85S096W_F10_039633_0950_XN_85S101W,output_-110_-100_-85_-30,-85.0,-84.658,340.2318,0.0
D08_030165_0945_XN_85S096W_J06_046991_0940_XN_86S091W,G:\crater_flux_output_folders\output_-110_-100_-85_-30\D08_030165_0945_XN_85S096W_J06_046991_0940_XN_86S091W,output_-110_-100_-85_-30,-85.0,-84.658,304.6126,0.0
D08_030165_0945_XN_85S096W_J06_047281_0946_XN_85S098W,G:\crater_flux_output_folders\output_-110_-100_-85_-30\D08_030165_0945_XN_85S096W_J06_047281_0946_XN_85S098W,output_-110_-100_-85_-30,-85.0,-84.6652,335.0979,0.0
D08_030165_0945_XN_85S096W_J05_046622_0950_XN_85S100W,G:\crater_flux_output_folders\output_-110_-100_-85_-30\D08_030165_0945_XN_85S096W_J05_046622_0950_XN_85S100W,output_-110_-100_-85_-30,-85.0,-84.6597,342.548,0.0
D08_030165_0945_XN_85S096W_J09_048257_0962_XN_83S114W,G:\crater_flux_output_folders\output_-110_-100_-85_-30\D08_030165_0945_XN_85S096W_J09_048257_0962_XN_83S114W,output_-110_-100_-85_-30,-85.0,-84.7733,126.1111,0.0
D08_030165_0945_XN_85S096W_J14_050406_0967_XI_83S107W,G:\crater_flux_output_folders\output_-110_-100_-85_-30\D08_030165_0945_XN_85S096W_J14_050406_0967_XI_83S107W,output_-110_-100_-85_-30,-84.9713,-84.658,93.6009,0.0
D09_030560_0979_XN_82S099W_F12_040463_0988_XN_81S100W,G:\crater_flux_output_folders\output_-110_-100_-85_-30\D09_030560_0979_XN_82S099W_F12_040463_0988_XN_81S100W,output_-110_-100_-85_-30,-81.947,-81.7549,38.1168,0.0
D09_030560_0979_XN_82S099W_J04_046529_0980_XN_82S099W,G:\crater_flux_output_folders\output_-110_-100_-85_-30\D09_030560_0979_XN_82S099W_J04_046529_0980_XN_82S099W,output_-110_-100_-85_-30,-82.2405,-81.7549,137.9974,0.0
D09_030560_0979_XN_82S099W_J11_049232_0980_XN_82S099W,G:\crater_flux_output_folders\output_-110_-100_-85_-30\D09_030560_0979_XN_82S099W_J11_049232_0980_XN_82S099W,output_-110_-100_-85_-30,-82.2412,-81.7549,140.3891,0.0
D09_030560_0979_XN_82S099W_J12_049364_0984_XI_81S102W,G:\crater_flux_output_folders\output_-110_-100_-85_-30\D09_030560_0979_XN_82S099W_J12_049364_0984_XI_81S102W,output_-110_-100_-85_-30,-82.2158,-81.7549,132.8467,0.0
D07_029835_0948_XI_85S093W_J06_046991_0940_XN_86S091W,G:\crater_flux_output_folders\output_-110_-100_-85_-30\D07_029835_0948_XI_85S093W_J06_046991_0940_XN_86S091W,output_-110_-100_-85_-30,-84.6976,-84.6468,0.7085,0.0
D07_029835_0948_XI_85S093W_J14_050406_0967_XI_83S107W,G:\crater_flux_output_folders\output_-110_-100_-85_-30\D07_029835_0948_XI_85S093W_J14_050406_0967_XI_83S107W,output_-110_-100_-85_-30,-84.6976,-84.629,2.8151,0.0
D08_030204_0980_XN_82S099W_F12_040463_0988_XN_81S100W,G:\crater_flux_output_folders\output_-110_-100_-85_-30\D08_030204_0980_XN_82S099W_F12_040463_0988_XN_81S100W,output_-110_-100_-85_-30,-81.947,-81.66,67.729,0.0
D08_030204_0980_XN_82S099W_J04_046463_0980_XN_82S099W,G:\crater_flux_output_folders\output_-110_-100_-85_-30\D08_030204_0980_XN_82S099W_J04_046463_0980_XN_82S099W,output_-110_-100_-85_-30,-82.2387,-81.66,202.3601,0.0
D08_030204_0980_XN_82S099W_J04_046529_0980_XN_82S099W,G:\crater_flux_output_folders\output_-110_-100_-85_-30\D08_030204_0980_XN_82S099W_J04_046529_0980_XN_82S099W,output_-110_-100_-85_-30,-82.2387,-81.66,198.121,0.0
D08_030204_0980_XN_82S099W_J11_049232_0980_XN_82S099W,G:\crater_flux_output_folders\output_-110_-100_-85_-30\D08_030204_0980_XN_82S099W_J11_049232_0980_XN_82S099W,output_-110_-100_-85_-30,-82.2387,-81.66,201.4103,0.0
D08_030204_0980_XN_82S099W_J12_049364_0984_XI_81S102W,G:\crater_flux_output_folders\output_-110_-100_-85_-30\D08_030204_0980_XN_82S099W_J12_049364_0984_XI_81S102W,output_-110_-100_-85_-30,-82.2158,-81.66,193.5142,0.0
D09_030652_1001_XI_79S096W_D09_030797_1008_XN_79S097W,G:\crater_flux_output_folders\output_-110_-100_-85_-30\D09_030652_1001_XI_79S096W_D09_030797_1008_XN_79S097W,output_-110_-100_-85_-30,-77.5915,-77.2757,52.1535,0.0
D09_030652_1001_XI_79S096W_D09_030863_1011_XI_78S098W,G:\crater_flux_output_folders\output_-110_-100_-85_-30\D09_030652_1001_XI_79S096W_D09_030863_1011_XI_78S098W,output_-110_-100_-85_-30,-77.9088,-77.5323,85.0534,0.0
D09_030652_1001_XI_79S096W_D13_032353_1031_XN_76S101W,G:\crater_flux_output_folders\output_-110_-100_-85_-30\D09_030652_1001_XI_79S096W_D13_032353_1031_XN_76S101W,output_-110_-100_-85_-30,-77.9088,-77.2665,250.2545,0.0
D09_030797_1008_XN_79S097W_D09_030863_1011_XI_78S098W,G:\crater_flux_output_folders\output_-110_-100_-85_-30\D09_030797_1008_XN_79S097W_D09_030863_1011_XI_78S098W,output_-110_-100_-85_-30,-77.5915,-77.5323,1.7811,0.0
D09_030797_1008_XN_79S097W_D13_032353_1031_XN_76S101W,G:\crater_flux_output_folders\output_-110_-100_-85_-30\D09_030797_1008_XN_79S097W_D13_032353_1031_XN_76S101W,output_-110_-100_-85_-30,-77.5915,-77.279,48.8641,0.0
D09_030797_1008_XN_79S097W_D14_032498_1051_XN_74S102W,G:\crater_flux_output_folders\output_-110_-100_-85_-30\D09_030797_1008_XN_79S097W_D14_032498_1051_XN_74S102W,output_-110_-100_-85_-30,-77.4252,-77.2757,34.0258,0.0
D07_030099_0950_XN_85S101W_D10_031022_0949_XN_85S100W,G:\crater_flux_output_folders\output_-110_-100_-85_-30\D07_030099_0950_XN_85S101W_D10_031022_0949_XN_85S100W,output_-110_-100_-85_-30,-85.0,-84.708,252.5099,0.0
D07_030099_0950_XN_85S101W_D13_032130_0943_XI_85S096W,G:\crater_flux_output_folders\output_-110_-100_-85_-30\D07_030099_0950_XN_85S101W_D13_032130_0943_XI_85S096W,output_-110_-100_-85_-30,-85.0,-84.89,52.7256,0.0
D07_030099_0950_XN_85S101W_D10_031167_0950_XN_85S101W,G:\crater_flux_output_folders\output_-110_-100_-85_-30\D07_030099_0950_XN_85S101W_D10_031167_0950_XN_85S101W,output_-110_-100_-85_-30,-85.0,-84.6071,437.5096,0.0
D07_030099_0950_XN_85S101W_F06_037958_0948_XN_85S099W,G:\crater_flux_output_folders\output_-110_-100_-85_-30\D07_030099_0950_XN_85S101W_F06_037958_0948_XN_85S099W,output_-110_-100_-85_-30,-85.0,-84.556,506.0547,0.0
D07_030099_0950_XN_85S101W_F07_038723_0949_XN_85S100W,G:\crater_flux_output_folders\output_-110_-100_-85_-30\D07_030099_0950_XN_85S101W_F07_038723_0949_XN_85S100W,output_-110_-100_-85_-30,-85.0,-84.607,441.049,0.0
D07_030099_0950_XN_85S101W_F07_038380_0948_XN_85S099W,G:\crater_flux_output_folders\output_-110_-100_-85_-30\D07_030099_0950_XN_85S101W_F07_038380_0948_XN_85S099W,output_-110_-100_-85_-30,-85.0,-84.5577,512.2159,0.0
D07_030099_0950_XN_85S101W_F07_038446_0950_XN_85S101W,G:\crater_flux_output_folders\output_-110_-100_-85_-30\D07_030099_0950_XN_85S101W_F07_038446_0950_XN_85S101W,output_-110_-100_-85_-30,-85.0,-84.607,434.142,0.0
D07_030099_0950_XN_85S101W_F09_039422_0950_XN_85S101W,G:\crater_flux_output_folders\output_-110_-100_-85_-30\D07_030099_0950_XN_85S101W_F09_039422_0950_XN_85S101W,output_-110_-100_-85_-30,-85.0,-84.556,507.2885,0.0
D07_030099_0950_XN_85S101W_F10_039633_0950_XN_85S101W,G:\crater_flux_output_folders\output_-110_-100_-85_-30\D07_030099_0950_XN_85S101W_F10_039633_0950_XN_85S101W,output_-110_-100_-85_-30,-85.0,-84.556,514.6654,0.0
D07_030099_0950_XN_85S101W_J06_046991_0940_XN_86S091W,G:\crater_flux_output_folders\output_-110_-100_-85_-30\D07_030099_0950_XN_85S101W_J06_046991_0940_XN_86S091W,output_-110_-100_-85_-30,-85.0,-84.5776,443.0732,0.0
D07_030099_0950_XN_85S101W_J09_048257_0962_XN_83S114W,G:\crater_flux_output_folders\output_-110_-100_-85_-30\D07_030099_0950_XN_85S101W_J09_048257_0962_XN_83S114W,output_-110_-100_-85_-30,-85.0,-84.6664,210.6035,0.0
D07_030099_0950_XN_85S101W_J14_050406_0967_XI_83S107W,G:\crater_flux_output_folders\output_-110_-100_-85_-30\D07_030099_0950_XN_85S101W_J14_050406_0967_XI_83S107W,output_-110_-100_-85_-30,-84.9713,-84.556,125.9837,0.0
D09_030863_1011_XI_78S098W_D13_032353_1031_XN_76S101W,G:\crater_flux_output_folders\output_-110_-100_-85_-30\D09_030863_1011_XI_78S098W_D13_032353_1031_XN_76S101W,output_-110_-100_-85_-30,-78.1223,-77.5323,180.0128,0.0
D09_030863_1011_XI_78S098W_J12_049535_0993_XI_80S096W,G:\crater_flux_output_folders\output_-110_-100_-85_-30\D09_030863_1011_XI_78S098W_J12_049535_0993_XI_80S096W,output_-110_-100_-85_-30,-78.1223,-78.0717,1.3083,0.0
D13_032169_0935_XI_86S075W_J14_050406_0967_XI_83S107W,G:\crater_flux_output_folders\output_-110_-100_-85_-30\D13_032169_0935_XI_86S075W_J14_050406_0967_XI_83S107W,output_-110_-100_-85_-30,-84.5993,-84.5677,1.6479,0.0
D10_031022_0949_XN_85S100W_D13_032130_0943_XI_85S096W,G:\crater_flux_output_folders\output_-110_-100_-85_-30\D10_031022_0949_XN_85S100W_D13_032130_0943_XI_85S096W,output_-110_-100_-85_-30,-85.0,-84.89,52.9635,0.0
D10_031022_0949_XN_85S100W_D10_031167_0950_XN_85S101W,G:\crater_flux_output_folders\output_-110_-100_-85_-30\D10_031022_0949_XN_85S100W_D10_031167_0950_XN_85S101W,output_-110_-100_-85_-30,-85.0,-84.708,250.1577,0.0
D10_031022_0949_XN_85S100W_D10_031088_0948_XN_85S100W,G:\crater_flux_output_folders\output_-110_-100_-85_-30\D10_031022_0949_XN_85S100W_D10_031088_0948_XN_85S100W,output_-110_-100_-85_-30,-85.0,-84.749,170.8226,0.0
D10_031022_0949_XN_85S100W_F06_037958_0948_XN_85S099W,G:\crater_flux_output_folders\output_-110_-100_-85_-30\D10_031022_0949_XN_85S100W_F06_037958_0948_XN_85S099W,output_-110_-100_-85_-30,-85.0,-84.708,247.4659,0.0
D10_031022_0949_XN_85S100W_F07_038723_0949_XN_85S100W,G:\crater_flux_output_folders\output_-110_-100_-85_-30\D10_031022_0949_XN_85S100W_F07_038723_0949_XN_85S100W,output_-110_-100_-85_-30,-85.0,-84.708,250.6204,0.0
D10_031022_0949_XN_85S100W_F07_038380_0948_XN_85S099W,G:\crater_flux_output_folders\output_-110_-100_-85_-30\D10_031022_0949_XN_85S100W_F07_038380_0948_XN_85S099W,output_-110_-100_-85_-30,-85.0,-84.708,248.342,0.0
D10_031022_0949_XN_85S100W_F07_038446_0950_XN_85S101W,G:\crater_flux_output_folders\output_-110_-100_-85_-30\D10_031022_0949_XN_85S100W_F07_038446_0950_XN_85S101W,output_-110_-100_-85_-30,-85.0,-84.708,251.0108,0.0
D10_031022_0949_XN_85S100W_F09_039422_0950_XN_85S101W,G:\crater_flux_output_folders\output_-110_-100_-85_-30\D10_031022_0949_XN_85S100W_F09_039422_0950_XN_85S101W,output_-110_-100_-85_-30,-85.0,-84.708,247.8904,0.0
D10_031022_0949_XN_85S100W_J06_046991_0940_XN_86S091W,G:\crater_flux_output_folders\output_-110_-100_-85_-30\D10_031022_0949_XN_85S100W_J06_046991_0940_XN_86S091W,output_-110_-100_-85_-30,-85.0,-84.708,222.7968,0.0
D10_031022_0949_XN_85S100W_J05_046622_0950_XN_85S100W,G:\crater_flux_output_folders\output_-110_-100_-85_-30\D10_031022_0949_XN_85S100W_J05_046622_0950_XN_85S100W,output_-110_-100_-85_-30,-85.0,-84.7107,251.0108,0.0
D10_031022_0949_XN_85S100W_J09_048257_0962_XN_83S114W,G:\crater_flux_output_folders\output_-110_-100_-85_-30\D10_031022_0949_XN_85S100W_J09_048257_0962_XN_83S114W,output_-110_-100_-85_-30,-85.0,-84.8324,82.9754,0.0
D10_031022_0949_XN_85S100W_J14_050406_0967_XI_83S107W,G:\crater_flux_output_folders\output_-110_-100_-85_-30\D10_031022_0949_XN_85S100W_J14_050406_0967_XI_83S107W,output_-110_-100_-85_-30,-84.9713,-84.708,75.9369,0.0
D13_032129_1053_XI_74S108W_D12_031773_1061_XN_73S110W,G:\crater_flux_output_folders\output_-110_-100_-85_-30\D13_032129_1053_XI_74S108W_D12_031773_1061_XN_73S110W,output_-110_-100_-85_-30,-75.5739,-73.047,1014.5536,760.3349
D13_032129_1053_XI_74S108W_J09_048243_1036_XN_76S107W,G:\crater_flux_output_folders\output_-110_-100_-85_-30\D13_032129_1053_XI_74S108W_J09_048243_1036_XN_76S107W,output_-110_-100_-85_-30,-76.2604,-75.0422,1708.0876,0.0
D13_032130_0943_XI_85S096W_D10_031167_0950_XN_85S101W,G:\crater_flux_output_folders\output_-110_-100_-85_-30\D13_032130_0943_XI_85S096W_D10_031167_0950_XN_85S101W,output_-110_-100_-85_-30,-85.0,-84.89,32.5886,0.0
D13_032130_0943_XI_85S096W_D10_031088_0948_XN_85S100W,G:\crater_flux_output_folders\output_-110_-100_-85_-30\D13_032130_0943_XI_85S096W_D10_031088_0948_XN_85S100W,output_-110_-100_-85_-30,-85.0,-84.906,25.9676,0.0
D13_032130_0943_XI_85S096W_F06_037958_0948_XN_85S099W,G:\crater_flux_output_folders\output_-110_-100_-85_-30\D13_032130_0943_XI_85S096W_F06_037958_0948_XN_85S099W,output_-110_-100_-85_-30,-85.0,-84.89,31.5276,0.0
D13_032130_0943_XI_85S096W_F07_038723_0949_XN_85S100W,G:\crater_flux_output_folders\output_-110_-100_-85_-30\D13_032130_0943_XI_85S096W_F07_038723_0949_XN_85S100W,output_-110_-100_-85_-30,-85.0,-84.89,32.7173,0.0
D13_032130_0943_XI_85S096W_F07_038380_0948_XN_85S099W,G:\crater_flux_output_folders\output_-110_-100_-85_-30\D13_032130_0943_XI_85S096W_F07_038380_0948_XN_85S099W,output_-110_-100_-85_-30,-85.0,-84.89,31.8559,0.0
D13_032130_0943_XI_85S096W_F07_038446_0950_XN_85S101W,G:\crater_flux_output_folders\output_-110_-100_-85_-30\D13_032130_0943_XI_85S096W_F07_038446_0950_XN_85S101W,output_-110_-100_-85_-30,-85.0,-84.89,33.1137,0.0
D13_032130_0943_XI_85S096W_F09_039422_0950_XN_85S101W,G:\crater_flux_output_folders\output_-110_-100_-85_-30\D13_032130_0943_XI_85S096W_F09_039422_0950_XN_85S101W,output_-110_-100_-85_-30,-85.0,-84.89,31.8478,0.0
D13_032130_0943_XI_85S096W_F10_039633_0950_XN_85S101W,G:\crater_flux_output_folders\output_-110_-100_-85_-30\D13_032130_0943_XI_85S096W_F10_039633_0950_XN_85S101W,output_-110_-100_-85_-30,-85.0,-84.89,32.5784,0.0
D13_032130_0943_XI_85S096W_J06_046991_0940_XN_86S091W,G:\crater_flux_output_folders\output_-110_-100_-85_-30\D13_032130_0943_XI_85S096W_J06_046991_0940_XN_86S091W,output_-110_-100_-85_-30,-85.0,-84.89,15.9408,0.0
D13_032130_0943_XI_85S096W_J06_047281_0946_XN_85S098W,G:\crater_flux_output_folders\output_-110_-100_-85_-30\D13_032130_0943_XI_85S096W_J06_047281_0946_XN_85S098W,output_-110_-100_-85_-30,-85.0,-84.89,31.3319,0.0
D13_032130_0943_XI_85S096W_J05_046622_0950_XN_85S100W,G:\crater_flux_output_folders\output_-110_-100_-85_-30\D13_032130_0943_XI_85S096W_J05_046622_0950_XN_85S100W,output_-110_-100_-85_-30,-85.0,-84.89,33.4835,0.0
D13_032130_0943_XI_85S096W_J09_048257_0962_XN_83S114W,G:\crater_flux_output_folders\output_-110_-100_-85_-30\D13_032130_0943_XI_85S096W_J09_048257_0962_XN_83S114W,output_-110_-100_-85_-30,-85.0,-84.89,33.7936,0.0
D10_031167_0950_XN_85S101W_D10_031088_0948_XN_85S100W,G:\crater_flux_output_folders\output_-110_-100_-85_-30\D10_031167_0950_XN_85S101W_D10_031088_0948_XN_85S100W,output_-110_-100_-85_-30,-85.0,-84.749,171.0664,0.0
D10_031167_0950_XN_85S101W_F06_037958_0948_XN_85S099W,G:\crater_flux_output_folders\output_-110_-100_-85_-30\D10_031167_0950_XN_85S101W_F06_037958_0948_XN_85S099W,output_-110_-100_-85_-30,-85.0,-84.607,430.8538,0.0
D10_031167_0950_XN_85S101W_F07_038723_0949_XN_85S100W,G:\crater_flux_output_folders\output_-110_-100_-85_-30\D10_031167_0950_XN_85S101W_F07_038723_0949_XN_85S100W,output_-110_-100_-85_-30,-85.0,-84.6089,434.3275,0.0
D10_031167_0950_XN_85S101W_F07_038380_0948_XN_85S099W,G:\crater_flux_output_folders\output_-110_-100_-85_-30\D10_031167_0950_XN_85S101W_F07_038380_0948_XN_85S099W,output_-110_-100_-85_-30,-85.0,-84.6073,432.2613,0.0
D10_031167_0950_XN_85S101W_F07_038446_0950_XN_85S101W,G:\crater_flux_output_folders\output_-110_-100_-85_-30\D10_031167_0950_XN_85S101W_F07_038446_0950_XN_85S101W,output_-110_-100_-85_-30,-85.0,-84.6129,430.7198,0.0
D10_031167_0950_XN_85S101W_F09_039422_0950_XN_85S101W,G:\crater_flux_output_folders\output_-110_-100_-85_-30\D10_031167_0950_XN_85S101W_F09_039422_0950_XN_85S101W,output_-110_-100_-85_-30,-85.0,-84.607,429.8506,0.0
D10_031167_0950_XN_85S101W_F10_039633_0950_XN_85S101W,G:\crater_flux_output_folders\output_-110_-100_-85_-30\D10_031167_0950_XN_85S101W_F10_039633_0950_XN_85S101W,output_-110_-100_-85_-30,-85.0,-84.607,434.3123,0.0
D10_031167_0950_XN_85S101W_J06_046991_0940_XN_86S091W,G:\crater_flux_output_folders\output_-110_-100_-85_-30\D10_031167_0950_XN_85S101W_J06_046991_0940_XN_86S091W,output_-110_-100_-85_-30,-85.0,-84.607,394.8059,0.0
D10_031167_0950_XN_85S101W_J06_047281_0946_XN_85S098W,G:\crater_flux_output_folders\output_-110_-100_-85_-30\D10_031167_0950_XN_85S101W_J06_047281_0946_XN_85S098W,output_-110_-100_-85_-30,-85.0,-84.6582,354.8359,0.0
D10_031167_0950_XN_85S101W_J05_046622_0950_XN_85S100W,G:\crater_flux_output_folders\output_-110_-100_-85_-30\D10_031167_0950_XN_85S101W_J05_046622_0950_XN_85S100W,output_-110_-100_-85_-30,-85.0,-84.6199,412.1899,0.0
D10_031167_0950_XN_85S101W_J09_048257_0962_XN_83S114W,G:\crater_flux_output_folders\output_-110_-100_-85_-30\D10_031167_0950_XN_85S101W_J09_048257_0962_XN_83S114W,output_-110_-100_-85_-30,-85.0,-84.7174,168.5507,0.0
D10_031167_0950_XN_85S101W_J14_050406_0967_XI_83S107W,G:\crater_flux_output_folders\output_-110_-100_-85_-30\D10_031167_0950_XN_85S101W_J14_050406_0967_XI_83S107W,output_-110_-100_-85_-30,-84.9713,-84.607,115.9729,0.0
D13_032432_1066_XN_73S101W_D14_032643_1051_XN_74S101W,G:\crater_flux_output_folders\output_-110_-100_-85_-30\D13_032432_1066_XN_73S101W_D14_032643_1051_XN_74S101W,output_-110_-100_-85_-30,-75.093,-72.113,2301.0775,2235.7435
D13_032432_1066_XN_73S101W_J09_048190_1047_XN_75S100W,G:\crater_flux_output_folders\output_-110_-100_-85_-30\D13_032432_1066_XN_73S101W_J09_048190_1047_XN_75S100W,output_-110_-100_-85_-30,-75.093,-73.7826,1133.4766,1071.4925
D13_032432_1066_XN_73S101W_J13_049957_1050_XN_75S099W,G:\crater_flux_output_folders\output_-110_-100_-85_-30\D13_032432_1066_XN_73S101W_J13_049957_1050_XN_75S099W,output_-110_-100_-85_-30,-75.0661,-74.4499,287.6205,264.0266
D13_032353_1031_XN_76S101W_D14_032498_1051_XN_74S102W,G:\crater_flux_output_folders\output_-110_-100_-85_-30\D13_032353_1031_XN_76S101W_D14_032498_1051_XN_74S102W,output_-110_-100_-85_-30,-77.467,-75.163,1191.5572,0.0
D13_032353_1031_XN_76S101W_J07_047610_1028_XN_77S102W,G:\crater_flux_output_folders\output_-110_-100_-85_-30\D13_032353_1031_XN_76S101W_J07_047610_1028_XN_77S102W,output_-110_-100_-85_-30,-78.428,-75.2391,1274.6477,0.0
D13_032353_1031_XN_76S101W_J13_050023_1034_XN_76S103W,G:\crater_flux_output_folders\output_-110_-100_-85_-30\D13_032353_1031_XN_76S101W_J13_050023_1034_XN_76S103W,output_-110_-100_-85_-30,-78.0354,-75.2253,1461.005,0.0
D14_032643_1051_XN_74S101W_D14_032498_1051_XN_74S102W,G:\crater_flux_output_folders\output_-110_-100_-85_-30\D14_032643_1051_XN_74S101W_D14_032498_1051_XN_74S102W,output_-110_-100_-85_-30,-77.2508,-72.1724,2785.9554,1205.2337
D14_032643_1051_XN_74S101W_J09_048190_1047_XN_75S100W,G:\crater_flux_output_folders\output_-110_-100_-85_-30\D14_032643_1051_XN_74S101W_J09_048190_1047_XN_75S100W,output_-110_-100_-85_-30,-76.6488,-73.789,2369.1433,1276.225
D14_032643_1051_XN_74S101W_J13_049957_1050_XN_75S099W,G:\crater_flux_output_folders\output_-110_-100_-85_-30\D14_032643_1051_XN_74S101W_J13_049957_1050_XN_75S099W,output_-110_-100_-85_-30,-75.2038,-74.4497,158.0414,123.9608
D12_031773_1061_XN_73S110W_J09_048243_1036_XN_76S107W,G:\crater_flux_output_folders\output_-110_-100_-85_-30\D12_031773_1061_XN_73S110W_J09_048243_1036_XN_76S107W,output_-110_-100_-85_-30,-75.5774,-75.0983,231.5987,0.0
D13_032182_1030_XN_77S112W_J14_050353_1027_XI_77S110W,G:\crater_flux_output_folders\output_-115_-110_-85_-70\D13_032182_1030_XN_77S112W_J14_050353_1027_XI_77S110W,output_-110_-100_-85_-30,-78.7113,-78.2166,691.5551,0.0
D10_031088_0948_XN_85S100W_F06_037958_0948_XN_85S099W,G:\crater_flux_output_folders\output_-110_-100_-85_-30\D10_031088_0948_XN_85S100W_F06_037958_0948_XN_85S099W,output_-110_-100_-85_-30,-85.0,-84.749,164.2243,0.0
D10_031088_0948_XN_85S100W_F07_038723_0949_XN_85S100W,G:\crater_flux_output_folders\output_-110_-100_-85_-30\D10_031088_0948_XN_85S100W_F07_038723_0949_XN_85S100W,output_-110_-100_-85_-30,-85.0,-84.749,164.9022,0.0
D10_031088_0948_XN_85S100W_F07_038380_0948_XN_85S099W,G:\crater_flux_output_folders\output_-110_-100_-85_-30\D10_031088_0948_XN_85S100W_F07_038380_0948_XN_85S099W,output_-110_-100_-85_-30,-85.0,-84.749,164.4228,0.0
D10_031088_0948_XN_85S100W_F07_038446_0950_XN_85S101W,G:\crater_flux_output_folders\output_-110_-100_-85_-30\D10_031088_0948_XN_85S100W_F07_038446_0950_XN_85S101W,output_-110_-100_-85_-30,-85.0,-84.749,165.0647,0.0
D10_031088_0948_XN_85S100W_F09_039422_0950_XN_85S101W,G:\crater_flux_output_folders\output_-110_-100_-85_-30\D10_031088_0948_XN_85S100W_F09_039422_0950_XN_85S101W,output_-110_-100_-85_-30,-85.0,-84.749,164.4387,0.0
D10_031088_0948_XN_85S100W_F10_039633_0950_XN_85S101W,G:\crater_flux_output_folders\output_-110_-100_-85_-30\D10_031088_0948_XN_85S100W_F10_039633_0950_XN_85S101W,output_-110_-100_-85_-30,-85.0,-84.749,164.8348,0.0
D10_031088_0948_XN_85S100W_J06_046991_0940_XN_86S091W,G:\crater_flux_output_folders\output_-110_-100_-85_-30\D10_031088_0948_XN_85S100W_J06_046991_0940_XN_86S091W,output_-110_-100_-85_-30,-85.0,-84.749,151.8868,0.0
D10_031088_0948_XN_85S100W_J05_046622_0950_XN_85S100W,G:\crater_flux_output_folders\output_-110_-100_-85_-30\D10_031088_0948_XN_85S100W_J05_046622_0950_XN_85S100W,output_-110_-100_-85_-30,-85.0,-84.749,165.1505,0.0
D10_031088_0948_XN_85S100W_J09_048257_0962_XN_83S114W,G:\crater_flux_output_folders\output_-110_-100_-85_-30\D10_031088_0948_XN_85S100W_J09_048257_0962_XN_83S114W,output_-110_-100_-85_-30,-85.0,-84.8845,42.5001,0.0
D10_031088_0948_XN_85S100W_J14_050406_0967_XI_83S107W,G:\crater_flux_output_folders\output_-110_-100_-85_-30\D10_031088_0948_XN_85S100W_J14_050406_0967_XI_83S107W,output_-110_-100_-85_-30,-84.9713,-84.749,54.8553,0.0
F06_037958_0948_XN_85S099W_F07_038723_0949_XN_85S100W,G:\crater_flux_output_folders\output_-110_-100_-85_-30\F06_037958_0948_XN_85S099W_F07_038723_0949_XN_85S100W,output_-110_-100_-85_-30,-85.0,-84.607,440.4018,0.0
F06_037958_0948_XN_85S099W_F07_038380_0948_XN_85S099W,G:\crater_flux_output_folders\output_-110_-100_-85_-30\F06_037958_0948_XN_85S099W_F07_038380_0948_XN_85S099W,output_-110_-100_-85_-30,-85.0,-84.5578,509.0834,0.0
F06_037958_0948_XN_85S099W_F07_038446_0950_XN_85S101W,G:\crater_flux_output_folders\output_-110_-100_-85_-30\F06_037958_0948_XN_85S099W_F07_038446_0950_XN_85S101W,output_-110_-100_-85_-30,-85.0,-84.607,433.1646,0.0
F06_037958_0948_XN_85S099W_F09_039422_0950_XN_85S101W,G:\crater_flux_output_folders\output_-110_-100_-85_-30\F06_037958_0948_XN_85S099W_F09_039422_0950_XN_85S101W,output_-110_-100_-85_-30,-85.0,-84.556,505.8368,0.0
F06_037958_0948_XN_85S099W_F10_039633_0950_XN_85S101W,G:\crater_flux_output_folders\output_-110_-100_-85_-30\F06_037958_0948_XN_85S099W_F10_039633_0950_XN_85S101W,output_-110_-100_-85_-30,-85.0,-84.556,509.0834,0.0
F06_037958_0948_XN_85S099W_J06_046991_0940_XN_86S091W,G:\crater_flux_output_folders\output_-110_-100_-85_-30\F06_037958_0948_XN_85S099W_J06_046991_0940_XN_86S091W,output_-110_-100_-85_-30,-85.0,-84.577,447.8504,0.0
F06_037958_0948_XN_85S099W_J06_047281_0946_XN_85S098W,G:\crater_flux_output_folders\output_-110_-100_-85_-30\F06_037958_0948_XN_85S099W_J06_047281_0946_XN_85S098W,output_-110_-100_-85_-30,-85.0,-84.658,356.2342,0.0
F06_037958_0948_XN_85S099W_J05_046622_0950_XN_85S100W,G:\crater_flux_output_folders\output_-110_-100_-85_-30\F06_037958_0948_XN_85S099W_J05_046622_0950_XN_85S100W,output_-110_-100_-85_-30,-85.0,-84.617,410.3329,0.0
F06_037958_0948_XN_85S099W_J09_048257_0962_XN_83S114W,G:\crater_flux_output_folders\output_-110_-100_-85_-30\F06_037958_0948_XN_85S099W_J09_048257_0962_XN_83S114W,output_-110_-100_-85_-30,-85.0,-84.672,199.5774,0.0
F06_037958_0948_XN_85S099W_J14_050406_0967_XI_83S107W,G:\crater_flux_output_folders\output_-110_-100_-85_-30\F06_037958_0948_XN_85S099W_J14_050406_0967_XI_83S107W,output_-110_-100_-85_-30,-84.9713,-84.556,131.2566,0.0
F07_038723_0949_XN_85S100W_F07_038380_0948_XN_85S099W,G:\crater_flux_output_folders\output_-110_-100_-85_-30\F07_038723_0949_XN_85S100W_F07_038380_0948_XN_85S099W,output_-110_-100_-85_-30,-85.0,-84.607,432.9046,0.0
F07_038723_0949_XN_85S100W_F07_038446_0950_XN_85S101W,G:\crater_flux_output_folders\output_-110_-100_-85_-30\F07_038723_0949_XN_85S100W_F07_038446_0950_XN_85S101W,output_-110_-100_-85_-30,-85.0,-84.611,432.0784,0.0
F07_038723_0949_XN_85S100W_F09_039422_0950_XN_85S101W,G:\crater_flux_output_folders\output_-110_-100_-85_-30\F07_038723_0949_XN_85S100W_F09_039422_0950_XN_85S101W,output_-110_-100_-85_-30,-85.0,-84.607,429.7751,0.0
F07_038723_0949_XN_85S100W_F10_039633_0950_XN_85S101W,G:\crater_flux_output_folders\output_-110_-100_-85_-30\F07_038723_0949_XN_85S100W_F10_039633_0950_XN_85S101W,output_-110_-100_-85_-30,-85.0,-84.607,435.2665,0.0
F07_038723_0949_XN_85S100W_J06_046991_0940_XN_86S091W,G:\crater_flux_output_folders\output_-110_-100_-85_-30\F07_038723_0949_XN_85S100W_J06_046991_0940_XN_86S091W,output_-110_-100_-85_-30,-85.0,-84.607,394.7431,0.0
F07_038723_0949_XN_85S100W_J06_047281_0946_XN_85S098W,G:\crater_flux_output_folders\output_-110_-100_-85_-30\F07_038723_0949_XN_85S100W_J06_047281_0946_XN_85S098W,output_-110_-100_-85_-30,-85.0,-84.6599,353.234,0.0
F07_038723_0949_XN_85S100W_J05_046622_0950_XN_85S100W,G:\crater_flux_output_folders\output_-110_-100_-85_-30\F07_038723_0949_XN_85S100W_J05_046622_0950_XN_85S100W,output_-110_-100_-85_-30,-85.0,-84.6181,412.8213,0.0
F07_038723_0949_XN_85S100W_J09_048257_0962_XN_83S114W,G:\crater_flux_output_folders\output_-110_-100_-85_-30\F07_038723_0949_XN_85S100W_J09_048257_0962_XN_83S114W,output_-110_-100_-85_-30,-85.0,-84.7157,171.0305,0.0
F07_038723_0949_XN_85S100W_J14_050406_0967_XI_83S107W,G:\crater_flux_output_folders\output_-110_-100_-85_-30\F07_038723_0949_XN_85S100W_J14_050406_0967_XI_83S107W,output_-110_-100_-85_-30,-84.9713,-84.607,114.0143,0.0
F07_038380_0948_XN_85S099W_F07_038446_0950_XN_85S101W,G:\crater_flux_output_folders\output_-110_-100_-85_-30\F07_038380_0948_XN_85S099W_F07_038446_0950_XN_85S101W,output_-110_-100_-85_-30,-85.0,-84.607,428.619,0.0
F07_038380_0948_XN_85S099W_F10_039633_0950_XN_85S101W,G:\crater_flux_output_folders\output_-110_-100_-85_-30\F07_038380_0948_XN_85S099W_F10_039633_0950_XN_85S101W,output_-110_-100_-85_-30,-85.0,-84.5498,529.9847,0.0
F07_038380_0948_XN_85S099W_J06_047281_0946_XN_85S098W,G:\crater_flux_output_folders\output_-110_-100_-85_-30\F07_038380_0948_XN_85S099W_J06_047281_0946_XN_85S098W,output_-110_-100_-85_-30,-85.0,-84.658,351.0084,0.0
F07_038380_0948_XN_85S099W_J05_046622_0950_XN_85S100W,G:\crater_flux_output_folders\output_-110_-100_-85_-30\F07_038380_0948_XN_85S099W_J05_046622_0950_XN_85S100W,output_-110_-100_-85_-30,-85.0,-84.617,408.5099,0.0
F07_038380_0948_XN_85S099W_J09_048257_0962_XN_83S114W,G:\crater_flux_output_folders\output_-110_-100_-85_-30\F07_038380_0948_XN_85S099W_J09_048257_0962_XN_83S114W,output_-110_-100_-85_-30,-85.0,-84.6535,219.4871,0.0
F07_038380_0948_XN_85S099W_J14_050406_0967_XI_83S107W,G:\crater_flux_output_folders\output_-110_-100_-85_-30\F07_038380_0948_XN_85S099W_J14_050406_0967_XI_83S107W,output_-110_-100_-85_-30,-84.9713,-84.546,126.0977,0.0
F07_038446_0950_XN_85S101W_F09_039422_0950_XN_85S101W,G:\crater_flux_output_folders\output_-110_-100_-85_-30\F07_038446_0950_XN_85S101W_F09_039422_0950_XN_85S101W,output_-110_-100_-85_-30,-85.0,-84.607,419.724,0.0
F07_038446_0950_XN_85S101W_F10_039633_0950_XN_85S101W,G:\crater_flux_output_folders\output_-110_-100_-85_-30\F07_038446_0950_XN_85S101W_F10_039633_0950_XN_85S101W,output_-110_-100_-85_-30,-85.0,-84.607,425.6607,0.0
F07_038446_0950_XN_85S101W_J06_046991_0940_XN_86S091W,G:\crater_flux_output_folders\output_-110_-100_-85_-30\F07_038446_0950_XN_85S101W_J06_046991_0940_XN_86S091W,output_-110_-100_-85_-30,-85.0,-84.607,384.6646,0.0
F07_038446_0950_XN_85S101W_J05_046622_0950_XN_85S100W,G:\crater_flux_output_folders\output_-110_-100_-85_-30\F07_038446_0950_XN_85S101W_J05_046622_0950_XN_85S100W,output_-110_-100_-85_-30,-85.0,-84.617,414.3674,0.0
F07_038446_0950_XN_85S101W_J09_048257_0962_XN_83S114W,G:\crater_flux_output_folders\output_-110_-100_-85_-30\F07_038446_0950_XN_85S101W_J09_048257_0962_XN_83S114W,output_-110_-100_-85_-30,-85.0,-84.7201,172.3277,0.0
F10_039580_0995_XN_80S110W_J11_048929_1001_XN_79S110W,G:\crater_flux_output_folders\output_-115_-110_-85_-70\F10_039580_0995_XN_80S110W_J11_048929_1001_XN_79S110W,output_-110_-100_-85_-30,-80.9859,-80.2337,190.2587,0.0
F10_039580_0995_XN_80S110W_J10_048507_1000_XN_80S112W,G:\crater_flux_output_folders\output_-115_-110_-85_-70\F10_039580_0995_XN_80S110W_J10_048507_1000_XN_80S112W,output_-110_-100_-85_-30,-80.5925,-80.4492,752.6245,0.0
F10_039580_0995_XN_80S110W_J10_048586_0990_XN_81S110W,G:\crater_flux_output_folders\output_-115_-110_-85_-70\F10_039580_0995_XN_80S110W_J10_048586_0990_XN_81S110W,output_-110_-100_-85_-30,-81.219,-80.4702,186.216,0.0
F10_039580_0995_XN_80S110W_J11_049285_0994_XN_80S110W,G:\crater_flux_output_folders\output_-110_-100_-85_-30\F10_039580_0995_XN_80S110W_J11_049285_0994_XN_80S110W,output_-110_-100_-85_-30,-81.219,-80.2337,439.7674,0.0
F10_039580_0995_XN_80S110W_J14_050340_0975_XI_82S106W,G:\crater_flux_output_folders\output_-110_-100_-85_-30\F10_039580_0995_XN_80S110W_J14_050340_0975_XI_82S106W,output_-110_-100_-85_-30,-81.219,-80.8443,176.8472,0.0
F10_039580_0995_XN_80S110W_J13_049720_0993_XI_80S108W,G:\crater_flux_output_folders\output_-110_-100_-85_-30\F10_039580_0995_XN_80S110W_J13_049720_0993_XI_80S108W,output_-110_-100_-85_-30,-81.1447,-80.7163,8.1978,0.0
F10_039580_0995_XN_80S110W_J13_049760_0973_XI_82S107W,G:\crater_flux_output_folders\output_-110_-100_-85_-30\F10_039580_0995_XN_80S110W_J13_049760_0973_XI_82S107W,output_-110_-100_-85_-30,-81.219,-81.1953,0.0804,0.0
F09_039422_0950_XN_85S101W_J06_047281_0946_XN_85S098W,G:\crater_flux_output_folders\output_-110_-100_-85_-30\F09_039422_0950_XN_85S101W_J06_047281_0946_XN_85S098W,output_-110_-100_-85_-30,-85.0,-84.658,352.6538,0.0
F09_039422_0950_XN_85S101W_J05_046622_0950_XN_85S100W,G:\crater_flux_output_folders\output_-110_-100_-85_-30\F09_039422_0950_XN_85S101W_J05_046622_0950_XN_85S100W,output_-110_-100_-85_-30,-85.0,-84.617,407.7779,0.0
F09_039422_0950_XN_85S101W_J09_048257_0962_XN_83S114W,G:\crater_flux_output_folders\output_-110_-100_-85_-30\F09_039422_0950_XN_85S101W_J09_048257_0962_XN_83S114W,output_-110_-100_-85_-30,-85.0,-84.6021,253.4435,0.0
F09_039422_0950_XN_85S101W_J14_050406_0967_XI_83S107W,G:\crater_flux_output_folders\output_-110_-100_-85_-30\F09_039422_0950_XN_85S101W_J14_050406_0967_XI_83S107W,output_-110_-100_-85_-30,-84.9713,-84.496,142.8537,0.0
F09_039501_0981_XN_81S110W_F12_040450_0971_XN_82S109W,G:\crater_flux_output_folders\output_-110_-100_-85_-30\F09_039501_0981_XN_81S110W_F12_040450_0971_XN_82S109W,output_-110_-100_-85_-30,-83.069,-82.493,355.3969,0.0
F09_039501_0981_XN_81S110W_J10_048705_0975_XN_82S111W,G:\crater_flux_output_folders\output_-110_-100_-85_-30\F09_039501_0981_XN_81S110W_J10_048705_0975_XN_82S111W,output_-110_-100_-85_-30,-82.7246,-82.2505,121.0978,0.0
F09_039501_0981_XN_81S110W_J14_050406_0967_XI_83S107W,G:\crater_flux_output_folders\output_-115_-110_-85_-70\F09_039501_0981_XN_81S110W_J14_050406_0967_XI_83S107W,output_-110_-100_-85_-30,-83.0604,-81.9666,329.7871,0.0
F09_039501_0981_XN_81S110W_J13_049760_0973_XI_82S107W,G:\crater_flux_output_folders\output_-115_-110_-85_-70\F09_039501_0981_XN_81S110W_J13_049760_0973_XI_82S107W,output_-110_-100_-85_-30,-82.9081,-81.5355,1028.561,0.0
F10_039738_1000_XN_80S104W_J09_048309_1014_XN_78S106W,G:\crater_flux_output_folders\output_-110_-100_-85_-30\F10_039738_1000_XN_80S104W_J09_048309_1014_XN_78S106W,output_-110_-100_-85_-30,-80.0543,-79.085,766.7787,0.0
F10_039738_1000_XN_80S104W_J14_050366_1015_XI_78S107W,G:\crater_flux_output_folders\output_-110_-100_-85_-30\F10_039738_1000_XN_80S104W_J14_050366_1015_XI_78S107W,output_-110_-100_-85_-30,-79.8093,-79.085,521.626,0.0
F10_039633_0950_XN_85S101W_J06_046991_0940_XN_86S091W,G:\crater_flux_output_folders\output_-110_-100_-85_-30\F10_039633_0950_XN_85S101W_J06_046991_0940_XN_86S091W,output_-110_-100_-85_-30,-85.0,-84.577,442.8325,0.0
F10_039633_0950_XN_85S101W_J06_047281_0946_XN_85S098W,G:\crater_flux_output_folders\output_-110_-100_-85_-30\F10_039633_0950_XN_85S101W_J06_047281_0946_XN_85S098W,output_-110_-100_-85_-30,-85.0,-84.658,352.3933,0.0
F10_039633_0950_XN_85S101W_J09_048257_0962_XN_83S114W,G:\crater_flux_output_folders\output_-110_-100_-85_-30\F10_039633_0950_XN_85S101W_J09_048257_0962_XN_83S114W,output_-110_-100_-85_-30,-85.0,-84.6575,216.4223,0.0
F10_039633_0950_XN_85S101W_J14_050406_0967_XI_83S107W,G:\crater_flux_output_folders\output_-110_-100_-85_-30\F10_039633_0950_XN_85S101W_J14_050406_0967_XI_83S107W,output_-110_-100_-85_-30,-84.9713,-84.546,128.0883,0.0
F11_040028_1026_XN_77S105W_J08_047742_1005_XN_79S103W,G:\crater_flux_output_folders\output_-110_-100_-85_-30\F11_040028_1026_XN_77S105W_J08_047742_1005_XN_79S103W,output_-110_-100_-85_-30,-78.5615,-78.2761,186.8684,0.0
F11_040028_1026_XN_77S105W_J09_048243_1036_XN_76S107W,G:\crater_flux_output_folders\output_-110_-100_-85_-30\F11_040028_1026_XN_77S105W_J09_048243_1036_XN_76S107W,output_-110_-100_-85_-30,-77.5649,-76.0474,1802.8072,0.0
F11_040028_1026_XN_77S105W_J13_049944_1005_XN_79S102W,G:\crater_flux_output_folders\output_-110_-100_-85_-30\F11_040028_1026_XN_77S105W_J13_049944_1005_XN_79S102W,output_-110_-100_-85_-30,-78.5542,-78.3154,190.1511,0.0
F11_040226_0993_XN_80S106W_F12_040477_1005_XN_79S110W,G:\crater_flux_output_folders\output_-110_-100_-85_-30\F11_040226_0993_XN_80S106W_F12_040477_1005_XN_79S110W,output_-110_-100_-85_-30,-79.6127,-79.4024,10.2859,0.0
F11_040226_0993_XN_80S106W_J12_049364_0984_XI_81S102W,G:\crater_flux_output_folders\output_-110_-100_-85_-30\F11_040226_0993_XN_80S106W_J12_049364_0984_XI_81S102W,output_-110_-100_-85_-30,-80.4636,-79.4058,58.65,0.0
F11_040226_0993_XN_80S106W_J14_050287_1030_XI_77S113W,G:\crater_flux_output_folders\output_-110_-100_-85_-30\F11_040226_0993_XN_80S106W_J14_050287_1030_XI_77S113W,output_-110_-100_-85_-30,-79.091,-78.979,3.3031,0.0
F11_040226_0993_XN_80S106W_J14_050353_1027_XI_77S110W,G:\crater_flux_output_folders\output_-110_-100_-85_-30\F11_040226_0993_XN_80S106W_J14_050353_1027_XI_77S110W,output_-110_-100_-85_-30,-79.186,-78.903,160.7765,0.0
F11_040226_0993_XN_80S106W_J13_049720_0993_XI_80S108W,G:\crater_flux_output_folders\output_-110_-100_-85_-30\F11_040226_0993_XN_80S106W_J13_049720_0993_XI_80S108W,output_-110_-100_-85_-30,-81.9819,-79.3579,393.7518,0.0
F12_040450_0971_XN_82S109W_J10_048705_0975_XN_82S111W,G:\crater_flux_output_folders\output_-115_-110_-85_-70\F12_040450_0971_XN_82S109W_J10_048705_0975_XN_82S111W,output_-110_-100_-85_-30,-82.759,-82.5116,164.8562,0.0
F12_040450_0971_XN_82S109W_J12_049338_0969_XN_83S111W,G:\crater_flux_output_folders\output_-115_-110_-85_-70\F12_040450_0971_XN_82S109W_J12_049338_0969_XN_83S111W,output_-110_-100_-85_-30,-83.2702,-82.7151,358.3044,0.0
F12_040450_0971_XN_82S109W_J14_050406_0967_XI_83S107W,G:\crater_flux_output_folders\output_-110_-100_-85_-30\F12_040450_0971_XN_82S109W_J14_050406_0967_XI_83S107W,output_-110_-100_-85_-30,-83.2238,-82.493,460.7058,0.0
F12_040450_0971_XN_82S109W_J13_049747_0973_XI_82S115W,G:\crater_flux_output_folders\output_-115_-110_-85_-70\F12_040450_0971_XN_82S109W_J13_049747_0973_XI_82S115W,output_-110_-100_-85_-30,-83.2702,-82.8853,276.7361,0.0
F12_040463_0988_XN_81S100W_J04_046463_0980_XN_82S099W,G:\crater_flux_output_folders\output_-110_-100_-85_-30\F12_040463_0988_XN_81S100W_J04_046463_0980_XN_82S099W,output_-110_-100_-85_-30,-81.947,-81.6194,68.7473,0.0
F12_040463_0988_XN_81S100W_J04_046529_0980_XN_82S099W,G:\crater_flux_output_folders\output_-110_-100_-85_-30\F12_040463_0988_XN_81S100W_J04_046529_0980_XN_82S099W,output_-110_-100_-85_-30,-81.947,-81.5408,98.0292,0.0
F12_040463_0988_XN_81S100W_J08_047742_1005_XN_79S103W,G:\crater_flux_output_folders\output_-110_-100_-85_-30\F12_040463_0988_XN_81S100W_J08_047742_1005_XN_79S103W,output_-110_-100_-85_-30,-80.5511,-80.34,119.2422,0.0
F12_040463_0988_XN_81S100W_J11_049232_0980_XN_82S099W,G:\crater_flux_output_folders\output_-110_-100_-85_-30\F12_040463_0988_XN_81S100W_J11_049232_0980_XN_82S099W,output_-110_-100_-85_-30,-81.947,-81.5984,75.7458,0.0
F12_040463_0988_XN_81S100W_J12_049364_0984_XI_81S102W,G:\crater_flux_output_folders\output_-110_-100_-85_-30\F12_040463_0988_XN_81S100W_J12_049364_0984_XI_81S102W,output_-110_-100_-85_-30,-81.947,-80.3982,736.2283,0.0
F12_040463_0988_XN_81S100W_J14_050300_0992_XI_80S098W,G:\crater_flux_output_folders\output_-110_-100_-85_-30\F12_040463_0988_XN_81S100W_J14_050300_0992_XI_80S098W,output_-110_-100_-85_-30,-80.592,-80.318,44.5567,0.0
F12_040463_0988_XN_81S100W_J13_049931_0990_XN_81S102W,G:\crater_flux_output_folders\output_-110_-100_-85_-30\F12_040463_0988_XN_81S100W_J13_049931_0990_XN_81S102W,output_-110_-100_-85_-30,-81.411,-80.4499,365.4416,0.0
F12_040463_0988_XN_81S100W_J13_049944_1005_XN_79S102W,G:\crater_flux_output_folders\output_-110_-100_-85_-30\F12_040463_0988_XN_81S100W_J13_049944_1005_XN_79S102W,output_-110_-100_-85_-30,-80.4297,-80.318,28.2783,0.0
F12_040477_1005_XN_79S110W_F12_040648_1005_XN_79S111W,G:\crater_flux_output_folders\output_-115_-110_-85_-70\F12_040477_1005_XN_79S110W_F12_040648_1005_XN_79S111W,output_-110_-100_-85_-30,-79.7206,-79.2591,961.9481,0.0
F12_040477_1005_XN_79S110W_J11_048929_1001_XN_79S110W,G:\crater_flux_output_folders\output_-115_-110_-85_-70\F12_040477_1005_XN_79S110W_J11_048929_1001_XN_79S110W,output_-110_-100_-85_-30,-79.7206,-79.1578,953.7112,0.0
F12_040477_1005_XN_79S110W_J14_050287_1030_XI_77S113W,G:\crater_flux_output_folders\output_-115_-110_-85_-70\F12_040477_1005_XN_79S110W_J14_050287_1030_XI_77S113W,output_-110_-100_-85_-30,-79.5637,-79.113,725.7881,0.0
F12_040477_1005_XN_79S110W_J13_049720_0993_XI_80S108W,G:\crater_flux_output_folders\output_-110_-100_-85_-30\F12_040477_1005_XN_79S110W_J13_049720_0993_XI_80S108W,output_-110_-100_-85_-30,-79.7206,-79.3785,157.4025,0.0
F12_040648_1005_XN_79S111W_J11_048929_1001_XN_79S110W,G:\crater_flux_output_folders\output_-115_-110_-85_-70\F12_040648_1005_XN_79S111W_J11_048929_1001_XN_79S110W,output_-110_-100_-85_-30,-79.7543,-79.2591,920.3318,0.0
F12_040648_1005_XN_79S111W_J14_050287_1030_XI_77S113W,G:\crater_flux_output_folders\output_-115_-110_-85_-70\F12_040648_1005_XN_79S111W_J14_050287_1030_XI_77S113W,output_-110_-100_-85_-30,-79.5637,-79.2591,683.3919,0.0
F12_040648_1005_XN_79S111W_J13_049720_0993_XI_80S108W,G:\crater_flux_output_folders\output_-115_-110_-85_-70\F12_040648_1005_XN_79S111W_J13_049720_0993_XI_80S108W,output_-110_-100_-85_-30,-79.7543,-79.4012,185.3005,0.0
J06_046991_0940_XN_86S091W_J06_047281_0946_XN_85S098W,G:\crater_flux_output_folders\output_-110_-100_-85_-30\J06_046991_0940_XN_86S091W_J06_047281_0946_XN_85S098W,output_-110_-100_-85_-30,-85.0,-84.658,319.1858,0.0
J06_046991_0940_XN_86S091W_J05_046622_0950_XN_85S100W,G:\crater_flux_output_folders\output_-110_-100_-85_-30\J06_046991_0940_XN_86S091W_J05_046622_0950_XN_85S100W,output_-110_-100_-85_-30,-85.0,-84.617,372.9961,0.0
J06_046991_0940_XN_86S091W_J14_050406_0967_XI_83S107W,G:\crater_flux_output_folders\output_-110_-100_-85_-30\J06_046991_0940_XN_86S091W_J14_050406_0967_XI_83S107W,output_-110_-100_-85_-30,-84.9713,-84.577,122.7717,0.0
J06_047281_0946_XN_85S098W_J05_046622_0950_XN_85S100W,G:\crater_flux_output_folders\output_-110_-100_-85_-30\J06_047281_0946_XN_85S098W_J05_046622_0950_XN_85S100W,output_-110_-100_-85_-30,-85.0,-84.6671,350.3774,0.0
J06_047281_0946_XN_85S098W_J09_048257_0962_XN_83S114W,G:\crater_flux_output_folders\output_-110_-100_-85_-30\J06_047281_0946_XN_85S098W_J09_048257_0962_XN_83S114W,output_-110_-100_-85_-30,-85.0,-84.7665,129.4987,0.0
J06_047281_0946_XN_85S098W_J14_050406_0967_XI_83S107W,G:\crater_flux_output_folders\output_-110_-100_-85_-30\J06_047281_0946_XN_85S098W_J14_050406_0967_XI_83S107W,output_-110_-100_-85_-30,-84.9713,-84.658,101.1024,0.0
J04_046463_0980_XN_82S099W_J04_046529_0980_XN_82S099W,G:\crater_flux_output_folders\output_-110_-100_-85_-30\J04_046463_0980_XN_82S099W_J04_046529_0980_XN_82S099W,output_-110_-100_-85_-30,-82.2405,-81.6194,225.1498,0.0
J04_046463_0980_XN_82S099W_J11_049232_0980_XN_82S099W,G:\crater_flux_output_folders\output_-110_-100_-85_-30\J04_046463_0980_XN_82S099W_J11_049232_0980_XN_82S099W,output_-110_-100_-85_-30,-82.2412,-81.6194,226.4453,0.0
J04_046463_0980_XN_82S099W_J12_049364_0984_XI_81S102W,G:\crater_flux_output_folders\output_-110_-100_-85_-30\J04_046463_0980_XN_82S099W_J12_049364_0984_XI_81S102W,output_-110_-100_-85_-30,-82.2158,-81.6194,220.1249,0.0
J04_046529_0980_XN_82S099W_J11_049232_0980_XN_82S099W,G:\crater_flux_output_folders\output_-110_-100_-85_-30\J04_046529_0980_XN_82S099W_J11_049232_0980_XN_82S099W,output_-110_-100_-85_-30,-82.2405,-81.5984,245.0568,0.0
J04_046529_0980_XN_82S099W_J12_049364_0984_XI_81S102W,G:\crater_flux_output_folders\output_-110_-100_-85_-30\J04_046529_0980_XN_82S099W_J12_049364_0984_XI_81S102W,output_-110_-100_-85_-30,-82.2158,-81.5408,285.061,0.0
J05_046622_0950_XN_85S100W_J09_048257_0962_XN_83S114W,G:\crater_flux_output_folders\output_-110_-100_-85_-30\J05_046622_0950_XN_85S100W_J09_048257_0962_XN_83S114W,output_-110_-100_-85_-30,-85.0,-84.7317,164.3337,0.0
J05_046622_0950_XN_85S100W_J14_050406_0967_XI_83S107W,G:\crater_flux_output_folders\output_-110_-100_-85_-30\J05_046622_0950_XN_85S100W_J14_050406_0967_XI_83S107W,output_-110_-100_-85_-30,-84.9713,-84.617,97.3781,0.0
J08_047742_1005_XN_79S103W_J13_049944_1005_XN_79S102W,G:\crater_flux_output_folders\output_-110_-100_-85_-30\J08_047742_1005_XN_79S103W_J13_049944_1005_XN_79S102W,output_-110_-100_-85_-30,-80.4258,-78.3546,1379.9596,0.0
J07_047610_1028_XN_77S102W_J09_048177_1011_XN_78S101W,G:\crater_flux_output_folders\output_-110_-100_-85_-30\J07_047610_1028_XN_77S102W_J09_048177_1011_XN_78S101W,output_-110_-100_-85_-30,-79.1658,-78.5289,173.4004,0.0
J07_047610_1028_XN_77S102W_J12_049535_0993_XI_80S096W,G:\crater_flux_output_folders\output_-110_-100_-85_-30\J07_047610_1028_XN_77S102W_J12_049535_0993_XI_80S096W,output_-110_-100_-85_-30,-79.028,-78.0995,338.3824,0.0
J07_047610_1028_XN_77S102W_J14_050379_1009_XI_79S101W,G:\crater_flux_output_folders\output_-110_-100_-85_-30\J07_047610_1028_XN_77S102W_J14_050379_1009_XI_79S101W,output_-110_-100_-85_-30,-79.1658,-78.4177,276.0527,0.0
J07_047610_1028_XN_77S102W_J13_050023_1034_XN_76S103W,G:\crater_flux_output_folders\output_-110_-100_-85_-30\J07_047610_1028_XN_77S102W_J13_050023_1034_XN_76S103W,output_-110_-100_-85_-30,-78.0535,-75.0473,1878.3887,0.0
J08_048046_0951_XN_84S112W_J09_048244_0946_XN_85S108W,G:\crater_flux_output_folders\output_-110_-100_-85_-30\J08_048046_0951_XN_84S112W_J09_048244_0946_XN_85S108W,output_-110_-100_-85_-30,-85.0,-84.8479,35.691,0.0
J08_048046_0951_XN_84S112W_J09_048323_0946_XN_85S108W,G:\crater_flux_output_folders\output_-110_-100_-85_-30\J08_048046_0951_XN_84S112W_J09_048323_0946_XN_85S108W,output_-110_-100_-85_-30,-85.0,-84.8042,53.1417,0.0
J08_048046_0951_XN_84S112W_J10_048534_0945_XN_85S107W,G:\crater_flux_output_folders\output_-110_-100_-85_-30\J08_048046_0951_XN_84S112W_J10_048534_0945_XN_85S107W,output_-110_-100_-85_-30,-85.0,-84.9207,21.344,0.0
J09_048177_1011_XN_78S101W_J14_050379_1009_XI_79S101W,G:\crater_flux_output_folders\output_-110_-100_-85_-30\J09_048177_1011_XN_78S101W_J14_050379_1009_XI_79S101W,output_-110_-100_-85_-30,-79.5161,-78.5289,927.7416,0.0
J09_048177_1011_XN_78S101W_J13_049944_1005_XN_79S102W,G:\crater_flux_output_folders\output_-110_-100_-85_-30\J09_048177_1011_XN_78S101W_J13_049944_1005_XN_79S102W,output_-110_-100_-85_-30,-79.55,-78.5985,586.6365,0.0
J09_048190_1047_XN_75S100W_J13_049957_1050_XN_75S099W,G:\crater_flux_output_folders\output_-110_-100_-85_-30\J09_048190_1047_XN_75S100W_J13_049957_1050_XN_75S099W,output_-110_-100_-85_-30,-75.2038,-74.4304,467.0972,387.0818
J09_048230_1041_XN_75S112W_J14_050353_1027_XI_77S110W,G:\crater_flux_output_folders\output_-115_-110_-85_-70\J09_048230_1041_XN_75S112W_J14_050353_1027_XI_77S110W,output_-110_-100_-85_-30,-77.7258,-77.1776,2840.4078,0.0
J09_048244_0946_XN_85S108W_J09_048323_0946_XN_85S108W,G:\crater_flux_output_folders\output_-110_-100_-85_-30\J09_048244_0946_XN_85S108W_J09_048323_0946_XN_85S108W,output_-110_-100_-85_-30,-85.0,-84.8479,19.7784,0.0
J09_048244_0946_XN_85S108W_J10_048534_0945_XN_85S107W,G:\crater_flux_output_folders\output_-110_-100_-85_-30\J09_048244_0946_XN_85S108W_J10_048534_0945_XN_85S107W,output_-110_-100_-85_-30,-85.0,-84.9207,14.2719,0.0
J09_048309_1014_XN_78S106W_J12_049364_0984_XI_81S102W,G:\crater_flux_output_folders\output_-110_-100_-85_-30\J09_048309_1014_XN_78S106W_J12_049364_0984_XI_81S102W,output_-110_-100_-85_-30,-80.0758,-79.3073,665.7994,0.0
J09_048309_1014_XN_78S106W_J14_050353_1027_XI_77S110W,G:\crater_flux_output_folders\output_-110_-100_-85_-30\J09_048309_1014_XN_78S106W_J14_050353_1027_XI_77S110W,output_-110_-100_-85_-30,-79.0554,-78.8912,0.7707,0.0
J09_048309_1014_XN_78S106W_J14_050366_1015_XI_78S107W,G:\crater_flux_output_folders\output_-110_-100_-85_-30\J09_048309_1014_XN_78S106W_J14_050366_1015_XI_78S107W,output_-110_-100_-85_-30,-79.8129,-77.1137,2125.5539,0.0
J09_048309_1014_XN_78S106W_J13_049799_1014_XI_78S107W,G:\crater_flux_output_folders\output_-110_-100_-85_-30\J09_048309_1014_XN_78S106W_J13_049799_1014_XI_78S107W,output_-110_-100_-85_-30,-79.7927,-77.2855,1916.5993,0.0
J09_048323_0946_XN_85S108W_J10_048534_0945_XN_85S107W,G:\crater_flux_output_folders\output_-115_-110_-85_-70\J09_048323_0946_XN_85S108W_J10_048534_0945_XN_85S107W,output_-110_-100_-85_-30,-85.0,-84.9207,5.7179,0.0
J09_048494_0994_XN_80S113W_J10_048586_0990_XN_81S110W,G:\crater_flux_output_folders\output_-110_-100_-85_-30\J09_048494_0994_XN_80S113W_J10_048586_0990_XN_81S110W,output_-110_-100_-85_-30,-81.4121,-81.1551,22.8056,0.0
J09_048494_0994_XN_80S113W_J11_049285_0994_XN_80S110W,G:\crater_flux_output_folders\output_-115_-110_-85_-70\J09_048494_0994_XN_80S113W_J11_049285_0994_XN_80S110W,output_-110_-100_-85_-30,-81.4121,-81.1551,144.2785,0.0
J09_048494_0994_XN_80S113W_J14_050340_0975_XI_82S106W,G:\crater_flux_output_folders\output_-115_-110_-85_-70\J09_048494_0994_XN_80S113W_J14_050340_0975_XI_82S106W,output_-110_-100_-85_-30,-81.4121,-81.1551,164.7502,0.0
J09_048494_0994_XN_80S113W_J13_049760_0973_XI_82S107W,G:\crater_flux_output_folders\output_-115_-110_-85_-70\J09_048494_0994_XN_80S113W_J13_049760_0973_XI_82S107W,output_-110_-100_-85_-30,-81.4121,-81.1606,1072.7448,0.0
J09_048494_0994_XN_80S113W_J13_049984_0994_XN_80S112W,G:\crater_flux_output_folders\output_-115_-110_-85_-70\J09_048494_0994_XN_80S113W_J13_049984_0994_XN_80S112W,output_-110_-100_-85_-30,-81.4121,-81.1693,1766.7695,0.0
J11_048929_1001_XN_79S110W_J10_048507_1000_XN_80S112W,G:\crater_flux_output_folders\output_-115_-110_-85_-70\J11_048929_1001_XN_79S110W_J10_048507_1000_XN_80S112W,output_-110_-100_-85_-30,-80.5819,-80.4492,97.6579,0.0
J11_048929_1001_XN_79S110W_J10_048586_0990_XN_81S110W,G:\crater_flux_output_folders\output_-110_-100_-85_-30\J11_048929_1001_XN_79S110W_J10_048586_0990_XN_81S110W,output_-110_-100_-85_-30,-80.9859,-80.4702,121.8545,0.0
J11_048929_1001_XN_79S110W_J11_049285_0994_XN_80S110W,G:\crater_flux_output_folders\output_-110_-100_-85_-30\J11_048929_1001_XN_79S110W_J11_049285_0994_XN_80S110W,output_-110_-100_-85_-30,-80.9859,-80.0765,350.3756,0.0
J11_048929_1001_XN_79S110W_J14_050287_1030_XI_77S113W,G:\crater_flux_output_folders\output_-115_-110_-85_-70\J11_048929_1001_XN_79S110W_J14_050287_1030_XI_77S113W,output_-110_-100_-85_-30,-79.5637,-79.1578,1052.8699,0.0
J11_048929_1001_XN_79S110W_J13_049720_0993_XI_80S108W,G:\crater_flux_output_folders\output_-110_-100_-85_-30\J11_048929_1001_XN_79S110W_J13_049720_0993_XI_80S108W,output_-110_-100_-85_-30,-80.9639,-79.3886,1374.2908,0.0
J10_048507_1000_XN_80S112W_J10_048586_0990_XN_81S110W,G:\crater_flux_output_folders\output_-115_-110_-85_-70\J10_048507_1000_XN_80S112W_J10_048586_0990_XN_81S110W,output_-110_-100_-85_-30,-80.5925,-80.4872,126.3686,0.0
J10_048507_1000_XN_80S112W_J11_049285_0994_XN_80S110W,G:\crater_flux_output_folders\output_-115_-110_-85_-70\J10_048507_1000_XN_80S112W_J11_049285_0994_XN_80S110W,output_-110_-100_-85_-30,-80.5925,-80.4492,1085.5386,0.0
J10_048586_0990_XN_81S110W_J11_049285_0994_XN_80S110W,G:\crater_flux_output_folders\output_-110_-100_-85_-30\J10_048586_0990_XN_81S110W_J11_049285_0994_XN_80S110W,output_-110_-100_-85_-30,-81.4483,-80.4702,651.9342,0.0
J10_048586_0990_XN_81S110W_J14_050340_0975_XI_82S106W,G:\crater_flux_output_folders\output_-110_-100_-85_-30\J10_048586_0990_XN_81S110W_J14_050340_0975_XI_82S106W,output_-110_-100_-85_-30,-81.4593,-80.8443,424.9284,0.0
J10_048586_0990_XN_81S110W_J13_049720_0993_XI_80S108W,G:\crater_flux_output_folders\output_-110_-100_-85_-30\J10_048586_0990_XN_81S110W_J13_049720_0993_XI_80S108W,output_-110_-100_-85_-30,-81.384,-80.8827,11.9785,0.0
J10_048586_0990_XN_81S110W_J13_049760_0973_XI_82S107W,G:\crater_flux_output_folders\output_-115_-110_-85_-70\J10_048586_0990_XN_81S110W_J13_049760_0973_XI_82S107W,output_-110_-100_-85_-30,-81.4636,-81.1606,267.0437,0.0
J10_048586_0990_XN_81S110W_J13_049984_0994_XN_80S112W,G:\crater_flux_output_folders\output_-115_-110_-85_-70\J10_048586_0990_XN_81S110W_J13_049984_0994_XN_80S112W,output_-110_-100_-85_-30,-81.4636,-81.1693,470.7264,0.0
J10_048705_0975_XN_82S111W_J12_049338_0969_XN_83S111W,G:\crater_flux_output_folders\output_-110_-100_-85_-30\J10_048705_0975_XN_82S111W_J12_049338_0969_XN_83S111W,output_-110_-100_-85_-30,-82.759,-82.7151,1.4241,0.0
J10_048705_0975_XN_82S111W_J14_050406_0967_XI_83S107W,G:\crater_flux_output_folders\output_-115_-110_-85_-70\J10_048705_0975_XN_82S111W_J14_050406_0967_XI_83S107W,output_-110_-100_-85_-30,-82.7373,-82.2505,289.731,0.0
J11_049232_0980_XN_82S099W_J12_049364_0984_XI_81S102W,G:\crater_flux_output_folders\output_-110_-100_-85_-30\J11_049232_0980_XN_82S099W_J12_049364_0984_XI_81S102W,output_-110_-100_-85_-30,-82.2158,-81.5984,236.6733,0.0
J11_049285_0994_XN_80S110W_J14_050340_0975_XI_82S106W,G:\crater_flux_output_folders\output_-110_-100_-85_-30\J11_049285_0994_XN_80S110W_J14_050340_0975_XI_82S106W,output_-110_-100_-85_-30,-81.4449,-80.8443,390.6421,0.0
J11_049285_0994_XN_80S110W_J13_049720_0993_XI_80S108W,G:\crater_flux_output_folders\output_-110_-100_-85_-30\J11_049285_0994_XN_80S110W_J13_049720_0993_XI_80S108W,output_-110_-100_-85_-30,-81.3383,-80.0765,182.3825,0.0
J11_049285_0994_XN_80S110W_J13_049760_0973_XI_82S107W,G:\crater_flux_output_folders\output_-115_-110_-85_-70\J11_049285_0994_XN_80S110W_J13_049760_0973_XI_82S107W,output_-110_-100_-85_-30,-81.4483,-81.1606,87.5485,0.0
J11_049285_0994_XN_80S110W_J13_049984_0994_XN_80S112W,G:\crater_flux_output_folders\output_-115_-110_-85_-70\J11_049285_0994_XN_80S110W_J13_049984_0994_XN_80S112W,output_-110_-100_-85_-30,-81.4483,-81.1693,435.1024,0.0
J12_049338_0969_XN_83S111W_J13_049747_0973_XI_82S115W,G:\crater_flux_output_folders\output_-110_-100_-85_-30\J12_049338_0969_XN_83S111W_J13_049747_0973_XI_82S115W,output_-110_-100_-85_-30,-83.9495,-82.8853,777.6706,0.0
J12_049364_0984_XI_81S102W_J13_049799_1014_XI_78S107W,G:\crater_flux_output_folders\output_-110_-100_-85_-30\J12_049364_0984_XI_81S102W_J13_049799_1014_XI_78S107W,output_-110_-100_-85_-30,-79.7927,-79.3073,211.4094,0.0
J12_049364_0984_XI_81S102W_J13_049931_0990_XN_81S102W,G:\crater_flux_output_folders\output_-110_-100_-85_-30\J12_049364_0984_XI_81S102W_J13_049931_0990_XN_81S102W,output_-110_-100_-85_-30,-81.4612,-80.4499,458.2134,0.0
J12_049535_0993_XI_80S096W_J14_050379_1009_XI_79S101W,G:\crater_flux_output_folders\output_-110_-100_-85_-30\J12_049535_0993_XI_80S096W_J14_050379_1009_XI_79S101W,output_-110_-100_-85_-30,-78.8063,-78.4177,19.0456,0.0
J14_050287_1030_XI_77S113W_J13_049720_0993_XI_80S108W,G:\crater_flux_output_folders\output_-115_-110_-85_-70\J14_050287_1030_XI_77S113W_J13_049720_0993_XI_80S108W,output_-110_-100_-85_-30,-79.5637,-79.3897,95.8065,0.0
J14_050300_0992_XI_80S098W_J14_050379_1009_XI_79S101W,G:\crater_flux_output_folders\output_-110_-100_-85_-30\J14_050300_0992_XI_80S098W_J14_050379_1009_XI_79S101W,output_-110_-100_-85_-30,-79.7118,-79.5578,65.1224,0.0
J14_050300_0992_XI_80S098W_J13_049944_1005_XN_79S102W,G:\crater_flux_output_folders\output_-110_-100_-85_-30\J14_050300_0992_XI_80S098W_J13_049944_1005_XN_79S102W,output_-110_-100_-85_-30,-80.3533,-79.5957,503.4938,0.0
J14_050340_0975_XI_82S106W_J14_050406_0967_XI_83S107W,G:\crater_flux_output_folders\output_-110_-100_-85_-30\J14_050340_0975_XI_82S106W_J14_050406_0967_XI_83S107W,output_-110_-100_-85_-30,-83.9495,-83.6515,16.7558,0.0
J14_050340_0975_XI_82S106W_J13_049720_0993_XI_80S108W,G:\crater_flux_output_folders\output_-110_-100_-85_-30\J14_050340_0975_XI_82S106W_J13_049720_0993_XI_80S108W,output_-110_-100_-85_-30,-82.0984,-81.2391,67.8696,0.0
J14_050340_0975_XI_82S106W_J13_049760_0973_XI_82S107W,G:\crater_flux_output_folders\output_-115_-110_-85_-70\J14_050340_0975_XI_82S106W_J13_049760_0973_XI_82S107W,output_-110_-100_-85_-30,-83.9495,-81.1606,157.2496,0.0
J14_050340_0975_XI_82S106W_J13_049984_0994_XN_80S112W,G:\crater_flux_output_folders\output_-115_-110_-85_-70\J14_050340_0975_XI_82S106W_J13_049984_0994_XN_80S112W,output_-110_-100_-85_-30,-81.5104,-81.1693,197.5573,0.0
J14_050340_0975_XI_82S106W_J13_049997_0969_XN_83S101W,G:\crater_flux_output_folders\output_-110_-100_-85_-30\J14_050340_0975_XI_82S106W_J13_049997_0969_XN_83S101W,output_-110_-100_-85_-30,-83.7516,-81.9094,43.1013,0.0
J14_050379_1009_XI_79S101W_J13_049944_1005_XN_79S102W,G:\crater_flux_output_folders\output_-110_-100_-85_-30\J14_050379_1009_XI_79S101W_J13_049944_1005_XN_79S102W,output_-110_-100_-85_-30,-79.7118,-78.4963,176.5189,0.0
J13_049720_0993_XI_80S108W_J13_049760_0973_XI_82S107W,G:\crater_flux_output_folders\output_-110_-100_-85_-30\J13_049720_0993_XI_80S108W_J13_049760_0973_XI_82S107W,output_-110_-100_-85_-30,-82.0984,-81.7268,82.7402,0.0
J13_049720_0993_XI_80S108W_J13_049997_0969_XN_83S101W,G:\crater_flux_output_folders\output_-110_-100_-85_-30\J13_049720_0993_XI_80S108W_J13_049997_0969_XN_83S101W,output_-110_-100_-85_-30,-82.0567,-81.821,153.7451,0.0
J13_049760_0973_XI_82S107W_J13_049984_0994_XN_80S112W,G:\crater_flux_output_folders\output_-110_-100_-85_-30\J13_049760_0973_XI_82S107W_J13_049984_0994_XN_80S112W,output_-110_-100_-85_-30,-81.524,-81.1693,0.6073,0.0
T01_000823_2642_XN_84N114W_P01_001496_2603_XN_80N103W,G:\crater_flux_output_folders\output_-115_-110_50_85\T01_000823_2642_XN_84N114W_P01_001496_2603_XN_80N103W,output_-110_-100_60_85,82.028,82.7139,23.1418,0.0
T01_000823_2642_XN_84N114W_P01_001509_2637_XN_83N107W,G:\crater_flux_output_folders\output_-110_-100_60_85\T01_000823_2642_XN_84N114W_P01_001509_2637_XN_83N107W,output_-110_-100_60_85,82.1273,83.1231,726.1214,0.0
T01_000823_2642_XN_84N114W_P13_006151_2600_XN_80N104W,G:\crater_flux_output_folders\output_-110_-100_60_85\T01_000823_2642_XN_84N114W_P13_006151_2600_XN_80N104W,output_-110_-100_60_85,82.028,82.523,438.1003,0.0
T01_000823_2642_XN_84N114W_P14_006507_2634_XN_83N112W,G:\crater_flux_output_folders\output_-115_-110_50_85\T01_000823_2642_XN_84N114W_P14_006507_2634_XN_83N112W,output_-110_-100_60_85,82.028,82.433,1.6094,0.0
T01_000823_2642_XN_84N114W_P17_007517_2768_XN_83N103W,G:\crater_flux_output_folders\output_-110_-100_60_85\T01_000823_2642_XN_84N114W_P17_007517_2768_XN_83N103W,output_-110_-100_60_85,82.028,82.6318,535.6727,0.0
T01_000823_2642_XN_84N114W_P17_007667_2614_XN_81N105W,G:\crater_flux_output_folders\output_-110_-100_60_85\T01_000823_2642_XN_84N114W_P17_007667_2614_XN_81N105W,output_-110_-100_60_85,82.028,82.351,242.8874,0.0
T01_000823_2642_XN_84N114W_P21_009091_2640_XN_84N114W,G:\crater_flux_output_folders\output_-115_-110_50_85\T01_000823_2642_XN_84N114W_P21_009091_2640_XN_84N114W,output_-110_-100_60_85,82.3995,83.1231,1043.5219,0.0
T01_000823_2642_XN_84N114W_P21_009315_2608_XI_80N101W,G:\crater_flux_output_folders\output_-110_-100_60_85\T01_000823_2642_XN_84N114W_P21_009315_2608_XI_80N101W,output_-110_-100_60_85,82.0688,83.0204,864.1745,0.0
T01_000823_2642_XN_84N114W_G16_024374_2631_XN_83N111W,G:\crater_flux_output_folders\output_-115_-110_50_85\T01_000823_2642_XN_84N114W_G16_024374_2631_XN_83N111W,output_-110_-100_60_85,82.048,82.3646,119.4622,0.0
T01_000823_2642_XN_84N114W_G15_024242_2631_XI_83N107W,G:\crater_flux_output_folders\output_-110_-100_60_85\T01_000823_2642_XN_84N114W_G15_024242_2631_XI_83N107W,output_-110_-100_60_85,82.028,83.1231,1157.902,0.0
T01_000823_2642_XN_84N114W_G17_024901_2629_XI_82N104W,G:\crater_flux_output_folders\output_-115_-110_50_85\T01_000823_2642_XN_84N114W_G17_024901_2629_XI_82N104W,output_-110_-100_60_85,82.1357,83.1231,178.3023,0.0
T01_000823_2642_XN_84N114W_G18_025178_2615_XN_81N101W,G:\crater_flux_output_folders\output_-110_-100_60_85\T01_000823_2642_XN_84N114W_G18_025178_2615_XN_81N101W,output_-110_-100_60_85,82.196,82.3299,9.6293,0.0
T01_000823_2642_XN_84N114W_D01_027710_2628_XN_82N107W,G:\crater_flux_output_folders\output_-110_-100_60_85\T01_000823_2642_XN_84N114W_D01_027710_2628_XN_82N107W,output_-110_-100_60_85,82.341,83.0582,534.6519,0.0
T01_000823_2642_XN_84N114W_G22_026866_2627_XN_82N108W,G:\crater_flux_output_folders\output_-110_-100_60_85\T01_000823_2642_XN_84N114W_G22_026866_2627_XN_82N108W,output_-110_-100_60_85,82.169,83.086,843.8497,0.0
T01_000823_2642_XN_84N114W_F21_043903_2619_XN_81N102W,G:\crater_flux_output_folders\output_-110_-100_60_85\T01_000823_2642_XN_84N114W_F21_043903_2619_XN_81N102W,output_-110_-100_60_85,82.2089,82.22,0.0348,0.0
P01_001496_2603_XN_80N103W_P01_001509_2637_XN_83N107W,G:\crater_flux_output_folders\output_-110_-100_60_85\P01_001496_2603_XN_80N103W_P01_001509_2637_XN_83N107W,output_-110_-100_60_85,81.9427,82.746,461.3042,0.0
P01_001496_2603_XN_80N103W_P13_006151_2600_XN_80N104W,G:\crater_flux_output_folders\output_-110_-100_60_85\P01_001496_2603_XN_80N103W_P13_006151_2600_XN_80N104W,output_-110_-100_60_85,77.629,82.523,4779.0418,0.0
P01_001496_2603_XN_80N103W_P13_006217_2589_XN_78N104W,G:\crater_flux_output_folders\output_-110_-100_60_85\P01_001496_2603_XN_80N103W_P13_006217_2589_XN_78N104W,output_-110_-100_60_85,78.5383,81.34,132.2668,0.0
P01_001496_2603_XN_80N103W_P13_006230_2595_XN_79N100W,G:\crater_flux_output_folders\output_-110_-100_60_85\P01_001496_2603_XN_80N103W_P13_006230_2595_XN_79N100W,output_-110_-100_60_85,78.017,81.8666,1948.5158,0.0
P01_001496_2603_XN_80N103W_P14_006507_2634_XN_83N112W,G:\crater_flux_output_folders\output_-110_-100_60_85\P01_001496_2603_XN_80N103W_P14_006507_2634_XN_83N112W,output_-110_-100_60_85,80.885,82.433,1196.3455,0.0
P01_001496_2603_XN_80N103W_P14_006586_2585_XN_78N098W,G:\crater_flux_output_folders\output_-110_-100_60_85\P01_001496_2603_XN_80N103W_P14_006586_2585_XN_78N098W,output_-110_-100_60_85,77.9101,80.8893,997.4765,0.0
P01_001496_2603_XN_80N103W_P17_007517_2768_XN_83N103W,G:\crater_flux_output_folders\output_-110_-100_60_85\P01_001496_2603_XN_80N103W_P17_007517_2768_XN_83N103W,output_-110_-100_60_85,81.775,82.703,873.3977,0.0
P01_001496_2603_XN_80N103W_P17_007667_2614_XN_81N105W,G:\crater_flux_output_folders\output_-110_-100_60_85\P01_001496_2603_XN_80N103W_P17_007667_2614_XN_81N105W,output_-110_-100_60_85,80.278,82.3469,2621.3514,0.0
P01_001496_2603_XN_80N103W_P18_008097_2787_XN_81N105W,G:\crater_flux_output_folders\output_-110_-100_60_85\P01_001496_2603_XN_80N103W_P18_008097_2787_XN_81N105W,output_-110_-100_60_85,80.844,81.694,818.3507,0.0
P01_001496_2603_XN_80N103W_P20_008822_2787_XN_81N105W,G:\crater_flux_output_folders\output_-110_-100_60_85\P01_001496_2603_XN_80N103W_P20_008822_2787_XN_81N105W,output_-110_-100_60_85,80.844,81.684,778.3268,0.0
P01_001496_2603_XN_80N103W_P20_009012_2609_XN_80N106W,G:\crater_flux_output_folders\output_-110_-100_60_85\P01_001496_2603_XN_80N103W_P20_009012_2609_XN_80N106W,output_-110_-100_60_85,80.4561,81.269,681.066,0.0
P01_001496_2603_XN_80N103W_P21_009091_2640_XN_84N114W,G:\crater_flux_output_folders\output_-110_-100_60_85\P01_001496_2603_XN_80N103W_P21_009091_2640_XN_84N114W,output_-110_-100_60_85,82.3995,82.746,275.2637,0.0
P01_001496_2603_XN_80N103W_P21_009157_2635_XI_83N115W,G:\crater_flux_output_folders\output_-110_-100_60_85\P01_001496_2603_XN_80N103W_P21_009157_2635_XI_83N115W,output_-110_-100_60_85,81.0697,82.0247,177.4073,0.0
P01_001496_2603_XN_80N103W_P21_009315_2608_XI_80N101W,G:\crater_flux_output_folders\output_-110_-100_60_85\P01_001496_2603_XN_80N103W_P21_009315_2608_XI_80N101W,output_-110_-100_60_85,79.8518,82.746,1794.8622,0.0
P01_001496_2603_XN_80N103W_P22_009447_2593_XN_79N099W,G:\crater_flux_output_folders\output_-110_-100_60_85\P01_001496_2603_XN_80N103W_P22_009447_2593_XN_79N099W,output_-110_-100_60_85,78.145,79.2739,134.1528,0.0
P01_001496_2603_XN_80N103W_P22_009579_2594_XN_79N104W,G:\crater_flux_output_folders\output_-110_-100_60_85\P01_001496_2603_XN_80N103W_P22_009579_2594_XN_79N104W,output_-110_-100_60_85,77.9257,80.794,205.0682,0.0
P01_001496_2603_XN_80N103W_P22_009737_2598_XN_79N102W,G:\crater_flux_output_folders\output_-110_-100_60_85\P01_001496_2603_XN_80N103W_P22_009737_2598_XN_79N102W,output_-110_-100_60_85,79.307,80.1127,859.6484,0.0
P01_001496_2603_XN_80N103W_P22_009837_2840_XN_76N104W,G:\crater_flux_output_folders\output_-110_-100_60_85\P01_001496_2603_XN_80N103W_P22_009837_2840_XN_76N104W,output_-110_-100_60_85,77.6622,78.2631,201.9102,0.0
P01_001496_2603_XN_80N103W_B01_010093_2598_XN_79N101W,G:\crater_flux_output_folders\output_-110_-100_60_85\P01_001496_2603_XN_80N103W_B01_010093_2598_XN_79N101W,output_-110_-100_60_85,79.328,80.0641,450.3502,0.0
P01_001496_2603_XN_80N103W_B01_010127_2842_XN_75N102W,G:\crater_flux_output_folders\output_-110_-100_60_85\P01_001496_2603_XN_80N103W_B01_010127_2842_XN_75N102W,output_-110_-100_60_85,77.6299,78.044,297.1487,0.0
P01_001496_2603_XN_80N103W_B03_010660_2601_XN_80N103W,G:\crater_flux_output_folders\output_-110_-100_60_85\P01_001496_2603_XN_80N103W_B03_010660_2601_XN_80N103W,output_-110_-100_60_85,79.661,80.2773,608.7892,0.0
P01_001496_2603_XN_80N103W_B21_017794_2613_XN_81N105W,G:\crater_flux_output_folders\output_-110_-100_60_85\P01_001496_2603_XN_80N103W_B21_017794_2613_XN_81N105W,output_-110_-100_60_85,80.834,81.5295,809.8251,0.0
P01_001496_2603_XN_80N103W_B22_018171_2787_XN_81N105W,G:\crater_flux_output_folders\output_-110_-100_60_85\P01_001496_2603_XN_80N103W_B22_018171_2787_XN_81N105W,output_-110_-100_60_85,80.854,81.704,811.3551,0.0
P01_001496_2603_XN_80N103W_G16_024374_2631_XN_83N111W,G:\crater_flux_output_folders\output_-110_-100_60_85\P01_001496_2603_XN_80N103W_G16_024374_2631_XN_83N111W,output_-110_-100_60_85,80.5273,82.3646,763.2769,0.0
P01_001496_2603_XN_80N103W_G15_024242_2631_XI_83N107W,G:\crater_flux_output_folders\output_-110_-100_60_85\P01_001496_2603_XN_80N103W_G15_024242_2631_XI_83N107W,output_-110_-100_60_85,80.763,82.746,2048.798,0.0
P01_001496_2603_XN_80N103W_G17_024901_2629_XI_82N104W,G:\crater_flux_output_folders\output_-110_-100_60_85\P01_001496_2603_XN_80N103W_G17_024901_2629_XI_82N104W,output_-110_-100_60_85,81.9473,82.746,336.475,0.0
P01_001496_2603_XN_80N103W_G17_024730_2617_XN_81N110W,G:\crater_flux_output_folders\output_-115_-110_50_85\P01_001496_2603_XN_80N103W_G17_024730_2617_XN_81N110W,output_-110_-100_60_85,80.3888,82.0767,0.0931,0.0
P01_001496_2603_XN_80N103W_G20_026167_2613_XN_81N105W,G:\crater_flux_output_folders\output_-110_-100_60_85\P01_001496_2603_XN_80N103W_G20_026167_2613_XN_81N105W,output_-110_-100_60_85,80.814,81.6193,858.9868,0.0
P01_001496_2603_XN_80N103W_G23_027375_2787_XN_81N105W,G:\crater_flux_output_folders\output_-110_-100_60_85\P01_001496_2603_XN_80N103W_G23_027375_2787_XN_81N105W,output_-110_-100_60_85,80.865,81.704,804.8251,0.0
P01_001496_2603_XN_80N103W_D01_027710_2628_XN_82N107W,G:\crater_flux_output_folders\output_-110_-100_60_85\P01_001496_2603_XN_80N103W_D01_027710_2628_XN_82N107W,output_-110_-100_60_85,82.341,82.746,327.9641,0.0
P01_001496_2603_XN_80N103W_G21_026312_2613_XN_81N105W,G:\crater_flux_output_folders\output_-110_-100_60_85\P01_001496_2603_XN_80N103W_G21_026312_2613_XN_81N105W,output_-110_-100_60_85,80.814,81.6267,864.6841,0.0
P01_001496_2603_XN_80N103W_G22_026866_2627_XN_82N108W,G:\crater_flux_output_folders\output_-110_-100_60_85\P01_001496_2603_XN_80N103W_G22_026866_2627_XN_82N108W,output_-110_-100_60_85,82.169,82.746,581.9442,0.0
P01_001496_2603_XN_80N103W_D17_033881_2613_XN_81N105W,G:\crater_flux_output_folders\output_-110_-100_60_85\P01_001496_2603_XN_80N103W_D17_033881_2613_XN_81N105W,output_-110_-100_60_85,80.814,81.6187,861.1284,0.0
P01_001496_2603_XN_80N103W_F19_043112_2607_XN_80N104W,G:\crater_flux_output_folders\output_-110_-100_60_85\P01_001496_2603_XN_80N103W_F19_043112_2607_XN_80N104W,output_-110_-100_60_85,80.238,81.0025,785.018,0.0
P01_001496_2603_XN_80N103W_J20_052474_2607_XN_80N102W,G:\crater_flux_output_folders\output_-110_-100_60_85\P01_001496_2603_XN_80N103W_J20_052474_2607_XN_80N102W,output_-110_-100_60_85,80.2578,80.9774,320.348,0.0
P01_001509_2637_XN_83N107W_P01_001522_2635_XN_83N101W,G:\crater_flux_output_folders\output_-115_-110_50_85\P01_001509_2637_XN_83N107W_P01_001522_2635_XN_83N101W,output_-110_-100_60_85,83.1157,83.8589,205.3238,0.0
P01_001509_2637_XN_83N107W_P01_001575_2598_XN_79N097W,G:\crater_flux_output_folders\output_-110_-100_60_85\P01_001509_2637_XN_83N107W_P01_001575_2598_XN_79N097W,output_-110_-100_60_85,81.138,82.2483,1286.5901,0.0
P01_001509_2637_XN_83N107W_P13_006230_2595_XN_79N100W,G:\crater_flux_output_folders\output_-110_-100_60_85\P01_001509_2637_XN_83N107W_P13_006230_2595_XN_79N100W,output_-110_-100_60_85,81.1925,82.007,118.9561,0.0
P01_001509_2637_XN_83N107W_P17_007517_2768_XN_83N103W,G:\crater_flux_output_folders\output_-110_-100_60_85\P01_001509_2637_XN_83N107W_P17_007517_2768_XN_83N103W,output_-110_-100_60_85,81.905,83.005,445.6379,0.0
P01_001509_2637_XN_83N107W_P21_009196_2627_XI_82N100W,G:\crater_flux_output_folders\output_-110_-100_60_85\P01_001509_2637_XN_83N107W_P21_009196_2627_XI_82N100W,output_-110_-100_60_85,81.6625,82.2905,12.6593,0.0
P01_001509_2637_XN_83N107W_P21_009315_2608_XI_80N101W,G:\crater_flux_output_folders\output_-110_-100_60_85\P01_001509_2637_XN_83N107W_P21_009315_2608_XI_80N101W,output_-110_-100_60_85,81.168,83.1763,478.1303,0.0
P01_001509_2637_XN_83N107W_P22_009605_2592_XI_79N094W,G:\crater_flux_output_folders\output_-110_-100_60_85\P01_001509_2637_XN_83N107W_P22_009605_2592_XI_79N094W,output_-110_-100_60_85,81.2161,81.489,46.0218,0.0
P01_001509_2637_XN_83N107W_B01_010027_2637_XN_83N111W,G:\crater_flux_output_folders\output_-115_-110_50_85\P01_001509_2637_XN_83N107W_B01_010027_2637_XN_83N111W,output_-110_-100_60_85,83.5391,83.8589,94.8161,0.0
P01_001509_2637_XN_83N107W_G16_024479_2634_XN_83N102W,G:\crater_flux_output_folders\output_-115_-110_50_85\P01_001509_2637_XN_83N107W_G16_024479_2634_XN_83N102W,output_-110_-100_60_85,81.4524,83.8589,547.8107,0.0
P01_001509_2637_XN_83N107W_G15_024242_2631_XI_83N107W,G:\crater_flux_output_folders\output_-115_-110_50_85\P01_001509_2637_XN_83N107W_G15_024242_2631_XI_83N107W,output_-110_-100_60_85,81.195,83.8589,568.9275,0.0
P01_001509_2637_XN_83N107W_G17_024901_2629_XI_82N104W,G:\crater_flux_output_folders\output_-110_-100_60_85\P01_001509_2637_XN_83N107W_G17_024901_2629_XI_82N104W,output_-110_-100_60_85,81.138,83.8589,2201.6221,0.0
P01_001509_2637_XN_83N107W_G18_025178_2615_XN_81N101W,G:\crater_flux_output_folders\output_-110_-100_60_85\P01_001509_2637_XN_83N107W_G18_025178_2615_XN_81N101W,output_-110_-100_60_85,81.138,82.7732,1731.8174,0.0
P01_001509_2637_XN_83N107W_D01_027710_2628_XN_82N107W,G:\crater_flux_output_folders\output_-110_-100_60_85\P01_001509_2637_XN_83N107W_D01_027710_2628_XN_82N107W,output_-110_-100_60_85,82.3677,83.2025,289.5012,0.0
P01_001509_2637_XN_83N107W_G22_026866_2627_XN_82N108W,G:\crater_flux_output_folders\output_-110_-100_60_85\P01_001509_2637_XN_83N107W_G22_026866_2627_XN_82N108W,output_-110_-100_60_85,82.2278,83.211,162.1698,0.0
P01_001509_2637_XN_83N107W_G22_026958_2608_XN_80N098W,G:\crater_flux_output_folders\output_-110_-100_60_85\P01_001509_2637_XN_83N107W_G22_026958_2608_XN_80N098W,output_-110_-100_60_85,81.1754,81.2367,2.6774,0.0
P01_001509_2637_XN_83N107W_G23_027077_2608_XN_80N097W,G:\crater_flux_output_folders\output_-110_-100_60_85\P01_001509_2637_XN_83N107W_G23_027077_2608_XN_80N097W,output_-110_-100_60_85,81.2031,81.2644,9.4306,0.0
P01_001509_2637_XN_83N107W_F21_043903_2619_XN_81N102W,G:\crater_flux_output_folders\output_-110_-100_60_85\P01_001509_2637_XN_83N107W_F21_043903_2619_XN_81N102W,output_-110_-100_60_85,81.138,83.2373,1854.8218,0.0
P01_001522_2635_XN_83N101W_P01_001601_2668_XN_86N128W,G:\crater_flux_output_folders\output_-110_-100_60_85\P01_001522_2635_XN_83N101W_P01_001601_2668_XN_86N128W,output_-110_-100_60_85,84.8005,85.0001,53.6224,0.0
P01_001522_2635_XN_83N101W_P17_007517_2768_XN_83N103W,G:\crater_flux_output_folders\output_-110_-100_60_85\P01_001522_2635_XN_83N101W_P17_007517_2768_XN_83N103W,output_-110_-100_60_85,82.47,83.6849,321.1545,0.0
P01_001522_2635_XN_83N101W_P21_009196_2627_XI_82N100W,G:\crater_flux_output_folders\output_-110_-100_60_85\P01_001522_2635_XN_83N101W_P21_009196_2627_XI_82N100W,output_-110_-100_60_85,81.8141,83.9486,624.2847,0.0
P01_001522_2635_XN_83N101W_P22_009473_2644_XN_84N105W,G:\crater_flux_output_folders\output_-110_-100_60_85\P01_001522_2635_XN_83N101W_P22_009473_2644_XN_84N105W,output_-110_-100_60_85,83.96,84.6725,404.6393,0.0
P01_001522_2635_XN_83N101W_B01_010014_2644_XN_84N107W,G:\crater_flux_output_folders\output_-115_-110_50_85\P01_001522_2635_XN_83N101W_B01_010014_2644_XN_84N107W,output_-110_-100_60_85,83.838,84.876,70.7218,0.0
P01_001522_2635_XN_83N101W_B01_010198_2644_XI_84N107W,G:\crater_flux_output_folders\output_-115_-110_50_85\P01_001522_2635_XN_83N101W_B01_010198_2644_XI_84N107W,output_-110_-100_60_85,83.767,84.9226,64.5367,0.0
P01_001522_2635_XN_83N101W_B16_015987_2631_XN_83N102W,G:\crater_flux_output_folders\output_-110_-100_60_85\P01_001522_2635_XN_83N101W_B16_015987_2631_XN_83N102W,output_-110_-100_60_85,82.473,83.4823,416.8643,0.0
P01_001522_2635_XN_83N101W_B19_017108_2639_XN_83N107W,G:\crater_flux_output_folders\output_-110_-100_60_85\P01_001522_2635_XN_83N101W_B19_017108_2639_XN_83N107W,output_-110_-100_60_85,83.595,84.081,10.6724,0.0
P01_001522_2635_XN_83N101W_G15_024215_2636_XI_83N095W,G:\crater_flux_output_folders\output_-110_-100_60_85\P01_001522_2635_XN_83N101W_G15_024215_2636_XI_83N095W,output_-110_-100_60_85,84.9277,85.0001,0.5238,0.0
P01_001522_2635_XN_83N101W_G17_024703_2633_XN_83N098W,G:\crater_flux_output_folders\output_-115_-110_50_85\P01_001522_2635_XN_83N101W_G17_024703_2633_XN_83N098W,output_-110_-100_60_85,82.3693,85.0001,136.3066,0.0
P01_001522_2635_XN_83N101W_G16_024479_2634_XN_83N102W,G:\crater_flux_output_folders\output_-110_-100_60_85\P01_001522_2635_XN_83N101W_G16_024479_2634_XN_83N102W,output_-110_-100_60_85,81.8141,84.8995,261.6232,0.0
P01_001522_2635_XN_83N101W_G15_024242_2631_XI_83N107W,G:\crater_flux_output_folders\output_-115_-110_50_85\P01_001522_2635_XN_83N101W_G15_024242_2631_XI_83N107W,output_-110_-100_60_85,83.5793,83.9423,3.0259,0.0
P01_001522_2635_XN_83N101W_G17_024901_2629_XI_82N104W,G:\crater_flux_output_folders\output_-115_-110_50_85\P01_001522_2635_XN_83N101W_G17_024901_2629_XI_82N104W,output_-110_-100_60_85,82.3826,84.3256,31.3632,0.0
P01_001522_2635_XN_83N101W_G18_025336_2665_XI_86N129W,G:\crater_flux_output_folders\output_-110_-100_60_85\P01_001522_2635_XN_83N101W_G18_025336_2665_XI_86N129W,output_-110_-100_60_85,84.812,85.0001,44.7069,0.0
P01_001522_2635_XN_83N101W_G20_025903_2619_XI_81N095W,G:\crater_flux_output_folders\output_-110_-100_60_85\P01_001522_2635_XN_83N101W_G20_025903_2619_XI_81N095W,output_-110_-100_60_85,82.3585,83.1234,251.383,0.0
P01_001522_2635_XN_83N101W_G22_026813_2633_XN_83N103W,G:\crater_flux_output_folders\output_-110_-100_60_85\P01_001522_2635_XN_83N101W_G22_026813_2633_XN_83N103W,output_-110_-100_60_85,82.452,84.1109,743.2204,0.0
P01_001522_2635_XN_83N101W_D15_032905_2644_XN_84N107W,G:\crater_flux_output_folders\output_-110_-100_60_85\P01_001522_2635_XN_83N101W_D15_032905_2644_XN_84N107W,output_-110_-100_60_85,83.98,84.7588,461.2802,0.0
P01_001522_2635_XN_83N101W_D19_034672_2644_XN_84N107W,G:\crater_flux_output_folders\output_-110_-100_60_85\P01_001522_2635_XN_83N101W_D19_034672_2644_XN_84N107W,output_-110_-100_60_85,83.98,84.7558,461.4911,0.0
P01_001522_2635_XN_83N101W_D20_035173_2644_XN_84N107W,G:\crater_flux_output_folders\output_-110_-100_60_85\P01_001522_2635_XN_83N101W_D20_035173_2644_XN_84N107W,output_-110_-100_60_85,83.929,84.7121,458.3588,0.0
P01_001522_2635_XN_83N101W_D21_035529_2646_XN_84N109W,G:\crater_flux_output_folders\output_-110_-100_60_85\P01_001522_2635_XN_83N101W_D21_035529_2646_XN_84N109W,output_-110_-100_60_85,84.1333,85.0001,422.2265,0.0
P01_001522_2635_XN_83N101W_F01_036373_2652_XN_85N113W,G:\crater_flux_output_folders\output_-115_-110_50_85\P01_001522_2635_XN_83N101W_F01_036373_2652_XN_85N113W,output_-110_-100_60_85,84.7458,85.0001,203.947,0.0
P01_001522_2635_XN_83N101W_F01_036004_2644_XN_84N106W,G:\crater_flux_output_folders\output_-110_-100_60_85\P01_001522_2635_XN_83N101W_F01_036004_2644_XN_84N106W,output_-110_-100_60_85,83.909,84.643,443.6032,0.0
P01_001522_2635_XN_83N101W_D22_035951_2644_XN_84N107W,G:\crater_flux_output_folders\output_-110_-100_60_85\P01_001522_2635_XN_83N101W_D22_035951_2644_XN_84N107W,output_-110_-100_60_85,83.929,84.7064,456.0583,0.0
P01_001522_2635_XN_83N101W_F01_036043_2644_XN_84N105W,G:\crater_flux_output_folders\output_-110_-100_60_85\P01_001522_2635_XN_83N101W_F01_036043_2644_XN_84N105W,output_-110_-100_60_85,83.889,84.633,433.7868,0.0
P01_001522_2635_XN_83N101W_D22_035595_2645_XN_84N108W,G:\crater_flux_output_folders\output_-110_-100_60_85\P01_001522_2635_XN_83N101W_D22_035595_2645_XN_84N108W,output_-110_-100_60_85,84.041,84.8761,461.4368,0.0
P01_001522_2635_XN_83N101W_F01_036294_2649_XN_84N112W,G:\crater_flux_output_folders\output_-110_-100_60_85\P01_001522_2635_XN_83N101W_F01_036294_2649_XN_84N112W,output_-110_-100_60_85,84.3378,85.0001,314.8774,0.0
P01_001522_2635_XN_83N101W_F03_037085_2645_XN_84N107W,G:\crater_flux_output_folders\output_-115_-110_50_85\P01_001522_2635_XN_83N101W_F03_037085_2645_XN_84N107W,output_-110_-100_60_85,83.838,85.0001,206.0665,0.0
P01_001522_2635_XN_83N101W_F21_044193_2644_XN_84N107W,G:\crater_flux_output_folders\output_-110_-100_60_85\P01_001522_2635_XN_83N101W_F21_044193_2644_XN_84N107W,output_-110_-100_60_85,83.929,84.7044,456.1536,0.0
P01_001522_2635_XN_83N101W_F23_044861_2756_XN_84N107W,G:\crater_flux_output_folders\output_-110_-100_60_85\P01_001522_2635_XN_83N101W_F23_044861_2756_XN_84N107W,output_-110_-100_60_85,83.95,84.7179,400.4657,0.0
P01_001522_2635_XN_83N101W_J02_045604_2644_XN_84N107W,G:\crater_flux_output_folders\output_-115_-110_50_85\P01_001522_2635_XN_83N101W_J02_045604_2644_XN_84N107W,output_-110_-100_60_85,83.889,84.8556,45.8998,0.0
P01_001522_2635_XN_83N101W_J03_046105_2645_XN_84N107W,G:\crater_flux_output_folders\output_-115_-110_50_85\P01_001522_2635_XN_83N101W_J03_046105_2645_XN_84N107W,output_-110_-100_60_85,83.737,85.0001,197.822,0.0
P01_001535_2627_XN_82N093W_P01_001601_2668_XN_86N128W,G:\crater_flux_output_folders\output_-110_-100_60_85\P01_001535_2627_XN_82N093W_P01_001601_2668_XN_86N128W,output_-110_-100_60_85,84.7284,85.0001,145.2156,0.0
P01_001535_2627_XN_82N093W_P02_001636_2759_XI_84N100W,G:\crater_flux_output_folders\output_-110_-100_60_85\P01_001535_2627_XN_82N093W_P02_001636_2759_XI_84N100W,output_-110_-100_60_85,83.676,84.546,392.6642,0.0
P01_001535_2627_XN_82N093W_P02_001746_2663_XI_86N113W,G:\crater_flux_output_folders\output_-110_-100_60_85\P01_001535_2627_XN_82N093W_P02_001746_2663_XI_86N113W,output_-110_-100_60_85,84.85,85.0001,92.012,0.0
P01_001535_2627_XN_82N093W_P17_007517_2768_XN_83N103W,G:\crater_flux_output_folders\output_-110_-100_60_85\P01_001535_2627_XN_82N093W_P17_007517_2768_XN_83N103W,output_-110_-100_60_85,83.1884,84.577,310.8576,0.0
P01_001535_2627_XN_82N093W_P17_007785_2641_XN_84N091W,G:\crater_flux_output_folders\output_-110_-100_60_85\P01_001535_2627_XN_82N093W_P17_007785_2641_XN_84N091W,output_-110_-100_60_85,84.8447,85.0001,9.0623,0.0
P01_001535_2627_XN_82N093W_P17_007851_2638_XN_83N092W,G:\crater_flux_output_folders\output_-110_-100_60_85\P01_001535_2627_XN_82N093W_P17_007851_2638_XN_83N092W,output_-110_-100_60_85,84.4062,85.0001,233.0533,0.0
P01_001535_2627_XN_82N093W_P21_009130_2627_XI_82N089W,G:\crater_flux_output_folders\output_-110_-100_60_85\P01_001535_2627_XN_82N093W_P21_009130_2627_XI_82N089W,output_-110_-100_60_85,84.3595,84.9607,138.699,0.0
P01_001535_2627_XN_82N093W_P22_009473_2644_XN_84N105W,G:\crater_flux_output_folders\output_-110_-100_60_85\P01_001535_2627_XN_82N093W_P22_009473_2644_XN_84N105W,output_-110_-100_60_85,84.088,84.85,253.6463,0.0
P01_001535_2627_XN_82N093W_P22_009697_2641_XN_84N099W,G:\crater_flux_output_folders\output_-110_-100_60_85\P01_001535_2627_XN_82N093W_P22_009697_2641_XN_84N099W,output_-110_-100_60_85,83.676,84.472,351.2744,0.0
P01_001535_2627_XN_82N093W_B01_010014_2644_XN_84N107W,G:\crater_flux_output_folders\output_-110_-100_60_85\P01_001535_2627_XN_82N093W_B01_010014_2644_XN_84N107W,output_-110_-100_60_85,83.9984,84.8728,39.3057,0.0
P01_001535_2627_XN_82N093W_B01_010040_2639_XN_83N096W,G:\crater_flux_output_folders\output_-110_-100_60_85\P01_001535_2627_XN_82N093W_B01_010040_2639_XN_83N096W,output_-110_-100_60_85,84.1531,84.2458,5.0991,0.0
P01_001535_2627_XN_82N093W_B01_010198_2644_XI_84N107W,G:\crater_flux_output_folders\output_-110_-100_60_85\P01_001535_2627_XN_82N093W_B01_010198_2644_XI_84N107W,output_-110_-100_60_85,83.9487,84.7138,3.0392,0.0
P01_001535_2627_XN_82N093W_G15_024215_2636_XI_83N095W,G:\crater_flux_output_folders\output_-110_-100_60_85\P01_001535_2627_XN_82N093W_G15_024215_2636_XI_83N095W,output_-110_-100_60_85,83.1246,85.0001,1080.2034,0.0
P01_001535_2627_XN_82N093W_G17_024703_2633_XN_83N098W,G:\crater_flux_output_folders\output_-110_-100_60_85\P01_001535_2627_XN_82N093W_G17_024703_2633_XN_83N098W,output_-110_-100_60_85,83.1066,84.9112,183.7612,0.0
P01_001535_2627_XN_82N093W_D15_032905_2644_XN_84N107W,G:\crater_flux_output_folders\output_-110_-100_60_85\P01_001535_2627_XN_82N093W_D15_032905_2644_XN_84N107W,output_-110_-100_60_85,84.1833,84.8339,0.516,0.0
P01_001535_2627_XN_82N093W_D19_034672_2644_XN_84N107W,G:\crater_flux_output_folders\output_-110_-100_60_85\P01_001535_2627_XN_82N093W_D19_034672_2644_XN_84N107W,output_-110_-100_60_85,84.1748,84.8439,6.4855,0.0
P01_001535_2627_XN_82N093W_D20_035173_2644_XN_84N107W,G:\crater_flux_output_folders\output_-110_-100_60_85\P01_001535_2627_XN_82N093W_D20_035173_2644_XN_84N107W,output_-110_-100_60_85,84.1267,84.82,2.8662,0.0
P01_001535_2627_XN_82N093W_F01_036004_2644_XN_84N106W,G:\crater_flux_output_folders\output_-110_-100_60_85\P01_001535_2627_XN_82N093W_F01_036004_2644_XN_84N106W,output_-110_-100_60_85,84.047,84.769,89.0174,0.0
P01_001535_2627_XN_82N093W_D22_035951_2644_XN_84N107W,G:\crater_flux_output_folders\output_-110_-100_60_85\P01_001535_2627_XN_82N093W_D22_035951_2644_XN_84N107W,output_-110_-100_60_85,84.1256,84.809,1.1189,0.0
P01_001535_2627_XN_82N093W_F01_036043_2644_XN_84N105W,G:\crater_flux_output_folders\output_-110_-100_60_85\P01_001535_2627_XN_82N093W_F01_036043_2644_XN_84N105W,output_-110_-100_60_85,84.0537,84.789,101.0949,0.0
P01_001535_2627_XN_82N093W_F04_037296_2641_XN_84N101W,G:\crater_flux_output_folders\output_-110_-100_60_85\P01_001535_2627_XN_82N093W_F04_037296_2641_XN_84N101W,output_-110_-100_60_85,83.6716,84.526,434.492,0.0
P01_001535_2627_XN_82N093W_F04_037322_2641_XN_84N101W,G:\crater_flux_output_folders\output_-110_-100_60_85\P01_001535_2627_XN_82N093W_F04_037322_2641_XN_84N101W,output_-110_-100_60_85,83.646,84.536,426.5831,0.0
P01_001535_2627_XN_82N093W_F21_044193_2644_XN_84N107W,G:\crater_flux_output_folders\output_-110_-100_60_85\P01_001535_2627_XN_82N093W_F21_044193_2644_XN_84N107W,output_-110_-100_60_85,84.1192,84.809,7.9348,0.0
P01_001535_2627_XN_82N093W_F23_044861_2756_XN_84N107W,G:\crater_flux_output_folders\output_-110_-100_60_85\P01_001535_2627_XN_82N093W_F23_044861_2756_XN_84N107W,output_-110_-100_60_85,84.2668,84.7574,98.5564,0.0
P01_001535_2627_XN_82N093W_J02_045604_2644_XN_84N107W,G:\crater_flux_output_folders\output_-110_-100_60_85\P01_001535_2627_XN_82N093W_J02_045604_2644_XN_84N107W,output_-110_-100_60_85,84.085,84.8369,1.5741,0.0
P01_001575_2598_XN_79N097W_P13_006164_2585_XN_78N096W,G:\crater_flux_output_folders\output_-110_-100_60_85\P01_001575_2598_XN_79N097W_P13_006164_2585_XN_78N096W,output_-110_-100_60_85,79.6155,80.9387,286.2196,0.0
P01_001575_2598_XN_79N097W_P13_006230_2595_XN_79N100W,G:\crater_flux_output_folders\output_-110_-100_60_85\P01_001575_2598_XN_79N097W_P13_006230_2595_XN_79N100W,output_-110_-100_60_85,79.6155,82.007,281.1006,0.0
P01_001575_2598_XN_79N097W_P14_006520_2583_XN_78N096W,G:\crater_flux_output_folders\output_-110_-100_60_85\P01_001575_2598_XN_79N097W_P14_006520_2583_XN_78N096W,output_-110_-100_60_85,79.6155,80.3757,15.5008,0.0
P01_001575_2598_XN_79N097W_P14_006586_2585_XN_78N098W,G:\crater_flux_output_folders\output_-110_-100_60_85\P01_001575_2598_XN_79N097W_P14_006586_2585_XN_78N098W,output_-110_-100_60_85,79.6155,81.047,124.2249,0.0
P01_001575_2598_XN_79N097W_P18_008097_2787_XN_81N105W,G:\crater_flux_output_folders\output_-110_-100_60_85\P01_001575_2598_XN_79N097W_P18_008097_2787_XN_81N105W,output_-110_-100_60_85,81.3081,81.5568,4.922,0.0
P01_001575_2598_XN_79N097W_P20_008822_2787_XN_81N105W,G:\crater_flux_output_folders\output_-110_-100_60_85\P01_001575_2598_XN_79N097W_P20_008822_2787_XN_81N105W,output_-110_-100_60_85,81.2808,81.5581,8.383,0.0
P01_001575_2598_XN_79N097W_P21_009196_2627_XI_82N100W,G:\crater_flux_output_folders\output_-110_-100_60_85\P01_001575_2598_XN_79N097W_P21_009196_2627_XI_82N100W,output_-110_-100_60_85,81.6625,82.331,287.7241,0.0
P01_001575_2598_XN_79N097W_P21_009315_2608_XI_80N101W,G:\crater_flux_output_folders\output_-110_-100_60_85\P01_001575_2598_XN_79N097W_P21_009315_2608_XI_80N101W,output_-110_-100_60_85,79.6155,82.1756,387.8035,0.0
P01_001575_2598_XN_79N097W_P22_009447_2593_XN_79N099W,G:\crater_flux_output_folders\output_-110_-100_60_85\P01_001575_2598_XN_79N097W_P22_009447_2593_XN_79N099W,output_-110_-100_60_85,79.6155,80.6004,84.0081,0.0
P01_001575_2598_XN_79N097W_P22_009605_2592_XI_79N094W,G:\crater_flux_output_folders\output_-110_-100_60_85\P01_001575_2598_XN_79N097W_P22_009605_2592_XI_79N094W,output_-110_-100_60_85,81.1414,81.489,49.0002,0.0
P01_001575_2598_XN_79N097W_B22_018171_2787_XN_81N105W,G:\crater_flux_output_folders\output_-110_-100_60_85\P01_001575_2598_XN_79N097W_B22_018171_2787_XN_81N105W,output_-110_-100_60_85,81.3118,81.5747,6.6526,0.0
P01_001575_2598_XN_79N097W_G16_024479_2634_XN_83N102W,G:\crater_flux_output_folders\output_-110_-100_60_85\P01_001575_2598_XN_79N097W_G16_024479_2634_XN_83N102W,output_-110_-100_60_85,81.4524,82.331,635.5243,0.0
P01_001575_2598_XN_79N097W_G15_024242_2631_XI_83N107W,G:\crater_flux_output_folders\output_-110_-100_60_85\P01_001575_2598_XN_79N097W_G15_024242_2631_XI_83N107W,output_-110_-100_60_85,80.8519,82.1394,81.3505,0.0
P01_001575_2598_XN_79N097W_G17_024901_2629_XI_82N104W,G:\crater_flux_output_folders\output_-110_-100_60_85\P01_001575_2598_XN_79N097W_G17_024901_2629_XI_82N104W,output_-110_-100_60_85,80.551,82.258,1885.978,0.0
P01_001575_2598_XN_79N097W_G18_025178_2615_XN_81N101W,G:\crater_flux_output_folders\output_-110_-100_60_85\P01_001575_2598_XN_79N097W_G18_025178_2615_XN_81N101W,output_-110_-100_60_85,80.126,82.3059,2214.2788,0.0
P01_001575_2598_XN_79N097W_G23_027375_2787_XN_81N105W,G:\crater_flux_output_folders\output_-110_-100_60_85\P01_001575_2598_XN_79N097W_G23_027375_2787_XN_81N105W,output_-110_-100_60_85,81.3178,81.5811,6.8851,0.0
P01_001575_2598_XN_79N097W_D01_027446_2602_XN_80N099W,G:\crater_flux_output_folders\output_-110_-100_60_85\P01_001575_2598_XN_79N097W_D01_027446_2602_XN_80N099W,output_-110_-100_60_85,79.7112,80.4918,42.6024,0.0
P01_001575_2598_XN_79N097W_G22_026958_2608_XN_80N098W,G:\crater_flux_output_folders\output_-110_-100_60_85\P01_001575_2598_XN_79N097W_G22_026958_2608_XN_80N098W,output_-110_-100_60_85,80.8275,81.2367,103.3397,0.0
P01_001575_2598_XN_79N097W_G23_027077_2608_XN_80N097W,G:\crater_flux_output_folders\output_-110_-100_60_85\P01_001575_2598_XN_79N097W_G23_027077_2608_XN_80N097W,output_-110_-100_60_85,80.9676,81.2644,36.2723,0.0
P01_001575_2598_XN_79N097W_F21_043903_2619_XN_81N102W,G:\crater_flux_output_folders\output_-110_-100_60_85\P01_001575_2598_XN_79N097W_F21_043903_2619_XN_81N102W,output_-110_-100_60_85,80.45,82.2722,1902.8062,0.0
P01_001601_2668_XN_86N128W_P02_001746_2663_XI_86N113W,G:\crater_flux_output_folders\output_-110_-100_60_85\P01_001601_2668_XN_86N128W_P02_001746_2663_XI_86N113W,output_-110_-100_60_85,84.9142,85.0001,40.1559,0.0
P01_001601_2668_XN_86N128W_P17_007785_2641_XN_84N091W,G:\crater_flux_output_folders\output_-110_-100_60_85\P01_001601_2668_XN_86N128W_P17_007785_2641_XN_84N091W,output_-110_-100_60_85,84.9957,85.0001,0.0706,0.0
P01_001601_2668_XN_86N128W_P17_007851_2638_XN_83N092W,G:\crater_flux_output_folders\output_-110_-100_60_85\P01_001601_2668_XN_86N128W_P17_007851_2638_XN_83N092W,output_-110_-100_60_85,84.9255,85.0001,18.9195,0.0
P01_001601_2668_XN_86N128W_P22_009473_2644_XN_84N105W,G:\crater_flux_output_folders\output_-110_-100_60_85\P01_001601_2668_XN_86N128W_P22_009473_2644_XN_84N105W,output_-110_-100_60_85,84.728,84.85,22.2244,0.0
P01_001601_2668_XN_86N128W_B01_010014_2644_XN_84N107W,G:\crater_flux_output_folders\output_-110_-100_60_85\P01_001601_2668_XN_86N128W_B01_010014_2644_XN_84N107W,output_-110_-100_60_85,84.728,84.981,89.0086,0.0
P01_001601_2668_XN_86N128W_B01_010198_2644_XI_84N107W,G:\crater_flux_output_folders\output_-110_-100_60_85\P01_001601_2668_XN_86N128W_B01_010198_2644_XI_84N107W,output_-110_-100_60_85,84.7297,84.992,0.7286,0.0
P01_001601_2668_XN_86N128W_G15_024215_2636_XI_83N095W,G:\crater_flux_output_folders\output_-110_-100_60_85\P01_001601_2668_XN_86N128W_G15_024215_2636_XI_83N095W,output_-110_-100_60_85,84.728,85.0001,278.8676,0.0
P01_001601_2668_XN_86N128W_G17_024703_2633_XN_83N098W,G:\crater_flux_output_folders\output_-110_-100_60_85\P01_001601_2668_XN_86N128W_G17_024703_2633_XN_83N098W,output_-110_-100_60_85,84.728,85.0001,174.1899,0.0
P01_001601_2668_XN_86N128W_G18_025336_2665_XI_86N129W,G:\crater_flux_output_folders\output_-110_-100_60_85\P01_001601_2668_XN_86N128W_G18_025336_2665_XI_86N129W,output_-110_-100_60_85,84.8336,85.0001,14.8692,0.0
P01_001601_2668_XN_86N128W_G19_025481_2664_XI_86N118W,G:\crater_flux_output_folders\output_-110_-100_60_85\P01_001601_2668_XN_86N128W_G19_025481_2664_XI_86N118W,output_-110_-100_60_85,84.89,85.0001,57.9766,0.0
P01_001601_2668_XN_86N128W_D15_032905_2644_XN_84N107W,G:\crater_flux_output_folders\output_-110_-100_60_85\P01_001601_2668_XN_86N128W_D15_032905_2644_XN_84N107W,output_-110_-100_60_85,84.728,84.86,14.6088,0.0
P01_001601_2668_XN_86N128W_D19_034672_2644_XN_84N107W,G:\crater_flux_output_folders\output_-110_-100_60_85\P01_001601_2668_XN_86N128W_D19_034672_2644_XN_84N107W,output_-110_-100_60_85,84.728,84.86,20.4878,0.0
P01_001601_2668_XN_86N128W_D20_035173_2644_XN_84N107W,G:\crater_flux_output_folders\output_-110_-100_60_85\P01_001601_2668_XN_86N128W_D20_035173_2644_XN_84N107W,output_-110_-100_60_85,84.728,84.82,11.2102,0.0
P01_001601_2668_XN_86N128W_F01_036373_2652_XN_85N113W,G:\crater_flux_output_folders\output_-110_-100_60_85\P01_001601_2668_XN_86N128W_F01_036373_2652_XN_85N113W,output_-110_-100_60_85,84.8114,85.0001,3.672,0.0
P01_001601_2668_XN_86N128W_D22_035951_2644_XN_84N107W,G:\crater_flux_output_folders\output_-110_-100_60_85\P01_001601_2668_XN_86N128W_D22_035951_2644_XN_84N107W,output_-110_-100_60_85,84.728,84.809,8.6556,0.0
P01_001601_2668_XN_86N128W_F01_036043_2644_XN_84N105W,G:\crater_flux_output_folders\output_-110_-100_60_85\P01_001601_2668_XN_86N128W_F01_036043_2644_XN_84N105W,output_-110_-100_60_85,84.728,84.789,6.2454,0.0
P01_001601_2668_XN_86N128W_F03_037085_2645_XN_84N107W,G:\crater_flux_output_folders\output_-110_-100_60_85\P01_001601_2668_XN_86N128W_F03_037085_2645_XN_84N107W,output_-110_-100_60_85,84.728,85.0001,28.6513,0.0
P01_001601_2668_XN_86N128W_F21_044193_2644_XN_84N107W,G:\crater_flux_output_folders\output_-110_-100_60_85\P01_001601_2668_XN_86N128W_F21_044193_2644_XN_84N107W,output_-110_-100_60_85,84.728,84.809,11.5231,0.0
P01_001601_2668_XN_86N128W_F23_044861_2756_XN_84N107W,G:\crater_flux_output_folders\output_-110_-100_60_85\P01_001601_2668_XN_86N128W_F23_044861_2756_XN_84N107W,output_-110_-100_60_85,84.728,84.83,1.6858,0.0
P01_001601_2668_XN_86N128W_J02_045604_2644_XN_84N107W,G:\crater_flux_output_folders\output_-110_-100_60_85\P01_001601_2668_XN_86N128W_J02_045604_2644_XN_84N107W,output_-110_-100_60_85,84.728,84.951,35.1496,0.0
P01_001601_2668_XN_86N128W_J03_046105_2645_XN_84N107W,G:\crater_flux_output_folders\output_-110_-100_60_85\P01_001601_2668_XN_86N128W_J03_046105_2645_XN_84N107W,output_-110_-100_60_85,84.728,85.0001,22.4881,0.0
P01_001602_2558_XN_75N109W_P13_006270_2560_XN_76N108W,G:\crater_flux_output_folders\output_-110_-100_60_85\P01_001602_2558_XN_75N109W_P13_006270_2560_XN_76N108W,output_-110_-100_60_85,74.0396,75.6437,83.5736,30.989
P01_001602_2558_XN_75N109W_P16_007259_2546_XN_74N110W,G:\crater_flux_output_folders\output_-115_-110_50_85\P01_001602_2558_XN_75N109W_P16_007259_2546_XN_74N110W,output_-110_-100_60_85,73.608,75.2029,262.9136,254.807
P01_001602_2558_XN_75N109W_B19_016990_2575_XN_77N110W,G:\crater_flux_output_folders\output_-115_-110_50_85\P01_001602_2558_XN_75N109W_B19_016990_2575_XN_77N110W,output_-110_-100_60_85,75.527,77.0977,829.7387,0.0
P01_001602_2558_XN_75N109W_B21_017894_2830_XN_77N109W,G:\crater_flux_output_folders\output_-110_-100_60_85\P01_001602_2558_XN_75N109W_B21_017894_2830_XN_77N109W,output_-110_-100_60_85,76.145,77.0977,288.7558,0.0
P01_001602_2558_XN_75N109W_B21_017828_2831_XN_76N107W,G:\crater_flux_output_folders\output_-110_-100_60_85\P01_001602_2558_XN_75N109W_B21_017828_2831_XN_76N107W,output_-110_-100_60_85,75.0244,76.0619,799.6368,0.0
P01_001602_2558_XN_75N109W_J02_045697_2566_XN_76N106W,G:\crater_flux_output_folders\output_-110_-100_60_85\P01_001602_2558_XN_75N109W_J02_045697_2566_XN_76N106W,output_-110_-100_60_85,76.2541,76.8807,45.5786,0.0
P02_001636_2759_XI_84N100W_P17_007517_2768_XN_83N103W,G:\crater_flux_output_folders\output_-110_-100_60_85\P02_001636_2759_XI_84N100W_P17_007517_2768_XN_83N103W,output_-110_-100_60_85,83.676,84.5163,551.035,0.0
P02_001636_2759_XI_84N100W_P17_007851_2638_XN_83N092W,G:\crater_flux_output_folders\output_-110_-100_60_85\P02_001636_2759_XI_84N100W_P17_007851_2638_XN_83N092W,output_-110_-100_60_85,84.4062,84.5071,6.4054,0.0
P02_001636_2759_XI_84N100W_P21_009130_2627_XI_82N089W,G:\crater_flux_output_folders\output_-110_-100_60_85\P02_001636_2759_XI_84N100W_P21_009130_2627_XI_82N089W,output_-110_-100_60_85,84.3595,84.5043,9.4836,0.0
P02_001636_2759_XI_84N100W_P22_009473_2644_XN_84N105W,G:\crater_flux_output_folders\output_-110_-100_60_85\P02_001636_2759_XI_84N100W_P22_009473_2644_XN_84N105W,output_-110_-100_60_85,84.116,84.3444,53.393,0.0
P02_001636_2759_XI_84N100W_P22_009697_2641_XN_84N099W,G:\crater_flux_output_folders\output_-110_-100_60_85\P02_001636_2759_XI_84N100W_P22_009697_2641_XN_84N099W,output_-110_-100_60_85,83.677,84.472,469.0211,0.0
P02_001636_2759_XI_84N100W_B01_010014_2644_XN_84N107W,G:\crater_flux_output_folders\output_-110_-100_60_85\P02_001636_2759_XI_84N100W_B01_010014_2644_XN_84N107W,output_-110_-100_60_85,83.9814,84.126,22.9226,0.0
P02_001636_2759_XI_84N100W_B01_010040_2639_XN_83N096W,G:\crater_flux_output_folders\output_-110_-100_60_85\P02_001636_2759_XI_84N100W_B01_010040_2639_XN_83N096W,output_-110_-100_60_85,84.1531,84.2458,5.0991,0.0
P02_001636_2759_XI_84N100W_B01_010198_2644_XI_84N107W,G:\crater_flux_output_folders\output_-110_-100_60_85\P02_001636_2759_XI_84N100W_B01_010198_2644_XI_84N107W,output_-110_-100_60_85,83.8879,84.2444,137.3909,0.0
P02_001636_2759_XI_84N100W_G15_024215_2636_XI_83N095W,G:\crater_flux_output_folders\output_-110_-100_60_85\P02_001636_2759_XI_84N100W_G15_024215_2636_XI_83N095W,output_-110_-100_60_85,83.676,84.546,780.4004,0.0
P02_001636_2759_XI_84N100W_G17_024703_2633_XN_83N098W,G:\crater_flux_output_folders\output_-110_-100_60_85\P02_001636_2759_XI_84N100W_G17_024703_2633_XN_83N098W,output_-110_-100_60_85,83.6931,84.2619,321.4123,0.0
P02_001636_2759_XI_84N100W_G22_026813_2633_XN_83N103W,G:\crater_flux_output_folders\output_-110_-100_60_85\P02_001636_2759_XI_84N100W_G22_026813_2633_XN_83N103W,output_-110_-100_60_85,83.8712,83.9493,5.4302,0.0
P02_001636_2759_XI_84N100W_D20_035173_2644_XN_84N107W,G:\crater_flux_output_folders\output_-110_-100_60_85\P02_001636_2759_XI_84N100W_D20_035173_2644_XN_84N107W,output_-110_-100_60_85,84.1791,84.1859,0.0477,0.0
P02_001636_2759_XI_84N100W_F01_036004_2644_XN_84N106W,G:\crater_flux_output_folders\output_-110_-100_60_85\P02_001636_2759_XI_84N100W_F01_036004_2644_XN_84N106W,output_-110_-100_60_85,84.0485,84.2329,36.5543,0.0
P02_001636_2759_XI_84N100W_D22_035951_2644_XN_84N107W,G:\crater_flux_output_folders\output_-110_-100_60_85\P02_001636_2759_XI_84N100W_D22_035951_2644_XN_84N107W,output_-110_-100_60_85,84.1776,84.1879,0.1084,0.0
P02_001636_2759_XI_84N100W_F01_036043_2644_XN_84N105W,G:\crater_flux_output_folders\output_-110_-100_60_85\P02_001636_2759_XI_84N100W_F01_036043_2644_XN_84N105W,output_-110_-100_60_85,84.0634,84.3083,55.4395,0.0
P02_001636_2759_XI_84N100W_F04_037296_2641_XN_84N101W,G:\crater_flux_output_folders\output_-110_-100_60_85\P02_001636_2759_XI_84N100W_F04_037296_2641_XN_84N101W,output_-110_-100_60_85,83.7269,84.5187,751.892,0.0
P02_001636_2759_XI_84N100W_F03_037085_2645_XN_84N107W,G:\crater_flux_output_folders\output_-110_-100_60_85\P02_001636_2759_XI_84N100W_F03_037085_2645_XN_84N107W,output_-110_-100_60_85,84.0172,84.1836,29.4162,0.0
P02_001636_2759_XI_84N100W_F04_037322_2641_XN_84N101W,G:\crater_flux_output_folders\output_-110_-100_60_85\P02_001636_2759_XI_84N100W_F04_037322_2641_XN_84N101W,output_-110_-100_60_85,83.7155,84.5321,730.728,0.0
P02_001636_2759_XI_84N100W_F21_044193_2644_XN_84N107W,G:\crater_flux_output_folders\output_-110_-100_60_85\P02_001636_2759_XI_84N100W_F21_044193_2644_XN_84N107W,output_-110_-100_60_85,84.1606,84.1644,0.0156,0.0
P02_001636_2759_XI_84N100W_F23_044905_2634_XN_83N099W,G:\crater_flux_output_folders\output_-110_-100_60_85\P02_001636_2759_XI_84N100W_F23_044905_2634_XN_83N099W,output_-110_-100_60_85,83.676,83.7416,7.547,0.0
P02_001636_2759_XI_84N100W_J02_045604_2644_XN_84N107W,G:\crater_flux_output_folders\output_-110_-100_60_85\P02_001636_2759_XI_84N100W_J02_045604_2644_XN_84N107W,output_-110_-100_60_85,84.1112,84.1833,5.3961,0.0
P02_001636_2759_XI_84N100W_J03_046105_2645_XN_84N107W,G:\crater_flux_output_folders\output_-110_-100_60_85\P02_001636_2759_XI_84N100W_J03_046105_2645_XN_84N107W,output_-110_-100_60_85,83.8789,84.1731,111.2546,0.0
P02_001667_2614_XN_81N090W_P17_007517_2768_XN_83N103W,G:\crater_flux_output_folders\output_-110_-100_60_85\P02_001667_2614_XN_81N090W_P17_007517_2768_XN_83N103W,output_-110_-100_60_85,83.6,83.6639,0.8062,0.0
P02_001667_2614_XN_81N090W_G15_024215_2636_XI_83N095W,G:\crater_flux_output_folders\output_-110_-100_60_85\P02_001667_2614_XN_81N090W_G15_024215_2636_XI_83N095W,output_-110_-100_60_85,83.6,83.6639,0.8062,0.0
P02_001667_2614_XN_81N090W_F23_044905_2634_XN_83N099W,G:\crater_flux_output_folders\output_-110_-100_60_85\P02_001667_2614_XN_81N090W_F23_044905_2634_XN_83N099W,output_-110_-100_60_85,83.6,83.6639,0.8062,0.0
P02_001746_2663_XI_86N113W_P17_007785_2641_XN_84N091W,G:\crater_flux_output_folders\output_-110_-100_60_85\P02_001746_2663_XI_86N113W_P17_007785_2641_XN_84N091W,output_-110_-100_60_85,84.8966,85.0001,28.2321,0.0
P02_001746_2663_XI_86N113W_P17_007851_2638_XN_83N092W,G:\crater_flux_output_folders\output_-110_-100_60_85\P02_001746_2663_XI_86N113W_P17_007851_2638_XN_83N092W,output_-110_-100_60_85,84.85,85.0001,76.2807,0.0
P02_001746_2663_XI_86N113W_P20_008998_2635_XI_83N089W,G:\crater_flux_output_folders\output_-110_-100_60_85\P02_001746_2663_XI_86N113W_P20_008998_2635_XI_83N089W,output_-110_-100_60_85,84.9203,85.0001,11.5958,0.0
P02_001746_2663_XI_86N113W_P21_009130_2627_XI_82N089W,G:\crater_flux_output_folders\output_-110_-100_60_85\P02_001746_2663_XI_86N113W_P21_009130_2627_XI_82N089W,output_-110_-100_60_85,84.8555,85.0001,32.6284,0.0
P02_001746_2663_XI_86N113W_G15_024215_2636_XI_83N095W,G:\crater_flux_output_folders\output_-110_-100_60_85\P02_001746_2663_XI_86N113W_G15_024215_2636_XI_83N095W,output_-110_-100_60_85,84.874,85.0001,0.9942,0.0
P13_006151_2600_XN_80N104W_P13_006217_2589_XN_78N104W,G:\crater_flux_output_folders\output_-110_-100_60_85\P13_006151_2600_XN_80N104W_P13_006217_2589_XN_78N104W,output_-110_-100_60_85,77.417,81.34,1002.623,0.0
P13_006151_2600_XN_80N104W_P13_006230_2595_XN_79N100W,G:\crater_flux_output_folders\output_-110_-100_60_85\P13_006151_2600_XN_80N104W_P13_006230_2595_XN_79N100W,output_-110_-100_60_85,78.5171,81.8317,321.6313,0.0
P13_006151_2600_XN_80N104W_P14_006507_2634_XN_83N112W,G:\crater_flux_output_folders\output_-110_-100_60_85\P13_006151_2600_XN_80N104W_P14_006507_2634_XN_83N112W,output_-110_-100_60_85,80.885,82.4053,1662.3127,0.0
P13_006151_2600_XN_80N104W_P14_006586_2585_XN_78N098W,G:\crater_flux_output_folders\output_-110_-100_60_85\P13_006151_2600_XN_80N104W_P14_006586_2585_XN_78N098W,output_-110_-100_60_85,77.9101,78.592,27.9637,0.0
P13_006151_2600_XN_80N104W_P17_007517_2768_XN_83N103W,G:\crater_flux_output_folders\output_-110_-100_60_85\P13_006151_2600_XN_80N104W_P17_007517_2768_XN_83N103W,output_-110_-100_60_85,81.7796,82.523,613.0227,0.0
P13_006151_2600_XN_80N104W_P17_007667_2614_XN_81N105W,G:\crater_flux_output_folders\output_-110_-100_60_85\P13_006151_2600_XN_80N104W_P17_007667_2614_XN_81N105W,output_-110_-100_60_85,80.278,82.3048,1994.1679,0.0
P13_006151_2600_XN_80N104W_P18_008097_2787_XN_81N105W,G:\crater_flux_output_folders\output_-110_-100_60_85\P13_006151_2600_XN_80N104W_P18_008097_2787_XN_81N105W,output_-110_-100_60_85,80.8666,81.6716,560.3947,0.0
P13_006151_2600_XN_80N104W_P20_008822_2787_XN_81N105W,G:\crater_flux_output_folders\output_-110_-100_60_85\P13_006151_2600_XN_80N104W_P20_008822_2787_XN_81N105W,output_-110_-100_60_85,80.8753,81.646,502.2314,0.0
P13_006151_2600_XN_80N104W_P20_009012_2609_XN_80N106W,G:\crater_flux_output_folders\output_-110_-100_60_85\P13_006151_2600_XN_80N104W_P20_009012_2609_XN_80N106W,output_-110_-100_60_85,80.44,81.2641,975.0324,0.0
P13_006151_2600_XN_80N104W_P21_009091_2640_XN_84N114W,G:\crater_flux_output_folders\output_-110_-100_60_85\P13_006151_2600_XN_80N104W_P21_009091_2640_XN_84N114W,output_-110_-100_60_85,82.4078,82.523,0.7917,0.0
P13_006151_2600_XN_80N104W_P21_009157_2635_XI_83N115W,G:\crater_flux_output_folders\output_-110_-100_60_85\P13_006151_2600_XN_80N104W_P21_009157_2635_XI_83N115W,output_-110_-100_60_85,81.035,82.0247,574.5187,0.0
P13_006151_2600_XN_80N104W_P21_009315_2608_XI_80N101W,G:\crater_flux_output_folders\output_-110_-100_60_85\P13_006151_2600_XN_80N104W_P21_009315_2608_XI_80N101W,output_-110_-100_60_85,80.6737,82.523,726.904,0.0
P13_006151_2600_XN_80N104W_P22_009579_2594_XN_79N104W,G:\crater_flux_output_folders\output_-110_-100_60_85\P13_006151_2600_XN_80N104W_P22_009579_2594_XN_79N104W,output_-110_-100_60_85,77.8883,80.794,1765.3049,0.0
P13_006151_2600_XN_80N104W_P22_009737_2598_XN_79N102W,G:\crater_flux_output_folders\output_-110_-100_60_85\P13_006151_2600_XN_80N104W_P22_009737_2598_XN_79N102W,output_-110_-100_60_85,79.307,80.0705,639.963,0.0
P13_006151_2600_XN_80N104W_P22_009837_2840_XN_76N104W,G:\crater_flux_output_folders\output_-110_-100_60_85\P13_006151_2600_XN_80N104W_P22_009837_2840_XN_76N104W,output_-110_-100_60_85,77.417,78.306,573.2368,0.0
P13_006151_2600_XN_80N104W_B01_010093_2598_XN_79N101W,G:\crater_flux_output_folders\output_-110_-100_60_85\P13_006151_2600_XN_80N104W_B01_010093_2598_XN_79N101W,output_-110_-100_60_85,79.328,80.0219,132.0615,0.0
P13_006151_2600_XN_80N104W_B01_010127_2842_XN_75N102W,G:\crater_flux_output_folders\output_-110_-100_60_85\P13_006151_2600_XN_80N104W_B01_010127_2842_XN_75N102W,output_-110_-100_60_85,77.4285,78.044,500.2474,0.0
P13_006151_2600_XN_80N104W_B03_010660_2601_XN_80N103W,G:\crater_flux_output_folders\output_-110_-100_60_85\P13_006151_2600_XN_80N104W_B03_010660_2601_XN_80N103W,output_-110_-100_60_85,79.661,80.2317,457.7509,0.0
P13_006151_2600_XN_80N104W_B21_017715_2578_XN_77N103W,G:\crater_flux_output_folders\output_-110_-100_60_85\P13_006151_2600_XN_80N104W_B21_017715_2578_XN_77N103W,output_-110_-100_60_85,77.5018,78.084,16.4142,0.0
P13_006151_2600_XN_80N104W_B21_017794_2613_XN_81N105W,G:\crater_flux_output_folders\output_-110_-100_60_85\P13_006151_2600_XN_80N104W_B21_017794_2613_XN_81N105W,output_-110_-100_60_85,80.834,81.4988,605.2509,0.0
P13_006151_2600_XN_80N104W_B22_018171_2787_XN_81N105W,G:\crater_flux_output_folders\output_-110_-100_60_85\P13_006151_2600_XN_80N104W_B22_018171_2787_XN_81N105W,output_-110_-100_60_85,80.8824,81.6866,541.678,0.0
P13_006151_2600_XN_80N104W_G01_018506_2567_XN_76N099W,G:\crater_flux_output_folders\output_-110_-100_60_85\P13_006151_2600_XN_80N104W_G01_018506_2567_XN_76N099W,output_-110_-100_60_85,77.4446,77.6707,154.6266,0.0
P13_006151_2600_XN_80N104W_G16_024374_2631_XN_83N111W,G:\crater_flux_output_folders\output_-110_-100_60_85\P13_006151_2600_XN_80N104W_G16_024374_2631_XN_83N111W,output_-110_-100_60_85,80.5,82.3646,1514.6641,0.0
P13_006151_2600_XN_80N104W_G15_024242_2631_XI_83N107W,G:\crater_flux_output_folders\output_-110_-100_60_85\P13_006151_2600_XN_80N104W_G15_024242_2631_XI_83N107W,output_-110_-100_60_85,80.9035,82.523,1135.7386,0.0
P13_006151_2600_XN_80N104W_G17_024901_2629_XI_82N104W,G:\crater_flux_output_folders\output_-110_-100_60_85\P13_006151_2600_XN_80N104W_G17_024901_2629_XI_82N104W,output_-110_-100_60_85,82.2248,82.523,47.4606,0.0
P13_006151_2600_XN_80N104W_G17_024730_2617_XN_81N110W,G:\crater_flux_output_folders\output_-110_-100_60_85\P13_006151_2600_XN_80N104W_G17_024730_2617_XN_81N110W,output_-110_-100_60_85,80.3565,82.0767,193.3992,0.0
P13_006151_2600_XN_80N104W_G20_026167_2613_XN_81N105W,G:\crater_flux_output_folders\output_-110_-100_60_85\P13_006151_2600_XN_80N104W_G20_026167_2613_XN_81N105W,output_-110_-100_60_85,80.814,81.5774,587.6683,0.0
P13_006151_2600_XN_80N104W_G23_027375_2787_XN_81N105W,G:\crater_flux_output_folders\output_-110_-100_60_85\P13_006151_2600_XN_80N104W_G23_027375_2787_XN_81N105W,output_-110_-100_60_85,80.8926,81.697,536.5303,0.0
P13_006151_2600_XN_80N104W_D01_027710_2628_XN_82N107W,G:\crater_flux_output_folders\output_-110_-100_60_85\P13_006151_2600_XN_80N104W_D01_027710_2628_XN_82N107W,output_-110_-100_60_85,82.341,82.523,80.315,0.0
P13_006151_2600_XN_80N104W_D01_027578_2579_XN_77N103W,G:\crater_flux_output_folders\output_-110_-100_60_85\P13_006151_2600_XN_80N104W_D01_027578_2579_XN_77N103W,output_-110_-100_60_85,77.417,78.701,99.3425,0.0
P13_006151_2600_XN_80N104W_G21_026312_2613_XN_81N105W,G:\crater_flux_output_folders\output_-110_-100_60_85\P13_006151_2600_XN_80N104W_G21_026312_2613_XN_81N105W,output_-110_-100_60_85,80.814,81.5813,593.2978,0.0
P13_006151_2600_XN_80N104W_G22_026866_2627_XN_82N108W,G:\crater_flux_output_folders\output_-110_-100_60_85\P13_006151_2600_XN_80N104W_G22_026866_2627_XN_82N108W,output_-110_-100_60_85,82.169,82.523,238.9242,0.0
P13_006151_2600_XN_80N104W_G23_027341_2579_XN_77N103W,G:\crater_flux_output_folders\output_-110_-100_60_85\P13_006151_2600_XN_80N104W_G23_027341_2579_XN_77N103W,output_-110_-100_60_85,77.5417,78.579,85.7607,0.0
P13_006151_2600_XN_80N104W_D17_033881_2613_XN_81N105W,G:\crater_flux_output_folders\output_-110_-100_60_85\P13_006151_2600_XN_80N104W_D17_033881_2613_XN_81N105W,output_-110_-100_60_85,80.814,81.5768,590.948,0.0
P13_006151_2600_XN_80N104W_F19_043112_2607_XN_80N104W,G:\crater_flux_output_folders\output_-110_-100_60_85\P13_006151_2600_XN_80N104W_F19_043112_2607_XN_80N104W,output_-110_-100_60_85,80.238,80.9719,499.119,0.0
P13_006151_2600_XN_80N104W_J20_052474_2607_XN_80N102W,G:\crater_flux_output_folders\output_-110_-100_60_85\P13_006151_2600_XN_80N104W_J20_052474_2607_XN_80N102W,output_-110_-100_60_85,80.4745,80.9407,40.2946,0.0
P13_006164_2585_XN_78N096W_P13_006230_2595_XN_79N100W,G:\crater_flux_output_folders\output_-110_-100_60_85\P13_006164_2585_XN_78N096W_P13_006230_2595_XN_79N100W,output_-110_-100_60_85,79.3462,80.8624,288.2486,0.0
P13_006164_2585_XN_78N096W_P14_006520_2583_XN_78N096W,G:\crater_flux_output_folders\output_-110_-100_60_85\P13_006164_2585_XN_78N096W_P14_006520_2583_XN_78N096W,output_-110_-100_60_85,79.5356,80.3757,201.4107,0.0
P13_006164_2585_XN_78N096W_P14_006586_2585_XN_78N098W,G:\crater_flux_output_folders\output_-110_-100_60_85\P13_006164_2585_XN_78N096W_P14_006586_2585_XN_78N098W,output_-110_-100_60_85,79.3462,80.8891,508.7405,0.0
P13_006164_2585_XN_78N096W_P17_007667_2614_XN_81N105W,G:\crater_flux_output_folders\output_-110_-100_60_85\P13_006164_2585_XN_78N096W_P17_007667_2614_XN_81N105W,output_-110_-100_60_85,80.458,80.7576,6.3633,0.0
P13_006164_2585_XN_78N096W_P21_009315_2608_XI_80N101W,G:\crater_flux_output_folders\output_-110_-100_60_85\P13_006164_2585_XN_78N096W_P21_009315_2608_XI_80N101W,output_-110_-100_60_85,79.3462,80.8772,528.4065,0.0
P13_006164_2585_XN_78N096W_P22_009447_2593_XN_79N099W,G:\crater_flux_output_folders\output_-110_-100_60_85\P13_006164_2585_XN_78N096W_P22_009447_2593_XN_79N099W,output_-110_-100_60_85,79.3462,80.6004,374.504,0.0
P13_006164_2585_XN_78N096W_B02_010370_2599_XN_79N100W,G:\crater_flux_output_folders\output_-110_-100_60_85\P13_006164_2585_XN_78N096W_B02_010370_2599_XN_79N100W,output_-110_-100_60_85,79.5331,80.0736,53.782,0.0
P13_006164_2585_XN_78N096W_G17_024901_2629_XI_82N104W,G:\crater_flux_output_folders\output_-110_-100_60_85\P13_006164_2585_XN_78N096W_G17_024901_2629_XI_82N104W,output_-110_-100_60_85,80.551,80.9387,147.4907,0.0
P13_006164_2585_XN_78N096W_G18_025178_2615_XN_81N101W,G:\crater_flux_output_folders\output_-110_-100_60_85\P13_006164_2585_XN_78N096W_G18_025178_2615_XN_81N101W,output_-110_-100_60_85,80.126,80.9387,463.3551,0.0
P13_006164_2585_XN_78N096W_D01_027433_2597_XN_79N099W,G:\crater_flux_output_folders\output_-110_-100_60_85\P13_006164_2585_XN_78N096W_D01_027433_2597_XN_79N099W,output_-110_-100_60_85,79.3462,79.9769,26.3054,0.0
P13_006164_2585_XN_78N096W_D01_027446_2602_XN_80N099W,G:\crater_flux_output_folders\output_-110_-100_60_85\P13_006164_2585_XN_78N096W_D01_027446_2602_XN_80N099W,output_-110_-100_60_85,79.6887,80.4918,275.2408,0.0
P13_006164_2585_XN_78N096W_G22_026958_2608_XN_80N098W,G:\crater_flux_output_folders\output_-110_-100_60_85\P13_006164_2585_XN_78N096W_G22_026958_2608_XN_80N098W,output_-110_-100_60_85,80.8275,80.9387,7.988,0.0
P13_006164_2585_XN_78N096W_F21_043903_2619_XN_81N102W,G:\crater_flux_output_folders\output_-110_-100_60_85\P13_006164_2585_XN_78N096W_F21_043903_2619_XN_81N102W,output_-110_-100_60_85,80.45,80.9387,280.7006,0.0
P13_006164_2585_XN_78N096W_J20_052474_2607_XN_80N102W,G:\crater_flux_output_folders\output_-110_-100_60_85\P13_006164_2585_XN_78N096W_J20_052474_2607_XN_80N102W,output_-110_-100_60_85,80.378,80.8614,183.7558,0.0
P13_006204_2622_XN_82N116W_P13_006283_2591_XN_79N106W,G:\crater_flux_output_folders\output_-115_-110_50_85\P13_006204_2622_XN_82N116W_P13_006283_2591_XN_79N106W,output_-110_-100_60_85,79.7568,80.0506,16.3761,0.0
P13_006204_2622_XN_82N116W_P17_007852_2594_XN_79N110W,G:\crater_flux_output_folders\output_-115_-110_50_85\P13_006204_2622_XN_82N116W_P17_007852_2594_XN_79N110W,output_-110_-100_60_85,79.7422,80.0506,690.7742,0.0
P13_006204_2622_XN_82N116W_P18_008063_2594_XN_79N110W,G:\crater_flux_output_folders\output_-115_-110_50_85\P13_006204_2622_XN_82N116W_P18_008063_2594_XN_79N110W,output_-110_-100_60_85,79.7422,80.0506,652.4594,0.0
P13_006204_2622_XN_82N116W_P21_009131_2623_XI_82N116W,G:\crater_flux_output_folders\output_-115_-110_50_85\P13_006204_2622_XN_82N116W_P21_009131_2623_XI_82N116W,output_-110_-100_60_85,79.8286,79.8759,2200.8643,0.0
P13_006204_2622_XN_82N116W_P21_009368_2605_XI_80N108W,G:\crater_flux_output_folders\output_-115_-110_50_85\P13_006204_2622_XN_82N116W_P21_009368_2605_XI_80N108W,output_-110_-100_60_85,79.7422,80.0506,560.3632,0.0
P13_006204_2622_XN_82N116W_P22_009632_2592_XN_79N109W,G:\crater_flux_output_folders\output_-115_-110_50_85\P13_006204_2622_XN_82N116W_P22_009632_2592_XN_79N109W,output_-110_-100_60_85,79.7422,80.0506,648.415,0.0
P13_006204_2622_XN_82N116W_B18_016647_2596_XN_79N110W,G:\crater_flux_output_folders\output_-110_-100_60_85\P13_006204_2622_XN_82N116W_B18_016647_2596_XN_79N110W,output_-110_-100_60_85,79.7422,79.8397,27.6455,0.0
P13_006204_2622_XN_82N116W_B19_017135_2595_XN_79N110W,G:\crater_flux_output_folders\output_-110_-100_60_85\P13_006204_2622_XN_82N116W_B19_017135_2595_XN_79N110W,output_-110_-100_60_85,79.7422,79.8399,29.4737,0.0
P13_006204_2622_XN_82N116W_G01_018414_2598_XN_79N111W,G:\crater_flux_output_folders\output_-115_-110_50_85\P13_006204_2622_XN_82N116W_G01_018414_2598_XN_79N111W,output_-110_-100_60_85,79.7422,79.7749,523.1738,0.0
P13_006204_2622_XN_82N116W_G01_018448_2798_XN_80N111W,G:\crater_flux_output_folders\output_-115_-110_50_85\P13_006204_2622_XN_82N116W_G01_018448_2798_XN_80N111W,output_-110_-100_60_85,79.8337,80.0506,920.0686,0.0
P13_006204_2622_XN_82N116W_G16_024585_2595_XN_79N110W,G:\crater_flux_output_folders\output_-115_-110_50_85\P13_006204_2622_XN_82N116W_G16_024585_2595_XN_79N110W,output_-110_-100_60_85,79.7422,79.8617,104.8561,0.0
P13_006204_2622_XN_82N116W_G18_025363_2615_XN_81N112W,G:\crater_flux_output_folders\output_-115_-110_50_85\P13_006204_2622_XN_82N116W_G18_025363_2615_XN_81N112W,output_-110_-100_60_85,79.989,80.0506,483.6249,0.0
P13_006204_2622_XN_82N116W_D01_027494_2798_XN_80N111W,G:\crater_flux_output_folders\output_-115_-110_50_85\P13_006204_2622_XN_82N116W_D01_027494_2798_XN_80N111W,output_-110_-100_60_85,79.8961,80.0506,931.7676,0.0
P13_006204_2622_XN_82N116W_D01_027407_2600_XN_80N110W,G:\crater_flux_output_folders\output_-115_-110_50_85\P13_006204_2622_XN_82N116W_D01_027407_2600_XN_80N110W,output_-110_-100_60_85,79.7422,80.0506,527.4698,0.0
P13_006204_2622_XN_82N116W_D01_027697_2604_XN_80N110W,G:\crater_flux_output_folders\output_-115_-110_50_85\P13_006204_2622_XN_82N116W_D01_027697_2604_XN_80N110W,output_-110_-100_60_85,79.901,80.0506,434.0058,0.0
P13_006204_2622_XN_82N116W_D21_035266_2595_XN_79N110W,G:\crater_flux_output_folders\output_-115_-110_50_85\P13_006204_2622_XN_82N116W_D21_035266_2595_XN_79N110W,output_-110_-100_60_85,79.7422,79.8318,87.306,0.0
P13_006204_2622_XN_82N116W_F23_044866_2601_XN_80N112W,G:\crater_flux_output_folders\output_-115_-110_50_85\P13_006204_2622_XN_82N116W_F23_044866_2601_XN_80N112W,output_-110_-100_60_85,79.7689,79.8852,1042.2278,0.0
P13_006204_2622_XN_82N116W_J16_051103_2596_XN_79N110W,G:\crater_flux_output_folders\output_-115_-110_50_85\P13_006204_2622_XN_82N116W_J16_051103_2596_XN_79N110W,output_-110_-100_60_85,79.7422,79.9375,234.4292,0.0
P13_006217_2589_XN_78N104W_P13_006283_2591_XN_79N106W,G:\crater_flux_output_folders\output_-110_-100_60_85\P13_006217_2589_XN_78N104W_P13_006283_2591_XN_79N106W,output_-110_-100_60_85,77.0532,81.026,1440.3443,0.0
P13_006217_2589_XN_78N104W_P14_006507_2634_XN_83N112W,G:\crater_flux_output_folders\output_-110_-100_60_85\P13_006217_2589_XN_78N104W_P14_006507_2634_XN_83N112W,output_-110_-100_60_85,80.885,81.34,390.9565,0.0
P13_006217_2589_XN_78N104W_P17_007667_2614_XN_81N105W,G:\crater_flux_output_folders\output_-110_-100_60_85\P13_006217_2589_XN_78N104W_P17_007667_2614_XN_81N105W,output_-110_-100_60_85,80.8526,81.34,109.5482,0.0
P13_006217_2589_XN_78N104W_P18_008097_2787_XN_81N105W,G:\crater_flux_output_folders\output_-110_-100_60_85\P13_006217_2589_XN_78N104W_P18_008097_2787_XN_81N105W,output_-110_-100_60_85,80.9518,81.34,136.3818,0.0
P13_006217_2589_XN_78N104W_P20_008822_2787_XN_81N105W,G:\crater_flux_output_folders\output_-110_-100_60_85\P13_006217_2589_XN_78N104W_P20_008822_2787_XN_81N105W,output_-110_-100_60_85,80.9501,81.3135,104.2448,0.0
P13_006217_2589_XN_78N104W_P20_009012_2609_XN_80N106W,G:\crater_flux_output_folders\output_-110_-100_60_85\P13_006217_2589_XN_78N104W_P20_009012_2609_XN_80N106W,output_-110_-100_60_85,80.44,81.2069,753.3783,0.0
P13_006217_2589_XN_78N104W_P21_009157_2635_XI_83N115W,G:\crater_flux_output_folders\output_-110_-100_60_85\P13_006217_2589_XN_78N104W_P21_009157_2635_XI_83N115W,output_-110_-100_60_85,81.006,81.34,331.5599,0.0
P13_006217_2589_XN_78N104W_P21_009368_2605_XI_80N108W,G:\crater_flux_output_folders\output_-110_-100_60_85\P13_006217_2589_XN_78N104W_P21_009368_2605_XI_80N108W,output_-110_-100_60_85,78.1313,81.1869,1408.7149,0.0
P13_006217_2589_XN_78N104W_P22_009579_2594_XN_79N104W,G:\crater_flux_output_folders\output_-110_-100_60_85\P13_006217_2589_XN_78N104W_P22_009579_2594_XN_79N104W,output_-110_-100_60_85,77.811,80.768,4406.7019,0.0
P13_006217_2589_XN_78N104W_P22_009632_2592_XN_79N109W,G:\crater_flux_output_folders\output_-110_-100_60_85\P13_006217_2589_XN_78N104W_P22_009632_2592_XN_79N109W,output_-110_-100_60_85,79.9573,81.067,131.9199,0.0
P13_006217_2589_XN_78N104W_P22_009837_2840_XN_76N104W,G:\crater_flux_output_folders\output_-110_-100_60_85\P13_006217_2589_XN_78N104W_P22_009837_2840_XN_76N104W,output_-110_-100_60_85,76.3846,78.306,1829.4349,0.0
P13_006217_2589_XN_78N104W_B01_009877_2793_XN_80N110W,G:\crater_flux_output_folders\output_-110_-100_60_85\P13_006217_2589_XN_78N104W_B01_009877_2793_XN_80N110W,output_-110_-100_60_85,80.5112,80.946,97.3794,0.0
P13_006217_2589_XN_78N104W_B01_009903_2842_XI_75N106W,G:\crater_flux_output_folders\output_-110_-100_60_85\P13_006217_2589_XN_78N104W_B01_009903_2842_XI_75N106W,output_-110_-100_60_85,77.1233,78.276,621.6747,0.0
P13_006217_2589_XN_78N104W_B01_010127_2842_XN_75N102W,G:\crater_flux_output_folders\output_-110_-100_60_85\P13_006217_2589_XN_78N104W_B01_010127_2842_XN_75N102W,output_-110_-100_60_85,76.204,77.3355,1035.846,0.0
P13_006217_2589_XN_78N104W_B03_010660_2601_XN_80N103W,G:\crater_flux_output_folders\output_-110_-100_60_85\P13_006217_2589_XN_78N104W_B03_010660_2601_XN_80N103W,output_-110_-100_60_85,80.1056,80.1274,0.1449,0.0
P13_006217_2589_XN_78N104W_B21_017715_2578_XN_77N103W,G:\crater_flux_output_folders\output_-110_-100_60_85\P13_006217_2589_XN_78N104W_B21_017715_2578_XN_77N103W,output_-110_-100_60_85,77.2773,78.078,1071.4189,0.0
P13_006217_2589_XN_78N104W_B21_017794_2613_XN_81N105W,G:\crater_flux_output_folders\output_-110_-100_60_85\P13_006217_2589_XN_78N104W_B21_017794_2613_XN_81N105W,output_-110_-100_60_85,80.834,81.34,141.4835,0.0
P13_006217_2589_XN_78N104W_B21_017649_2556_XN_75N100W,G:\crater_flux_output_folders\output_-110_-100_60_85\P13_006217_2589_XN_78N104W_B21_017649_2556_XN_75N100W,output_-110_-100_60_85,76.2054,76.7472,809.4098,0.0
P13_006217_2589_XN_78N104W_B21_017828_2831_XN_76N107W,G:\crater_flux_output_folders\output_-110_-100_60_85\P13_006217_2589_XN_78N104W_B21_017828_2831_XN_76N107W,output_-110_-100_60_85,77.7724,78.6643,265.2923,0.0
P13_006217_2589_XN_78N104W_B22_018171_2787_XN_81N105W,G:\crater_flux_output_folders\output_-110_-100_60_85\P13_006217_2589_XN_78N104W_B22_018171_2787_XN_81N105W,output_-110_-100_60_85,80.9615,81.34,123.6526,0.0
P13_006217_2589_XN_78N104W_G01_018717_2565_XN_76N100W,G:\crater_flux_output_folders\output_-110_-100_60_85\P13_006217_2589_XN_78N104W_G01_018717_2565_XN_76N100W,output_-110_-100_60_85,76.301,77.2967,126.0867,0.0
P13_006217_2589_XN_78N104W_G16_024374_2631_XN_83N111W,G:\crater_flux_output_folders\output_-115_-110_50_85\P13_006217_2589_XN_78N104W_G16_024374_2631_XN_83N111W,output_-110_-100_60_85,80.5,81.34,2.4621,0.0
P13_006217_2589_XN_78N104W_G17_024730_2617_XN_81N110W,G:\crater_flux_output_folders\output_-110_-100_60_85\P13_006217_2589_XN_78N104W_G17_024730_2617_XN_81N110W,output_-110_-100_60_85,80.2907,81.2714,1081.237,0.0
P13_006217_2589_XN_78N104W_G18_025363_2615_XN_81N112W,G:\crater_flux_output_folders\output_-110_-100_60_85\P13_006217_2589_XN_78N104W_G18_025363_2615_XN_81N112W,output_-110_-100_60_85,80.0691,81.183,177.8287,0.0
P13_006217_2589_XN_78N104W_G20_026167_2613_XN_81N105W,G:\crater_flux_output_folders\output_-110_-100_60_85\P13_006217_2589_XN_78N104W_G20_026167_2613_XN_81N105W,output_-110_-100_60_85,80.9903,81.34,51.4437,0.0
P13_006217_2589_XN_78N104W_G23_027375_2787_XN_81N105W,G:\crater_flux_output_folders\output_-110_-100_60_85\P13_006217_2589_XN_78N104W_G23_027375_2787_XN_81N105W,output_-110_-100_60_85,80.9612,81.34,120.0653,0.0
P13_006217_2589_XN_78N104W_D01_027578_2579_XN_77N103W,G:\crater_flux_output_folders\output_-110_-100_60_85\P13_006217_2589_XN_78N104W_D01_027578_2579_XN_77N103W,output_-110_-100_60_85,76.962,78.701,2428.8847,0.0
P13_006217_2589_XN_78N104W_G21_026312_2613_XN_81N105W,G:\crater_flux_output_folders\output_-110_-100_60_85\P13_006217_2589_XN_78N104W_G21_026312_2613_XN_81N105W,output_-110_-100_60_85,80.9939,81.34,55.5959,0.0
P13_006217_2589_XN_78N104W_G23_027341_2579_XN_77N103W,G:\crater_flux_output_folders\output_-110_-100_60_85\P13_006217_2589_XN_78N104W_G23_027341_2579_XN_77N103W,output_-110_-100_60_85,77.0818,78.5652,2086.4956,0.0
P13_006217_2589_XN_78N104W_D17_033881_2613_XN_81N105W,G:\crater_flux_output_folders\output_-110_-100_60_85\P13_006217_2589_XN_78N104W_D17_033881_2613_XN_81N105W,output_-110_-100_60_85,80.9738,81.34,53.9977,0.0
P13_006217_2589_XN_78N104W_F22_044233_2563_XN_76N103W,G:\crater_flux_output_folders\output_-110_-100_60_85\P13_006217_2589_XN_78N104W_F22_044233_2563_XN_76N103W,output_-110_-100_60_85,76.204,76.811,231.5572,0.0
P13_006230_2595_XN_79N100W_P14_006507_2634_XN_83N112W,G:\crater_flux_output_folders\output_-110_-100_60_85\P13_006230_2595_XN_79N100W_P14_006507_2634_XN_83N112W,output_-110_-100_60_85,80.998,81.5495,53.8617,0.0
P13_006230_2595_XN_79N100W_P14_006520_2583_XN_78N096W,G:\crater_flux_output_folders\output_-110_-100_60_85\P13_006230_2595_XN_79N100W_P14_006520_2583_XN_78N096W,output_-110_-100_60_85,79.5356,80.3411,188.5666,0.0
P13_006230_2595_XN_79N100W_P14_006586_2585_XN_78N098W,G:\crater_flux_output_folders\output_-110_-100_60_85\P13_006230_2595_XN_79N100W_P14_006586_2585_XN_78N098W,output_-110_-100_60_85,78.017,81.0186,2623.138,0.0
P13_006230_2595_XN_79N100W_P17_007517_2768_XN_83N103W,G:\crater_flux_output_folders\output_-110_-100_60_85\P13_006230_2595_XN_79N100W_P17_007517_2768_XN_83N103W,output_-110_-100_60_85,81.775,81.8605,15.5898,0.0
P13_006230_2595_XN_79N100W_P17_007667_2614_XN_81N105W,G:\crater_flux_output_folders\output_-110_-100_60_85\P13_006230_2595_XN_79N100W_P17_007667_2614_XN_81N105W,output_-110_-100_60_85,80.2992,81.8949,1462.5075,0.0
P13_006230_2595_XN_79N100W_P18_008097_2787_XN_81N105W,G:\crater_flux_output_folders\output_-110_-100_60_85\P13_006230_2595_XN_79N100W_P18_008097_2787_XN_81N105W,output_-110_-100_60_85,80.844,81.694,698.0883,0.0
P13_006230_2595_XN_79N100W_P20_008822_2787_XN_81N105W,G:\crater_flux_output_folders\output_-110_-100_60_85\P13_006230_2595_XN_79N100W_P20_008822_2787_XN_81N105W,output_-110_-100_60_85,80.844,81.684,744.3441,0.0
P13_006230_2595_XN_79N100W_P21_009315_2608_XI_80N101W,G:\crater_flux_output_folders\output_-110_-100_60_85\P13_006230_2595_XN_79N100W_P21_009315_2608_XI_80N101W,output_-110_-100_60_85,78.9178,81.9829,4011.6255,0.0
P13_006230_2595_XN_79N100W_P22_009447_2593_XN_79N099W,G:\crater_flux_output_folders\output_-110_-100_60_85\P13_006230_2595_XN_79N100W_P22_009447_2593_XN_79N099W,output_-110_-100_60_85,78.145,80.5532,1804.8331,0.0
P13_006230_2595_XN_79N100W_P22_009737_2598_XN_79N102W,G:\crater_flux_output_folders\output_-110_-100_60_85\P13_006230_2595_XN_79N100W_P22_009737_2598_XN_79N102W,output_-110_-100_60_85,79.3786,80.167,362.1636,0.0
P13_006230_2595_XN_79N100W_B01_010093_2598_XN_79N101W,G:\crater_flux_output_folders\output_-110_-100_60_85\P13_006230_2595_XN_79N100W_B01_010093_2598_XN_79N101W,output_-110_-100_60_85,79.3315,80.187,833.6079,0.0
P13_006230_2595_XN_79N100W_B02_010370_2599_XN_79N100W,G:\crater_flux_output_folders\output_-110_-100_60_85\P13_006230_2595_XN_79N100W_B02_010370_2599_XN_79N100W,output_-110_-100_60_85,79.469,80.0612,621.8131,0.0
P13_006230_2595_XN_79N100W_B03_010660_2601_XN_80N103W,G:\crater_flux_output_folders\output_-110_-100_60_85\P13_006230_2595_XN_79N100W_B03_010660_2601_XN_80N103W,output_-110_-100_60_85,79.7332,80.339,290.3323,0.0
P13_006230_2595_XN_79N100W_B21_017794_2613_XN_81N105W,G:\crater_flux_output_folders\output_-110_-100_60_85\P13_006230_2595_XN_79N100W_B21_017794_2613_XN_81N105W,output_-110_-100_60_85,80.8982,81.572,470.4346,0.0
P13_006230_2595_XN_79N100W_B22_018171_2787_XN_81N105W,G:\crater_flux_output_folders\output_-110_-100_60_85\P13_006230_2595_XN_79N100W_B22_018171_2787_XN_81N105W,output_-110_-100_60_85,80.854,81.704,727.7185,0.0
P13_006230_2595_XN_79N100W_G15_024242_2631_XI_83N107W,G:\crater_flux_output_folders\output_-110_-100_60_85\P13_006230_2595_XN_79N100W_G15_024242_2631_XI_83N107W,output_-110_-100_60_85,80.763,81.9522,1682.1842,0.0
P13_006230_2595_XN_79N100W_G17_024901_2629_XI_82N104W,G:\crater_flux_output_folders\output_-110_-100_60_85\P13_006230_2595_XN_79N100W_G17_024901_2629_XI_82N104W,output_-110_-100_60_85,80.9071,82.007,759.6424,0.0
P13_006230_2595_XN_79N100W_G18_025178_2615_XN_81N101W,G:\crater_flux_output_folders\output_-110_-100_60_85\P13_006230_2595_XN_79N100W_G18_025178_2615_XN_81N101W,output_-110_-100_60_85,80.3744,82.007,755.0935,0.0
P13_006230_2595_XN_79N100W_G20_026167_2613_XN_81N105W,G:\crater_flux_output_folders\output_-110_-100_60_85\P13_006230_2595_XN_79N100W_G20_026167_2613_XN_81N105W,output_-110_-100_60_85,80.8639,81.684,710.2572,0.0
P13_006230_2595_XN_79N100W_G23_027375_2787_XN_81N105W,G:\crater_flux_output_folders\output_-110_-100_60_85\P13_006230_2595_XN_79N100W_G23_027375_2787_XN_81N105W,output_-110_-100_60_85,80.865,81.704,729.458,0.0
P13_006230_2595_XN_79N100W_D01_027433_2597_XN_79N099W,G:\crater_flux_output_folders\output_-110_-100_60_85\P13_006230_2595_XN_79N100W_D01_027433_2597_XN_79N099W,output_-110_-100_60_85,79.237,79.9714,297.2679,0.0
P13_006230_2595_XN_79N100W_D01_027446_2602_XN_80N099W,G:\crater_flux_output_folders\output_-110_-100_60_85\P13_006230_2595_XN_79N100W_D01_027446_2602_XN_80N099W,output_-110_-100_60_85,79.681,80.4366,521.5173,0.0
P13_006230_2595_XN_79N100W_G21_026312_2613_XN_81N105W,G:\crater_flux_output_folders\output_-110_-100_60_85\P13_006230_2595_XN_79N100W_G21_026312_2613_XN_81N105W,output_-110_-100_60_85,80.8658,81.694,717.4088,0.0
P13_006230_2595_XN_79N100W_D17_033881_2613_XN_81N105W,G:\crater_flux_output_folders\output_-110_-100_60_85\P13_006230_2595_XN_79N100W_D17_033881_2613_XN_81N105W,output_-110_-100_60_85,80.8662,81.684,701.7847,0.0
P13_006230_2595_XN_79N100W_F19_043112_2607_XN_80N104W,G:\crater_flux_output_folders\output_-110_-100_60_85\P13_006230_2595_XN_79N100W_F19_043112_2607_XN_80N104W,output_-110_-100_60_85,80.2808,81.067,612.9204,0.0
P13_006230_2595_XN_79N100W_F21_043903_2619_XN_81N102W,G:\crater_flux_output_folders\output_-110_-100_60_85\P13_006230_2595_XN_79N100W_F21_043903_2619_XN_81N102W,output_-110_-100_60_85,80.706,82.007,496.6071,0.0
P13_006230_2595_XN_79N100W_J20_052474_2607_XN_80N102W,G:\crater_flux_output_folders\output_-110_-100_60_85\P13_006230_2595_XN_79N100W_J20_052474_2607_XN_80N102W,output_-110_-100_60_85,80.2578,81.1073,1061.8188,0.0
P13_006270_2560_XN_76N108W_B01_009903_2842_XI_75N106W,G:\crater_flux_output_folders\output_-110_-100_60_85\P13_006270_2560_XN_76N108W_B01_009903_2842_XI_75N106W,output_-110_-100_60_85,73.83,75.749,2326.141,1555.4065
P13_006270_2560_XN_76N108W_B19_016990_2575_XN_77N110W,G:\crater_flux_output_folders\output_-110_-100_60_85\P13_006270_2560_XN_76N108W_B19_016990_2575_XN_77N110W,output_-110_-100_60_85,75.5356,75.7175,131.3737,0.0
P13_006270_2560_XN_76N108W_B21_017828_2831_XN_76N107W,G:\crater_flux_output_folders\output_-110_-100_60_85\P13_006270_2560_XN_76N108W_B21_017828_2831_XN_76N107W,output_-110_-100_60_85,75.012,75.728,577.0869,0.0
P13_006283_2591_XN_79N106W_P17_007852_2594_XN_79N110W,G:\crater_flux_output_folders\output_-110_-100_60_85\P13_006283_2591_XN_79N106W_P17_007852_2594_XN_79N110W,output_-110_-100_60_85,78.6294,80.227,102.1036,0.0
P13_006283_2591_XN_79N106W_P18_008063_2594_XN_79N110W,G:\crater_flux_output_folders\output_-110_-100_60_85\P13_006283_2591_XN_79N106W_P18_008063_2594_XN_79N110W,output_-110_-100_60_85,78.6184,80.207,91.2694,0.0
P13_006283_2591_XN_79N106W_P19_008334_2819_XN_78N107W,G:\crater_flux_output_folders\output_-110_-100_60_85\P13_006283_2591_XN_79N106W_P19_008334_2819_XN_78N107W,output_-110_-100_60_85,77.609,78.3921,452.5557,0.0
P13_006283_2591_XN_79N106W_P19_008643_2616_XI_81N112W,G:\crater_flux_output_folders\output_-110_-100_60_85\P13_006283_2591_XN_79N106W_P19_008643_2616_XI_81N112W,output_-110_-100_60_85,80.1424,80.9513,496.1995,0.0
P13_006283_2591_XN_79N106W_P20_008999_2595_XN_79N110W,G:\crater_flux_output_folders\output_-110_-100_60_85\P13_006283_2591_XN_79N106W_P20_008999_2595_XN_79N110W,output_-110_-100_60_85,79.237,79.752,46.0841,0.0
P13_006283_2591_XN_79N106W_P20_009012_2609_XN_80N106W,G:\crater_flux_output_folders\output_-110_-100_60_85\P13_006283_2591_XN_79N106W_P20_009012_2609_XN_80N106W,output_-110_-100_60_85,80.701,81.026,22.3452,0.0
P13_006283_2591_XN_79N106W_P21_009368_2605_XI_80N108W,G:\crater_flux_output_folders\output_-110_-100_60_85\P13_006283_2591_XN_79N106W_P21_009368_2605_XI_80N108W,output_-110_-100_60_85,78.104,80.9742,3928.089,0.0
P13_006283_2591_XN_79N106W_P22_009579_2594_XN_79N104W,G:\crater_flux_output_folders\output_-110_-100_60_85\P13_006283_2591_XN_79N106W_P22_009579_2594_XN_79N104W,output_-110_-100_60_85,77.811,80.6729,987.2093,0.0
P13_006283_2591_XN_79N106W_P22_009632_2592_XN_79N109W,G:\crater_flux_output_folders\output_-110_-100_60_85\P13_006283_2591_XN_79N106W_P22_009632_2592_XN_79N109W,output_-110_-100_60_85,78.0166,80.992,1388.2954,0.0
P13_006283_2591_XN_79N106W_P22_009837_2840_XN_76N104W,G:\crater_flux_output_folders\output_-110_-100_60_85\P13_006283_2591_XN_79N106W_P22_009837_2840_XN_76N104W,output_-110_-100_60_85,77.0111,77.7698,446.5221,0.0
P13_006283_2591_XN_79N106W_B01_009877_2793_XN_80N110W,G:\crater_flux_output_folders\output_-110_-100_60_85\P13_006283_2591_XN_79N106W_B01_009877_2793_XN_80N110W,output_-110_-100_60_85,80.197,80.9479,401.5717,0.0
P13_006283_2591_XN_79N106W_B01_009903_2842_XI_75N106W,G:\crater_flux_output_folders\output_-110_-100_60_85\P13_006283_2591_XN_79N106W_B01_009903_2842_XI_75N106W,output_-110_-100_60_85,76.972,78.276,1695.4954,0.0
P13_006283_2591_XN_79N106W_B17_016436_2576_XN_77N105W,G:\crater_flux_output_folders\output_-110_-100_60_85\P13_006283_2591_XN_79N106W_B17_016436_2576_XN_77N105W,output_-110_-100_60_85,77.1061,77.973,903.0489,0.0
P13_006283_2591_XN_79N106W_B18_016647_2596_XN_79N110W,G:\crater_flux_output_folders\output_-110_-100_60_85\P13_006283_2591_XN_79N106W_B18_016647_2596_XN_79N110W,output_-110_-100_60_85,79.1318,79.853,76.1539,0.0
P13_006283_2591_XN_79N106W_B19_016871_2609_XN_80N111W,G:\crater_flux_output_folders\output_-115_-110_50_85\P13_006283_2591_XN_79N106W_B19_016871_2609_XN_80N111W,output_-110_-100_60_85,80.5524,80.9016,247.39,0.0
P13_006283_2591_XN_79N106W_B19_017135_2595_XN_79N110W,G:\crater_flux_output_folders\output_-110_-100_60_85\P13_006283_2591_XN_79N106W_B19_017135_2595_XN_79N110W,output_-110_-100_60_85,79.1421,79.853,61.5122,0.0
P13_006283_2591_XN_79N106W_B21_017715_2578_XN_77N103W,G:\crater_flux_output_folders\output_-110_-100_60_85\P13_006283_2591_XN_79N106W_B21_017715_2578_XN_77N103W,output_-110_-100_60_85,77.275,78.0042,440.8597,0.0
P13_006283_2591_XN_79N106W_B21_017847_2609_XN_80N111W,G:\crater_flux_output_folders\output_-115_-110_50_85\P13_006283_2591_XN_79N106W_B21_017847_2609_XN_80N111W,output_-110_-100_60_85,80.5385,80.8386,247.1346,0.0
P13_006283_2591_XN_79N106W_B21_017828_2831_XN_76N107W,G:\crater_flux_output_folders\output_-110_-100_60_85\P13_006283_2591_XN_79N106W_B21_017828_2831_XN_76N107W,output_-110_-100_60_85,77.1617,78.681,1556.059,0.0
P13_006283_2591_XN_79N106W_G01_018448_2798_XN_80N111W,G:\crater_flux_output_folders\output_-110_-100_60_85\P13_006283_2591_XN_79N106W_G01_018448_2798_XN_80N111W,output_-110_-100_60_85,79.8785,80.4936,188.4633,0.0
P13_006283_2591_XN_79N106W_G16_024374_2631_XN_83N111W,G:\crater_flux_output_folders\output_-110_-100_60_85\P13_006283_2591_XN_79N106W_G16_024374_2631_XN_83N111W,output_-110_-100_60_85,80.5,81.026,199.872,0.0
P13_006283_2591_XN_79N106W_G16_024585_2595_XN_79N110W,G:\crater_flux_output_folders\output_-110_-100_60_85\P13_006283_2591_XN_79N106W_G16_024585_2595_XN_79N110W,output_-110_-100_60_85,79.1561,79.874,82.2121,0.0
P13_006283_2591_XN_79N106W_G17_024730_2617_XN_81N110W,G:\crater_flux_output_folders\output_-110_-100_60_85\P13_006283_2591_XN_79N106W_G17_024730_2617_XN_81N110W,output_-110_-100_60_85,80.268,81.026,822.4476,0.0
P13_006283_2591_XN_79N106W_G18_025363_2615_XN_81N112W,G:\crater_flux_output_folders\output_-110_-100_60_85\P13_006283_2591_XN_79N106W_G18_025363_2615_XN_81N112W,output_-110_-100_60_85,79.989,80.9704,859.5365,0.0
P13_006283_2591_XN_79N106W_D01_027494_2798_XN_80N111W,G:\crater_flux_output_folders\output_-110_-100_60_85\P13_006283_2591_XN_79N106W_D01_027494_2798_XN_80N111W,output_-110_-100_60_85,79.9095,80.4888,193.5629,0.0
P13_006283_2591_XN_79N106W_D01_027407_2600_XN_80N110W,G:\crater_flux_output_folders\output_-110_-100_60_85\P13_006283_2591_XN_79N106W_D01_027407_2600_XN_80N110W,output_-110_-100_60_85,79.4767,80.329,505.0428,0.0
P13_006283_2591_XN_79N106W_D02_028172_2567_XN_76N106W,G:\crater_flux_output_folders\output_-110_-100_60_85\P13_006283_2591_XN_79N106W_D02_028172_2567_XN_76N106W,output_-110_-100_60_85,76.972,76.982,0.0772,0.0
P13_006283_2591_XN_79N106W_D01_027697_2604_XN_80N110W,G:\crater_flux_output_folders\output_-110_-100_60_85\P13_006283_2591_XN_79N106W_D01_027697_2604_XN_80N110W,output_-110_-100_60_85,79.9036,80.703,631.8046,0.0
P13_006283_2591_XN_79N106W_D01_027578_2579_XN_77N103W,G:\crater_flux_output_folders\output_-110_-100_60_85\P13_006283_2591_XN_79N106W_D01_027578_2579_XN_77N103W,output_-110_-100_60_85,77.0619,78.5823,1235.9459,0.0
P13_006283_2591_XN_79N106W_G23_027341_2579_XN_77N103W,G:\crater_flux_output_folders\output_-110_-100_60_85\P13_006283_2591_XN_79N106W_G23_027341_2579_XN_77N103W,output_-110_-100_60_85,77.073,78.4879,893.0585,0.0
P13_006283_2591_XN_79N106W_D21_035266_2595_XN_79N110W,G:\crater_flux_output_folders\output_-110_-100_60_85\P13_006283_2591_XN_79N106W_D21_035266_2595_XN_79N110W,output_-110_-100_60_85,79.1323,79.843,52.0127,0.0
P13_006283_2591_XN_79N106W_J03_046053_2566_XN_76N106W,G:\crater_flux_output_folders\output_-110_-100_60_85\P13_006283_2591_XN_79N106W_J03_046053_2566_XN_76N106W,output_-110_-100_60_85,77.0577,77.882,90.1977,0.0
P13_006283_2591_XN_79N106W_J16_051103_2596_XN_79N110W,G:\crater_flux_output_folders\output_-110_-100_60_85\P13_006283_2591_XN_79N106W_J16_051103_2596_XN_79N110W,output_-110_-100_60_85,79.1429,79.9545,74.9293,0.0
P14_006507_2634_XN_83N112W_P17_007517_2768_XN_83N103W,G:\crater_flux_output_folders\output_-110_-100_60_85\P14_006507_2634_XN_83N112W_P17_007517_2768_XN_83N103W,output_-110_-100_60_85,81.8381,82.1926,161.5377,0.0
P14_006507_2634_XN_83N112W_P17_007667_2614_XN_81N105W,G:\crater_flux_output_folders\output_-110_-100_60_85\P14_006507_2634_XN_83N112W_P17_007667_2614_XN_81N105W,output_-110_-100_60_85,80.9363,82.1879,1260.1613,0.0
P14_006507_2634_XN_83N112W_P18_008097_2787_XN_81N105W,G:\crater_flux_output_folders\output_-110_-100_60_85\P14_006507_2634_XN_83N112W_P18_008097_2787_XN_81N105W,output_-110_-100_60_85,80.9474,81.5756,593.4929,0.0
P14_006507_2634_XN_83N112W_P20_008822_2787_XN_81N105W,G:\crater_flux_output_folders\output_-110_-100_60_85\P14_006507_2634_XN_83N112W_P20_008822_2787_XN_81N105W,output_-110_-100_60_85,80.9469,81.557,543.2674,0.0
P14_006507_2634_XN_83N112W_P20_009012_2609_XN_80N106W,G:\crater_flux_output_folders\output_-110_-100_60_85\P14_006507_2634_XN_83N112W_P20_009012_2609_XN_80N106W,output_-110_-100_60_85,80.885,81.269,395.8027,0.0
P14_006507_2634_XN_83N112W_P21_009091_2640_XN_84N114W,G:\crater_flux_output_folders\output_-115_-110_50_85\P14_006507_2634_XN_83N112W_P21_009091_2640_XN_84N114W,output_-110_-100_60_85,82.3995,82.433,453.8084,0.0
P14_006507_2634_XN_83N112W_P21_009157_2635_XI_83N115W,G:\crater_flux_output_folders\output_-110_-100_60_85\P14_006507_2634_XN_83N112W_P21_009157_2635_XI_83N115W,output_-110_-100_60_85,81.0636,82.0247,574.4543,0.0
P14_006507_2634_XN_83N112W_P21_009315_2608_XI_80N101W,G:\crater_flux_output_folders\output_-110_-100_60_85\P14_006507_2634_XN_83N112W_P21_009315_2608_XI_80N101W,output_-110_-100_60_85,80.9966,81.8222,288.6741,0.0
P14_006507_2634_XN_83N112W_B21_017794_2613_XN_81N105W,G:\crater_flux_output_folders\output_-110_-100_60_85\P14_006507_2634_XN_83N112W_B21_017794_2613_XN_81N105W,output_-110_-100_60_85,80.9242,81.4917,616.057,0.0
P14_006507_2634_XN_83N112W_B22_018171_2787_XN_81N105W,G:\crater_flux_output_folders\output_-110_-100_60_85\P14_006507_2634_XN_83N112W_B22_018171_2787_XN_81N105W,output_-110_-100_60_85,80.9521,81.5813,581.5445,0.0
P14_006507_2634_XN_83N112W_G16_024374_2631_XN_83N111W,G:\crater_flux_output_folders\output_-115_-110_50_85\P14_006507_2634_XN_83N112W_G16_024374_2631_XN_83N111W,output_-110_-100_60_85,80.885,82.3646,831.1737,0.0
P14_006507_2634_XN_83N112W_G15_024242_2631_XI_83N107W,G:\crater_flux_output_folders\output_-110_-100_60_85\P14_006507_2634_XN_83N112W_G15_024242_2631_XI_83N107W,output_-110_-100_60_85,81.0014,82.433,571.8862,0.0
P14_006507_2634_XN_83N112W_G17_024730_2617_XN_81N110W,G:\crater_flux_output_folders\output_-115_-110_50_85\P14_006507_2634_XN_83N112W_G17_024730_2617_XN_81N110W,output_-110_-100_60_85,80.885,82.0767,434.3197,0.0
P14_006507_2634_XN_83N112W_G20_026167_2613_XN_81N105W,G:\crater_flux_output_folders\output_-110_-100_60_85\P14_006507_2634_XN_83N112W_G20_026167_2613_XN_81N105W,output_-110_-100_60_85,80.9474,81.5578,590.5942,0.0
P14_006507_2634_XN_83N112W_G23_027375_2787_XN_81N105W,G:\crater_flux_output_folders\output_-110_-100_60_85\P14_006507_2634_XN_83N112W_G23_027375_2787_XN_81N105W,output_-110_-100_60_85,80.9525,81.5849,578.4601,0.0
P14_006507_2634_XN_83N112W_G21_026312_2613_XN_81N105W,G:\crater_flux_output_folders\output_-110_-100_60_85\P14_006507_2634_XN_83N112W_G21_026312_2613_XN_81N105W,output_-110_-100_60_85,80.9481,81.5598,598.0059,0.0
P14_006507_2634_XN_83N112W_D17_033881_2613_XN_81N105W,G:\crater_flux_output_folders\output_-110_-100_60_85\P14_006507_2634_XN_83N112W_D17_033881_2613_XN_81N105W,output_-110_-100_60_85,80.9461,81.5573,592.8428,0.0
P14_006520_2583_XN_78N096W_P14_006586_2585_XN_78N098W,G:\crater_flux_output_folders\output_-110_-100_60_85\P14_006520_2583_XN_78N096W_P14_006586_2585_XN_78N098W,output_-110_-100_60_85,79.5356,80.3612,184.5667,0.0
P14_006520_2583_XN_78N096W_P21_009315_2608_XI_80N101W,G:\crater_flux_output_folders\output_-110_-100_60_85\P14_006520_2583_XN_78N096W_P21_009315_2608_XI_80N101W,output_-110_-100_60_85,79.5356,80.373,203.5721,0.0
P14_006520_2583_XN_78N096W_P22_009447_2593_XN_79N099W,G:\crater_flux_output_folders\output_-110_-100_60_85\P14_006520_2583_XN_78N096W_P22_009447_2593_XN_79N099W,output_-110_-100_60_85,79.5356,80.3757,203.9561,0.0
P14_006520_2583_XN_78N096W_B02_010370_2599_XN_79N100W,G:\crater_flux_output_folders\output_-110_-100_60_85\P14_006520_2583_XN_78N096W_B02_010370_2599_XN_79N100W,output_-110_-100_60_85,79.5468,80.0736,55.1113,0.0
P14_006520_2583_XN_78N096W_G18_025178_2615_XN_81N101W,G:\crater_flux_output_folders\output_-110_-100_60_85\P14_006520_2583_XN_78N096W_G18_025178_2615_XN_81N101W,output_-110_-100_60_85,80.126,80.3757,50.679,0.0
P14_006520_2583_XN_78N096W_D01_027433_2597_XN_79N099W,G:\crater_flux_output_folders\output_-110_-100_60_85\P14_006520_2583_XN_78N096W_D01_027433_2597_XN_79N099W,output_-110_-100_60_85,79.5356,79.9769,27.2621,0.0
P14_006520_2583_XN_78N096W_D01_027446_2602_XN_80N099W,G:\crater_flux_output_folders\output_-110_-100_60_85\P14_006520_2583_XN_78N096W_D01_027446_2602_XN_80N099W,output_-110_-100_60_85,79.7068,80.3757,203.9561,0.0
P14_006586_2585_XN_78N098W_P17_007667_2614_XN_81N105W,G:\crater_flux_output_folders\output_-110_-100_60_85\P14_006586_2585_XN_78N098W_P17_007667_2614_XN_81N105W,output_-110_-100_60_85,80.3292,80.967,615.7147,0.0
P14_006586_2585_XN_78N098W_P18_008097_2787_XN_81N105W,G:\crater_flux_output_folders\output_-110_-100_60_85\P14_006586_2585_XN_78N098W_P18_008097_2787_XN_81N105W,output_-110_-100_60_85,80.8575,80.8794,0.2681,0.0
P14_006586_2585_XN_78N098W_P20_008822_2787_XN_81N105W,G:\crater_flux_output_folders\output_-110_-100_60_85\P14_006586_2585_XN_78N098W_P20_008822_2787_XN_81N105W,output_-110_-100_60_85,80.844,80.8918,4.3654,0.0
P14_006586_2585_XN_78N098W_P21_009315_2608_XI_80N101W,G:\crater_flux_output_folders\output_-110_-100_60_85\P14_006586_2585_XN_78N098W_P21_009315_2608_XI_80N101W,output_-110_-100_60_85,78.9178,81.028,2640.9154,0.0
P14_006586_2585_XN_78N098W_P22_009447_2593_XN_79N099W,G:\crater_flux_output_folders\output_-110_-100_60_85\P14_006586_2585_XN_78N098W_P22_009447_2593_XN_79N099W,output_-110_-100_60_85,78.145,80.5742,1986.7942,0.0
P14_006586_2585_XN_78N098W_P22_009737_2598_XN_79N102W,G:\crater_flux_output_folders\output_-110_-100_60_85\P14_006586_2585_XN_78N098W_P22_009737_2598_XN_79N102W,output_-110_-100_60_85,79.3925,80.167,390.1509,0.0
P14_006586_2585_XN_78N098W_B01_010093_2598_XN_79N101W,G:\crater_flux_output_folders\output_-110_-100_60_85\P14_006586_2585_XN_78N098W_B01_010093_2598_XN_79N101W,output_-110_-100_60_85,79.3446,80.187,861.6714,0.0
P14_006586_2585_XN_78N098W_B02_010370_2599_XN_79N100W,G:\crater_flux_output_folders\output_-110_-100_60_85\P14_006586_2585_XN_78N098W_B02_010370_2599_XN_79N100W,output_-110_-100_60_85,79.469,80.0736,635.0112,0.0
P14_006586_2585_XN_78N098W_B03_010660_2601_XN_80N103W,G:\crater_flux_output_folders\output_-110_-100_60_85\P14_006586_2585_XN_78N098W_B03_010660_2601_XN_80N103W,output_-110_-100_60_85,79.7534,80.339,309.9954,0.0
P14_006586_2585_XN_78N098W_B22_018171_2787_XN_81N105W,G:\crater_flux_output_folders\output_-110_-100_60_85\P14_006586_2585_XN_78N098W_B22_018171_2787_XN_81N105W,output_-110_-100_60_85,80.854,80.8842,1.3793,0.0
P14_006586_2585_XN_78N098W_G15_024242_2631_XI_83N107W,G:\crater_flux_output_folders\output_-110_-100_60_85\P14_006586_2585_XN_78N098W_G15_024242_2631_XI_83N107W,output_-110_-100_60_85,80.7685,81.0298,215.8909,0.0
P14_006586_2585_XN_78N098W_G17_024901_2629_XI_82N104W,G:\crater_flux_output_folders\output_-110_-100_60_85\P14_006586_2585_XN_78N098W_G17_024901_2629_XI_82N104W,output_-110_-100_60_85,80.7232,81.047,76.2819,0.0
P14_006586_2585_XN_78N098W_G18_025178_2615_XN_81N101W,G:\crater_flux_output_folders\output_-110_-100_60_85\P14_006586_2585_XN_78N098W_G18_025178_2615_XN_81N101W,output_-110_-100_60_85,80.126,81.047,350.006,0.0
P14_006586_2585_XN_78N098W_G23_027375_2787_XN_81N105W,G:\crater_flux_output_folders\output_-110_-100_60_85\P14_006586_2585_XN_78N098W_G23_027375_2787_XN_81N105W,output_-110_-100_60_85,80.865,80.8849,1.0021,0.0
P14_006586_2585_XN_78N098W_D01_027433_2597_XN_79N099W,G:\crater_flux_output_folders\output_-110_-100_60_85\P14_006586_2585_XN_78N098W_D01_027433_2597_XN_79N099W,output_-110_-100_60_85,79.237,79.9769,299.9516,0.0
P14_006586_2585_XN_78N098W_D01_027446_2602_XN_80N099W,G:\crater_flux_output_folders\output_-110_-100_60_85\P14_006586_2585_XN_78N098W_D01_027446_2602_XN_80N099W,output_-110_-100_60_85,79.681,80.464,622.3203,0.0
P14_006586_2585_XN_78N098W_F19_043112_2607_XN_80N104W,G:\crater_flux_output_folders\output_-110_-100_60_85\P14_006586_2585_XN_78N098W_F19_043112_2607_XN_80N104W,output_-110_-100_60_85,80.302,80.9616,528.0896,0.0
P14_006586_2585_XN_78N098W_F21_043903_2619_XN_81N102W,G:\crater_flux_output_folders\output_-110_-100_60_85\P14_006586_2585_XN_78N098W_F21_043903_2619_XN_81N102W,output_-110_-100_60_85,80.45,81.047,176.4707,0.0
P14_006586_2585_XN_78N098W_J20_052474_2607_XN_80N102W,G:\crater_flux_output_folders\output_-110_-100_60_85\P14_006586_2585_XN_78N098W_J20_052474_2607_XN_80N102W,output_-110_-100_60_85,80.2663,81.0137,966.8435,0.0
P16_007259_2546_XN_74N110W_B21_017828_2831_XN_76N107W,G:\crater_flux_output_folders\output_-110_-100_60_85\P16_007259_2546_XN_74N110W_B21_017828_2831_XN_76N107W,output_-110_-100_60_85,75.102,75.2029,3.2156,0.0
P16_007351_2548_XN_74N102W_P22_009837_2840_XN_76N104W,G:\crater_flux_output_folders\output_-110_-100_60_85\P16_007351_2548_XN_74N102W_P22_009837_2840_XN_76N104W,output_-110_-100_60_85,74.9433,75.9651,753.74,2.6624
P16_007351_2548_XN_74N102W_B01_010127_2842_XN_75N102W,G:\crater_flux_output_folders\output_-110_-100_60_85\P16_007351_2548_XN_74N102W_B01_010127_2842_XN_75N102W,output_-110_-100_60_85,73.487,75.9154,2419.3509,1833.0202
P16_007351_2548_XN_74N102W_B01_010133_2546_XN_74N104W,G:\crater_flux_output_folders\output_-110_-100_60_85\P16_007351_2548_XN_74N102W_B01_010133_2546_XN_74N104W,output_-110_-100_60_85,73.5417,75.436,327.4454,223.7823
P16_007351_2548_XN_74N102W_B02_010272_2850_XN_75N101W,G:\crater_flux_output_folders\output_-110_-100_60_85\P16_007351_2548_XN_74N102W_B02_010272_2850_XN_75N101W,output_-110_-100_60_85,74.478,75.148,292.5071,276.6387
P16_007351_2548_XN_74N102W_B22_018137_2555_XN_75N103W,G:\crater_flux_output_folders\output_-110_-100_60_85\P16_007351_2548_XN_74N102W_B22_018137_2555_XN_75N103W,output_-110_-100_60_85,74.4479,75.9583,2169.9937,782.6712
P16_007351_2548_XN_74N102W_F22_044233_2563_XN_76N103W,G:\crater_flux_output_folders\output_-110_-100_60_85\P16_007351_2548_XN_74N102W_F22_044233_2563_XN_76N103W,output_-110_-100_60_85,75.618,75.982,287.177,0.0
P16_007351_2548_XN_74N102W_J03_046053_2566_XN_76N106W,G:\crater_flux_output_folders\output_-110_-100_60_85\P16_007351_2548_XN_74N102W_J03_046053_2566_XN_76N106W,output_-110_-100_60_85,75.2714,75.8902,174.0657,0.0
P16_007351_2548_XN_74N102W_J03_045855_2562_XN_76N105W,G:\crater_flux_output_folders\output_-110_-100_60_85\P16_007351_2548_XN_74N102W_J03_045855_2562_XN_76N105W,output_-110_-100_60_85,73.9821,75.897,1343.453,843.2772
P16_007351_2548_XN_74N102W_J19_052171_2539_XI_73N100W,G:\crater_flux_output_folders\output_-110_-100_60_85\P16_007351_2548_XN_74N102W_J19_052171_2539_XI_73N100W,output_-110_-100_60_85,73.5472,75.6797,1719.8424,1170.3663
P17_007517_2768_XN_83N103W_P17_007667_2614_XN_81N105W,G:\crater_flux_output_folders\output_-110_-100_60_85\P17_007517_2768_XN_83N103W_P17_007667_2614_XN_81N105W,output_-110_-100_60_85,81.775,82.351,708.2675,0.0
P17_007517_2768_XN_83N103W_P17_007851_2638_XN_83N092W,G:\crater_flux_output_folders\output_-110_-100_60_85\P17_007517_2768_XN_83N103W_P17_007851_2638_XN_83N092W,output_-110_-100_60_85,84.4062,84.577,20.0825,0.0
P17_007517_2768_XN_83N103W_P21_009091_2640_XN_84N114W,G:\crater_flux_output_folders\output_-110_-100_60_85\P17_007517_2768_XN_83N103W_P21_009091_2640_XN_84N114W,output_-110_-100_60_85,82.5066,82.7339,66.0326,0.0
P17_007517_2768_XN_83N103W_P21_009130_2627_XI_82N089W,G:\crater_flux_output_folders\output_-110_-100_60_85\P17_007517_2768_XN_83N103W_P21_009130_2627_XI_82N089W,output_-110_-100_60_85,84.3595,84.577,22.4455,0.0
P17_007517_2768_XN_83N103W_P21_009157_2635_XI_83N115W,G:\crater_flux_output_folders\output_-110_-100_60_85\P17_007517_2768_XN_83N103W_P21_009157_2635_XI_83N115W,output_-110_-100_60_85,81.9476,81.9739,0.8539,0.0
P17_007517_2768_XN_83N103W_P21_009196_2627_XI_82N100W,G:\crater_flux_output_folders\output_-110_-100_60_85\P17_007517_2768_XN_83N103W_P21_009196_2627_XI_82N100W,output_-110_-100_60_85,82.4375,83.6969,1102.5319,0.0
P17_007517_2768_XN_83N103W_P21_009315_2608_XI_80N101W,G:\crater_flux_output_folders\output_-110_-100_60_85\P17_007517_2768_XN_83N103W_P21_009315_2608_XI_80N101W,output_-110_-100_60_85,81.775,83.0471,1355.1914,0.0
P17_007517_2768_XN_83N103W_P22_009473_2644_XN_84N105W,G:\crater_flux_output_folders\output_-110_-100_60_85\P17_007517_2768_XN_83N103W_P22_009473_2644_XN_84N105W,output_-110_-100_60_85,84.1926,84.2466,2.8741,0.0
P17_007517_2768_XN_83N103W_P22_009697_2641_XN_84N099W,G:\crater_flux_output_folders\output_-110_-100_60_85\P17_007517_2768_XN_83N103W_P22_009697_2641_XN_84N099W,output_-110_-100_60_85,83.676,84.472,382.2131,0.0
P17_007517_2768_XN_83N103W_B01_010040_2639_XN_83N096W,G:\crater_flux_output_folders\output_-110_-100_60_85\P17_007517_2768_XN_83N103W_B01_010040_2639_XN_83N096W,output_-110_-100_60_85,84.1531,84.2458,5.0991,0.0
P17_007517_2768_XN_83N103W_B01_010198_2644_XI_84N107W,G:\crater_flux_output_folders\output_-110_-100_60_85\P17_007517_2768_XN_83N103W_B01_010198_2644_XI_84N107W,output_-110_-100_60_85,83.999,84.1554,23.4188,0.0
P17_007517_2768_XN_83N103W_B16_015987_2631_XN_83N102W,G:\crater_flux_output_folders\output_-110_-100_60_85\P17_007517_2768_XN_83N103W_B16_015987_2631_XN_83N102W,output_-110_-100_60_85,82.5705,83.535,864.7655,0.0
P17_007517_2768_XN_83N103W_G15_024215_2636_XI_83N095W,G:\crater_flux_output_folders\output_-110_-100_60_85\P17_007517_2768_XN_83N103W_G15_024215_2636_XI_83N095W,output_-110_-100_60_85,83.1874,84.5291,882.0277,0.0
P17_007517_2768_XN_83N103W_G17_024703_2633_XN_83N098W,G:\crater_flux_output_folders\output_-110_-100_60_85\P17_007517_2768_XN_83N103W_G17_024703_2633_XN_83N098W,output_-110_-100_60_85,82.7974,84.1335,1153.8084,0.0
P17_007517_2768_XN_83N103W_G16_024479_2634_XN_83N102W,G:\crater_flux_output_folders\output_-110_-100_60_85\P17_007517_2768_XN_83N103W_G16_024479_2634_XN_83N102W,output_-110_-100_60_85,82.2959,83.5179,1119.2005,0.0
P17_007517_2768_XN_83N103W_G16_024374_2631_XN_83N111W,G:\crater_flux_output_folders\output_-110_-100_60_85\P17_007517_2768_XN_83N103W_G16_024374_2631_XN_83N111W,output_-110_-100_60_85,81.8885,82.1237,64.4433,0.0
P17_007517_2768_XN_83N103W_G15_024242_2631_XI_83N107W,G:\crater_flux_output_folders\output_-110_-100_60_85\P17_007517_2768_XN_83N103W_G15_024242_2631_XI_83N107W,output_-110_-100_60_85,81.775,82.825,1187.372,0.0
P17_007517_2768_XN_83N103W_G17_024901_2629_XI_82N104W,G:\crater_flux_output_folders\output_-110_-100_60_85\P17_007517_2768_XN_83N103W_G17_024901_2629_XI_82N104W,output_-110_-100_60_85,81.9017,83.1323,1201.0289,0.0
P17_007517_2768_XN_83N103W_G17_024730_2617_XN_81N110W,G:\crater_flux_output_folders\output_-110_-100_60_85\P17_007517_2768_XN_83N103W_G17_024730_2617_XN_81N110W,output_-110_-100_60_85,81.9515,81.9732,0.4851,0.0
P17_007517_2768_XN_83N103W_G18_025178_2615_XN_81N101W,G:\crater_flux_output_folders\output_-110_-100_60_85\P17_007517_2768_XN_83N103W_G18_025178_2615_XN_81N101W,output_-110_-100_60_85,82.0483,82.887,603.7435,0.0
P17_007517_2768_XN_83N103W_G20_025903_2619_XI_81N095W,G:\crater_flux_output_folders\output_-110_-100_60_85\P17_007517_2768_XN_83N103W_G20_025903_2619_XI_81N095W,output_-110_-100_60_85,82.8836,83.1687,3.0257,0.0
P17_007517_2768_XN_83N103W_D01_027710_2628_XN_82N107W,G:\crater_flux_output_folders\output_-110_-100_60_85\P17_007517_2768_XN_83N103W_D01_027710_2628_XN_82N107W,output_-110_-100_60_85,82.3528,82.9852,418.958,0.0
P17_007517_2768_XN_83N103W_G22_026813_2633_XN_83N103W,G:\crater_flux_output_folders\output_-110_-100_60_85\P17_007517_2768_XN_83N103W_G22_026813_2633_XN_83N103W,output_-110_-100_60_85,82.497,83.7715,1096.4913,0.0
P17_007517_2768_XN_83N103W_G22_026866_2627_XN_82N108W,G:\crater_flux_output_folders\output_-110_-100_60_85\P17_007517_2768_XN_83N103W_G22_026866_2627_XN_82N108W,output_-110_-100_60_85,82.169,82.9028,624.427,0.0
P17_007517_2768_XN_83N103W_F01_036043_2644_XN_84N105W,G:\crater_flux_output_folders\output_-110_-100_60_85\P17_007517_2768_XN_83N103W_F01_036043_2644_XN_84N105W,output_-110_-100_60_85,84.1787,84.224,1.9248,0.0
P17_007517_2768_XN_83N103W_F04_037296_2641_XN_84N101W,G:\crater_flux_output_folders\output_-110_-100_60_85\P17_007517_2768_XN_83N103W_F04_037296_2641_XN_84N101W,output_-110_-100_60_85,83.656,84.526,602.3348,0.0
P17_007517_2768_XN_83N103W_F04_037322_2641_XN_84N101W,G:\crater_flux_output_folders\output_-110_-100_60_85\P17_007517_2768_XN_83N103W_F04_037322_2641_XN_84N101W,output_-110_-100_60_85,83.646,84.4652,571.9011,0.0
P17_007517_2768_XN_83N103W_F21_043903_2619_XN_81N102W,G:\crater_flux_output_folders\output_-110_-100_60_85\P17_007517_2768_XN_83N103W_F21_043903_2619_XN_81N102W,output_-110_-100_60_85,82.0923,83.363,980.5063,0.0
P17_007517_2768_XN_83N103W_F23_044905_2634_XN_83N099W,G:\crater_flux_output_folders\output_-110_-100_60_85\P17_007517_2768_XN_83N103W_F23_044905_2634_XN_83N099W,output_-110_-100_60_85,83.096,83.7416,300.579,0.0
P17_007517_2768_XN_83N103W_J03_046105_2645_XN_84N107W,G:\crater_flux_output_folders\output_-110_-100_60_85\P17_007517_2768_XN_83N103W_J03_046105_2645_XN_84N107W,output_-110_-100_60_85,83.9434,84.0599,14.0652,0.0
P17_007667_2614_XN_81N105W_P18_008097_2787_XN_81N105W,G:\crater_flux_output_folders\output_-110_-100_60_85\P17_007667_2614_XN_81N105W_P18_008097_2787_XN_81N105W,output_-110_-100_60_85,80.844,81.694,1120.481,0.0
P17_007667_2614_XN_81N105W_P20_008822_2787_XN_81N105W,G:\crater_flux_output_folders\output_-110_-100_60_85\P17_007667_2614_XN_81N105W_P20_008822_2787_XN_81N105W,output_-110_-100_60_85,80.844,81.684,1111.7813,0.0
P17_007667_2614_XN_81N105W_P20_009012_2609_XN_80N106W,G:\crater_flux_output_folders\output_-110_-100_60_85\P17_007667_2614_XN_81N105W_P20_009012_2609_XN_80N106W,output_-110_-100_60_85,80.5414,81.269,526.8752,0.0
P17_007667_2614_XN_81N105W_P21_009157_2635_XI_83N115W,G:\crater_flux_output_folders\output_-110_-100_60_85\P17_007667_2614_XN_81N105W_P21_009157_2635_XI_83N115W,output_-110_-100_60_85,81.1315,81.9505,179.7728,0.0
P17_007667_2614_XN_81N105W_P21_009315_2608_XI_80N101W,G:\crater_flux_output_folders\output_-110_-100_60_85\P17_007667_2614_XN_81N105W_P21_009315_2608_XI_80N101W,output_-110_-100_60_85,80.3282,82.351,2513.3492,0.0
P17_007667_2614_XN_81N105W_P22_009447_2593_XN_79N099W,G:\crater_flux_output_folders\output_-110_-100_60_85\P17_007667_2614_XN_81N105W_P22_009447_2593_XN_79N099W,output_-110_-100_60_85,80.3806,80.5311,61.6133,0.0
P17_007667_2614_XN_81N105W_P22_009579_2594_XN_79N104W,G:\crater_flux_output_folders\output_-110_-100_60_85\P17_007667_2614_XN_81N105W_P22_009579_2594_XN_79N104W,output_-110_-100_60_85,80.5652,80.794,8.7654,0.0
P17_007667_2614_XN_81N105W_B21_017794_2613_XN_81N105W,G:\crater_flux_output_folders\output_-110_-100_60_85\P17_007667_2614_XN_81N105W_B21_017794_2613_XN_81N105W,output_-110_-100_60_85,80.8483,81.5699,1061.5164,0.0
P17_007667_2614_XN_81N105W_B22_018171_2787_XN_81N105W,G:\crater_flux_output_folders\output_-110_-100_60_85\P17_007667_2614_XN_81N105W_B22_018171_2787_XN_81N105W,output_-110_-100_60_85,80.854,81.704,1128.2436,0.0
P17_007667_2614_XN_81N105W_G16_024374_2631_XN_83N111W,G:\crater_flux_output_folders\output_-110_-100_60_85\P17_007667_2614_XN_81N105W_G16_024374_2631_XN_83N111W,output_-110_-100_60_85,80.6082,82.1621,664.118,0.0
P17_007667_2614_XN_81N105W_G15_024242_2631_XI_83N107W,G:\crater_flux_output_folders\output_-110_-100_60_85\P17_007667_2614_XN_81N105W_G15_024242_2631_XI_83N107W,output_-110_-100_60_85,80.763,82.351,2170.6069,0.0
P17_007667_2614_XN_81N105W_G17_024901_2629_XI_82N104W,G:\crater_flux_output_folders\output_-110_-100_60_85\P17_007667_2614_XN_81N105W_G17_024901_2629_XI_82N104W,output_-110_-100_60_85,81.5876,82.351,188.2634,0.0
P17_007667_2614_XN_81N105W_G17_024730_2617_XN_81N110W,G:\crater_flux_output_folders\output_-115_-110_50_85\P17_007667_2614_XN_81N105W_G17_024730_2617_XN_81N110W,output_-110_-100_60_85,82.0212,82.0767,1.0846,0.0
P17_007667_2614_XN_81N105W_G20_026167_2613_XN_81N105W,G:\crater_flux_output_folders\output_-110_-100_60_85\P17_007667_2614_XN_81N105W_G20_026167_2613_XN_81N105W,output_-110_-100_60_85,80.814,81.6678,1310.2465,0.0
P17_007667_2614_XN_81N105W_G23_027375_2787_XN_81N105W,G:\crater_flux_output_folders\output_-110_-100_60_85\P17_007667_2614_XN_81N105W_G23_027375_2787_XN_81N105W,output_-110_-100_60_85,80.865,81.704,1122.2036,0.0
P17_007667_2614_XN_81N105W_G21_026312_2613_XN_81N105W,G:\crater_flux_output_folders\output_-110_-100_60_85\P17_007667_2614_XN_81N105W_G21_026312_2613_XN_81N105W,output_-110_-100_60_85,80.814,81.6785,1310.3282,0.0
P17_007667_2614_XN_81N105W_G22_026866_2627_XN_82N108W,G:\crater_flux_output_folders\output_-110_-100_60_85\P17_007667_2614_XN_81N105W_G22_026866_2627_XN_82N108W,output_-110_-100_60_85,82.169,82.351,64.9074,0.0
P17_007667_2614_XN_81N105W_D17_033881_2613_XN_81N105W,G:\crater_flux_output_folders\output_-110_-100_60_85\P17_007667_2614_XN_81N105W_D17_033881_2613_XN_81N105W,output_-110_-100_60_85,80.814,81.6673,1308.7417,0.0
P17_007667_2614_XN_81N105W_F19_043112_2607_XN_80N104W,G:\crater_flux_output_folders\output_-110_-100_60_85\P17_007667_2614_XN_81N105W_F19_043112_2607_XN_80N104W,output_-110_-100_60_85,80.278,81.0664,1158.9043,0.0
P17_007667_2614_XN_81N105W_J20_052474_2607_XN_80N102W,G:\crater_flux_output_folders\output_-110_-100_60_85\P17_007667_2614_XN_81N105W_J20_052474_2607_XN_80N102W,output_-110_-100_60_85,80.3164,81.0546,942.519,0.0
P17_007785_2641_XN_84N091W_P17_007851_2638_XN_83N092W,G:\crater_flux_output_folders\output_-110_-100_60_85\P17_007785_2641_XN_84N091W_P17_007851_2638_XN_83N092W,output_-110_-100_60_85,84.7476,85.0001,8.5818,0.0
P17_007785_2641_XN_84N091W_P20_008998_2635_XI_83N089W,G:\crater_flux_output_folders\output_-110_-100_60_85\P17_007785_2641_XN_84N091W_P20_008998_2635_XI_83N089W,output_-110_-100_60_85,84.8209,85.0001,8.5818,0.0
P17_007785_2641_XN_84N091W_P21_009130_2627_XI_82N089W,G:\crater_flux_output_folders\output_-110_-100_60_85\P17_007785_2641_XN_84N091W_P21_009130_2627_XI_82N089W,output_-110_-100_60_85,84.7476,85.0001,6.6276,0.0
P17_007851_2638_XN_83N092W_P20_008998_2635_XI_83N089W,G:\crater_flux_output_folders\output_-110_-100_60_85\P17_007851_2638_XN_83N092W_P20_008998_2635_XI_83N089W,output_-110_-100_60_85,84.8209,85.0001,20.7062,0.0
P17_007851_2638_XN_83N092W_P21_009130_2627_XI_82N089W,G:\crater_flux_output_folders\output_-110_-100_60_85\P17_007851_2638_XN_83N092W_P21_009130_2627_XI_82N089W,output_-110_-100_60_85,84.4062,85.0001,125.5763,0.0
P17_007851_2638_XN_83N092W_G15_024215_2636_XI_83N095W,G:\crater_flux_output_folders\output_-110_-100_60_85\P17_007851_2638_XN_83N092W_G15_024215_2636_XI_83N095W,output_-110_-100_60_85,84.5403,85.0001,3.925,0.0
P17_007852_2594_XN_79N110W_P18_008063_2594_XN_79N110W,G:\crater_flux_output_folders\output_-115_-110_50_85\P17_007852_2594_XN_79N110W_P18_008063_2594_XN_79N110W,output_-110_-100_60_85,78.509,80.2028,1449.5834,0.0
P17_007852_2594_XN_79N110W_P19_008274_2580_XN_78N108W,G:\crater_flux_output_folders\output_-115_-110_50_85\P17_007852_2594_XN_79N110W_P19_008274_2580_XN_78N108W,output_-110_-100_60_85,78.509,78.721,8.1219,0.0
P17_007852_2594_XN_79N110W_P19_008643_2616_XI_81N112W,G:\crater_flux_output_folders\output_-115_-110_50_85\P17_007852_2594_XN_79N110W_P19_008643_2616_XI_81N112W,output_-110_-100_60_85,80.1424,80.227,51.5878,0.0
P17_007852_2594_XN_79N110W_P20_008999_2595_XN_79N110W,G:\crater_flux_output_folders\output_-110_-100_60_85\P17_007852_2594_XN_79N110W_P20_008999_2595_XN_79N110W,output_-110_-100_60_85,79.1797,79.7474,436.4682,0.0
P17_007852_2594_XN_79N110W_P21_009131_2623_XI_82N116W,G:\crater_flux_output_folders\output_-115_-110_50_85\P17_007852_2594_XN_79N110W_P21_009131_2623_XI_82N116W,output_-110_-100_60_85,79.8286,79.8759,503.2213,0.0
P17_007852_2594_XN_79N110W_P21_009368_2605_XI_80N108W,G:\crater_flux_output_folders\output_-115_-110_50_85\P17_007852_2594_XN_79N110W_P21_009368_2605_XI_80N108W,output_-110_-100_60_85,78.7947,80.227,154.9872,0.0
P17_007852_2594_XN_79N110W_P22_009632_2592_XN_79N109W,G:\crater_flux_output_folders\output_-115_-110_50_85\P17_007852_2594_XN_79N110W_P22_009632_2592_XN_79N109W,output_-110_-100_60_85,78.509,80.227,902.0705,0.0
P17_007852_2594_XN_79N110W_B01_009877_2793_XN_80N110W,G:\crater_flux_output_folders\output_-110_-100_60_85\P17_007852_2594_XN_79N110W_B01_009877_2793_XN_80N110W,output_-110_-100_60_85,80.1983,80.227,1.5312,0.0
P17_007852_2594_XN_79N110W_B18_016647_2596_XN_79N110W,G:\crater_flux_output_folders\output_-115_-110_50_85\P17_007852_2594_XN_79N110W_B18_016647_2596_XN_79N110W,output_-110_-100_60_85,79.0604,79.8479,696.4565,0.0
P17_007852_2594_XN_79N110W_B19_017135_2595_XN_79N110W,G:\crater_flux_output_folders\output_-110_-100_60_85\P17_007852_2594_XN_79N110W_B19_017135_2595_XN_79N110W,output_-110_-100_60_85,79.0815,79.8462,608.7676,0.0
P17_007852_2594_XN_79N110W_B22_018269_2587_XN_78N111W,G:\crater_flux_output_folders\output_-115_-110_50_85\P17_007852_2594_XN_79N110W_B22_018269_2587_XN_78N111W,output_-110_-100_60_85,78.509,78.8195,608.3488,0.0
P17_007852_2594_XN_79N110W_G01_018414_2598_XN_79N111W,G:\crater_flux_output_folders\output_-115_-110_50_85\P17_007852_2594_XN_79N110W_G01_018414_2598_XN_79N111W,output_-110_-100_60_85,79.588,79.7749,683.3314,0.0
P17_007852_2594_XN_79N110W_G01_018448_2798_XN_80N111W,G:\crater_flux_output_folders\output_-115_-110_50_85\P17_007852_2594_XN_79N110W_G01_018448_2798_XN_80N111W,output_-110_-100_60_85,79.8337,80.227,524.1998,0.0
P17_007852_2594_XN_79N110W_G16_024585_2595_XN_79N110W,G:\crater_flux_output_folders\output_-110_-100_60_85\P17_007852_2594_XN_79N110W_G16_024585_2595_XN_79N110W,output_-110_-100_60_85,79.0822,79.8715,608.4763,0.0
P17_007852_2594_XN_79N110W_G18_025363_2615_XN_81N112W,G:\crater_flux_output_folders\output_-115_-110_50_85\P17_007852_2594_XN_79N110W_G18_025363_2615_XN_81N112W,output_-110_-100_60_85,79.989,80.227,100.6774,0.0
P17_007852_2594_XN_79N110W_D01_027494_2798_XN_80N111W,G:\crater_flux_output_folders\output_-115_-110_50_85\P17_007852_2594_XN_79N110W_D01_027494_2798_XN_80N111W,output_-110_-100_60_85,79.8961,80.227,521.55,0.0
P17_007852_2594_XN_79N110W_D01_027407_2600_XN_80N110W,G:\crater_flux_output_folders\output_-115_-110_50_85\P17_007852_2594_XN_79N110W_D01_027407_2600_XN_80N110W,output_-110_-100_60_85,79.4375,80.227,669.5407,0.0
P17_007852_2594_XN_79N110W_D01_027697_2604_XN_80N110W,G:\crater_flux_output_folders\output_-115_-110_50_85\P17_007852_2594_XN_79N110W_D01_027697_2604_XN_80N110W,output_-110_-100_60_85,79.901,80.227,216.2774,0.0
P17_007852_2594_XN_79N110W_D21_035266_2595_XN_79N110W,G:\crater_flux_output_folders\output_-110_-100_60_85\P17_007852_2594_XN_79N110W_D21_035266_2595_XN_79N110W,output_-110_-100_60_85,79.071,79.8377,615.8553,0.0
P17_007852_2594_XN_79N110W_F22_044299_2580_XN_78N108W,G:\crater_flux_output_folders\output_-110_-100_60_85\P17_007852_2594_XN_79N110W_F22_044299_2580_XN_78N108W,output_-110_-100_60_85,78.509,78.691,98.427,0.0
P17_007852_2594_XN_79N110W_F22_044457_2580_XN_78N108W,G:\crater_flux_output_folders\output_-110_-100_60_85\P17_007852_2594_XN_79N110W_F22_044457_2580_XN_78N108W,output_-110_-100_60_85,78.509,78.802,203.9362,0.0
P17_007852_2594_XN_79N110W_F23_044866_2601_XN_80N112W,G:\crater_flux_output_folders\output_-115_-110_50_85\P17_007852_2594_XN_79N110W_F23_044866_2601_XN_80N112W,output_-110_-100_60_85,79.7689,79.8852,624.8052,0.0
P17_007852_2594_XN_79N110W_J16_051103_2596_XN_79N110W,G:\crater_flux_output_folders\output_-115_-110_50_85\P17_007852_2594_XN_79N110W_J16_051103_2596_XN_79N110W,output_-110_-100_60_85,79.0723,79.9518,854.9815,0.0
P18_008063_2594_XN_79N110W_P19_008274_2580_XN_78N108W,G:\crater_flux_output_folders\output_-110_-100_60_85\P18_008063_2594_XN_79N110W_P19_008274_2580_XN_78N108W,output_-110_-100_60_85,78.5044,78.721,154.3781,0.0
P18_008063_2594_XN_79N110W_P19_008643_2616_XI_81N112W,G:\crater_flux_output_folders\output_-115_-110_50_85\P18_008063_2594_XN_79N110W_P19_008643_2616_XI_81N112W,output_-110_-100_60_85,80.1424,80.207,36.4913,0.0
P18_008063_2594_XN_79N110W_P20_008999_2595_XN_79N110W,G:\crater_flux_output_folders\output_-115_-110_50_85\P18_008063_2594_XN_79N110W_P20_008999_2595_XN_79N110W,output_-110_-100_60_85,79.1797,79.7485,495.6862,0.0
P18_008063_2594_XN_79N110W_P21_009131_2623_XI_82N116W,G:\crater_flux_output_folders\output_-115_-110_50_85\P18_008063_2594_XN_79N110W_P21_009131_2623_XI_82N116W,output_-110_-100_60_85,79.8286,79.8759,468.0058,0.0
P18_008063_2594_XN_79N110W_P21_009368_2605_XI_80N108W,G:\crater_flux_output_folders\output_-115_-110_50_85\P18_008063_2594_XN_79N110W_P21_009368_2605_XI_80N108W,output_-110_-100_60_85,78.9014,80.207,142.1126,0.0
P18_008063_2594_XN_79N110W_P22_009632_2592_XN_79N109W,G:\crater_flux_output_folders\output_-115_-110_50_85\P18_008063_2594_XN_79N110W_P22_009632_2592_XN_79N109W,output_-110_-100_60_85,78.5044,80.207,886.2632,0.0
P18_008063_2594_XN_79N110W_B01_009877_2793_XN_80N110W,G:\crater_flux_output_folders\output_-110_-100_60_85\P18_008063_2594_XN_79N110W_B01_009877_2793_XN_80N110W,output_-110_-100_60_85,80.197,80.2054,0.2027,0.0
P18_008063_2594_XN_79N110W_B18_016647_2596_XN_79N110W,G:\crater_flux_output_folders\output_-115_-110_50_85\P18_008063_2594_XN_79N110W_B18_016647_2596_XN_79N110W,output_-110_-100_60_85,79.0604,79.8499,690.7499,0.0
P18_008063_2594_XN_79N110W_B19_017135_2595_XN_79N110W,G:\crater_flux_output_folders\output_-110_-100_60_85\P18_008063_2594_XN_79N110W_B19_017135_2595_XN_79N110W,output_-110_-100_60_85,79.0815,79.8477,605.6433,0.0
P18_008063_2594_XN_79N110W_B22_018269_2587_XN_78N111W,G:\crater_flux_output_folders\output_-115_-110_50_85\P18_008063_2594_XN_79N110W_B22_018269_2587_XN_78N111W,output_-110_-100_60_85,78.5044,78.8195,624.8916,0.0
P18_008063_2594_XN_79N110W_G01_018414_2598_XN_79N111W,G:\crater_flux_output_folders\output_-115_-110_50_85\P18_008063_2594_XN_79N110W_G01_018414_2598_XN_79N111W,output_-110_-100_60_85,79.588,79.7749,660.9826,0.0
P18_008063_2594_XN_79N110W_G01_018448_2798_XN_80N111W,G:\crater_flux_output_folders\output_-115_-110_50_85\P18_008063_2594_XN_79N110W_G01_018448_2798_XN_80N111W,output_-110_-100_60_85,79.8337,80.207,487.4484,0.0
P18_008063_2594_XN_79N110W_G16_024585_2595_XN_79N110W,G:\crater_flux_output_folders\output_-115_-110_50_85\P18_008063_2594_XN_79N110W_G16_024585_2595_XN_79N110W,output_-110_-100_60_85,79.0822,79.8737,705.6708,0.0
P18_008063_2594_XN_79N110W_G18_025363_2615_XN_81N112W,G:\crater_flux_output_folders\output_-115_-110_50_85\P18_008063_2594_XN_79N110W_G18_025363_2615_XN_81N112W,output_-110_-100_60_85,79.989,80.207,88.6102,0.0
P18_008063_2594_XN_79N110W_D01_027494_2798_XN_80N111W,G:\crater_flux_output_folders\output_-115_-110_50_85\P18_008063_2594_XN_79N110W_D01_027494_2798_XN_80N111W,output_-110_-100_60_85,79.8961,80.207,485.4011,0.0
P18_008063_2594_XN_79N110W_D01_027407_2600_XN_80N110W,G:\crater_flux_output_folders\output_-115_-110_50_85\P18_008063_2594_XN_79N110W_D01_027407_2600_XN_80N110W,output_-110_-100_60_85,79.4375,80.207,648.3219,0.0
P18_008063_2594_XN_79N110W_D01_027697_2604_XN_80N110W,G:\crater_flux_output_folders\output_-110_-100_60_85\P18_008063_2594_XN_79N110W_D01_027697_2604_XN_80N110W,output_-110_-100_60_85,79.901,80.207,82.1524,0.0
P18_008063_2594_XN_79N110W_D21_035266_2595_XN_79N110W,G:\crater_flux_output_folders\output_-115_-110_50_85\P18_008063_2594_XN_79N110W_D21_035266_2595_XN_79N110W,output_-110_-100_60_85,79.071,79.8391,704.8099,0.0
P18_008063_2594_XN_79N110W_F22_044299_2580_XN_78N108W,G:\crater_flux_output_folders\output_-110_-100_60_85\P18_008063_2594_XN_79N110W_F22_044299_2580_XN_78N108W,output_-110_-100_60_85,78.5044,78.691,109.0745,0.0
P18_008063_2594_XN_79N110W_F22_044457_2580_XN_78N108W,G:\crater_flux_output_folders\output_-110_-100_60_85\P18_008063_2594_XN_79N110W_F22_044457_2580_XN_78N108W,output_-110_-100_60_85,78.5044,78.802,214.026,0.0
P18_008063_2594_XN_79N110W_F23_044866_2601_XN_80N112W,G:\crater_flux_output_folders\output_-115_-110_50_85\P18_008063_2594_XN_79N110W_F23_044866_2601_XN_80N112W,output_-110_-100_60_85,79.7689,79.8852,584.603,0.0
P18_008063_2594_XN_79N110W_J01_045011_2582_XN_78N108W,G:\crater_flux_output_folders\output_-110_-100_60_85\P18_008063_2594_XN_79N110W_J01_045011_2582_XN_78N108W,output_-110_-100_60_85,78.5825,78.6,0.0574,0.0
P18_008063_2594_XN_79N110W_J16_051103_2596_XN_79N110W,G:\crater_flux_output_folders\output_-115_-110_50_85\P18_008063_2594_XN_79N110W_J16_051103_2596_XN_79N110W,output_-110_-100_60_85,79.0723,79.9545,845.571,0.0
P18_008097_2787_XN_81N105W_P20_008822_2787_XN_81N105W,G:\crater_flux_output_folders\output_-110_-100_60_85\P18_008097_2787_XN_81N105W_P20_008822_2787_XN_81N105W,output_-110_-100_60_85,80.8533,81.684,1283.6185,0.0
P18_008097_2787_XN_81N105W_P20_009012_2609_XN_80N106W,G:\crater_flux_output_folders\output_-110_-100_60_85\P18_008097_2787_XN_81N105W_P20_009012_2609_XN_80N106W,output_-110_-100_60_85,80.8566,81.269,376.2515,0.0
P18_008097_2787_XN_81N105W_P21_009157_2635_XI_83N115W,G:\crater_flux_output_folders\output_-110_-100_60_85\P18_008097_2787_XN_81N105W_P21_009157_2635_XI_83N115W,output_-110_-100_60_85,81.1112,81.3601,81.226,0.0
P18_008097_2787_XN_81N105W_P21_009315_2608_XI_80N101W,G:\crater_flux_output_folders\output_-110_-100_60_85\P18_008097_2787_XN_81N105W_P21_009315_2608_XI_80N101W,output_-110_-100_60_85,80.844,81.694,974.7865,0.0
P18_008097_2787_XN_81N105W_B21_017794_2613_XN_81N105W,G:\crater_flux_output_folders\output_-110_-100_60_85\P18_008097_2787_XN_81N105W_B21_017794_2613_XN_81N105W,output_-110_-100_60_85,80.8915,81.572,980.2692,0.0
P18_008097_2787_XN_81N105W_B22_018171_2787_XN_81N105W,G:\crater_flux_output_folders\output_-110_-100_60_85\P18_008097_2787_XN_81N105W_B22_018171_2787_XN_81N105W,output_-110_-100_60_85,80.8579,81.694,1321.4633,0.0
P18_008097_2787_XN_81N105W_G16_024374_2631_XN_83N111W,G:\crater_flux_output_folders\output_-110_-100_60_85\P18_008097_2787_XN_81N105W_G16_024374_2631_XN_83N111W,output_-110_-100_60_85,80.8929,81.3758,254.7679,0.0
P18_008097_2787_XN_81N105W_G15_024242_2631_XI_83N107W,G:\crater_flux_output_folders\output_-110_-100_60_85\P18_008097_2787_XN_81N105W_G15_024242_2631_XI_83N107W,output_-110_-100_60_85,80.844,81.694,991.0387,0.0
P18_008097_2787_XN_81N105W_G17_024901_2629_XI_82N104W,G:\crater_flux_output_folders\output_-110_-100_60_85\P18_008097_2787_XN_81N105W_G17_024901_2629_XI_82N104W,output_-110_-100_60_85,81.3039,81.6015,105.2908,0.0
P18_008097_2787_XN_81N105W_G17_024730_2617_XN_81N110W,G:\crater_flux_output_folders\output_-110_-100_60_85\P18_008097_2787_XN_81N105W_G17_024730_2617_XN_81N110W,output_-110_-100_60_85,81.0236,81.0339,0.0189,0.0
P18_008097_2787_XN_81N105W_G18_025178_2615_XN_81N101W,G:\crater_flux_output_folders\output_-110_-100_60_85\P18_008097_2787_XN_81N105W_G18_025178_2615_XN_81N101W,output_-110_-100_60_85,81.311,81.5678,66.6021,0.0
P18_008097_2787_XN_81N105W_G20_026167_2613_XN_81N105W,G:\crater_flux_output_folders\output_-110_-100_60_85\P18_008097_2787_XN_81N105W_G20_026167_2613_XN_81N105W,output_-110_-100_60_85,80.8724,81.6371,1102.2728,0.0
P18_008097_2787_XN_81N105W_G23_027375_2787_XN_81N105W,G:\crater_flux_output_folders\output_-110_-100_60_85\P18_008097_2787_XN_81N105W_G23_027375_2787_XN_81N105W,output_-110_-100_60_85,80.8689,81.694,1306.5546,0.0
P18_008097_2787_XN_81N105W_G21_026312_2613_XN_81N105W,G:\crater_flux_output_folders\output_-110_-100_60_85\P18_008097_2787_XN_81N105W_G21_026312_2613_XN_81N105W,output_-110_-100_60_85,80.8737,81.6414,1108.8188,0.0
P18_008097_2787_XN_81N105W_D17_033881_2613_XN_81N105W,G:\crater_flux_output_folders\output_-110_-100_60_85\P18_008097_2787_XN_81N105W_D17_033881_2613_XN_81N105W,output_-110_-100_60_85,80.8736,81.6368,1102.2009,0.0
P18_008097_2787_XN_81N105W_F19_043112_2607_XN_80N104W,G:\crater_flux_output_folders\output_-110_-100_60_85\P18_008097_2787_XN_81N105W_F19_043112_2607_XN_80N104W,output_-110_-100_60_85,80.844,81.0199,85.0047,0.0
P18_008097_2787_XN_81N105W_F21_043903_2619_XN_81N102W,G:\crater_flux_output_folders\output_-110_-100_60_85\P18_008097_2787_XN_81N105W_F21_043903_2619_XN_81N102W,output_-110_-100_60_85,81.375,81.5464,29.5435,0.0
P18_008097_2787_XN_81N105W_J20_052474_2607_XN_80N102W,G:\crater_flux_output_folders\output_-110_-100_60_85\P18_008097_2787_XN_81N105W_J20_052474_2607_XN_80N102W,output_-110_-100_60_85,80.844,80.9921,49.19,0.0
P19_008274_2580_XN_78N108W_P19_008334_2819_XN_78N107W,G:\crater_flux_output_folders\output_-110_-100_60_85\P19_008274_2580_XN_78N108W_P19_008334_2819_XN_78N107W,output_-110_-100_60_85,77.6575,78.3737,338.2814,0.0
P19_008274_2580_XN_78N108W_P22_009632_2592_XN_79N109W,G:\crater_flux_output_folders\output_-115_-110_50_85\P19_008274_2580_XN_78N108W_P22_009632_2592_XN_79N109W,output_-110_-100_60_85,77.326,78.721,10.9885,0.0
P19_008274_2580_XN_78N108W_B19_016990_2575_XN_77N110W,G:\crater_flux_output_folders\output_-110_-100_60_85\P19_008274_2580_XN_78N108W_B19_016990_2575_XN_77N110W,output_-110_-100_60_85,77.215,78.1536,171.1152,0.0
P19_008274_2580_XN_78N108W_B21_017894_2830_XN_77N109W,G:\crater_flux_output_folders\output_-110_-100_60_85\P19_008274_2580_XN_78N108W_B21_017894_2830_XN_77N109W,output_-110_-100_60_85,77.215,77.6322,465.8273,0.0
P19_008274_2580_XN_78N108W_B21_017828_2831_XN_76N107W,G:\crater_flux_output_folders\output_-110_-100_60_85\P19_008274_2580_XN_78N108W_B21_017828_2831_XN_76N107W,output_-110_-100_60_85,77.276,77.8237,215.1907,0.0
P19_008274_2580_XN_78N108W_B22_018269_2587_XN_78N111W,G:\crater_flux_output_folders\output_-110_-100_60_85\P19_008274_2580_XN_78N108W_B22_018269_2587_XN_78N111W,output_-110_-100_60_85,77.4832,78.6496,730.1504,0.0
P19_008274_2580_XN_78N108W_F22_044299_2580_XN_78N108W,G:\crater_flux_output_folders\output_-110_-100_60_85\P19_008274_2580_XN_78N108W_F22_044299_2580_XN_78N108W,output_-110_-100_60_85,77.2218,78.691,2342.5149,0.0
P19_008274_2580_XN_78N108W_F22_044457_2580_XN_78N108W,G:\crater_flux_output_folders\output_-110_-100_60_85\P19_008274_2580_XN_78N108W_F22_044457_2580_XN_78N108W,output_-110_-100_60_85,77.2365,78.7106,2301.4326,0.0
P19_008274_2580_XN_78N108W_F23_044853_2582_XN_78N109W,G:\crater_flux_output_folders\output_-110_-100_60_85\P19_008274_2580_XN_78N108W_F23_044853_2582_XN_78N109W,output_-110_-100_60_85,77.569,78.5779,1550.768,0.0
P19_008274_2580_XN_78N108W_J01_045011_2582_XN_78N108W,G:\crater_flux_output_folders\output_-110_-100_60_85\P19_008274_2580_XN_78N108W_J01_045011_2582_XN_78N108W,output_-110_-100_60_85,77.538,78.6,1549.7471,0.0
P19_008274_2580_XN_78N108W_J03_046053_2566_XN_76N106W,G:\crater_flux_output_folders\output_-110_-100_60_85\P19_008274_2580_XN_78N108W_J03_046053_2566_XN_76N106W,output_-110_-100_60_85,77.2717,77.8201,453.9975,0.0
P19_008274_2580_XN_78N108W_J03_045855_2562_XN_76N105W,G:\crater_flux_output_folders\output_-110_-100_60_85\P19_008274_2580_XN_78N108W_J03_045855_2562_XN_76N105W,output_-110_-100_60_85,77.2481,78.2194,1244.7638,0.0
P19_008334_2819_XN_78N107W_P21_009368_2605_XI_80N108W,G:\crater_flux_output_folders\output_-110_-100_60_85\P19_008334_2819_XN_78N107W_P21_009368_2605_XI_80N108W,output_-110_-100_60_85,78.104,78.3513,111.8482,0.0
P19_008334_2819_XN_78N107W_P22_009632_2592_XN_79N109W,G:\crater_flux_output_folders\output_-110_-100_60_85\P19_008334_2819_XN_78N107W_P22_009632_2592_XN_79N109W,output_-110_-100_60_85,77.6349,78.408,704.3586,0.0
P19_008334_2819_XN_78N107W_B17_016436_2576_XN_77N105W,G:\crater_flux_output_folders\output_-110_-100_60_85\P19_008334_2819_XN_78N107W_B17_016436_2576_XN_77N105W,output_-110_-100_60_85,77.609,77.9304,255.5657,0.0
P19_008334_2819_XN_78N107W_B21_017828_2831_XN_76N107W,G:\crater_flux_output_folders\output_-110_-100_60_85\P19_008334_2819_XN_78N107W_B21_017828_2831_XN_76N107W,output_-110_-100_60_85,77.609,78.366,806.0084,0.0
P19_008334_2819_XN_78N107W_D01_027578_2579_XN_77N103W,G:\crater_flux_output_folders\output_-110_-100_60_85\P19_008334_2819_XN_78N107W_D01_027578_2579_XN_77N103W,output_-110_-100_60_85,78.0532,78.3386,72.8293,0.0
P19_008334_2819_XN_78N107W_F22_044299_2580_XN_78N108W,G:\crater_flux_output_folders\output_-110_-100_60_85\P19_008334_2819_XN_78N107W_F22_044299_2580_XN_78N108W,output_-110_-100_60_85,77.6529,78.3594,353.6946,0.0
P19_008334_2819_XN_78N107W_F22_044457_2580_XN_78N108W,G:\crater_flux_output_folders\output_-110_-100_60_85\P19_008334_2819_XN_78N107W_F22_044457_2580_XN_78N108W,output_-110_-100_60_85,77.6305,78.3913,516.255,0.0
P19_008334_2819_XN_78N107W_F23_044853_2582_XN_78N109W,G:\crater_flux_output_folders\output_-110_-100_60_85\P19_008334_2819_XN_78N107W_F23_044853_2582_XN_78N109W,output_-110_-100_60_85,77.6686,78.3827,335.0265,0.0
P19_008334_2819_XN_78N107W_J01_045011_2582_XN_78N108W,G:\crater_flux_output_folders\output_-110_-100_60_85\P19_008334_2819_XN_78N107W_J01_045011_2582_XN_78N108W,output_-110_-100_60_85,77.6737,78.3821,436.2838,0.0
P19_008334_2819_XN_78N107W_J03_046053_2566_XN_76N106W,G:\crater_flux_output_folders\output_-110_-100_60_85\P19_008334_2819_XN_78N107W_J03_046053_2566_XN_76N106W,output_-110_-100_60_85,77.609,77.882,315.5122,0.0
P19_008334_2819_XN_78N107W_J03_045855_2562_XN_76N105W,G:\crater_flux_output_folders\output_-110_-100_60_85\P19_008334_2819_XN_78N107W_J03_045855_2562_XN_76N105W,output_-110_-100_60_85,77.6234,78.266,660.3771,0.0
P19_008643_2616_XI_81N112W_P21_009368_2605_XI_80N108W,G:\crater_flux_output_folders\output_-115_-110_50_85\P19_008643_2616_XI_81N112W_P21_009368_2605_XI_80N108W,output_-110_-100_60_85,80.1424,81.0483,3375.4781,0.0
P19_008643_2616_XI_81N112W_P22_009632_2592_XN_79N109W,G:\crater_flux_output_folders\output_-115_-110_50_85\P19_008643_2616_XI_81N112W_P22_009632_2592_XN_79N109W,output_-110_-100_60_85,80.1424,81.0297,957.4546,0.0
P19_008643_2616_XI_81N112W_B01_009877_2793_XN_80N110W,G:\crater_flux_output_folders\output_-115_-110_50_85\P19_008643_2616_XI_81N112W_B01_009877_2793_XN_80N110W,output_-110_-100_60_85,80.197,80.9557,833.5428,0.0
P19_008643_2616_XI_81N112W_B19_016871_2609_XN_80N111W,G:\crater_flux_output_folders\output_-110_-100_60_85\P19_008643_2616_XI_81N112W_B19_016871_2609_XN_80N111W,output_-110_-100_60_85,80.5524,80.9016,75.7124,0.0
P19_008643_2616_XI_81N112W_B21_017847_2609_XN_80N111W,G:\crater_flux_output_folders\output_-115_-110_50_85\P19_008643_2616_XI_81N112W_B21_017847_2609_XN_80N111W,output_-110_-100_60_85,80.5385,80.8386,998.7572,0.0
P19_008643_2616_XI_81N112W_G01_018448_2798_XN_80N111W,G:\crater_flux_output_folders\output_-115_-110_50_85\P19_008643_2616_XI_81N112W_G01_018448_2798_XN_80N111W,output_-110_-100_60_85,80.1424,80.4936,409.4908,0.0
P19_008643_2616_XI_81N112W_G17_024730_2617_XN_81N110W,G:\crater_flux_output_folders\output_-115_-110_50_85\P19_008643_2616_XI_81N112W_G17_024730_2617_XN_81N110W,output_-110_-100_60_85,80.268,81.0483,1608.719,0.0
P19_008643_2616_XI_81N112W_G18_025363_2615_XN_81N112W,G:\crater_flux_output_folders\output_-110_-100_60_85\P19_008643_2616_XI_81N112W_G18_025363_2615_XN_81N112W,output_-110_-100_60_85,80.1424,81.0483,502.071,0.0
P19_008643_2616_XI_81N112W_D01_027494_2798_XN_80N111W,G:\crater_flux_output_folders\output_-115_-110_50_85\P19_008643_2616_XI_81N112W_D01_027494_2798_XN_80N111W,output_-110_-100_60_85,80.1424,80.4888,419.742,0.0
P19_008643_2616_XI_81N112W_D01_027407_2600_XN_80N110W,G:\crater_flux_output_folders\output_-115_-110_50_85\P19_008643_2616_XI_81N112W_D01_027407_2600_XN_80N110W,output_-110_-100_60_85,80.1424,80.329,107.1149,0.0
P19_008643_2616_XI_81N112W_D01_027697_2604_XN_80N110W,G:\crater_flux_output_folders\output_-115_-110_50_85\P19_008643_2616_XI_81N112W_D01_027697_2604_XN_80N110W,output_-110_-100_60_85,80.1424,80.703,466.0727,0.0
P20_008822_2787_XN_81N105W_P20_009012_2609_XN_80N106W,G:\crater_flux_output_folders\output_-110_-100_60_85\P20_008822_2787_XN_81N105W_P20_009012_2609_XN_80N106W,output_-110_-100_60_85,80.8666,81.269,351.9373,0.0
P20_008822_2787_XN_81N105W_P21_009157_2635_XI_83N115W,G:\crater_flux_output_folders\output_-110_-100_60_85\P20_008822_2787_XN_81N105W_P21_009157_2635_XI_83N115W,output_-110_-100_60_85,81.1251,81.3357,57.4672,0.0
P20_008822_2787_XN_81N105W_P21_009315_2608_XI_80N101W,G:\crater_flux_output_folders\output_-110_-100_60_85\P20_008822_2787_XN_81N105W_P21_009315_2608_XI_80N101W,output_-110_-100_60_85,80.844,81.684,1000.2832,0.0
P20_008822_2787_XN_81N105W_B21_017794_2613_XN_81N105W,G:\crater_flux_output_folders\output_-110_-100_60_85\P20_008822_2787_XN_81N105W_B21_017794_2613_XN_81N105W,output_-110_-100_60_85,80.894,81.572,964.3144,0.0
P20_008822_2787_XN_81N105W_B22_018171_2787_XN_81N105W,G:\crater_flux_output_folders\output_-110_-100_60_85\P20_008822_2787_XN_81N105W_B22_018171_2787_XN_81N105W,output_-110_-100_60_85,80.854,81.684,1281.4611,0.0
P20_008822_2787_XN_81N105W_G16_024374_2631_XN_83N111W,G:\crater_flux_output_folders\output_-110_-100_60_85\P20_008822_2787_XN_81N105W_G16_024374_2631_XN_83N111W,output_-110_-100_60_85,80.8989,81.3451,215.7938,0.0
P20_008822_2787_XN_81N105W_G15_024242_2631_XI_83N107W,G:\crater_flux_output_folders\output_-110_-100_60_85\P20_008822_2787_XN_81N105W_G15_024242_2631_XI_83N107W,output_-110_-100_60_85,80.844,81.684,1010.7256,0.0
P20_008822_2787_XN_81N105W_G17_024901_2629_XI_82N104W,G:\crater_flux_output_folders\output_-110_-100_60_85\P20_008822_2787_XN_81N105W_G17_024901_2629_XI_82N104W,output_-110_-100_60_85,81.286,81.5999,114.74,0.0
P20_008822_2787_XN_81N105W_G18_025178_2615_XN_81N101W,G:\crater_flux_output_folders\output_-110_-100_60_85\P20_008822_2787_XN_81N105W_G18_025178_2615_XN_81N101W,output_-110_-100_60_85,81.2878,81.5685,75.8695,0.0
P20_008822_2787_XN_81N105W_G20_026167_2613_XN_81N105W,G:\crater_flux_output_folders\output_-110_-100_60_85\P20_008822_2787_XN_81N105W_G20_026167_2613_XN_81N105W,output_-110_-100_60_85,80.8765,81.6353,1093.6098,0.0
P20_008822_2787_XN_81N105W_G23_027375_2787_XN_81N105W,G:\crater_flux_output_folders\output_-110_-100_60_85\P20_008822_2787_XN_81N105W_G23_027375_2787_XN_81N105W,output_-110_-100_60_85,80.865,81.684,1271.418,0.0
P20_008822_2787_XN_81N105W_G21_026312_2613_XN_81N105W,G:\crater_flux_output_folders\output_-110_-100_60_85\P20_008822_2787_XN_81N105W_G21_026312_2613_XN_81N105W,output_-110_-100_60_85,80.8779,81.6394,1098.8408,0.0
P20_008822_2787_XN_81N105W_D17_033881_2613_XN_81N105W,G:\crater_flux_output_folders\output_-110_-100_60_85\P20_008822_2787_XN_81N105W_D17_033881_2613_XN_81N105W,output_-110_-100_60_85,80.8776,81.635,1092.9589,0.0
P20_008822_2787_XN_81N105W_F19_043112_2607_XN_80N104W,G:\crater_flux_output_folders\output_-110_-100_60_85\P20_008822_2787_XN_81N105W_F19_043112_2607_XN_80N104W,output_-110_-100_60_85,80.844,81.029,94.8051,0.0
P20_008822_2787_XN_81N105W_F21_043903_2619_XN_81N102W,G:\crater_flux_output_folders\output_-110_-100_60_85\P20_008822_2787_XN_81N105W_F21_043903_2619_XN_81N102W,output_-110_-100_60_85,81.3545,81.5485,35.8443,0.0
P20_008822_2787_XN_81N105W_J20_052474_2607_XN_80N102W,G:\crater_flux_output_folders\output_-110_-100_60_85\P20_008822_2787_XN_81N105W_J20_052474_2607_XN_80N102W,output_-110_-100_60_85,80.844,81.0038,59.7318,0.0
P20_008998_2635_XI_83N089W_P21_009130_2627_XI_82N089W,G:\crater_flux_output_folders\output_-110_-100_60_85\P20_008998_2635_XI_83N089W_P21_009130_2627_XI_82N089W,output_-110_-100_60_85,84.8209,85.0001,2.0601,0.0
P20_008999_2595_XN_79N110W_P21_009368_2605_XI_80N108W,G:\crater_flux_output_folders\output_-110_-100_60_85\P20_008999_2595_XN_79N110W_P21_009368_2605_XI_80N108W,output_-110_-100_60_85,79.2447,79.752,225.1857,0.0
P20_008999_2595_XN_79N110W_P22_009632_2592_XN_79N109W,G:\crater_flux_output_folders\output_-115_-110_50_85\P20_008999_2595_XN_79N110W_P22_009632_2592_XN_79N109W,output_-110_-100_60_85,79.1797,79.752,304.6017,0.0
P20_008999_2595_XN_79N110W_B18_016647_2596_XN_79N110W,G:\crater_flux_output_folders\output_-115_-110_50_85\P20_008999_2595_XN_79N110W_B18_016647_2596_XN_79N110W,output_-110_-100_60_85,79.1797,79.7518,496.183,0.0
P20_008999_2595_XN_79N110W_B19_017135_2595_XN_79N110W,G:\crater_flux_output_folders\output_-115_-110_50_85\P20_008999_2595_XN_79N110W_B19_017135_2595_XN_79N110W,output_-110_-100_60_85,79.1797,79.752,496.7516,0.0
P20_008999_2595_XN_79N110W_G01_018414_2598_XN_79N111W,G:\crater_flux_output_folders\output_-115_-110_50_85\P20_008999_2595_XN_79N110W_G01_018414_2598_XN_79N111W,output_-110_-100_60_85,79.588,79.7054,126.3386,0.0
P20_008999_2595_XN_79N110W_G16_024585_2595_XN_79N110W,G:\crater_flux_output_folders\output_-115_-110_50_85\P20_008999_2595_XN_79N110W_G16_024585_2595_XN_79N110W,output_-110_-100_60_85,79.1797,79.7505,492.5369,0.0
P20_008999_2595_XN_79N110W_D01_027407_2600_XN_80N110W,G:\crater_flux_output_folders\output_-110_-100_60_85\P20_008999_2595_XN_79N110W_D01_027407_2600_XN_80N110W,output_-110_-100_60_85,79.4375,79.752,196.5286,0.0
P20_008999_2595_XN_79N110W_D21_035266_2595_XN_79N110W,G:\crater_flux_output_folders\output_-110_-100_60_85\P20_008999_2595_XN_79N110W_D21_035266_2595_XN_79N110W,output_-110_-100_60_85,79.1797,79.752,447.1916,0.0
P20_008999_2595_XN_79N110W_J16_051103_2596_XN_79N110W,G:\crater_flux_output_folders\output_-115_-110_50_85\P20_008999_2595_XN_79N110W_J16_051103_2596_XN_79N110W,output_-110_-100_60_85,79.1797,79.7499,497.0733,0.0
P20_009012_2609_XN_80N106W_P21_009157_2635_XI_83N115W,G:\crater_flux_output_folders\output_-110_-100_60_85\P20_009012_2609_XN_80N106W_P21_009157_2635_XI_83N115W,output_-110_-100_60_85,81.047,81.2272,78.6213,0.0
P20_009012_2609_XN_80N106W_P21_009315_2608_XI_80N101W,G:\crater_flux_output_folders\output_-110_-100_60_85\P20_009012_2609_XN_80N106W_P21_009315_2608_XI_80N101W,output_-110_-100_60_85,80.5868,81.269,138.082,0.0
P20_009012_2609_XN_80N106W_P22_009579_2594_XN_79N104W,G:\crater_flux_output_folders\output_-110_-100_60_85\P20_009012_2609_XN_80N106W_P22_009579_2594_XN_79N104W,output_-110_-100_60_85,80.44,80.794,324.4456,0.0
P20_009012_2609_XN_80N106W_B21_017794_2613_XN_81N105W,G:\crater_flux_output_folders\output_-110_-100_60_85\P20_009012_2609_XN_80N106W_B21_017794_2613_XN_81N105W,output_-110_-100_60_85,80.834,81.269,381.8563,0.0
P20_009012_2609_XN_80N106W_B22_018171_2787_XN_81N105W,G:\crater_flux_output_folders\output_-110_-100_60_85\P20_009012_2609_XN_80N106W_B22_018171_2787_XN_81N105W,output_-110_-100_60_85,80.8732,81.269,356.3633,0.0
P20_009012_2609_XN_80N106W_G16_024374_2631_XN_83N111W,G:\crater_flux_output_folders\output_-110_-100_60_85\P20_009012_2609_XN_80N106W_G16_024374_2631_XN_83N111W,output_-110_-100_60_85,80.5109,81.2223,979.1294,0.0
P20_009012_2609_XN_80N106W_G15_024242_2631_XI_83N107W,G:\crater_flux_output_folders\output_-110_-100_60_85\P20_009012_2609_XN_80N106W_G15_024242_2631_XI_83N107W,output_-110_-100_60_85,80.8167,81.269,92.9901,0.0
P20_009012_2609_XN_80N106W_G17_024730_2617_XN_81N110W,G:\crater_flux_output_folders\output_-110_-100_60_85\P20_009012_2609_XN_80N106W_G17_024730_2617_XN_81N110W,output_-110_-100_60_85,80.44,81.1479,362.3755,0.0
P20_009012_2609_XN_80N106W_G20_026167_2613_XN_81N105W,G:\crater_flux_output_folders\output_-110_-100_60_85\P20_009012_2609_XN_80N106W_G20_026167_2613_XN_81N105W,output_-110_-100_60_85,80.814,81.269,327.6072,0.0
P20_009012_2609_XN_80N106W_G23_027375_2787_XN_81N105W,G:\crater_flux_output_folders\output_-110_-100_60_85\P20_009012_2609_XN_80N106W_G23_027375_2787_XN_81N105W,output_-110_-100_60_85,80.8847,81.269,350.1652,0.0
P20_009012_2609_XN_80N106W_G21_026312_2613_XN_81N105W,G:\crater_flux_output_folders\output_-110_-100_60_85\P20_009012_2609_XN_80N106W_G21_026312_2613_XN_81N105W,output_-110_-100_60_85,80.814,81.269,326.0802,0.0
P20_009012_2609_XN_80N106W_D17_033881_2613_XN_81N105W,G:\crater_flux_output_folders\output_-110_-100_60_85\P20_009012_2609_XN_80N106W_D17_033881_2613_XN_81N105W,output_-110_-100_60_85,80.814,81.269,331.2289,0.0
P20_009012_2609_XN_80N106W_F19_043112_2607_XN_80N104W,G:\crater_flux_output_folders\output_-110_-100_60_85\P20_009012_2609_XN_80N106W_F19_043112_2607_XN_80N104W,output_-110_-100_60_85,80.5273,80.9781,324.7464,0.0
P20_009012_2609_XN_80N106W_J20_052474_2607_XN_80N102W,G:\crater_flux_output_folders\output_-110_-100_60_85\P20_009012_2609_XN_80N106W_J20_052474_2607_XN_80N102W,output_-110_-100_60_85,80.5802,80.9483,73.0558,0.0
P21_009091_2640_XN_84N114W_P21_009315_2608_XI_80N101W,G:\crater_flux_output_folders\output_-110_-100_60_85\P21_009091_2640_XN_84N114W_P21_009315_2608_XI_80N101W,output_-110_-100_60_85,82.4492,83.0669,568.7819,0.0
P21_009091_2640_XN_84N114W_G15_024242_2631_XI_83N107W,G:\crater_flux_output_folders\output_-115_-110_50_85\P21_009091_2640_XN_84N114W_G15_024242_2631_XI_83N107W,output_-110_-100_60_85,82.3995,83.334,1608.3244,0.0
P21_009091_2640_XN_84N114W_G17_024901_2629_XI_82N104W,G:\crater_flux_output_folders\output_-115_-110_50_85\P21_009091_2640_XN_84N114W_G17_024901_2629_XI_82N104W,output_-110_-100_60_85,82.4903,83.334,642.7321,0.0
P21_009091_2640_XN_84N114W_G18_025178_2615_XN_81N101W,G:\crater_flux_output_folders\output_-110_-100_60_85\P21_009091_2640_XN_84N114W_G18_025178_2615_XN_81N101W,output_-110_-100_60_85,82.5762,82.6603,3.1298,0.0
P21_009091_2640_XN_84N114W_D01_027710_2628_XN_82N107W,G:\crater_flux_output_folders\output_-110_-100_60_85\P21_009091_2640_XN_84N114W_D01_027710_2628_XN_82N107W,output_-110_-100_60_85,82.4488,83.1015,620.2594,0.0
P21_009091_2640_XN_84N114W_G22_026866_2627_XN_82N108W,G:\crater_flux_output_folders\output_-110_-100_60_85\P21_009091_2640_XN_84N114W_G22_026866_2627_XN_82N108W,output_-110_-100_60_85,82.427,83.1281,687.083,0.0
P21_009131_2623_XI_82N116W_P21_009368_2605_XI_80N108W,G:\crater_flux_output_folders\output_-115_-110_50_85\P21_009131_2623_XI_82N116W_P21_009368_2605_XI_80N108W,output_-110_-100_60_85,79.8286,79.8759,626.3483,0.0
P21_009131_2623_XI_82N116W_P22_009632_2592_XN_79N109W,G:\crater_flux_output_folders\output_-115_-110_50_85\P21_009131_2623_XI_82N116W_P22_009632_2592_XN_79N109W,output_-110_-100_60_85,79.8286,79.8759,465.1707,0.0
P21_009131_2623_XI_82N116W_G01_018448_2798_XN_80N111W,G:\crater_flux_output_folders\output_-115_-110_50_85\P21_009131_2623_XI_82N116W_G01_018448_2798_XN_80N111W,output_-110_-100_60_85,79.8337,79.8759,823.9818,0.0
P21_009131_2623_XI_82N116W_G16_024585_2595_XN_79N110W,G:\crater_flux_output_folders\output_-110_-100_60_85\P21_009131_2623_XI_82N116W_G16_024585_2595_XN_79N110W,output_-110_-100_60_85,79.8286,79.8349,0.0851,0.0
P21_009131_2623_XI_82N116W_D01_027407_2600_XN_80N110W,G:\crater_flux_output_folders\output_-115_-110_50_85\P21_009131_2623_XI_82N116W_D01_027407_2600_XN_80N110W,output_-110_-100_60_85,79.8286,79.8759,385.296,0.0
P21_009131_2623_XI_82N116W_F23_044866_2601_XN_80N112W,G:\crater_flux_output_folders\output_-115_-110_50_85\P21_009131_2623_XI_82N116W_F23_044866_2601_XN_80N112W,output_-110_-100_60_85,79.8286,79.8759,1073.1151,0.0
P21_009131_2623_XI_82N116W_J16_051103_2596_XN_79N110W,G:\crater_flux_output_folders\output_-115_-110_50_85\P21_009131_2623_XI_82N116W_J16_051103_2596_XN_79N110W,output_-110_-100_60_85,79.8286,79.8759,105.3816,0.0
P21_009157_2635_XI_83N115W_P21_009368_2605_XI_80N108W,G:\crater_flux_output_folders\output_-115_-110_50_85\P21_009157_2635_XI_83N115W_P21_009368_2605_XI_80N108W,output_-110_-100_60_85,81.0268,81.2848,455.1899,0.0
P21_009157_2635_XI_83N115W_P22_009632_2592_XN_79N109W,G:\crater_flux_output_folders\output_-110_-100_60_85\P21_009157_2635_XI_83N115W_P22_009632_2592_XN_79N109W,output_-110_-100_60_85,81.006,81.067,9.9447,0.0
P21_009157_2635_XI_83N115W_B21_017794_2613_XN_81N105W,G:\crater_flux_output_folders\output_-110_-100_60_85\P21_009157_2635_XI_83N115W_B21_017794_2613_XN_81N105W,output_-110_-100_60_85,81.1282,81.4356,135.0612,0.0
P21_009157_2635_XI_83N115W_B22_018171_2787_XN_81N105W,G:\crater_flux_output_folders\output_-110_-100_60_85\P21_009157_2635_XI_83N115W_B22_018171_2787_XN_81N105W,output_-110_-100_60_85,81.115,81.3587,76.62,0.0
P21_009157_2635_XI_83N115W_G16_024374_2631_XN_83N111W,G:\crater_flux_output_folders\output_-110_-100_60_85\P21_009157_2635_XI_83N115W_G16_024374_2631_XN_83N111W,output_-110_-100_60_85,81.006,82.0247,1055.3754,0.0
P21_009157_2635_XI_83N115W_G17_024730_2617_XN_81N110W,G:\crater_flux_output_folders\output_-115_-110_50_85\P21_009157_2635_XI_83N115W_G17_024730_2617_XN_81N110W,output_-110_-100_60_85,81.006,82.0247,1116.2588,0.0
P21_009157_2635_XI_83N115W_G18_025363_2615_XN_81N112W,G:\crater_flux_output_folders\output_-115_-110_50_85\P21_009157_2635_XI_83N115W_G18_025363_2615_XN_81N112W,output_-110_-100_60_85,81.0531,81.2468,491.5921,0.0
P21_009157_2635_XI_83N115W_G20_026167_2613_XN_81N105W,G:\crater_flux_output_folders\output_-110_-100_60_85\P21_009157_2635_XI_83N115W_G20_026167_2613_XN_81N105W,output_-110_-100_60_85,81.1446,81.4828,112.2218,0.0
P21_009157_2635_XI_83N115W_G23_027375_2787_XN_81N105W,G:\crater_flux_output_folders\output_-110_-100_60_85\P21_009157_2635_XI_83N115W_G23_027375_2787_XN_81N105W,output_-110_-100_60_85,81.1179,81.3571,72.9396,0.0
P21_009157_2635_XI_83N115W_G21_026312_2613_XN_81N105W,G:\crater_flux_output_folders\output_-110_-100_60_85\P21_009157_2635_XI_83N115W_G21_026312_2613_XN_81N105W,output_-110_-100_60_85,81.1436,81.4795,119.7496,0.0
P21_009157_2635_XI_83N115W_D17_033881_2613_XN_81N105W,G:\crater_flux_output_folders\output_-110_-100_60_85\P21_009157_2635_XI_83N115W_D17_033881_2613_XN_81N105W,output_-110_-100_60_85,81.144,81.4823,112.4987,0.0
P21_009196_2627_XI_82N100W_P21_009315_2608_XI_80N101W,G:\crater_flux_output_folders\output_-110_-100_60_85\P21_009196_2627_XI_82N100W_P21_009315_2608_XI_80N101W,output_-110_-100_60_85,82.9387,83.211,0.0076,0.0
P21_009196_2627_XI_82N100W_B01_010014_2644_XN_84N107W,G:\crater_flux_output_folders\output_-110_-100_60_85\P21_009196_2627_XI_82N100W_B01_010014_2644_XN_84N107W,output_-110_-100_60_85,83.9444,83.96,0.0229,0.0
P21_009196_2627_XI_82N100W_B01_010027_2637_XN_83N111W,G:\crater_flux_output_folders\output_-110_-100_60_85\P21_009196_2627_XI_82N100W_B01_010027_2637_XN_83N111W,output_-110_-100_60_85,83.6216,83.6595,0.8434,0.0
P21_009196_2627_XI_82N100W_B01_010198_2644_XI_84N107W,G:\crater_flux_output_folders\output_-110_-100_60_85\P21_009196_2627_XI_82N100W_B01_010198_2644_XI_84N107W,output_-110_-100_60_85,83.767,83.96,66.6917,0.0
P21_009196_2627_XI_82N100W_B16_015987_2631_XN_83N102W,G:\crater_flux_output_folders\output_-110_-100_60_85\P21_009196_2627_XI_82N100W_B16_015987_2631_XN_83N102W,output_-110_-100_60_85,82.473,83.4824,1375.1545,0.0
P21_009196_2627_XI_82N100W_B19_017108_2639_XN_83N107W,G:\crater_flux_output_folders\output_-110_-100_60_85\P21_009196_2627_XI_82N100W_B19_017108_2639_XN_83N107W,output_-110_-100_60_85,83.595,83.874,154.4275,0.0
P21_009196_2627_XI_82N100W_G17_024703_2633_XN_83N098W,G:\crater_flux_output_folders\output_-110_-100_60_85\P21_009196_2627_XI_82N100W_G17_024703_2633_XN_83N098W,output_-110_-100_60_85,82.3693,83.96,1169.7774,0.0
P21_009196_2627_XI_82N100W_G16_024479_2634_XN_83N102W,G:\crater_flux_output_folders\output_-110_-100_60_85\P21_009196_2627_XI_82N100W_G16_024479_2634_XN_83N102W,output_-110_-100_60_85,81.6625,83.8805,2263.6111,0.0
P21_009196_2627_XI_82N100W_G17_024901_2629_XI_82N104W,G:\crater_flux_output_folders\output_-110_-100_60_85\P21_009196_2627_XI_82N100W_G17_024901_2629_XI_82N104W,output_-110_-100_60_85,81.9621,83.7323,192.8968,0.0
P21_009196_2627_XI_82N100W_G18_025178_2615_XN_81N101W,G:\crater_flux_output_folders\output_-110_-100_60_85\P21_009196_2627_XI_82N100W_G18_025178_2615_XN_81N101W,output_-110_-100_60_85,81.694,82.887,311.8995,0.0
P21_009196_2627_XI_82N100W_G20_025903_2619_XI_81N095W,G:\crater_flux_output_folders\output_-110_-100_60_85\P21_009196_2627_XI_82N100W_G20_025903_2619_XI_81N095W,output_-110_-100_60_85,82.3585,83.1163,277.3385,0.0
P21_009196_2627_XI_82N100W_G22_026813_2633_XN_83N103W,G:\crater_flux_output_folders\output_-110_-100_60_85\P21_009196_2627_XI_82N100W_G22_026813_2633_XN_83N103W,output_-110_-100_60_85,82.452,83.96,2359.1021,0.0
P21_009196_2627_XI_82N100W_F21_043903_2619_XN_81N102W,G:\crater_flux_output_folders\output_-110_-100_60_85\P21_009196_2627_XI_82N100W_F21_043903_2619_XN_81N102W,output_-110_-100_60_85,82.0038,83.363,408.8462,0.0
P21_009196_2627_XI_82N100W_J03_046105_2645_XN_84N107W,G:\crater_flux_output_folders\output_-110_-100_60_85\P21_009196_2627_XI_82N100W_J03_046105_2645_XN_84N107W,output_-110_-100_60_85,83.737,83.96,90.3386,0.0
P21_009315_2608_XI_80N101W_P22_009447_2593_XN_79N099W,G:\crater_flux_output_folders\output_-110_-100_60_85\P21_009315_2608_XI_80N101W_P22_009447_2593_XN_79N099W,output_-110_-100_60_85,78.9178,80.5763,915.4835,0.0
P21_009315_2608_XI_80N101W_B01_010093_2598_XN_79N101W,G:\crater_flux_output_folders\output_-110_-100_60_85\P21_009315_2608_XI_80N101W_B01_010093_2598_XN_79N101W,output_-110_-100_60_85,79.4021,80.187,340.5629,0.0
P21_009315_2608_XI_80N101W_B02_010370_2599_XN_79N100W,G:\crater_flux_output_folders\output_-110_-100_60_85\P21_009315_2608_XI_80N101W_B02_010370_2599_XN_79N100W,output_-110_-100_60_85,79.472,80.0736,303.1918,0.0
P21_009315_2608_XI_80N101W_B21_017794_2613_XN_81N105W,G:\crater_flux_output_folders\output_-110_-100_60_85\P21_009315_2608_XI_80N101W_B21_017794_2613_XN_81N105W,output_-110_-100_60_85,80.9001,81.572,228.8315,0.0
P21_009315_2608_XI_80N101W_B22_018171_2787_XN_81N105W,G:\crater_flux_output_folders\output_-110_-100_60_85\P21_009315_2608_XI_80N101W_B22_018171_2787_XN_81N105W,output_-110_-100_60_85,80.854,81.704,426.8409,0.0
P21_009315_2608_XI_80N101W_G16_024479_2634_XN_83N102W,G:\crater_flux_output_folders\output_-110_-100_60_85\P21_009315_2608_XI_80N101W_G16_024479_2634_XN_83N102W,output_-110_-100_60_85,82.3839,83.211,341.1341,0.0
P21_009315_2608_XI_80N101W_G15_024242_2631_XI_83N107W,G:\crater_flux_output_folders\output_-110_-100_60_85\P21_009315_2608_XI_80N101W_G15_024242_2631_XI_83N107W,output_-110_-100_60_85,80.763,83.131,2716.1696,0.0
P21_009315_2608_XI_80N101W_G17_024901_2629_XI_82N104W,G:\crater_flux_output_folders\output_-110_-100_60_85\P21_009315_2608_XI_80N101W_G17_024901_2629_XI_82N104W,output_-110_-100_60_85,80.7696,83.211,2579.9678,0.0
P21_009315_2608_XI_80N101W_G18_025178_2615_XN_81N101W,G:\crater_flux_output_folders\output_-110_-100_60_85\P21_009315_2608_XI_80N101W_G18_025178_2615_XN_81N101W,output_-110_-100_60_85,80.126,82.759,1436.3679,0.0
P21_009315_2608_XI_80N101W_G20_026167_2613_XN_81N105W,G:\crater_flux_output_folders\output_-110_-100_60_85\P21_009315_2608_XI_80N101W_G20_026167_2613_XN_81N105W,output_-110_-100_60_85,80.8679,81.684,431.2481,0.0
P21_009315_2608_XI_80N101W_G23_027375_2787_XN_81N105W,G:\crater_flux_output_folders\output_-110_-100_60_85\P21_009315_2608_XI_80N101W_G23_027375_2787_XN_81N105W,output_-110_-100_60_85,80.865,81.704,427.4785,0.0
P21_009315_2608_XI_80N101W_D01_027433_2597_XN_79N099W,G:\crater_flux_output_folders\output_-110_-100_60_85\P21_009315_2608_XI_80N101W_D01_027433_2597_XN_79N099W,output_-110_-100_60_85,79.237,79.9769,260.3887,0.0
P21_009315_2608_XI_80N101W_D01_027710_2628_XN_82N107W,G:\crater_flux_output_folders\output_-110_-100_60_85\P21_009315_2608_XI_80N101W_D01_027710_2628_XN_82N107W,output_-110_-100_60_85,82.341,83.1835,1092.6591,0.0
P21_009315_2608_XI_80N101W_D01_027446_2602_XN_80N099W,G:\crater_flux_output_folders\output_-110_-100_60_85\P21_009315_2608_XI_80N101W_D01_027446_2602_XN_80N099W,output_-110_-100_60_85,79.681,80.4732,645.9321,0.0
P21_009315_2608_XI_80N101W_G21_026312_2613_XN_81N105W,G:\crater_flux_output_folders\output_-110_-100_60_85\P21_009315_2608_XI_80N101W_G21_026312_2613_XN_81N105W,output_-110_-100_60_85,80.8701,81.694,440.2392,0.0
P21_009315_2608_XI_80N101W_G22_026866_2627_XN_82N108W,G:\crater_flux_output_folders\output_-110_-100_60_85\P21_009315_2608_XI_80N101W_G22_026866_2627_XN_82N108W,output_-110_-100_60_85,82.1798,83.1556,1167.5614,0.0
P21_009315_2608_XI_80N101W_D17_033881_2613_XN_81N105W,G:\crater_flux_output_folders\output_-110_-100_60_85\P21_009315_2608_XI_80N101W_D17_033881_2613_XN_81N105W,output_-110_-100_60_85,80.8701,81.684,424.0373,0.0
P21_009315_2608_XI_80N101W_F19_043112_2607_XN_80N104W,G:\crater_flux_output_folders\output_-110_-100_60_85\P21_009315_2608_XI_80N101W_F19_043112_2607_XN_80N104W,output_-110_-100_60_85,80.3025,81.067,254.7907,0.0
P21_009315_2608_XI_80N101W_F21_043903_2619_XN_81N102W,G:\crater_flux_output_folders\output_-110_-100_60_85\P21_009315_2608_XI_80N101W_F21_043903_2619_XN_81N102W,output_-110_-100_60_85,80.45,83.211,1246.4484,0.0
P21_009315_2608_XI_80N101W_J20_052474_2607_XN_80N102W,G:\crater_flux_output_folders\output_-110_-100_60_85\P21_009315_2608_XI_80N101W_J20_052474_2607_XN_80N102W,output_-110_-100_60_85,80.2688,81.1073,722.2551,0.0
P21_009368_2605_XI_80N108W_P22_009579_2594_XN_79N104W,G:\crater_flux_output_folders\output_-110_-100_60_85\P21_009368_2605_XI_80N108W_P22_009579_2594_XN_79N104W,output_-110_-100_60_85,78.1764,80.6313,1327.3975,0.0
P21_009368_2605_XI_80N108W_P22_009632_2592_XN_79N109W,G:\crater_flux_output_folders\output_-115_-110_50_85\P21_009368_2605_XI_80N108W_P22_009632_2592_XN_79N109W,output_-110_-100_60_85,78.7205,81.0485,420.4103,0.0
P21_009368_2605_XI_80N108W_P22_009837_2840_XN_76N104W,G:\crater_flux_output_folders\output_-110_-100_60_85\P21_009368_2605_XI_80N108W_P22_009837_2840_XN_76N104W,output_-110_-100_60_85,78.2482,78.2961,1.9889,0.0
P21_009368_2605_XI_80N108W_B01_009877_2793_XN_80N110W,G:\crater_flux_output_folders\output_-115_-110_50_85\P21_009368_2605_XI_80N108W_B01_009877_2793_XN_80N110W,output_-110_-100_60_85,80.197,80.9557,422.6274,0.0
P21_009368_2605_XI_80N108W_B01_009903_2842_XI_75N106W,G:\crater_flux_output_folders\output_-110_-100_60_85\P21_009368_2605_XI_80N108W_B01_009903_2842_XI_75N106W,output_-110_-100_60_85,78.1255,78.276,73.3488,0.0
P21_009368_2605_XI_80N108W_B19_016871_2609_XN_80N111W,G:\crater_flux_output_folders\output_-110_-100_60_85\P21_009368_2605_XI_80N108W_B19_016871_2609_XN_80N111W,output_-110_-100_60_85,80.5524,80.9016,75.7124,0.0
P21_009368_2605_XI_80N108W_B19_017135_2595_XN_79N110W,G:\crater_flux_output_folders\output_-110_-100_60_85\P21_009368_2605_XI_80N108W_B19_017135_2595_XN_79N110W,output_-110_-100_60_85,79.153,79.853,1.4036,0.0
P21_009368_2605_XI_80N108W_B21_017847_2609_XN_80N111W,G:\crater_flux_output_folders\output_-115_-110_50_85\P21_009368_2605_XI_80N108W_B21_017847_2609_XN_80N111W,output_-110_-100_60_85,80.5385,80.8386,562.7472,0.0
P21_009368_2605_XI_80N108W_B21_017828_2831_XN_76N107W,G:\crater_flux_output_folders\output_-110_-100_60_85\P21_009368_2605_XI_80N108W_B21_017828_2831_XN_76N107W,output_-110_-100_60_85,78.104,78.681,735.84,0.0
P21_009368_2605_XI_80N108W_G01_018448_2798_XN_80N111W,G:\crater_flux_output_folders\output_-115_-110_50_85\P21_009368_2605_XI_80N108W_G01_018448_2798_XN_80N111W,output_-110_-100_60_85,79.8337,80.4936,59.8532,0.0
P21_009368_2605_XI_80N108W_G16_024374_2631_XN_83N111W,G:\crater_flux_output_folders\output_-110_-100_60_85\P21_009368_2605_XI_80N108W_G16_024374_2631_XN_83N111W,output_-110_-100_60_85,80.8736,81.2848,43.7973,0.0
P21_009368_2605_XI_80N108W_G17_024730_2617_XN_81N110W,G:\crater_flux_output_folders\output_-115_-110_50_85\P21_009368_2605_XI_80N108W_G17_024730_2617_XN_81N110W,output_-110_-100_60_85,80.268,81.2848,2000.9023,0.0
P21_009368_2605_XI_80N108W_G18_025363_2615_XN_81N112W,G:\crater_flux_output_folders\output_-115_-110_50_85\P21_009368_2605_XI_80N108W_G18_025363_2615_XN_81N112W,output_-110_-100_60_85,79.989,81.2468,2780.3179,0.0
P21_009368_2605_XI_80N108W_D01_027494_2798_XN_80N111W,G:\crater_flux_output_folders\output_-115_-110_50_85\P21_009368_2605_XI_80N108W_D01_027494_2798_XN_80N111W,output_-110_-100_60_85,79.8961,80.4888,60.6182,0.0
P21_009368_2605_XI_80N108W_D01_027407_2600_XN_80N110W,G:\crater_flux_output_folders\output_-115_-110_50_85\P21_009368_2605_XI_80N108W_D01_027407_2600_XN_80N110W,output_-110_-100_60_85,79.4741,80.329,2.5909,0.0
P21_009368_2605_XI_80N108W_D01_027697_2604_XN_80N110W,G:\crater_flux_output_folders\output_-115_-110_50_85\P21_009368_2605_XI_80N108W_D01_027697_2604_XN_80N110W,output_-110_-100_60_85,79.901,80.703,115.7233,0.0
P21_009368_2605_XI_80N108W_D01_027578_2579_XN_77N103W,G:\crater_flux_output_folders\output_-110_-100_60_85\P21_009368_2605_XI_80N108W_D01_027578_2579_XN_77N103W,output_-110_-100_60_85,78.1138,78.6497,701.5301,0.0
P21_009368_2605_XI_80N108W_G23_027341_2579_XN_77N103W,G:\crater_flux_output_folders\output_-110_-100_60_85\P21_009368_2605_XI_80N108W_G23_027341_2579_XN_77N103W,output_-110_-100_60_85,78.1467,78.5297,388.2179,0.0
P21_009368_2605_XI_80N108W_D21_035266_2595_XN_79N110W,G:\crater_flux_output_folders\output_-110_-100_60_85\P21_009368_2605_XI_80N108W_D21_035266_2595_XN_79N110W,output_-110_-100_60_85,79.1437,79.843,0.1822,0.0
P21_009368_2605_XI_80N108W_J16_051103_2596_XN_79N110W,G:\crater_flux_output_folders\output_-110_-100_60_85\P21_009368_2605_XI_80N108W_J16_051103_2596_XN_79N110W,output_-110_-100_60_85,79.1554,79.9545,0.1731,0.0
P22_009447_2593_XN_79N099W_P22_009737_2598_XN_79N102W,G:\crater_flux_output_folders\output_-110_-100_60_85\P22_009447_2593_XN_79N099W_P22_009737_2598_XN_79N102W,output_-110_-100_60_85,79.4305,80.167,259.2764,0.0
P22_009447_2593_XN_79N099W_B01_010093_2598_XN_79N101W,G:\crater_flux_output_folders\output_-110_-100_60_85\P22_009447_2593_XN_79N099W_B01_010093_2598_XN_79N101W,output_-110_-100_60_85,79.3818,80.187,739.0306,0.0
P22_009447_2593_XN_79N099W_B02_010370_2599_XN_79N100W,G:\crater_flux_output_folders\output_-110_-100_60_85\P22_009447_2593_XN_79N099W_B02_010370_2599_XN_79N100W,output_-110_-100_60_85,79.469,80.0736,593.1195,0.0
P22_009447_2593_XN_79N099W_B03_010660_2601_XN_80N103W,G:\crater_flux_output_folders\output_-110_-100_60_85\P22_009447_2593_XN_79N099W_B03_010660_2601_XN_80N103W,output_-110_-100_60_85,79.797,80.339,184.4574,0.0
P22_009447_2593_XN_79N099W_G17_024901_2629_XI_82N104W,G:\crater_flux_output_folders\output_-110_-100_60_85\P22_009447_2593_XN_79N099W_G17_024901_2629_XI_82N104W,output_-110_-100_60_85,80.551,80.6004,2.1824,0.0
P22_009447_2593_XN_79N099W_G18_025178_2615_XN_81N101W,G:\crater_flux_output_folders\output_-110_-100_60_85\P22_009447_2593_XN_79N099W_G18_025178_2615_XN_81N101W,output_-110_-100_60_85,80.126,80.6004,168.7057,0.0
P22_009447_2593_XN_79N099W_D01_027433_2597_XN_79N099W,G:\crater_flux_output_folders\output_-110_-100_60_85\P22_009447_2593_XN_79N099W_D01_027433_2597_XN_79N099W,output_-110_-100_60_85,79.237,79.9769,299.9518,0.0
P22_009447_2593_XN_79N099W_D01_027446_2602_XN_80N099W,G:\crater_flux_output_folders\output_-110_-100_60_85\P22_009447_2593_XN_79N099W_D01_027446_2602_XN_80N099W,output_-110_-100_60_85,79.681,80.4918,664.5373,0.0
P22_009447_2593_XN_79N099W_F19_043112_2607_XN_80N104W,G:\crater_flux_output_folders\output_-110_-100_60_85\P22_009447_2593_XN_79N099W_F19_043112_2607_XN_80N104W,output_-110_-100_60_85,80.3384,80.5013,63.6302,0.0
P22_009447_2593_XN_79N099W_F21_043903_2619_XN_81N102W,G:\crater_flux_output_folders\output_-110_-100_60_85\P22_009447_2593_XN_79N099W_F21_043903_2619_XN_81N102W,output_-110_-100_60_85,80.45,80.6004,48.3668,0.0
P22_009447_2593_XN_79N099W_J20_052474_2607_XN_80N102W,G:\crater_flux_output_folders\output_-110_-100_60_85\P22_009447_2593_XN_79N099W_J20_052474_2607_XN_80N102W,output_-110_-100_60_85,80.3101,80.5592,182.4076,0.0
P22_009473_2644_XN_84N105W_P22_009697_2641_XN_84N099W,G:\crater_flux_output_folders\output_-110_-100_60_85\P22_009473_2644_XN_84N105W_P22_009697_2641_XN_84N099W,output_-110_-100_60_85,84.1464,84.3511,76.298,0.0
P22_009473_2644_XN_84N105W_B01_010014_2644_XN_84N107W,G:\crater_flux_output_folders\output_-110_-100_60_85\P22_009473_2644_XN_84N105W_B01_010014_2644_XN_84N107W,output_-110_-100_60_85,83.96,84.8095,983.9521,0.0
P22_009473_2644_XN_84N105W_B01_010198_2644_XI_84N107W,G:\crater_flux_output_folders\output_-110_-100_60_85\P22_009473_2644_XN_84N105W_B01_010198_2644_XI_84N107W,output_-110_-100_60_85,83.96,84.7587,1006.1861,0.0
P22_009473_2644_XN_84N105W_G15_024215_2636_XI_83N095W,G:\crater_flux_output_folders\output_-110_-100_60_85\P22_009473_2644_XN_84N105W_G15_024215_2636_XI_83N095W,output_-110_-100_60_85,84.0401,84.85,855.4439,0.0
P22_009473_2644_XN_84N105W_G17_024703_2633_XN_83N098W,G:\crater_flux_output_folders\output_-110_-100_60_85\P22_009473_2644_XN_84N105W_G17_024703_2633_XN_83N098W,output_-110_-100_60_85,83.96,84.85,1216.9617,0.0
P22_009473_2644_XN_84N105W_G16_024479_2634_XN_83N102W,G:\crater_flux_output_folders\output_-110_-100_60_85\P22_009473_2644_XN_84N105W_G16_024479_2634_XN_83N102W,output_-110_-100_60_85,83.9649,84.623,113.5301,0.0
P22_009473_2644_XN_84N105W_G22_026813_2633_XN_83N103W,G:\crater_flux_output_folders\output_-110_-100_60_85\P22_009473_2644_XN_84N105W_G22_026813_2633_XN_83N103W,output_-110_-100_60_85,83.96,84.152,71.512,0.0
P22_009473_2644_XN_84N105W_D15_032905_2644_XN_84N107W,G:\crater_flux_output_folders\output_-110_-100_60_85\P22_009473_2644_XN_84N105W_D15_032905_2644_XN_84N107W,output_-110_-100_60_85,84.0416,84.7758,853.9089,0.0
P22_009473_2644_XN_84N105W_D19_034672_2644_XN_84N107W,G:\crater_flux_output_folders\output_-110_-100_60_85\P22_009473_2644_XN_84N105W_D19_034672_2644_XN_84N107W,output_-110_-100_60_85,84.0439,84.7843,862.0861,0.0
P22_009473_2644_XN_84N105W_D20_035173_2644_XN_84N107W,G:\crater_flux_output_folders\output_-110_-100_60_85\P22_009473_2644_XN_84N105W_D20_035173_2644_XN_84N107W,output_-110_-100_60_85,83.9947,84.7817,934.2053,0.0
P22_009473_2644_XN_84N105W_D21_035529_2646_XN_84N109W,G:\crater_flux_output_folders\output_-110_-100_60_85\P22_009473_2644_XN_84N105W_D21_035529_2646_XN_84N109W,output_-110_-100_60_85,84.2605,84.6996,317.2186,0.0
P22_009473_2644_XN_84N105W_F01_036004_2644_XN_84N106W,G:\crater_flux_output_folders\output_-110_-100_60_85\P22_009473_2644_XN_84N105W_F01_036004_2644_XN_84N106W,output_-110_-100_60_85,83.96,84.769,1101.0799,0.0
P22_009473_2644_XN_84N105W_D22_035951_2644_XN_84N107W,G:\crater_flux_output_folders\output_-110_-100_60_85\P22_009473_2644_XN_84N105W_D22_035951_2644_XN_84N107W,output_-110_-100_60_85,83.9933,84.7793,932.274,0.0
P22_009473_2644_XN_84N105W_F01_036043_2644_XN_84N105W,G:\crater_flux_output_folders\output_-110_-100_60_85\P22_009473_2644_XN_84N105W_F01_036043_2644_XN_84N105W,output_-110_-100_60_85,83.96,84.789,1108.4461,0.0
P22_009473_2644_XN_84N105W_D22_035595_2645_XN_84N108W,G:\crater_flux_output_folders\output_-110_-100_60_85\P22_009473_2644_XN_84N105W_D22_035595_2645_XN_84N108W,output_-110_-100_60_85,84.1443,84.7386,553.8705,0.0
P22_009473_2644_XN_84N105W_F01_036294_2649_XN_84N112W,G:\crater_flux_output_folders\output_-110_-100_60_85\P22_009473_2644_XN_84N105W_F01_036294_2649_XN_84N112W,output_-110_-100_60_85,84.4004,84.6891,161.8715,0.0
P22_009473_2644_XN_84N105W_F04_037296_2641_XN_84N101W,G:\crater_flux_output_folders\output_-110_-100_60_85\P22_009473_2644_XN_84N105W_F04_037296_2641_XN_84N101W,output_-110_-100_60_85,84.0509,84.4269,288.8221,0.0
P22_009473_2644_XN_84N105W_F03_037085_2645_XN_84N107W,G:\crater_flux_output_folders\output_-110_-100_60_85\P22_009473_2644_XN_84N105W_F03_037085_2645_XN_84N107W,output_-110_-100_60_85,83.96,84.7666,946.9386,0.0
P22_009473_2644_XN_84N105W_F04_037322_2641_XN_84N101W,G:\crater_flux_output_folders\output_-110_-100_60_85\P22_009473_2644_XN_84N105W_F04_037322_2641_XN_84N101W,output_-110_-100_60_85,84.0424,84.4383,296.9394,0.0
P22_009473_2644_XN_84N105W_F21_044193_2644_XN_84N107W,G:\crater_flux_output_folders\output_-110_-100_60_85\P22_009473_2644_XN_84N105W_F21_044193_2644_XN_84N107W,output_-110_-100_60_85,83.998,84.7904,938.0951,0.0
P22_009473_2644_XN_84N105W_F23_044861_2756_XN_84N107W,G:\crater_flux_output_folders\output_-110_-100_60_85\P22_009473_2644_XN_84N105W_F23_044861_2756_XN_84N107W,output_-110_-100_60_85,83.9851,84.7629,903.951,0.0
P22_009473_2644_XN_84N105W_J02_045604_2644_XN_84N107W,G:\crater_flux_output_folders\output_-110_-100_60_85\P22_009473_2644_XN_84N105W_J02_045604_2644_XN_84N107W,output_-110_-100_60_85,83.96,84.7778,971.0013,0.0
P22_009473_2644_XN_84N105W_J03_046105_2645_XN_84N107W,G:\crater_flux_output_folders\output_-110_-100_60_85\P22_009473_2644_XN_84N105W_J03_046105_2645_XN_84N107W,output_-110_-100_60_85,83.96,84.7633,928.2691,0.0
P22_009579_2594_XN_79N104W_P22_009632_2592_XN_79N109W,G:\crater_flux_output_folders\output_-110_-100_60_85\P22_009579_2594_XN_79N104W_P22_009632_2592_XN_79N109W,output_-110_-100_60_85,80.5989,80.6232,0.0268,0.0
P22_009579_2594_XN_79N104W_P22_009737_2598_XN_79N102W,G:\crater_flux_output_folders\output_-110_-100_60_85\P22_009579_2594_XN_79N104W_P22_009737_2598_XN_79N102W,output_-110_-100_60_85,79.307,80.0053,110.0808,0.0
P22_009579_2594_XN_79N104W_P22_009837_2840_XN_76N104W,G:\crater_flux_output_folders\output_-110_-100_60_85\P22_009579_2594_XN_79N104W_P22_009837_2840_XN_76N104W,output_-110_-100_60_85,77.8227,78.306,526.304,0.0
P22_009579_2594_XN_79N104W_B01_009903_2842_XI_75N106W,G:\crater_flux_output_folders\output_-110_-100_60_85\P22_009579_2594_XN_79N104W_B01_009903_2842_XI_75N106W,output_-110_-100_60_85,77.811,78.2447,351.9046,0.0
P22_009579_2594_XN_79N104W_B03_010660_2601_XN_80N103W,G:\crater_flux_output_folders\output_-110_-100_60_85\P22_009579_2594_XN_79N104W_B03_010660_2601_XN_80N103W,output_-110_-100_60_85,79.661,80.1638,110.9732,0.0
P22_009579_2594_XN_79N104W_B21_017715_2578_XN_77N103W,G:\crater_flux_output_folders\output_-110_-100_60_85\P22_009579_2594_XN_79N104W_B21_017715_2578_XN_77N103W,output_-110_-100_60_85,77.811,78.084,266.7466,0.0
P22_009579_2594_XN_79N104W_B21_017828_2831_XN_76N107W,G:\crater_flux_output_folders\output_-110_-100_60_85\P22_009579_2594_XN_79N104W_B21_017828_2831_XN_76N107W,output_-110_-100_60_85,78.0727,78.6185,194.5697,0.0
P22_009579_2594_XN_79N104W_G16_024374_2631_XN_83N111W,G:\crater_flux_output_folders\output_-110_-100_60_85\P22_009579_2594_XN_79N104W_G16_024374_2631_XN_83N111W,output_-110_-100_60_85,80.5,80.794,268.1347,0.0
P22_009579_2594_XN_79N104W_G17_024730_2617_XN_81N110W,G:\crater_flux_output_folders\output_-110_-100_60_85\P22_009579_2594_XN_79N104W_G17_024730_2617_XN_81N110W,output_-110_-100_60_85,80.3183,80.723,366.5248,0.0
P22_009579_2594_XN_79N104W_G18_025363_2615_XN_81N112W,G:\crater_flux_output_folders\output_-110_-100_60_85\P22_009579_2594_XN_79N104W_G18_025363_2615_XN_81N112W,output_-110_-100_60_85,80.0983,80.6272,38.2805,0.0
P22_009579_2594_XN_79N104W_D01_027578_2579_XN_77N103W,G:\crater_flux_output_folders\output_-110_-100_60_85\P22_009579_2594_XN_79N104W_D01_027578_2579_XN_77N103W,output_-110_-100_60_85,77.811,78.701,1040.9185,0.0
P22_009579_2594_XN_79N104W_G23_027341_2579_XN_77N103W,G:\crater_flux_output_folders\output_-110_-100_60_85\P22_009579_2594_XN_79N104W_G23_027341_2579_XN_77N103W,output_-110_-100_60_85,77.811,78.579,1002.9903,0.0
P22_009579_2594_XN_79N104W_F19_043112_2607_XN_80N104W,G:\crater_flux_output_folders\output_-110_-100_60_85\P22_009579_2594_XN_79N104W_F19_043112_2607_XN_80N104W,output_-110_-100_60_85,80.238,80.794,81.8407,0.0
P22_009605_2592_XI_79N094W_G16_024479_2634_XN_83N102W,G:\crater_flux_output_folders\output_-110_-100_60_85\P22_009605_2592_XI_79N094W_G16_024479_2634_XN_83N102W,output_-110_-100_60_85,81.4524,81.489,1.3497,0.0
P22_009605_2592_XI_79N094W_G17_024901_2629_XI_82N104W,G:\crater_flux_output_folders\output_-110_-100_60_85\P22_009605_2592_XI_79N094W_G17_024901_2629_XI_82N104W,output_-110_-100_60_85,81.1414,81.489,32.4645,0.0
P22_009605_2592_XI_79N094W_G18_025178_2615_XN_81N101W,G:\crater_flux_output_folders\output_-110_-100_60_85\P22_009605_2592_XI_79N094W_G18_025178_2615_XN_81N101W,output_-110_-100_60_85,81.1414,81.489,32.4645,0.0
P22_009605_2592_XI_79N094W_G23_027077_2608_XN_80N097W,G:\crater_flux_output_folders\output_-110_-100_60_85\P22_009605_2592_XI_79N094W_G23_027077_2608_XN_80N097W,output_-110_-100_60_85,81.1414,81.2644,0.0788,0.0
P22_009605_2592_XI_79N094W_F21_043903_2619_XN_81N102W,G:\crater_flux_output_folders\output_-110_-100_60_85\P22_009605_2592_XI_79N094W_F21_043903_2619_XN_81N102W,output_-110_-100_60_85,81.1414,81.4737,21.7284,0.0
P22_009632_2592_XN_79N109W_B01_009877_2793_XN_80N110W,G:\crater_flux_output_folders\output_-115_-110_50_85\P22_009632_2592_XN_79N109W_B01_009877_2793_XN_80N110W,output_-110_-100_60_85,80.197,80.9557,753.1262,0.0
P22_009632_2592_XN_79N109W_B17_016436_2576_XN_77N105W,G:\crater_flux_output_folders\output_-110_-100_60_85\P22_009632_2592_XN_79N109W_B17_016436_2576_XN_77N105W,output_-110_-100_60_85,77.4217,77.8699,149.9247,0.0
P22_009632_2592_XN_79N109W_B18_016647_2596_XN_79N110W,G:\crater_flux_output_folders\output_-110_-100_60_85\P22_009632_2592_XN_79N109W_B18_016647_2596_XN_79N110W,output_-110_-100_60_85,79.0604,79.853,664.9588,0.0
P22_009632_2592_XN_79N109W_B19_016871_2609_XN_80N111W,G:\crater_flux_output_folders\output_-115_-110_50_85\P22_009632_2592_XN_79N109W_B19_016871_2609_XN_80N111W,output_-110_-100_60_85,80.5524,80.9016,552.2501,0.0
P22_009632_2592_XN_79N109W_B19_017135_2595_XN_79N110W,G:\crater_flux_output_folders\output_-115_-110_50_85\P22_009632_2592_XN_79N109W_B19_017135_2595_XN_79N110W,output_-110_-100_60_85,79.0815,79.853,275.5744,0.0
P22_009632_2592_XN_79N109W_B21_017847_2609_XN_80N111W,G:\crater_flux_output_folders\output_-115_-110_50_85\P22_009632_2592_XN_79N109W_B21_017847_2609_XN_80N111W,output_-110_-100_60_85,80.5385,80.8386,546.5253,0.0
P22_009632_2592_XN_79N109W_B21_017894_2830_XN_77N109W,G:\crater_flux_output_folders\output_-110_-100_60_85\P22_009632_2592_XN_79N109W_B21_017894_2830_XN_77N109W,output_-110_-100_60_85,77.326,77.602,221.1623,0.0
P22_009632_2592_XN_79N109W_B21_017828_2831_XN_76N107W,G:\crater_flux_output_folders\output_-110_-100_60_85\P22_009632_2592_XN_79N109W_B21_017828_2831_XN_76N107W,output_-110_-100_60_85,77.3757,78.1808,388.6616,0.0
P22_009632_2592_XN_79N109W_B22_018269_2587_XN_78N111W,G:\crater_flux_output_folders\output_-115_-110_50_85\P22_009632_2592_XN_79N109W_B22_018269_2587_XN_78N111W,output_-110_-100_60_85,77.5106,78.8195,2.0775,0.0
P22_009632_2592_XN_79N109W_G01_018414_2598_XN_79N111W,G:\crater_flux_output_folders\output_-115_-110_50_85\P22_009632_2592_XN_79N109W_G01_018414_2598_XN_79N111W,output_-110_-100_60_85,79.588,79.7749,266.3891,0.0
P22_009632_2592_XN_79N109W_G01_018448_2798_XN_80N111W,G:\crater_flux_output_folders\output_-115_-110_50_85\P22_009632_2592_XN_79N109W_G01_018448_2798_XN_80N111W,output_-110_-100_60_85,79.8337,80.4936,604.5164,0.0
P22_009632_2592_XN_79N109W_G16_024374_2631_XN_83N111W,G:\crater_flux_output_folders\output_-110_-100_60_85\P22_009632_2592_XN_79N109W_G16_024374_2631_XN_83N111W,output_-110_-100_60_85,80.8052,81.067,53.9111,0.0
P22_009632_2592_XN_79N109W_G16_024585_2595_XN_79N110W,G:\crater_flux_output_folders\output_-115_-110_50_85\P22_009632_2592_XN_79N109W_G16_024585_2595_XN_79N110W,output_-110_-100_60_85,79.0822,79.874,281.2529,0.0
P22_009632_2592_XN_79N109W_G17_024730_2617_XN_81N110W,G:\crater_flux_output_folders\output_-110_-100_60_85\P22_009632_2592_XN_79N109W_G17_024730_2617_XN_81N110W,output_-110_-100_60_85,80.268,81.067,499.9906,0.0
P22_009632_2592_XN_79N109W_G18_025363_2615_XN_81N112W,G:\crater_flux_output_folders\output_-115_-110_50_85\P22_009632_2592_XN_79N109W_G18_025363_2615_XN_81N112W,output_-110_-100_60_85,79.989,81.0455,926.5359,0.0
P22_009632_2592_XN_79N109W_D01_027494_2798_XN_80N111W,G:\crater_flux_output_folders\output_-110_-100_60_85\P22_009632_2592_XN_79N109W_D01_027494_2798_XN_80N111W,output_-110_-100_60_85,79.8961,80.4888,216.0956,0.0
P22_009632_2592_XN_79N109W_D01_027407_2600_XN_80N110W,G:\crater_flux_output_folders\output_-115_-110_50_85\P22_009632_2592_XN_79N109W_D01_027407_2600_XN_80N110W,output_-110_-100_60_85,79.4375,80.329,509.5367,0.0
P22_009632_2592_XN_79N109W_D01_027697_2604_XN_80N110W,G:\crater_flux_output_folders\output_-115_-110_50_85\P22_009632_2592_XN_79N109W_D01_027697_2604_XN_80N110W,output_-110_-100_60_85,79.901,80.703,603.0647,0.0
P22_009632_2592_XN_79N109W_D21_035266_2595_XN_79N110W,G:\crater_flux_output_folders\output_-115_-110_50_85\P22_009632_2592_XN_79N109W_D21_035266_2595_XN_79N110W,output_-110_-100_60_85,79.071,79.843,271.9957,0.0
P22_009632_2592_XN_79N109W_F22_044299_2580_XN_78N108W,G:\crater_flux_output_folders\output_-110_-100_60_85\P22_009632_2592_XN_79N109W_F22_044299_2580_XN_78N108W,output_-110_-100_60_85,77.326,78.691,1754.3155,0.0
P22_009632_2592_XN_79N109W_F22_044457_2580_XN_78N108W,G:\crater_flux_output_folders\output_-110_-100_60_85\P22_009632_2592_XN_79N109W_F22_044457_2580_XN_78N108W,output_-110_-100_60_85,77.326,78.802,2076.0046,0.0
P22_009632_2592_XN_79N109W_F23_044853_2582_XN_78N109W,G:\crater_flux_output_folders\output_-110_-100_60_85\P22_009632_2592_XN_79N109W_F23_044853_2582_XN_78N109W,output_-110_-100_60_85,77.5922,78.579,1192.751,0.0
P22_009632_2592_XN_79N109W_F23_044866_2601_XN_80N112W,G:\crater_flux_output_folders\output_-115_-110_50_85\P22_009632_2592_XN_79N109W_F23_044866_2601_XN_80N112W,output_-110_-100_60_85,79.7689,79.8852,341.2809,0.0
P22_009632_2592_XN_79N109W_J01_045011_2582_XN_78N108W,G:\crater_flux_output_folders\output_-110_-100_60_85\P22_009632_2592_XN_79N109W_J01_045011_2582_XN_78N108W,output_-110_-100_60_85,77.5579,78.6,1308.0803,0.0
P22_009632_2592_XN_79N109W_J03_046053_2566_XN_76N106W,G:\crater_flux_output_folders\output_-110_-100_60_85\P22_009632_2592_XN_79N109W_J03_046053_2566_XN_76N106W,output_-110_-100_60_85,77.3628,77.8461,536.8386,0.0
P22_009632_2592_XN_79N109W_J03_045855_2562_XN_76N105W,G:\crater_flux_output_folders\output_-110_-100_60_85\P22_009632_2592_XN_79N109W_J03_045855_2562_XN_76N105W,output_-110_-100_60_85,77.3377,78.266,1466.1083,0.0
P22_009632_2592_XN_79N109W_J16_051103_2596_XN_79N110W,G:\crater_flux_output_folders\output_-115_-110_50_85\P22_009632_2592_XN_79N109W_J16_051103_2596_XN_79N110W,output_-110_-100_60_85,79.0723,79.9545,338.4895,0.0
P22_009697_2641_XN_84N099W_B01_010040_2639_XN_83N096W,G:\crater_flux_output_folders\output_-110_-100_60_85\P22_009697_2641_XN_84N099W_B01_010040_2639_XN_83N096W,output_-110_-100_60_85,84.1531,84.2458,5.0993,0.0
P22_009697_2641_XN_84N099W_B01_010198_2644_XI_84N107W,G:\crater_flux_output_folders\output_-110_-100_60_85\P22_009697_2641_XN_84N099W_B01_010198_2644_XI_84N107W,output_-110_-100_60_85,84.0343,84.3034,51.817,0.0
P22_009697_2641_XN_84N099W_G15_024215_2636_XI_83N095W,G:\crater_flux_output_folders\output_-110_-100_60_85\P22_009697_2641_XN_84N099W_G15_024215_2636_XI_83N095W,output_-110_-100_60_85,83.676,84.4546,472.9154,0.0
P22_009697_2641_XN_84N099W_G17_024703_2633_XN_83N098W,G:\crater_flux_output_folders\output_-110_-100_60_85\P22_009697_2641_XN_84N099W_G17_024703_2633_XN_83N098W,output_-110_-100_60_85,83.8048,84.3196,57.8092,0.0
P22_009697_2641_XN_84N099W_D15_032905_2644_XN_84N107W,G:\crater_flux_output_folders\output_-110_-100_60_85\P22_009697_2641_XN_84N099W_D15_032905_2644_XN_84N107W,output_-110_-100_60_85,84.2363,84.2891,1.3977,0.0
P22_009697_2641_XN_84N099W_F01_036004_2644_XN_84N106W,G:\crater_flux_output_folders\output_-110_-100_60_85\P22_009697_2641_XN_84N099W_F01_036004_2644_XN_84N106W,output_-110_-100_60_85,84.094,84.3093,22.2301,0.0
P22_009697_2641_XN_84N099W_F01_036043_2644_XN_84N105W,G:\crater_flux_output_folders\output_-110_-100_60_85\P22_009697_2641_XN_84N099W_F01_036043_2644_XN_84N105W,output_-110_-100_60_85,84.1286,84.3337,64.4188,0.0
P22_009697_2641_XN_84N099W_F04_037296_2641_XN_84N101W,G:\crater_flux_output_folders\output_-110_-100_60_85\P22_009697_2641_XN_84N099W_F04_037296_2641_XN_84N101W,output_-110_-100_60_85,83.7508,84.4558,465.2166,0.0
P22_009697_2641_XN_84N099W_F04_037322_2641_XN_84N101W,G:\crater_flux_output_folders\output_-110_-100_60_85\P22_009697_2641_XN_84N099W_F04_037322_2641_XN_84N101W,output_-110_-100_60_85,83.74,84.4349,454.5105,0.0
P22_009697_2641_XN_84N099W_F23_044905_2634_XN_83N099W,G:\crater_flux_output_folders\output_-110_-100_60_85\P22_009697_2641_XN_84N099W_F23_044905_2634_XN_83N099W,output_-110_-100_60_85,83.676,83.7416,3.8624,0.0
P22_009737_2598_XN_79N102W_B01_010093_2598_XN_79N101W,G:\crater_flux_output_folders\output_-110_-100_60_85\P22_009737_2598_XN_79N102W_B01_010093_2598_XN_79N101W,output_-110_-100_60_85,79.374,80.1187,811.5041,0.0
P22_009737_2598_XN_79N102W_B02_010370_2599_XN_79N100W,G:\crater_flux_output_folders\output_-110_-100_60_85\P22_009737_2598_XN_79N102W_B02_010370_2599_XN_79N100W,output_-110_-100_60_85,79.469,79.9891,230.9938,0.0
P22_009737_2598_XN_79N102W_B03_010660_2601_XN_80N103W,G:\crater_flux_output_folders\output_-110_-100_60_85\P22_009737_2598_XN_79N102W_B03_010660_2601_XN_80N103W,output_-110_-100_60_85,79.661,80.167,640.4243,0.0
P22_009837_2840_XN_76N104W_B01_009903_2842_XI_75N106W,G:\crater_flux_output_folders\output_-110_-100_60_85\P22_009837_2840_XN_76N104W_B01_009903_2842_XI_75N106W,output_-110_-100_60_85,73.6278,78.1804,1779.1201,371.2378
P22_009837_2840_XN_76N104W_B01_010133_2546_XN_74N104W,G:\crater_flux_output_folders\output_-110_-100_60_85\P22_009837_2840_XN_76N104W_B01_010133_2546_XN_74N104W,output_-110_-100_60_85,73.967,75.436,1378.2432,780.9914
P22_009837_2840_XN_76N104W_B17_016436_2576_XN_77N105W,G:\crater_flux_output_folders\output_-110_-100_60_85\P22_009837_2840_XN_76N104W_B17_016436_2576_XN_77N105W,output_-110_-100_60_85,77.1677,77.3322,18.1911,0.0
P22_009837_2840_XN_76N104W_B21_017715_2578_XN_77N103W,G:\crater_flux_output_folders\output_-110_-100_60_85\P22_009837_2840_XN_76N104W_B21_017715_2578_XN_77N103W,output_-110_-100_60_85,77.275,78.084,1063.3084,0.0
P22_009837_2840_XN_76N104W_B21_017649_2556_XN_75N100W,G:\crater_flux_output_folders\output_-110_-100_60_85\P22_009837_2840_XN_76N104W_B21_017649_2556_XN_75N100W,output_-110_-100_60_85,76.4601,76.6678,0.1155,0.0
P22_009837_2840_XN_76N104W_B22_018137_2555_XN_75N103W,G:\crater_flux_output_folders\output_-110_-100_60_85\P22_009837_2840_XN_76N104W_B22_018137_2555_XN_75N103W,output_-110_-100_60_85,74.7161,76.325,1513.3279,58.6715
P22_009837_2840_XN_76N104W_D02_028172_2567_XN_76N106W,G:\crater_flux_output_folders\output_-110_-100_60_85\P22_009837_2840_XN_76N104W_D02_028172_2567_XN_76N106W,output_-110_-100_60_85,76.267,76.529,42.9372,0.0
P22_009837_2840_XN_76N104W_D01_027578_2579_XN_77N103W,G:\crater_flux_output_folders\output_-110_-100_60_85\P22_009837_2840_XN_76N104W_D01_027578_2579_XN_77N103W,output_-110_-100_60_85,76.962,78.306,1683.2779,0.0
P22_009837_2840_XN_76N104W_G23_027341_2579_XN_77N103W,G:\crater_flux_output_folders\output_-110_-100_60_85\P22_009837_2840_XN_76N104W_G23_027341_2579_XN_77N103W,output_-110_-100_60_85,77.073,78.306,1562.3953,0.0
P22_009837_2840_XN_76N104W_F22_044233_2563_XN_76N103W,G:\crater_flux_output_folders\output_-110_-100_60_85\P22_009837_2840_XN_76N104W_F22_044233_2563_XN_76N103W,output_-110_-100_60_85,75.618,76.811,809.5995,0.0
P22_009837_2840_XN_76N104W_J03_046053_2566_XN_76N106W,G:\crater_flux_output_folders\output_-110_-100_60_85\P22_009837_2840_XN_76N104W_J03_046053_2566_XN_76N106W,output_-110_-100_60_85,75.1984,76.4792,1099.2517,0.0
P22_009837_2840_XN_76N104W_J03_045855_2562_XN_76N105W,G:\crater_flux_output_folders\output_-110_-100_60_85\P22_009837_2840_XN_76N104W_J03_045855_2562_XN_76N105W,output_-110_-100_60_85,74.328,76.4285,1905.0589,434.2688
B01_009877_2793_XN_80N110W_B19_016871_2609_XN_80N111W,G:\crater_flux_output_folders\output_-115_-110_50_85\B01_009877_2793_XN_80N110W_B19_016871_2609_XN_80N111W,output_-110_-100_60_85,80.5524,80.9016,650.2759,0.0
B01_009877_2793_XN_80N110W_B21_017847_2609_XN_80N111W,G:\crater_flux_output_folders\output_-115_-110_50_85\B01_009877_2793_XN_80N110W_B21_017847_2609_XN_80N111W,output_-110_-100_60_85,80.5385,80.8386,645.0806,0.0
B01_009877_2793_XN_80N110W_G01_018448_2798_XN_80N111W,G:\crater_flux_output_folders\output_-115_-110_50_85\B01_009877_2793_XN_80N110W_G01_018448_2798_XN_80N111W,output_-110_-100_60_85,80.197,80.4936,358.5747,0.0
B01_009877_2793_XN_80N110W_G16_024374_2631_XN_83N111W,G:\crater_flux_output_folders\output_-110_-100_60_85\B01_009877_2793_XN_80N110W_G16_024374_2631_XN_83N111W,output_-110_-100_60_85,80.7503,80.9199,34.2428,0.0
B01_009877_2793_XN_80N110W_G17_024730_2617_XN_81N110W,G:\crater_flux_output_folders\output_-110_-100_60_85\B01_009877_2793_XN_80N110W_G17_024730_2617_XN_81N110W,output_-110_-100_60_85,80.3512,80.9557,326.3325,0.0
B01_009877_2793_XN_80N110W_G18_025363_2615_XN_81N112W,G:\crater_flux_output_folders\output_-110_-100_60_85\B01_009877_2793_XN_80N110W_G18_025363_2615_XN_81N112W,output_-110_-100_60_85,80.197,80.9557,337.2564,0.0
B01_009877_2793_XN_80N110W_D01_027494_2798_XN_80N111W,G:\crater_flux_output_folders\output_-115_-110_50_85\B01_009877_2793_XN_80N110W_D01_027494_2798_XN_80N111W,output_-110_-100_60_85,80.197,80.4888,364.9951,0.0
B01_009877_2793_XN_80N110W_D01_027407_2600_XN_80N110W,G:\crater_flux_output_folders\output_-110_-100_60_85\B01_009877_2793_XN_80N110W_D01_027407_2600_XN_80N110W,output_-110_-100_60_85,80.197,80.3074,16.1701,0.0
B01_009877_2793_XN_80N110W_D01_027697_2604_XN_80N110W,G:\crater_flux_output_folders\output_-110_-100_60_85\B01_009877_2793_XN_80N110W_D01_027697_2604_XN_80N110W,output_-110_-100_60_85,80.197,80.703,185.8693,0.0
B01_009903_2842_XI_75N106W_B01_010133_2546_XN_74N104W,G:\crater_flux_output_folders\output_-110_-100_60_85\B01_009903_2842_XI_75N106W_B01_010133_2546_XN_74N104W,output_-110_-100_60_85,74.961,75.362,25.3884,0.2685
B01_009903_2842_XI_75N106W_B17_016436_2576_XN_77N105W,G:\crater_flux_output_folders\output_-110_-100_60_85\B01_009903_2842_XI_75N106W_B17_016436_2576_XN_77N105W,output_-110_-100_60_85,77.0559,77.973,991.5079,0.0
B01_009903_2842_XI_75N106W_B19_016990_2575_XN_77N110W,G:\crater_flux_output_folders\output_-110_-100_60_85\B01_009903_2842_XI_75N106W_B19_016990_2575_XN_77N110W,output_-110_-100_60_85,75.608,75.7122,8.2006,0.0
B01_009903_2842_XI_75N106W_B21_017715_2578_XN_77N103W,G:\crater_flux_output_folders\output_-110_-100_60_85\B01_009903_2842_XI_75N106W_B21_017715_2578_XN_77N103W,output_-110_-100_60_85,77.275,78.0605,596.3064,0.0
B01_009903_2842_XI_75N106W_B21_017828_2831_XN_76N107W,G:\crater_flux_output_folders\output_-110_-100_60_85\B01_009903_2842_XI_75N106W_B21_017828_2831_XN_76N107W,output_-110_-100_60_85,75.25,78.276,1337.1185,0.0
B01_009903_2842_XI_75N106W_B22_018137_2555_XN_75N103W,G:\crater_flux_output_folders\output_-110_-100_60_85\B01_009903_2842_XI_75N106W_B22_018137_2555_XN_75N103W,output_-110_-100_60_85,75.6798,76.2671,102.2358,0.0
B01_009903_2842_XI_75N106W_D02_028172_2567_XN_76N106W,G:\crater_flux_output_folders\output_-110_-100_60_85\B01_009903_2842_XI_75N106W_D02_028172_2567_XN_76N106W,output_-110_-100_60_85,76.184,76.982,1061.2268,0.0
B01_009903_2842_XI_75N106W_D01_027578_2579_XN_77N103W,G:\crater_flux_output_folders\output_-110_-100_60_85\B01_009903_2842_XI_75N106W_D01_027578_2579_XN_77N103W,output_-110_-100_60_85,77.1732,78.276,1092.306,0.0
B01_009903_2842_XI_75N106W_G23_027341_2579_XN_77N103W,G:\crater_flux_output_folders\output_-110_-100_60_85\B01_009903_2842_XI_75N106W_G23_027341_2579_XN_77N103W,output_-110_-100_60_85,77.073,78.2714,954.895,0.0
B01_009903_2842_XI_75N106W_F22_044457_2580_XN_78N108W,G:\crater_flux_output_folders\output_-110_-100_60_85\B01_009903_2842_XI_75N106W_F22_044457_2580_XN_78N108W,output_-110_-100_60_85,77.25,77.38,14.39,0.0
B01_009903_2842_XI_75N106W_J03_046053_2566_XN_76N106W,G:\crater_flux_output_folders\output_-110_-100_60_85\B01_009903_2842_XI_75N106W_J03_046053_2566_XN_76N106W,output_-110_-100_60_85,75.194,77.6786,2334.043,0.0
B01_009903_2842_XI_75N106W_J02_045697_2566_XN_76N106W,G:\crater_flux_output_folders\output_-110_-100_60_85\B01_009903_2842_XI_75N106W_J02_045697_2566_XN_76N106W,output_-110_-100_60_85,76.0897,76.2483,17.0426,0.0
B01_009903_2842_XI_75N106W_J03_045855_2562_XN_76N105W,G:\crater_flux_output_folders\output_-110_-100_60_85\B01_009903_2842_XI_75N106W_J03_045855_2562_XN_76N105W,output_-110_-100_60_85,75.1139,77.3774,1983.4934,0.0
B01_010014_2644_XN_84N107W_B01_010198_2644_XI_84N107W,G:\crater_flux_output_folders\output_-115_-110_50_85\B01_010014_2644_XN_84N107W_B01_010198_2644_XI_84N107W,output_-110_-100_60_85,83.88,84.9221,113.6153,0.0
B01_010014_2644_XN_84N107W_B19_017108_2639_XN_83N107W,G:\crater_flux_output_folders\output_-110_-100_60_85\B01_010014_2644_XN_84N107W_B19_017108_2639_XN_83N107W,output_-110_-100_60_85,83.838,84.081,117.1634,0.0
B01_010014_2644_XN_84N107W_G15_024215_2636_XI_83N095W,G:\crater_flux_output_folders\output_-110_-100_60_85\B01_010014_2644_XN_84N107W_G15_024215_2636_XI_83N095W,output_-110_-100_60_85,83.9671,84.981,750.5701,0.0
B01_010014_2644_XN_84N107W_G17_024703_2633_XN_83N098W,G:\crater_flux_output_folders\output_-115_-110_50_85\B01_010014_2644_XN_84N107W_G17_024703_2633_XN_83N098W,output_-110_-100_60_85,83.8715,84.981,44.647,0.0
B01_010014_2644_XN_84N107W_G16_024479_2634_XN_83N102W,G:\crater_flux_output_folders\output_-110_-100_60_85\B01_010014_2644_XN_84N107W_G16_024479_2634_XN_83N102W,output_-110_-100_60_85,83.838,84.8414,559.0063,0.0
B01_010014_2644_XN_84N107W_G18_025336_2665_XI_86N129W,G:\crater_flux_output_folders\output_-115_-110_50_85\B01_010014_2644_XN_84N107W_G18_025336_2665_XI_86N129W,output_-110_-100_60_85,84.812,84.8785,8.7188,0.0
B01_010014_2644_XN_84N107W_G19_025481_2664_XI_86N118W,G:\crater_flux_output_folders\output_-110_-100_60_85\B01_010014_2644_XN_84N107W_G19_025481_2664_XI_86N118W,output_-110_-100_60_85,84.89,84.981,18.3462,0.0
B01_010014_2644_XN_84N107W_G20_025877_2652_XI_85N117W,G:\crater_flux_output_folders\output_-110_-100_60_85\B01_010014_2644_XN_84N107W_G20_025877_2652_XI_85N117W,output_-110_-100_60_85,83.9968,84.3868,59.4026,0.0
B01_010014_2644_XN_84N107W_G22_026813_2633_XN_83N103W,G:\crater_flux_output_folders\output_-110_-100_60_85\B01_010014_2644_XN_84N107W_G22_026813_2633_XN_83N103W,output_-110_-100_60_85,83.838,84.152,224.7951,0.0
B01_010014_2644_XN_84N107W_D15_032905_2644_XN_84N107W,G:\crater_flux_output_folders\output_-110_-100_60_85\B01_010014_2644_XN_84N107W_D15_032905_2644_XN_84N107W,output_-110_-100_60_85,83.98,84.86,1219.1915,0.0
B01_010014_2644_XN_84N107W_D19_034672_2644_XN_84N107W,G:\crater_flux_output_folders\output_-115_-110_50_85\B01_010014_2644_XN_84N107W_D19_034672_2644_XN_84N107W,output_-110_-100_60_85,83.98,84.86,44.9288,0.0
B01_010014_2644_XN_84N107W_D20_035173_2644_XN_84N107W,G:\crater_flux_output_folders\output_-115_-110_50_85\B01_010014_2644_XN_84N107W_D20_035173_2644_XN_84N107W,output_-110_-100_60_85,83.929,84.82,26.6591,0.0
B01_010014_2644_XN_84N107W_D21_035529_2646_XN_84N109W,G:\crater_flux_output_folders\output_-110_-100_60_85\B01_010014_2644_XN_84N107W_D21_035529_2646_XN_84N109W,output_-110_-100_60_85,84.1782,84.8827,609.77,0.0
B01_010014_2644_XN_84N107W_F01_036373_2652_XN_85N113W,G:\crater_flux_output_folders\output_-110_-100_60_85\B01_010014_2644_XN_84N107W_F01_036373_2652_XN_85N113W,output_-110_-100_60_85,84.7458,84.9253,48.2136,0.0
B01_010014_2644_XN_84N107W_F01_036004_2644_XN_84N106W,G:\crater_flux_output_folders\output_-110_-100_60_85\B01_010014_2644_XN_84N107W_F01_036004_2644_XN_84N106W,output_-110_-100_60_85,83.909,84.7417,1177.1869,0.0
B01_010014_2644_XN_84N107W_D22_035951_2644_XN_84N107W,G:\crater_flux_output_folders\output_-115_-110_50_85\B01_010014_2644_XN_84N107W_D22_035951_2644_XN_84N107W,output_-110_-100_60_85,83.929,84.809,26.062,0.0
B01_010014_2644_XN_84N107W_F01_036043_2644_XN_84N105W,G:\crater_flux_output_folders\output_-115_-110_50_85\B01_010014_2644_XN_84N107W_F01_036043_2644_XN_84N105W,output_-110_-100_60_85,83.9026,84.789,2.1786,0.0
B01_010014_2644_XN_84N107W_D22_035595_2645_XN_84N108W,G:\crater_flux_output_folders\output_-110_-100_60_85\B01_010014_2644_XN_84N107W_D22_035595_2645_XN_84N108W,output_-110_-100_60_85,84.0587,84.917,976.8281,0.0
B01_010014_2644_XN_84N107W_F01_036294_2649_XN_84N112W,G:\crater_flux_output_folders\output_-115_-110_50_85\B01_010014_2644_XN_84N107W_F01_036294_2649_XN_84N112W,output_-110_-100_60_85,84.3384,84.8758,124.2434,0.0
B01_010014_2644_XN_84N107W_F04_037296_2641_XN_84N101W,G:\crater_flux_output_folders\output_-110_-100_60_85\B01_010014_2644_XN_84N107W_F04_037296_2641_XN_84N101W,output_-110_-100_60_85,83.9746,84.3589,190.1573,0.0
B01_010014_2644_XN_84N107W_F03_037085_2645_XN_84N107W,G:\crater_flux_output_folders\output_-110_-100_60_85\B01_010014_2644_XN_84N107W_F03_037085_2645_XN_84N107W,output_-110_-100_60_85,83.8631,84.9364,1606.628,0.0
B01_010014_2644_XN_84N107W_F04_037322_2641_XN_84N101W,G:\crater_flux_output_folders\output_-110_-100_60_85\B01_010014_2644_XN_84N107W_F04_037322_2641_XN_84N101W,output_-110_-100_60_85,83.9733,84.3454,202.3007,0.0
B01_010014_2644_XN_84N107W_F21_044193_2644_XN_84N107W,G:\crater_flux_output_folders\output_-115_-110_50_85\B01_010014_2644_XN_84N107W_F21_044193_2644_XN_84N107W,output_-110_-100_60_85,83.929,84.809,28.8903,0.0
B01_010014_2644_XN_84N107W_F23_044861_2756_XN_84N107W,G:\crater_flux_output_folders\output_-110_-100_60_85\B01_010014_2644_XN_84N107W_F23_044861_2756_XN_84N107W,output_-110_-100_60_85,83.95,84.83,1110.797,0.0
B01_010014_2644_XN_84N107W_J02_045604_2644_XN_84N107W,G:\crater_flux_output_folders\output_-115_-110_50_85\B01_010014_2644_XN_84N107W_J02_045604_2644_XN_84N107W,output_-110_-100_60_85,83.889,84.9471,93.8807,0.0
B01_010014_2644_XN_84N107W_J03_046105_2645_XN_84N107W,G:\crater_flux_output_folders\output_-115_-110_50_85\B01_010014_2644_XN_84N107W_J03_046105_2645_XN_84N107W,output_-110_-100_60_85,83.8591,84.9342,124.2434,0.0
B01_010027_2637_XN_83N111W_G16_024479_2634_XN_83N102W,G:\crater_flux_output_folders\output_-110_-100_60_85\B01_010027_2637_XN_83N111W_G16_024479_2634_XN_83N102W,output_-110_-100_60_85,83.5391,83.8861,86.2693,0.0
B01_010027_2637_XN_83N111W_G15_024242_2631_XI_83N107W,G:\crater_flux_output_folders\output_-115_-110_50_85\B01_010027_2637_XN_83N111W_G15_024242_2631_XI_83N107W,output_-110_-100_60_85,83.5391,83.8861,686.6383,0.0
B01_010027_2637_XN_83N111W_G17_024901_2629_XI_82N104W,G:\crater_flux_output_folders\output_-115_-110_50_85\B01_010027_2637_XN_83N111W_G17_024901_2629_XI_82N104W,output_-110_-100_60_85,83.5391,83.8861,500.4429,0.0
B01_010040_2639_XN_83N096W_G15_024215_2636_XI_83N095W,G:\crater_flux_output_folders\output_-110_-100_60_85\B01_010040_2639_XN_83N096W_G15_024215_2636_XI_83N095W,output_-110_-100_60_85,84.1531,84.2458,2.8506,0.0
B01_010040_2639_XN_83N096W_F04_037296_2641_XN_84N101W,G:\crater_flux_output_folders\output_-110_-100_60_85\B01_010040_2639_XN_83N096W_F04_037296_2641_XN_84N101W,output_-110_-100_60_85,84.1531,84.2458,2.8506,0.0
B01_010040_2639_XN_83N096W_F04_037322_2641_XN_84N101W,G:\crater_flux_output_folders\output_-110_-100_60_85\B01_010040_2639_XN_83N096W_F04_037322_2641_XN_84N101W,output_-110_-100_60_85,84.1531,84.2458,2.8506,0.0
B01_010093_2598_XN_79N101W_B02_010370_2599_XN_79N100W,G:\crater_flux_output_folders\output_-110_-100_60_85\B01_010093_2598_XN_79N101W_B02_010370_2599_XN_79N100W,output_-110_-100_60_85,79.469,80.0446,573.2777,0.0
B01_010093_2598_XN_79N101W_B03_010660_2601_XN_80N103W,G:\crater_flux_output_folders\output_-110_-100_60_85\B01_010093_2598_XN_79N101W_B03_010660_2601_XN_80N103W,output_-110_-100_60_85,79.7209,80.1257,390.6859,0.0
B01_010093_2598_XN_79N101W_D01_027433_2597_XN_79N099W,G:\crater_flux_output_folders\output_-110_-100_60_85\B01_010093_2598_XN_79N101W_D01_027433_2597_XN_79N099W,output_-110_-100_60_85,79.4544,79.9564,229.445,0.0
B01_010093_2598_XN_79N101W_D01_027446_2602_XN_80N099W,G:\crater_flux_output_folders\output_-110_-100_60_85\B01_010093_2598_XN_79N101W_D01_027446_2602_XN_80N099W,output_-110_-100_60_85,79.681,80.187,239.2656,0.0
B01_010127_2842_XN_75N102W_B02_010272_2850_XN_75N101W,G:\crater_flux_output_folders\output_-110_-100_60_85\B01_010127_2842_XN_75N102W_B02_010272_2850_XN_75N101W,output_-110_-100_60_85,74.4852,75.325,493.4341,299.1942
B01_010127_2842_XN_75N102W_B21_017649_2556_XN_75N100W,G:\crater_flux_output_folders\output_-110_-100_60_85\B01_010127_2842_XN_75N102W_B21_017649_2556_XN_75N100W,output_-110_-100_60_85,75.0345,76.76,1665.7724,0.0
B01_010127_2842_XN_75N102W_B22_018137_2555_XN_75N103W,G:\crater_flux_output_folders\output_-110_-100_60_85\B01_010127_2842_XN_75N102W_B22_018137_2555_XN_75N103W,output_-110_-100_60_85,74.434,75.6206,981.1728,691.4249
B01_010127_2842_XN_75N102W_G01_018717_2565_XN_76N100W,G:\crater_flux_output_folders\output_-110_-100_60_85\B01_010127_2842_XN_75N102W_G01_018717_2565_XN_76N100W,output_-110_-100_60_85,76.0916,77.356,750.4683,0.0
B01_010127_2842_XN_75N102W_G01_018506_2567_XN_76N099W,G:\crater_flux_output_folders\output_-110_-100_60_85\B01_010127_2842_XN_75N102W_G01_018506_2567_XN_76N099W,output_-110_-100_60_85,76.3581,77.6707,673.2806,0.0
B01_010127_2842_XN_75N102W_D01_027578_2579_XN_77N103W,G:\crater_flux_output_folders\output_-110_-100_60_85\B01_010127_2842_XN_75N102W_D01_027578_2579_XN_77N103W,output_-110_-100_60_85,77.0977,77.4913,131.4256,0.0
B01_010127_2842_XN_75N102W_G23_027341_2579_XN_77N103W,G:\crater_flux_output_folders\output_-110_-100_60_85\B01_010127_2842_XN_75N102W_G23_027341_2579_XN_77N103W,output_-110_-100_60_85,77.1805,77.2254,1.2925,0.0
B01_010127_2842_XN_75N102W_F22_044233_2563_XN_76N103W,G:\crater_flux_output_folders\output_-110_-100_60_85\B01_010127_2842_XN_75N102W_F22_044233_2563_XN_76N103W,output_-110_-100_60_85,75.6472,76.5088,495.4812,0.0
B01_010127_2842_XN_75N102W_J03_045855_2562_XN_76N105W,G:\crater_flux_output_folders\output_-110_-100_60_85\B01_010127_2842_XN_75N102W_J03_045855_2562_XN_76N105W,output_-110_-100_60_85,73.921,75.0539,1107.8161,1105.0696
B01_010127_2842_XN_75N102W_J19_052171_2539_XI_73N100W,G:\crater_flux_output_folders\output_-110_-100_60_85\B01_010127_2842_XN_75N102W_J19_052171_2539_XI_73N100W,output_-110_-100_60_85,74.0826,75.7494,1628.9562,601.2252
B01_010133_2546_XN_74N104W_B22_018137_2555_XN_75N103W,G:\crater_flux_output_folders\output_-110_-100_60_85\B01_010133_2546_XN_74N104W_B22_018137_2555_XN_75N103W,output_-110_-100_60_85,74.426,75.436,678.1693,371.8279
B01_010133_2546_XN_74N104W_J03_046053_2566_XN_76N106W,G:\crater_flux_output_folders\output_-110_-100_60_85\B01_010133_2546_XN_74N104W_J03_046053_2566_XN_76N106W,output_-110_-100_60_85,75.1964,75.4338,266.8615,0.0
B01_010133_2546_XN_74N104W_J03_045855_2562_XN_76N105W,G:\crater_flux_output_folders\output_-110_-100_60_85\B01_010133_2546_XN_74N104W_J03_045855_2562_XN_76N105W,output_-110_-100_60_85,73.921,75.436,2139.0827,1468.586
B01_010198_2644_XI_84N107W_B19_017108_2639_XN_83N107W,G:\crater_flux_output_folders\output_-110_-100_60_85\B01_010198_2644_XI_84N107W_B19_017108_2639_XN_83N107W,output_-110_-100_60_85,83.767,84.081,72.165,0.0
B01_010198_2644_XI_84N107W_G15_024215_2636_XI_83N095W,G:\crater_flux_output_folders\output_-110_-100_60_85\B01_010198_2644_XI_84N107W_G15_024215_2636_XI_83N095W,output_-110_-100_60_85,83.898,84.992,812.7032,0.0
B01_010198_2644_XI_84N107W_G17_024703_2633_XN_83N098W,G:\crater_flux_output_folders\output_-110_-100_60_85\B01_010198_2644_XI_84N107W_G17_024703_2633_XN_83N098W,output_-110_-100_60_85,83.767,84.992,1743.6637,0.0
B01_010198_2644_XI_84N107W_G16_024479_2634_XN_83N102W,G:\crater_flux_output_folders\output_-115_-110_50_85\B01_010198_2644_XI_84N107W_G16_024479_2634_XN_83N102W,output_-110_-100_60_85,83.767,84.8614,233.6008,0.0
B01_010198_2644_XI_84N107W_G17_024901_2629_XI_82N104W,G:\crater_flux_output_folders\output_-115_-110_50_85\B01_010198_2644_XI_84N107W_G17_024901_2629_XI_82N104W,output_-110_-100_60_85,84.2633,84.3256,105.6919,0.0
B01_010198_2644_XI_84N107W_G18_025336_2665_XI_86N129W,G:\crater_flux_output_folders\output_-115_-110_50_85\B01_010198_2644_XI_84N107W_G18_025336_2665_XI_86N129W,output_-110_-100_60_85,84.812,84.992,7.1709,0.0
B01_010198_2644_XI_84N107W_G19_025481_2664_XI_86N118W,G:\crater_flux_output_folders\output_-110_-100_60_85\B01_010198_2644_XI_84N107W_G19_025481_2664_XI_86N118W,output_-110_-100_60_85,84.9042,84.992,7.2458,0.0
B01_010198_2644_XI_84N107W_G20_025877_2652_XI_85N117W,G:\crater_flux_output_folders\output_-115_-110_50_85\B01_010198_2644_XI_84N107W_G20_025877_2652_XI_85N117W,output_-110_-100_60_85,84.0273,84.3868,74.16,0.0
B01_010198_2644_XI_84N107W_G22_026813_2633_XN_83N103W,G:\crater_flux_output_folders\output_-110_-100_60_85\B01_010198_2644_XI_84N107W_G22_026813_2633_XN_83N103W,output_-110_-100_60_85,83.767,84.152,265.8774,0.0
B01_010198_2644_XI_84N107W_D15_032905_2644_XN_84N107W,G:\crater_flux_output_folders\output_-115_-110_50_85\B01_010198_2644_XI_84N107W_D15_032905_2644_XN_84N107W,output_-110_-100_60_85,83.9887,84.8366,87.8683,0.0
B01_010198_2644_XI_84N107W_D19_034672_2644_XN_84N107W,G:\crater_flux_output_folders\output_-115_-110_50_85\B01_010198_2644_XI_84N107W_D19_034672_2644_XN_84N107W,output_-110_-100_60_85,83.9943,84.8286,80.7474,0.0
B01_010198_2644_XI_84N107W_D20_035173_2644_XN_84N107W,G:\crater_flux_output_folders\output_-115_-110_50_85\B01_010198_2644_XI_84N107W_D20_035173_2644_XN_84N107W,output_-110_-100_60_85,83.947,84.7936,55.8896,0.0
B01_010198_2644_XI_84N107W_D21_035529_2646_XN_84N109W,G:\crater_flux_output_folders\output_-110_-100_60_85\B01_010198_2644_XI_84N107W_D21_035529_2646_XN_84N109W,output_-110_-100_60_85,84.1864,84.9289,629.3402,0.0
B01_010198_2644_XI_84N107W_F01_036373_2652_XN_85N113W,G:\crater_flux_output_folders\output_-115_-110_50_85\B01_010198_2644_XI_84N107W_F01_036373_2652_XN_85N113W,output_-110_-100_60_85,84.7458,84.992,62.3122,0.0
B01_010198_2644_XI_84N107W_F01_036004_2644_XN_84N106W,G:\crater_flux_output_folders\output_-110_-100_60_85\B01_010198_2644_XI_84N107W_F01_036004_2644_XN_84N106W,output_-110_-100_60_85,83.917,84.7112,1219.4059,0.0
B01_010198_2644_XI_84N107W_D22_035951_2644_XN_84N107W,G:\crater_flux_output_folders\output_-115_-110_50_85\B01_010198_2644_XI_84N107W_D22_035951_2644_XN_84N107W,output_-110_-100_60_85,83.9455,84.7865,54.1247,0.0
B01_010198_2644_XI_84N107W_F01_036043_2644_XN_84N105W,G:\crater_flux_output_folders\output_-110_-100_60_85\B01_010198_2644_XI_84N107W_F01_036043_2644_XN_84N105W,output_-110_-100_60_85,83.889,84.7456,1213.1789,0.0
B01_010198_2644_XI_84N107W_D22_035595_2645_XN_84N108W,G:\crater_flux_output_folders\output_-110_-100_60_85\B01_010198_2644_XI_84N107W_D22_035595_2645_XN_84N108W,output_-110_-100_60_85,84.0838,84.931,965.9491,0.0
B01_010198_2644_XI_84N107W_F01_036294_2649_XN_84N112W,G:\crater_flux_output_folders\output_-115_-110_50_85\B01_010198_2644_XI_84N107W_F01_036294_2649_XN_84N112W,output_-110_-100_60_85,84.3378,84.9176,233.5532,0.0
B01_010198_2644_XI_84N107W_F04_037296_2641_XN_84N101W,G:\crater_flux_output_folders\output_-110_-100_60_85\B01_010198_2644_XI_84N107W_F04_037296_2641_XN_84N101W,output_-110_-100_60_85,83.9103,84.3773,347.4403,0.0
B01_010198_2644_XI_84N107W_F03_037085_2645_XN_84N107W,G:\crater_flux_output_folders\output_-110_-100_60_85\B01_010198_2644_XI_84N107W_F03_037085_2645_XN_84N107W,output_-110_-100_60_85,83.8623,84.992,1605.5482,0.0
B01_010198_2644_XI_84N107W_F04_037322_2641_XN_84N101W,G:\crater_flux_output_folders\output_-110_-100_60_85\B01_010198_2644_XI_84N107W_F04_037322_2641_XN_84N101W,output_-110_-100_60_85,83.915,84.372,357.7332,0.0
B01_010198_2644_XI_84N107W_F21_044193_2644_XN_84N107W,G:\crater_flux_output_folders\output_-115_-110_50_85\B01_010198_2644_XI_84N107W_F21_044193_2644_XN_84N107W,output_-110_-100_60_85,83.9534,84.7785,50.1265,0.0
B01_010198_2644_XI_84N107W_F23_044861_2756_XN_84N107W,G:\crater_flux_output_folders\output_-110_-100_60_85\B01_010198_2644_XI_84N107W_F23_044861_2756_XN_84N107W,output_-110_-100_60_85,83.95,84.83,1056.2849,0.0
B01_010198_2644_XI_84N107W_J02_045604_2644_XN_84N107W,G:\crater_flux_output_folders\output_-115_-110_50_85\B01_010198_2644_XI_84N107W_J02_045604_2644_XN_84N107W,output_-110_-100_60_85,83.9122,84.9182,165.8355,0.0
B01_010198_2644_XI_84N107W_J03_046105_2645_XN_84N107W,G:\crater_flux_output_folders\output_-115_-110_50_85\B01_010198_2644_XI_84N107W_J03_046105_2645_XN_84N107W,output_-110_-100_60_85,83.7732,84.992,218.7041,0.0
B02_010272_2850_XN_75N101W_B21_017649_2556_XN_75N100W,G:\crater_flux_output_folders\output_-110_-100_60_85\B02_010272_2850_XN_75N101W_B21_017649_2556_XN_75N100W,output_-110_-100_60_85,74.426,75.2971,603.1849,299.7329
B02_010272_2850_XN_75N101W_J02_045499_2547_XN_74N100W,G:\crater_flux_output_folders\output_-110_-100_60_85\B02_010272_2850_XN_75N101W_J02_045499_2547_XN_74N100W,output_-110_-100_60_85,74.426,75.1015,354.9929,285.7353
B02_010272_2850_XN_75N101W_J19_052171_2539_XI_73N100W,G:\crater_flux_output_folders\output_-110_-100_60_85\B02_010272_2850_XN_75N101W_J19_052171_2539_XI_73N100W,output_-110_-100_60_85,74.426,75.325,1248.3653,905.1198
B02_010370_2599_XN_79N100W_B03_010660_2601_XN_80N103W,G:\crater_flux_output_folders\output_-110_-100_60_85\B02_010370_2599_XN_79N100W_B03_010660_2601_XN_80N103W,output_-110_-100_60_85,79.798,79.9959,84.7102,0.0
B02_010370_2599_XN_79N100W_D01_027433_2597_XN_79N099W,G:\crater_flux_output_folders\output_-110_-100_60_85\B02_010370_2599_XN_79N100W_D01_027433_2597_XN_79N099W,output_-110_-100_60_85,79.5187,79.9769,239.8487,0.0
B02_010370_2599_XN_79N100W_D01_027446_2602_XN_80N099W,G:\crater_flux_output_folders\output_-110_-100_60_85\B02_010370_2599_XN_79N100W_D01_027446_2602_XN_80N099W,output_-110_-100_60_85,79.681,80.0736,224.3996,0.0
B17_016436_2576_XN_77N105W_B21_017828_2831_XN_76N107W,G:\crater_flux_output_folders\output_-110_-100_60_85\B17_016436_2576_XN_77N105W_B21_017828_2831_XN_76N107W,output_-110_-100_60_85,77.053,77.973,1129.0463,0.0
B17_016436_2576_XN_77N105W_D01_027578_2579_XN_77N103W,G:\crater_flux_output_folders\output_-110_-100_60_85\B17_016436_2576_XN_77N105W_D01_027578_2579_XN_77N103W,output_-110_-100_60_85,77.4742,77.973,91.8202,0.0
B17_016436_2576_XN_77N105W_G23_027341_2579_XN_77N103W,G:\crater_flux_output_folders\output_-110_-100_60_85\B17_016436_2576_XN_77N105W_G23_027341_2579_XN_77N103W,output_-110_-100_60_85,77.429,77.973,11.7675,0.0
B17_016436_2576_XN_77N105W_F22_044299_2580_XN_78N108W,G:\crater_flux_output_folders\output_-110_-100_60_85\B17_016436_2576_XN_77N105W_F22_044299_2580_XN_78N108W,output_-110_-100_60_85,77.2129,77.8424,6.381,0.0
B17_016436_2576_XN_77N105W_F22_044457_2580_XN_78N108W,G:\crater_flux_output_folders\output_-110_-100_60_85\B17_016436_2576_XN_77N105W_F22_044457_2580_XN_78N108W,output_-110_-100_60_85,77.2159,77.8617,277.9539,0.0
B17_016436_2576_XN_77N105W_J01_045011_2582_XN_78N108W,G:\crater_flux_output_folders\output_-110_-100_60_85\B17_016436_2576_XN_77N105W_J01_045011_2582_XN_78N108W,output_-110_-100_60_85,77.7059,77.8555,30.3489,0.0
B17_016436_2576_XN_77N105W_J03_046053_2566_XN_76N106W,G:\crater_flux_output_folders\output_-110_-100_60_85\B17_016436_2576_XN_77N105W_J03_046053_2566_XN_76N106W,output_-110_-100_60_85,77.053,77.882,721.5807,0.0
B17_016436_2576_XN_77N105W_J03_045855_2562_XN_76N105W,G:\crater_flux_output_folders\output_-110_-100_60_85\B17_016436_2576_XN_77N105W_J03_045855_2562_XN_76N105W,output_-110_-100_60_85,77.053,77.878,427.0968,0.0
B16_015987_2631_XN_83N102W_G15_024215_2636_XI_83N095W,G:\crater_flux_output_folders\output_-110_-100_60_85\B16_015987_2631_XN_83N102W_G15_024215_2636_XI_83N095W,output_-110_-100_60_85,83.419,83.535,2.3898,0.0
B16_015987_2631_XN_83N102W_G17_024703_2633_XN_83N098W,G:\crater_flux_output_folders\output_-110_-100_60_85\B16_015987_2631_XN_83N102W_G17_024703_2633_XN_83N098W,output_-110_-100_60_85,82.5685,83.535,930.7592,0.0
B16_015987_2631_XN_83N102W_G16_024479_2634_XN_83N102W,G:\crater_flux_output_folders\output_-110_-100_60_85\B16_015987_2631_XN_83N102W_G16_024479_2634_XN_83N102W,output_-110_-100_60_85,82.473,83.4149,932.5581,0.0
B16_015987_2631_XN_83N102W_G18_025178_2615_XN_81N101W,G:\crater_flux_output_folders\output_-110_-100_60_85\B16_015987_2631_XN_83N102W_G18_025178_2615_XN_81N101W,output_-110_-100_60_85,82.473,82.887,162.9409,0.0
B16_015987_2631_XN_83N102W_G20_025903_2619_XI_81N095W,G:\crater_flux_output_folders\output_-110_-100_60_85\B16_015987_2631_XN_83N102W_G20_025903_2619_XI_81N095W,output_-110_-100_60_85,82.5826,83.1636,332.651,0.0
B16_015987_2631_XN_83N102W_G22_026813_2633_XN_83N103W,G:\crater_flux_output_folders\output_-110_-100_60_85\B16_015987_2631_XN_83N102W_G22_026813_2633_XN_83N103W,output_-110_-100_60_85,82.4806,83.5086,1470.5402,0.0
B16_015987_2631_XN_83N102W_F21_043903_2619_XN_81N102W,G:\crater_flux_output_folders\output_-110_-100_60_85\B16_015987_2631_XN_83N102W_F21_043903_2619_XN_81N102W,output_-110_-100_60_85,82.5428,83.3605,257.9876,0.0
B16_015987_2631_XN_83N102W_F23_044905_2634_XN_83N099W,G:\crater_flux_output_folders\output_-110_-100_60_85\B16_015987_2631_XN_83N102W_F23_044905_2634_XN_83N099W,output_-110_-100_60_85,82.958,83.535,106.7111,0.0
B18_016647_2596_XN_79N110W_B19_017135_2595_XN_79N110W,G:\crater_flux_output_folders\output_-115_-110_50_85\B18_016647_2596_XN_79N110W_B19_017135_2595_XN_79N110W,output_-110_-100_60_85,79.0815,79.8501,676.1026,0.0
B18_016647_2596_XN_79N110W_G01_018414_2598_XN_79N111W,G:\crater_flux_output_folders\output_-115_-110_50_85\B18_016647_2596_XN_79N110W_G01_018414_2598_XN_79N111W,output_-110_-100_60_85,79.588,79.7749,249.1713,0.0
B18_016647_2596_XN_79N110W_G16_024585_2595_XN_79N110W,G:\crater_flux_output_folders\output_-110_-100_60_85\B18_016647_2596_XN_79N110W_G16_024585_2595_XN_79N110W,output_-110_-100_60_85,79.0822,79.8506,626.0089,0.0
B18_016647_2596_XN_79N110W_D01_027407_2600_XN_80N110W,G:\crater_flux_output_folders\output_-115_-110_50_85\B18_016647_2596_XN_79N110W_D01_027407_2600_XN_80N110W,output_-110_-100_60_85,79.4375,79.853,240.0227,0.0
B18_016647_2596_XN_79N110W_D21_035266_2595_XN_79N110W,G:\crater_flux_output_folders\output_-115_-110_50_85\B18_016647_2596_XN_79N110W_D21_035266_2595_XN_79N110W,output_-110_-100_60_85,79.071,79.8415,685.0974,0.0
B18_016647_2596_XN_79N110W_F23_044866_2601_XN_80N112W,G:\crater_flux_output_folders\output_-115_-110_50_85\B18_016647_2596_XN_79N110W_F23_044866_2601_XN_80N112W,output_-110_-100_60_85,79.7689,79.8124,53.7646,0.0
B18_016647_2596_XN_79N110W_J16_051103_2596_XN_79N110W,G:\crater_flux_output_folders\output_-115_-110_50_85\B18_016647_2596_XN_79N110W_J16_051103_2596_XN_79N110W,output_-110_-100_60_85,79.0723,79.8508,689.6305,0.0
B19_017108_2639_XN_83N107W_G17_024703_2633_XN_83N098W,G:\crater_flux_output_folders\output_-110_-100_60_85\B19_017108_2639_XN_83N107W_G17_024703_2633_XN_83N098W,output_-110_-100_60_85,83.6719,84.081,137.1534,0.0
B19_017108_2639_XN_83N107W_G16_024479_2634_XN_83N102W,G:\crater_flux_output_folders\output_-110_-100_60_85\B19_017108_2639_XN_83N107W_G16_024479_2634_XN_83N102W,output_-110_-100_60_85,83.595,84.081,381.4008,0.0
B19_017108_2639_XN_83N107W_G17_024901_2629_XI_82N104W,G:\crater_flux_output_folders\output_-110_-100_60_85\B19_017108_2639_XN_83N107W_G17_024901_2629_XI_82N104W,output_-110_-100_60_85,83.5964,83.9729,27.5793,0.0
B19_017108_2639_XN_83N107W_G22_026813_2633_XN_83N103W,G:\crater_flux_output_folders\output_-110_-100_60_85\B19_017108_2639_XN_83N107W_G22_026813_2633_XN_83N103W,output_-110_-100_60_85,83.595,84.0479,348.9508,0.0
B19_017108_2639_XN_83N107W_D15_032905_2644_XN_84N107W,G:\crater_flux_output_folders\output_-110_-100_60_85\B19_017108_2639_XN_83N107W_D15_032905_2644_XN_84N107W,output_-110_-100_60_85,83.98,84.081,19.9474,0.0
B19_017108_2639_XN_83N107W_D19_034672_2644_XN_84N107W,G:\crater_flux_output_folders\output_-110_-100_60_85\B19_017108_2639_XN_83N107W_D19_034672_2644_XN_84N107W,output_-110_-100_60_85,83.98,84.081,19.3868,0.0
B19_017108_2639_XN_83N107W_D20_035173_2644_XN_84N107W,G:\crater_flux_output_folders\output_-110_-100_60_85\B19_017108_2639_XN_83N107W_D20_035173_2644_XN_84N107W,output_-110_-100_60_85,83.929,84.081,47.5999,0.0
B19_017108_2639_XN_83N107W_F01_036004_2644_XN_84N106W,G:\crater_flux_output_folders\output_-110_-100_60_85\B19_017108_2639_XN_83N107W_F01_036004_2644_XN_84N106W,output_-110_-100_60_85,83.909,84.081,51.8225,0.0
B19_017108_2639_XN_83N107W_D22_035951_2644_XN_84N107W,G:\crater_flux_output_folders\output_-110_-100_60_85\B19_017108_2639_XN_83N107W_D22_035951_2644_XN_84N107W,output_-110_-100_60_85,83.929,84.081,47.2539,0.0
B19_017108_2639_XN_83N107W_F01_036043_2644_XN_84N105W,G:\crater_flux_output_folders\output_-110_-100_60_85\B19_017108_2639_XN_83N107W_F01_036043_2644_XN_84N105W,output_-110_-100_60_85,83.8972,84.081,18.3393,0.0
B19_017108_2639_XN_83N107W_F03_037085_2645_XN_84N107W,G:\crater_flux_output_folders\output_-110_-100_60_85\B19_017108_2639_XN_83N107W_F03_037085_2645_XN_84N107W,output_-110_-100_60_85,83.838,84.081,97.3681,0.0
B19_017108_2639_XN_83N107W_F21_044193_2644_XN_84N107W,G:\crater_flux_output_folders\output_-110_-100_60_85\B19_017108_2639_XN_83N107W_F21_044193_2644_XN_84N107W,output_-110_-100_60_85,83.929,84.081,49.651,0.0
B19_017108_2639_XN_83N107W_F23_044861_2756_XN_84N107W,G:\crater_flux_output_folders\output_-110_-100_60_85\B19_017108_2639_XN_83N107W_F23_044861_2756_XN_84N107W,output_-110_-100_60_85,83.95,84.081,32.1132,0.0
B19_017108_2639_XN_83N107W_J02_045604_2644_XN_84N107W,G:\crater_flux_output_folders\output_-110_-100_60_85\B19_017108_2639_XN_83N107W_J02_045604_2644_XN_84N107W,output_-110_-100_60_85,83.889,84.081,70.6558,0.0
B19_017108_2639_XN_83N107W_J03_046105_2645_XN_84N107W,G:\crater_flux_output_folders\output_-110_-100_60_85\B19_017108_2639_XN_83N107W_J03_046105_2645_XN_84N107W,output_-110_-100_60_85,83.737,84.081,154.8663,0.0
B19_016871_2609_XN_80N111W_B21_017847_2609_XN_80N111W,G:\crater_flux_output_folders\output_-115_-110_50_85\B19_016871_2609_XN_80N111W_B21_017847_2609_XN_80N111W,output_-110_-100_60_85,80.5524,80.8386,1254.8448,0.0
B19_016871_2609_XN_80N111W_G17_024730_2617_XN_81N110W,G:\crater_flux_output_folders\output_-110_-100_60_85\B19_016871_2609_XN_80N111W_G17_024730_2617_XN_81N110W,output_-110_-100_60_85,80.5524,80.9016,68.121,0.0
B19_016871_2609_XN_80N111W_G18_025363_2615_XN_81N112W,G:\crater_flux_output_folders\output_-110_-100_60_85\B19_016871_2609_XN_80N111W_G18_025363_2615_XN_81N112W,output_-110_-100_60_85,80.5524,80.9016,68.121,0.0
B19_016871_2609_XN_80N111W_D01_027697_2604_XN_80N110W,G:\crater_flux_output_folders\output_-115_-110_50_85\B19_016871_2609_XN_80N111W_D01_027697_2604_XN_80N110W,output_-110_-100_60_85,80.5524,80.6873,133.3618,0.0
B19_017135_2595_XN_79N110W_G01_018414_2598_XN_79N111W,G:\crater_flux_output_folders\output_-110_-100_60_85\B19_017135_2595_XN_79N110W_G01_018414_2598_XN_79N111W,output_-110_-100_60_85,79.588,79.7749,15.596,0.0
B19_017135_2595_XN_79N110W_G16_024585_2595_XN_79N110W,G:\crater_flux_output_folders\output_-115_-110_50_85\B19_017135_2595_XN_79N110W_G16_024585_2595_XN_79N110W,output_-110_-100_60_85,79.0822,79.8483,690.4575,0.0
B19_017135_2595_XN_79N110W_D01_027407_2600_XN_80N110W,G:\crater_flux_output_folders\output_-115_-110_50_85\B19_017135_2595_XN_79N110W_D01_027407_2600_XN_80N110W,output_-110_-100_60_85,79.4375,79.853,256.3622,0.0
B19_017135_2595_XN_79N110W_D21_035266_2595_XN_79N110W,G:\crater_flux_output_folders\output_-115_-110_50_85\B19_017135_2595_XN_79N110W_D21_035266_2595_XN_79N110W,output_-110_-100_60_85,79.0815,79.843,698.3238,0.0
B19_017135_2595_XN_79N110W_F23_044866_2601_XN_80N112W,G:\crater_flux_output_folders\output_-115_-110_50_85\B19_017135_2595_XN_79N110W_F23_044866_2601_XN_80N112W,output_-110_-100_60_85,79.7689,79.8189,79.7763,0.0
B19_017135_2595_XN_79N110W_J16_051103_2596_XN_79N110W,G:\crater_flux_output_folders\output_-115_-110_50_85\B19_017135_2595_XN_79N110W_J16_051103_2596_XN_79N110W,output_-110_-100_60_85,79.0815,79.8484,701.6461,0.0
B19_016990_2575_XN_77N110W_B21_017894_2830_XN_77N109W,G:\crater_flux_output_folders\output_-110_-100_60_85\B19_016990_2575_XN_77N110W_B21_017894_2830_XN_77N109W,output_-110_-100_60_85,76.133,77.639,1296.1729,0.0
B19_016990_2575_XN_77N110W_B21_017828_2831_XN_76N107W,G:\crater_flux_output_folders\output_-110_-100_60_85\B19_016990_2575_XN_77N110W_B21_017828_2831_XN_76N107W,output_-110_-100_60_85,75.527,76.7254,1109.9942,0.0
B19_016990_2575_XN_77N110W_B22_018269_2587_XN_78N111W,G:\crater_flux_output_folders\output_-115_-110_50_85\B19_016990_2575_XN_77N110W_B22_018269_2587_XN_78N111W,output_-110_-100_60_85,77.4618,78.1536,2437.7006,0.0
B19_016990_2575_XN_77N110W_F22_044299_2580_XN_78N108W,G:\crater_flux_output_folders\output_-110_-100_60_85\B19_016990_2575_XN_77N110W_F22_044299_2580_XN_78N108W,output_-110_-100_60_85,77.073,78.1536,148.1169,0.0
B19_016990_2575_XN_77N110W_F22_044457_2580_XN_78N108W,G:\crater_flux_output_folders\output_-110_-100_60_85\B19_016990_2575_XN_77N110W_F22_044457_2580_XN_78N108W,output_-110_-100_60_85,77.4677,78.1536,94.1163,0.0
B19_016990_2575_XN_77N110W_F23_044853_2582_XN_78N109W,G:\crater_flux_output_folders\output_-110_-100_60_85\B19_016990_2575_XN_77N110W_F23_044853_2582_XN_78N109W,output_-110_-100_60_85,77.569,78.1536,105.1176,0.0
B19_016990_2575_XN_77N110W_J01_045011_2582_XN_78N108W,G:\crater_flux_output_folders\output_-110_-100_60_85\B19_016990_2575_XN_77N110W_J01_045011_2582_XN_78N108W,output_-110_-100_60_85,77.538,78.1536,78.996,0.0
B19_016990_2575_XN_77N110W_J02_045697_2566_XN_76N106W,G:\crater_flux_output_folders\output_-110_-100_60_85\B19_016990_2575_XN_77N110W_J02_045697_2566_XN_76N106W,output_-110_-100_60_85,75.992,76.9431,983.4352,0.0
B21_017715_2578_XN_77N103W_B21_017828_2831_XN_76N107W,G:\crater_flux_output_folders\output_-110_-100_60_85\B21_017715_2578_XN_77N103W_B21_017828_2831_XN_76N107W,output_-110_-100_60_85,77.8456,77.9867,13.388,0.0
B21_017715_2578_XN_77N103W_D01_027578_2579_XN_77N103W,G:\crater_flux_output_folders\output_-110_-100_60_85\B21_017715_2578_XN_77N103W_D01_027578_2579_XN_77N103W,output_-110_-100_60_85,77.2807,78.0796,1339.8069,0.0
B21_017715_2578_XN_77N103W_G23_027341_2579_XN_77N103W,G:\crater_flux_output_folders\output_-110_-100_60_85\B21_017715_2578_XN_77N103W_G23_027341_2579_XN_77N103W,output_-110_-100_60_85,77.275,78.0828,1329.6004,0.0
B21_017847_2609_XN_80N111W_G17_024730_2617_XN_81N110W,G:\crater_flux_output_folders\output_-110_-100_60_85\B21_017847_2609_XN_80N111W_G17_024730_2617_XN_81N110W,output_-110_-100_60_85,80.5399,80.8386,39.9353,0.0
B21_017847_2609_XN_80N111W_G18_025363_2615_XN_81N112W,G:\crater_flux_output_folders\output_-110_-100_60_85\B21_017847_2609_XN_80N111W_G18_025363_2615_XN_81N112W,output_-110_-100_60_85,80.5385,80.8386,40.0283,0.0
B21_017847_2609_XN_80N111W_D01_027697_2604_XN_80N110W,G:\crater_flux_output_folders\output_-115_-110_50_85\B21_017847_2609_XN_80N111W_D01_027697_2604_XN_80N110W,output_-110_-100_60_85,80.5385,80.6712,127.5745,0.0
B21_017794_2613_XN_81N105W_B22_018171_2787_XN_81N105W,G:\crater_flux_output_folders\output_-110_-100_60_85\B21_017794_2613_XN_81N105W_B22_018171_2787_XN_81N105W,output_-110_-100_60_85,80.8975,81.572,964.8119,0.0
B21_017794_2613_XN_81N105W_G16_024374_2631_XN_83N111W,G:\crater_flux_output_folders\output_-110_-100_60_85\B21_017794_2613_XN_81N105W_G16_024374_2631_XN_83N111W,output_-110_-100_60_85,80.834,81.4437,315.7126,0.0
B21_017794_2613_XN_81N105W_G15_024242_2631_XI_83N107W,G:\crater_flux_output_folders\output_-110_-100_60_85\B21_017794_2613_XN_81N105W_G15_024242_2631_XI_83N107W,output_-110_-100_60_85,80.9084,81.572,717.1174,0.0
B21_017794_2613_XN_81N105W_G17_024901_2629_XI_82N104W,G:\crater_flux_output_folders\output_-110_-100_60_85\B21_017794_2613_XN_81N105W_G17_024901_2629_XI_82N104W,output_-110_-100_60_85,81.5602,81.572,0.0786,0.0
B21_017794_2613_XN_81N105W_G20_026167_2613_XN_81N105W,G:\crater_flux_output_folders\output_-110_-100_60_85\B21_017794_2613_XN_81N105W_G20_026167_2613_XN_81N105W,output_-110_-100_60_85,80.8578,81.572,1042.4242,0.0
B21_017794_2613_XN_81N105W_G23_027375_2787_XN_81N105W,G:\crater_flux_output_folders\output_-110_-100_60_85\B21_017794_2613_XN_81N105W_G23_027375_2787_XN_81N105W,output_-110_-100_60_85,80.9013,81.572,960.1621,0.0
B21_017794_2613_XN_81N105W_G21_026312_2613_XN_81N105W,G:\crater_flux_output_folders\output_-110_-100_60_85\B21_017794_2613_XN_81N105W_G21_026312_2613_XN_81N105W,output_-110_-100_60_85,80.8591,81.572,1048.6294,0.0
B21_017794_2613_XN_81N105W_D17_033881_2613_XN_81N105W,G:\crater_flux_output_folders\output_-110_-100_60_85\B21_017794_2613_XN_81N105W_D17_033881_2613_XN_81N105W,output_-110_-100_60_85,80.8563,81.572,1046.9715,0.0
B21_017794_2613_XN_81N105W_F19_043112_2607_XN_80N104W,G:\crater_flux_output_folders\output_-110_-100_60_85\B21_017794_2613_XN_81N105W_F19_043112_2607_XN_80N104W,output_-110_-100_60_85,80.8517,81.0476,98.2811,0.0
B21_017794_2613_XN_81N105W_J20_052474_2607_XN_80N102W,G:\crater_flux_output_folders\output_-110_-100_60_85\B21_017794_2613_XN_81N105W_J20_052474_2607_XN_80N102W,output_-110_-100_60_85,80.8965,81.0315,36.4965,0.0
B21_017649_2556_XN_75N100W_G01_018717_2565_XN_76N100W,G:\crater_flux_output_folders\output_-110_-100_60_85\B21_017649_2556_XN_75N100W_G01_018717_2565_XN_76N100W,output_-110_-100_60_85,75.8536,76.76,222.3172,0.0
B21_017649_2556_XN_75N100W_D22_035780_2530_XN_73N097W,G:\crater_flux_output_folders\output_-110_-100_60_85\B21_017649_2556_XN_75N100W_D22_035780_2530_XN_73N097W,output_-110_-100_60_85,75.2596,75.6214,39.1446,0.0
B21_017649_2556_XN_75N100W_F22_044233_2563_XN_76N103W,G:\crater_flux_output_folders\output_-110_-100_60_85\B21_017649_2556_XN_75N100W_F22_044233_2563_XN_76N103W,output_-110_-100_60_85,75.7021,76.669,264.8217,0.0
B21_017649_2556_XN_75N100W_J02_045499_2547_XN_74N100W,G:\crater_flux_output_folders\output_-110_-100_60_85\B21_017649_2556_XN_75N100W_J02_045499_2547_XN_74N100W,output_-110_-100_60_85,74.173,75.1066,732.5122,651.192
B21_017649_2556_XN_75N100W_J19_052171_2539_XI_73N100W,G:\crater_flux_output_folders\output_-110_-100_60_85\B21_017649_2556_XN_75N100W_J19_052171_2539_XI_73N100W,output_-110_-100_60_85,74.173,75.7494,513.2546,221.6158
B21_017894_2830_XN_77N109W_B21_017828_2831_XN_76N107W,G:\crater_flux_output_folders\output_-110_-100_60_85\B21_017894_2830_XN_77N109W_B21_017828_2831_XN_76N107W,output_-110_-100_60_85,76.133,77.5274,125.853,0.0
B21_017894_2830_XN_77N109W_B22_018269_2587_XN_78N111W,G:\crater_flux_output_folders\output_-110_-100_60_85\B21_017894_2830_XN_77N109W_B22_018269_2587_XN_78N111W,output_-110_-100_60_85,77.4618,77.639,117.7533,0.0
B21_017894_2830_XN_77N109W_F22_044299_2580_XN_78N108W,G:\crater_flux_output_folders\output_-110_-100_60_85\B21_017894_2830_XN_77N109W_F22_044299_2580_XN_78N108W,output_-110_-100_60_85,77.073,77.6277,573.2215,0.0
B21_017894_2830_XN_77N109W_F22_044457_2580_XN_78N108W,G:\crater_flux_output_folders\output_-110_-100_60_85\B21_017894_2830_XN_77N109W_F22_044457_2580_XN_78N108W,output_-110_-100_60_85,77.063,77.6229,475.5869,0.0
B21_017894_2830_XN_77N109W_F23_044853_2582_XN_78N109W,G:\crater_flux_output_folders\output_-110_-100_60_85\B21_017894_2830_XN_77N109W_F23_044853_2582_XN_78N109W,output_-110_-100_60_85,77.569,77.6308,15.2237,0.0
B21_017894_2830_XN_77N109W_J01_045011_2582_XN_78N108W,G:\crater_flux_output_folders\output_-110_-100_60_85\B21_017894_2830_XN_77N109W_J01_045011_2582_XN_78N108W,output_-110_-100_60_85,77.538,77.6206,21.5489,0.0
B21_017894_2830_XN_77N109W_J03_046053_2566_XN_76N106W,G:\crater_flux_output_folders\output_-110_-100_60_85\B21_017894_2830_XN_77N109W_J03_046053_2566_XN_76N106W,output_-110_-100_60_85,77.1401,77.558,118.6526,0.0
B21_017894_2830_XN_77N109W_J02_045697_2566_XN_76N106W,G:\crater_flux_output_folders\output_-110_-100_60_85\B21_017894_2830_XN_77N109W_J02_045697_2566_XN_76N106W,output_-110_-100_60_85,76.133,76.9794,652.1463,0.0
B21_017894_2830_XN_77N109W_J03_045855_2562_XN_76N105W,G:\crater_flux_output_folders\output_-110_-100_60_85\B21_017894_2830_XN_77N109W_J03_045855_2562_XN_76N105W,output_-110_-100_60_85,76.9388,77.593,348.074,0.0
B21_017828_2831_XN_76N107W_D02_028172_2567_XN_76N106W,G:\crater_flux_output_folders\output_-110_-100_60_85\B21_017828_2831_XN_76N107W_D02_028172_2567_XN_76N106W,output_-110_-100_60_85,76.184,76.9579,383.5753,0.0
B21_017828_2831_XN_76N107W_D01_027578_2579_XN_77N103W,G:\crater_flux_output_folders\output_-110_-100_60_85\B21_017828_2831_XN_76N107W_D01_027578_2579_XN_77N103W,output_-110_-100_60_85,77.7238,78.5906,696.0601,0.0
B21_017828_2831_XN_76N107W_G23_027341_2579_XN_77N103W,G:\crater_flux_output_folders\output_-110_-100_60_85\B21_017828_2831_XN_76N107W_G23_027341_2579_XN_77N103W,output_-110_-100_60_85,77.821,78.5297,316.978,0.0
B21_017828_2831_XN_76N107W_F22_044299_2580_XN_78N108W,G:\crater_flux_output_folders\output_-110_-100_60_85\B21_017828_2831_XN_76N107W_F22_044299_2580_XN_78N108W,output_-110_-100_60_85,77.1213,77.8579,417.4425,0.0
B21_017828_2831_XN_76N107W_F22_044457_2580_XN_78N108W,G:\crater_flux_output_folders\output_-110_-100_60_85\B21_017828_2831_XN_76N107W_F22_044457_2580_XN_78N108W,output_-110_-100_60_85,77.0879,77.9947,727.666,0.0
B21_017828_2831_XN_76N107W_F23_044853_2582_XN_78N109W,G:\crater_flux_output_folders\output_-110_-100_60_85\B21_017828_2831_XN_76N107W_F23_044853_2582_XN_78N109W,output_-110_-100_60_85,77.666,77.8247,17.7873,0.0
B21_017828_2831_XN_76N107W_J01_045011_2582_XN_78N108W,G:\crater_flux_output_folders\output_-110_-100_60_85\B21_017828_2831_XN_76N107W_J01_045011_2582_XN_78N108W,output_-110_-100_60_85,77.6801,77.9568,63.4072,0.0
B21_017828_2831_XN_76N107W_J03_046053_2566_XN_76N106W,G:\crater_flux_output_folders\output_-110_-100_60_85\B21_017828_2831_XN_76N107W_J03_046053_2566_XN_76N106W,output_-110_-100_60_85,76.0264,77.882,1827.5794,0.0
B21_017828_2831_XN_76N107W_J02_045697_2566_XN_76N106W,G:\crater_flux_output_folders\output_-110_-100_60_85\B21_017828_2831_XN_76N107W_J02_045697_2566_XN_76N106W,output_-110_-100_60_85,75.992,77.003,1153.6126,0.0
B21_017828_2831_XN_76N107W_J03_045855_2562_XN_76N105W,G:\crater_flux_output_folders\output_-110_-100_60_85\B21_017828_2831_XN_76N107W_J03_045855_2562_XN_76N105W,output_-110_-100_60_85,76.0102,78.1874,1898.2452,0.0
B22_018137_2555_XN_75N103W_F22_044233_2563_XN_76N103W,G:\crater_flux_output_folders\output_-110_-100_60_85\B22_018137_2555_XN_75N103W_F22_044233_2563_XN_76N103W,output_-110_-100_60_85,75.618,76.325,357.8156,0.0
B22_018137_2555_XN_75N103W_J03_046053_2566_XN_76N106W,G:\crater_flux_output_folders\output_-110_-100_60_85\B22_018137_2555_XN_75N103W_J03_046053_2566_XN_76N106W,output_-110_-100_60_85,75.2522,76.2592,706.4272,0.0
B22_018137_2555_XN_75N103W_J03_045855_2562_XN_76N105W,G:\crater_flux_output_folders\output_-110_-100_60_85\B22_018137_2555_XN_75N103W_J03_045855_2562_XN_76N105W,output_-110_-100_60_85,74.426,76.2587,1825.2162,650.1407
B22_018137_2555_XN_75N103W_J19_052171_2539_XI_73N100W,G:\crater_flux_output_folders\output_-110_-100_60_85\B22_018137_2555_XN_75N103W_J19_052171_2539_XI_73N100W,output_-110_-100_60_85,74.5126,75.6545,487.4613,206.997
B22_018171_2787_XN_81N105W_G16_024374_2631_XN_83N111W,G:\crater_flux_output_folders\output_-110_-100_60_85\B22_018171_2787_XN_81N105W_G16_024374_2631_XN_83N111W,output_-110_-100_60_85,80.9082,81.3746,234.4833,0.0
B22_018171_2787_XN_81N105W_G15_024242_2631_XI_83N107W,G:\crater_flux_output_folders\output_-110_-100_60_85\B22_018171_2787_XN_81N105W_G15_024242_2631_XI_83N107W,output_-110_-100_60_85,80.854,81.704,1014.2543,0.0
B22_018171_2787_XN_81N105W_G17_024901_2629_XI_82N104W,G:\crater_flux_output_folders\output_-110_-100_60_85\B22_018171_2787_XN_81N105W_G17_024901_2629_XI_82N104W,output_-110_-100_60_85,81.3062,81.6188,115.812,0.0
B22_018171_2787_XN_81N105W_G18_025178_2615_XN_81N101W,G:\crater_flux_output_folders\output_-110_-100_60_85\B22_018171_2787_XN_81N105W_G18_025178_2615_XN_81N101W,output_-110_-100_60_85,81.3143,81.5858,72.654,0.0
B22_018171_2787_XN_81N105W_G20_026167_2613_XN_81N105W,G:\crater_flux_output_folders\output_-110_-100_60_85\B22_018171_2787_XN_81N105W_G20_026167_2613_XN_81N105W,output_-110_-100_60_85,80.88,81.6433,1098.9829,0.0
B22_018171_2787_XN_81N105W_G23_027375_2787_XN_81N105W,G:\crater_flux_output_folders\output_-110_-100_60_85\B22_018171_2787_XN_81N105W_G23_027375_2787_XN_81N105W,output_-110_-100_60_85,80.8655,81.7022,1335.6654,0.0
B22_018171_2787_XN_81N105W_G21_026312_2613_XN_81N105W,G:\crater_flux_output_folders\output_-110_-100_60_85\B22_018171_2787_XN_81N105W_G21_026312_2613_XN_81N105W,output_-110_-100_60_85,80.8816,81.6478,1105.7894,0.0
B22_018171_2787_XN_81N105W_D17_033881_2613_XN_81N105W,G:\crater_flux_output_folders\output_-110_-100_60_85\B22_018171_2787_XN_81N105W_D17_033881_2613_XN_81N105W,output_-110_-100_60_85,80.8811,81.6431,1098.8032,0.0
B22_018171_2787_XN_81N105W_F19_043112_2607_XN_80N104W,G:\crater_flux_output_folders\output_-110_-100_60_85\B22_018171_2787_XN_81N105W_F19_043112_2607_XN_80N104W,output_-110_-100_60_85,80.854,81.0224,76.312,0.0
B22_018171_2787_XN_81N105W_F21_043903_2619_XN_81N102W,G:\crater_flux_output_folders\output_-110_-100_60_85\B22_018171_2787_XN_81N105W_F21_043903_2619_XN_81N102W,output_-110_-100_60_85,81.381,81.5659,33.7147,0.0
B22_018171_2787_XN_81N105W_J20_052474_2607_XN_80N102W,G:\crater_flux_output_folders\output_-110_-100_60_85\B22_018171_2787_XN_81N105W_J20_052474_2607_XN_80N102W,output_-110_-100_60_85,80.854,80.9955,46.0316,0.0
G01_018717_2565_XN_76N100W_G01_018506_2567_XN_76N099W,G:\crater_flux_output_folders\output_-110_-100_60_85\G01_018717_2565_XN_76N100W_G01_018506_2567_XN_76N099W,output_-110_-100_60_85,76.3581,77.356,372.1505,0.0
G01_018717_2565_XN_76N100W_D01_027578_2579_XN_77N103W,G:\crater_flux_output_folders\output_-110_-100_60_85\G01_018717_2565_XN_76N100W_D01_027578_2579_XN_77N103W,output_-110_-100_60_85,77.1318,77.3168,58.5211,0.0
B22_018269_2587_XN_78N111W_F22_044299_2580_XN_78N108W,G:\crater_flux_output_folders\output_-110_-100_60_85\B22_018269_2587_XN_78N111W_F22_044299_2580_XN_78N108W,output_-110_-100_60_85,77.4887,78.6128,715.409,0.0
B22_018269_2587_XN_78N111W_F22_044457_2580_XN_78N108W,G:\crater_flux_output_folders\output_-110_-100_60_85\B22_018269_2587_XN_78N111W_F22_044457_2580_XN_78N108W,output_-110_-100_60_85,77.4972,78.7044,712.6673,0.0
B22_018269_2587_XN_78N111W_F23_044853_2582_XN_78N109W,G:\crater_flux_output_folders\output_-110_-100_60_85\B22_018269_2587_XN_78N111W_F23_044853_2582_XN_78N109W,output_-110_-100_60_85,77.569,78.5064,626.9825,0.0
B22_018269_2587_XN_78N111W_J01_045011_2582_XN_78N108W,G:\crater_flux_output_folders\output_-110_-100_60_85\B22_018269_2587_XN_78N111W_J01_045011_2582_XN_78N108W,output_-110_-100_60_85,77.538,78.5029,618.5343,0.0
B22_018269_2587_XN_78N111W_J03_045855_2562_XN_76N105W,G:\crater_flux_output_folders\output_-110_-100_60_85\B22_018269_2587_XN_78N111W_J03_045855_2562_XN_76N105W,output_-110_-100_60_85,77.5208,78.1297,242.3331,0.0
G01_018414_2598_XN_79N111W_G16_024585_2595_XN_79N110W,G:\crater_flux_output_folders\output_-110_-100_60_85\G01_018414_2598_XN_79N111W_G16_024585_2595_XN_79N110W,output_-110_-100_60_85,79.588,79.7749,15.261,0.0
G01_018414_2598_XN_79N111W_D01_027407_2600_XN_80N110W,G:\crater_flux_output_folders\output_-115_-110_50_85\G01_018414_2598_XN_79N111W_D01_027407_2600_XN_80N110W,output_-110_-100_60_85,79.588,79.7749,422.3194,0.0
G01_018414_2598_XN_79N111W_D21_035266_2595_XN_79N110W,G:\crater_flux_output_folders\output_-115_-110_50_85\G01_018414_2598_XN_79N111W_D21_035266_2595_XN_79N110W,output_-110_-100_60_85,79.588,79.7749,262.5162,0.0
G01_018414_2598_XN_79N111W_F23_044866_2601_XN_80N112W,G:\crater_flux_output_folders\output_-115_-110_50_85\G01_018414_2598_XN_79N111W_F23_044866_2601_XN_80N112W,output_-110_-100_60_85,79.7689,79.7749,668.3223,0.0
G01_018414_2598_XN_79N111W_J16_051103_2596_XN_79N110W,G:\crater_flux_output_folders\output_-110_-100_60_85\G01_018414_2598_XN_79N111W_J16_051103_2596_XN_79N110W,output_-110_-100_60_85,79.588,79.7749,15.261,0.0
G01_018448_2798_XN_80N111W_G17_024730_2617_XN_81N110W,G:\crater_flux_output_folders\output_-110_-100_60_85\G01_018448_2798_XN_80N111W_G17_024730_2617_XN_81N110W,output_-110_-100_60_85,80.268,80.4849,49.5276,0.0
G01_018448_2798_XN_80N111W_G18_025363_2615_XN_81N112W,G:\crater_flux_output_folders\output_-115_-110_50_85\G01_018448_2798_XN_80N111W_G18_025363_2615_XN_81N112W,output_-110_-100_60_85,79.989,80.4936,420.9197,0.0
G01_018448_2798_XN_80N111W_D01_027494_2798_XN_80N111W,G:\crater_flux_output_folders\output_-115_-110_50_85\G01_018448_2798_XN_80N111W_D01_027494_2798_XN_80N111W,output_-110_-100_60_85,79.8961,80.4888,1110.4816,0.0
G01_018448_2798_XN_80N111W_D01_027407_2600_XN_80N110W,G:\crater_flux_output_folders\output_-110_-100_60_85\G01_018448_2798_XN_80N111W_D01_027407_2600_XN_80N110W,output_-110_-100_60_85,79.8337,80.329,113.1141,0.0
G01_018448_2798_XN_80N111W_D01_027697_2604_XN_80N110W,G:\crater_flux_output_folders\output_-115_-110_50_85\G01_018448_2798_XN_80N111W_D01_027697_2604_XN_80N110W,output_-110_-100_60_85,79.901,80.4936,626.7419,0.0
G01_018448_2798_XN_80N111W_F23_044866_2601_XN_80N112W,G:\crater_flux_output_folders\output_-115_-110_50_85\G01_018448_2798_XN_80N111W_F23_044866_2601_XN_80N112W,output_-110_-100_60_85,79.8337,79.8852,788.891,0.0
G01_018448_2798_XN_80N111W_J16_051103_2596_XN_79N110W,G:\crater_flux_output_folders\output_-115_-110_50_85\G01_018448_2798_XN_80N111W_J16_051103_2596_XN_79N110W,output_-110_-100_60_85,79.8337,79.929,72.8292,0.0
G15_024215_2636_XI_83N095W_G17_024703_2633_XN_83N098W,G:\crater_flux_output_folders\output_-110_-100_60_85\G15_024215_2636_XI_83N095W_G17_024703_2633_XN_83N098W,output_-110_-100_60_85,83.1246,85.0001,31.0509,0.0
G15_024215_2636_XI_83N095W_G19_025481_2664_XI_86N118W,G:\crater_flux_output_folders\output_-110_-100_60_85\G15_024215_2636_XI_83N095W_G19_025481_2664_XI_86N118W,output_-110_-100_60_85,84.89,85.0001,8.6348,0.0
G15_024215_2636_XI_83N095W_F04_037296_2641_XN_84N101W,G:\crater_flux_output_folders\output_-110_-100_60_85\G15_024215_2636_XI_83N095W_F04_037296_2641_XN_84N101W,output_-110_-100_60_85,83.656,84.5241,194.6829,0.0
G15_024215_2636_XI_83N095W_F04_037322_2641_XN_84N101W,G:\crater_flux_output_folders\output_-110_-100_60_85\G15_024215_2636_XI_83N095W_F04_037322_2641_XN_84N101W,output_-110_-100_60_85,83.646,84.536,184.9846,0.0
G15_024215_2636_XI_83N095W_F23_044861_2756_XN_84N107W,G:\crater_flux_output_folders\output_-110_-100_60_85\G15_024215_2636_XI_83N095W_F23_044861_2756_XN_84N107W,output_-110_-100_60_85,84.1503,84.83,4.7163,0.0
G17_024703_2633_XN_83N098W_G16_024479_2634_XN_83N102W,G:\crater_flux_output_folders\output_-110_-100_60_85\G17_024703_2633_XN_83N098W_G16_024479_2634_XN_83N102W,output_-110_-100_60_85,82.3693,84.8995,0.4723,0.0
G17_024703_2633_XN_83N098W_G18_025336_2665_XI_86N129W,G:\crater_flux_output_folders\output_-115_-110_50_85\G17_024703_2633_XN_83N098W_G18_025336_2665_XI_86N129W,output_-110_-100_60_85,84.812,85.0001,18.0593,0.0
G17_024703_2633_XN_83N098W_G19_025481_2664_XI_86N118W,G:\crater_flux_output_folders\output_-110_-100_60_85\G17_024703_2633_XN_83N098W_G19_025481_2664_XI_86N118W,output_-110_-100_60_85,84.89,85.0001,70.0905,0.0
G17_024703_2633_XN_83N098W_G20_025903_2619_XI_81N095W,G:\crater_flux_output_folders\output_-110_-100_60_85\G17_024703_2633_XN_83N098W_G20_025903_2619_XI_81N095W,output_-110_-100_60_85,82.3693,83.1912,2.8859,0.0
G17_024703_2633_XN_83N098W_G22_026813_2633_XN_83N103W,G:\crater_flux_output_folders\output_-110_-100_60_85\G17_024703_2633_XN_83N098W_G22_026813_2633_XN_83N103W,output_-110_-100_60_85,82.5686,84.152,4.2957,0.0
G17_024703_2633_XN_83N098W_D15_032905_2644_XN_84N107W,G:\crater_flux_output_folders\output_-110_-100_60_85\G17_024703_2633_XN_83N098W_D15_032905_2644_XN_84N107W,output_-110_-100_60_85,83.9947,84.86,544.9517,0.0
G17_024703_2633_XN_83N098W_D19_034672_2644_XN_84N107W,G:\crater_flux_output_folders\output_-110_-100_60_85\G17_024703_2633_XN_83N098W_D19_034672_2644_XN_84N107W,output_-110_-100_60_85,84.0008,84.86,552.2588,0.0
G17_024703_2633_XN_83N098W_D20_035173_2644_XN_84N107W,G:\crater_flux_output_folders\output_-110_-100_60_85\G17_024703_2633_XN_83N098W_D20_035173_2644_XN_84N107W,output_-110_-100_60_85,83.946,84.82,547.1954,0.0
G17_024703_2633_XN_83N098W_D21_035529_2646_XN_84N109W,G:\crater_flux_output_folders\output_-110_-100_60_85\G17_024703_2633_XN_83N098W_D21_035529_2646_XN_84N109W,output_-110_-100_60_85,84.2279,85.0001,211.8236,0.0
G17_024703_2633_XN_83N098W_F01_036373_2652_XN_85N113W,G:\crater_flux_output_folders\output_-110_-100_60_85\G17_024703_2633_XN_83N098W_F01_036373_2652_XN_85N113W,output_-110_-100_60_85,84.7458,85.0001,115.8808,0.0
G17_024703_2633_XN_83N098W_F01_036004_2644_XN_84N106W,G:\crater_flux_output_folders\output_-110_-100_60_85\G17_024703_2633_XN_83N098W_F01_036004_2644_XN_84N106W,output_-110_-100_60_85,83.9126,84.769,707.4236,0.0
G17_024703_2633_XN_83N098W_D22_035951_2644_XN_84N107W,G:\crater_flux_output_folders\output_-110_-100_60_85\G17_024703_2633_XN_83N098W_D22_035951_2644_XN_84N107W,output_-110_-100_60_85,83.9443,84.809,537.4049,0.0
G17_024703_2633_XN_83N098W_F01_036043_2644_XN_84N105W,G:\crater_flux_output_folders\output_-110_-100_60_85\G17_024703_2633_XN_83N098W_F01_036043_2644_XN_84N105W,output_-110_-100_60_85,83.889,84.789,696.1015,0.0
G17_024703_2633_XN_83N098W_D22_035595_2645_XN_84N108W,G:\crater_flux_output_folders\output_-110_-100_60_85\G17_024703_2633_XN_83N098W_D22_035595_2645_XN_84N108W,output_-110_-100_60_85,84.1055,84.931,376.8285,0.0
G17_024703_2633_XN_83N098W_F01_036294_2649_XN_84N112W,G:\crater_flux_output_folders\output_-110_-100_60_85\G17_024703_2633_XN_83N098W_F01_036294_2649_XN_84N112W,output_-110_-100_60_85,84.3815,85.0001,132.8585,0.0
G17_024703_2633_XN_83N098W_F04_037296_2641_XN_84N101W,G:\crater_flux_output_folders\output_-110_-100_60_85\G17_024703_2633_XN_83N098W_F04_037296_2641_XN_84N101W,output_-110_-100_60_85,83.656,84.4027,614.7871,0.0
G17_024703_2633_XN_83N098W_F03_037085_2645_XN_84N107W,G:\crater_flux_output_folders\output_-110_-100_60_85\G17_024703_2633_XN_83N098W_F03_037085_2645_XN_84N107W,output_-110_-100_60_85,83.8474,85.0001,803.8251,0.0
G17_024703_2633_XN_83N098W_F04_037322_2641_XN_84N101W,G:\crater_flux_output_folders\output_-110_-100_60_85\G17_024703_2633_XN_83N098W_F04_037322_2641_XN_84N101W,output_-110_-100_60_85,83.646,84.4059,595.0491,0.0
G17_024703_2633_XN_83N098W_F21_044193_2644_XN_84N107W,G:\crater_flux_output_folders\output_-110_-100_60_85\G17_024703_2633_XN_83N098W_F21_044193_2644_XN_84N107W,output_-110_-100_60_85,83.9535,84.809,540.4527,0.0
G17_024703_2633_XN_83N098W_F23_044861_2756_XN_84N107W,G:\crater_flux_output_folders\output_-110_-100_60_85\G17_024703_2633_XN_83N098W_F23_044861_2756_XN_84N107W,output_-110_-100_60_85,83.95,84.83,553.0367,0.0
G17_024703_2633_XN_83N098W_F23_044905_2634_XN_83N099W,G:\crater_flux_output_folders\output_-110_-100_60_85\G17_024703_2633_XN_83N098W_F23_044905_2634_XN_83N099W,output_-110_-100_60_85,82.958,83.7201,257.5154,0.0
G17_024703_2633_XN_83N098W_J02_045604_2644_XN_84N107W,G:\crater_flux_output_folders\output_-110_-100_60_85\G17_024703_2633_XN_83N098W_J02_045604_2644_XN_84N107W,output_-110_-100_60_85,83.9057,84.951,696.3302,0.0
G17_024703_2633_XN_83N098W_J03_046105_2645_XN_84N107W,G:\crater_flux_output_folders\output_-110_-100_60_85\G17_024703_2633_XN_83N098W_J03_046105_2645_XN_84N107W,output_-110_-100_60_85,83.7434,85.0001,855.7577,0.0
G16_024479_2634_XN_83N102W_G15_024242_2631_XI_83N107W,G:\crater_flux_output_folders\output_-115_-110_50_85\G16_024479_2634_XN_83N102W_G15_024242_2631_XI_83N107W,output_-110_-100_60_85,82.8964,83.9423,110.6625,0.0
G16_024479_2634_XN_83N102W_G17_024901_2629_XI_82N104W,G:\crater_flux_output_folders\output_-110_-100_60_85\G16_024479_2634_XN_83N102W_G17_024901_2629_XI_82N104W,output_-110_-100_60_85,81.4524,84.3256,0.1293,0.0
G16_024479_2634_XN_83N102W_G18_025178_2615_XN_81N101W,G:\crater_flux_output_folders\output_-110_-100_60_85\G16_024479_2634_XN_83N102W_G18_025178_2615_XN_81N101W,output_-110_-100_60_85,81.4524,82.887,10.3524,0.0
G16_024479_2634_XN_83N102W_G18_025336_2665_XI_86N129W,G:\crater_flux_output_folders\output_-115_-110_50_85\G16_024479_2634_XN_83N102W_G18_025336_2665_XI_86N129W,output_-110_-100_60_85,84.812,84.8995,231.6734,0.0
G16_024479_2634_XN_83N102W_G20_025877_2652_XI_85N117W,G:\crater_flux_output_folders\output_-110_-100_60_85\G16_024479_2634_XN_83N102W_G20_025877_2652_XI_85N117W,output_-110_-100_60_85,83.9228,84.3868,75.3383,0.0
G16_024479_2634_XN_83N102W_G20_025903_2619_XI_81N095W,G:\crater_flux_output_folders\output_-110_-100_60_85\G16_024479_2634_XN_83N102W_G20_025903_2619_XI_81N095W,output_-110_-100_60_85,82.3585,82.8653,48.5625,0.0
G16_024479_2634_XN_83N102W_G22_026813_2633_XN_83N103W,G:\crater_flux_output_folders\output_-110_-100_60_85\G16_024479_2634_XN_83N102W_G22_026813_2633_XN_83N103W,output_-110_-100_60_85,82.452,84.0569,910.6162,0.0
G16_024479_2634_XN_83N102W_D15_032905_2644_XN_84N107W,G:\crater_flux_output_folders\output_-110_-100_60_85\G16_024479_2634_XN_83N102W_D15_032905_2644_XN_84N107W,output_-110_-100_60_85,83.98,84.7084,420.4869,0.0
G16_024479_2634_XN_83N102W_D19_034672_2644_XN_84N107W,G:\crater_flux_output_folders\output_-115_-110_50_85\G16_024479_2634_XN_83N102W_D19_034672_2644_XN_84N107W,output_-110_-100_60_85,83.98,84.7093,80.747,0.0
G16_024479_2634_XN_83N102W_D20_035173_2644_XN_84N107W,G:\crater_flux_output_folders\output_-110_-100_60_85\G16_024479_2634_XN_83N102W_D20_035173_2644_XN_84N107W,output_-110_-100_60_85,83.929,84.6628,440.4047,0.0
G16_024479_2634_XN_83N102W_D21_035529_2646_XN_84N109W,G:\crater_flux_output_folders\output_-115_-110_50_85\G16_024479_2634_XN_83N102W_D21_035529_2646_XN_84N109W,output_-110_-100_60_85,84.1333,84.8995,336.175,0.0
G16_024479_2634_XN_83N102W_F01_036373_2652_XN_85N113W,G:\crater_flux_output_folders\output_-115_-110_50_85\G16_024479_2634_XN_83N102W_F01_036373_2652_XN_85N113W,output_-110_-100_60_85,84.7458,84.8995,368.2496,0.0
G16_024479_2634_XN_83N102W_F01_036004_2644_XN_84N106W,G:\crater_flux_output_folders\output_-110_-100_60_85\G16_024479_2634_XN_83N102W_F01_036004_2644_XN_84N106W,output_-110_-100_60_85,83.909,84.6064,315.9347,0.0
G16_024479_2634_XN_83N102W_D22_035951_2644_XN_84N107W,G:\crater_flux_output_folders\output_-115_-110_50_85\G16_024479_2634_XN_83N102W_D22_035951_2644_XN_84N107W,output_-110_-100_60_85,83.929,84.6586,54.1274,0.0
G16_024479_2634_XN_83N102W_F01_036043_2644_XN_84N105W,G:\crater_flux_output_folders\output_-110_-100_60_85\G16_024479_2634_XN_83N102W_F01_036043_2644_XN_84N105W,output_-110_-100_60_85,83.889,84.5689,275.6944,0.0
G16_024479_2634_XN_83N102W_D22_035595_2645_XN_84N108W,G:\crater_flux_output_folders\output_-110_-100_60_85\G16_024479_2634_XN_83N102W_D22_035595_2645_XN_84N108W,output_-110_-100_60_85,84.041,84.8291,395.2683,0.0
G16_024479_2634_XN_83N102W_F01_036294_2649_XN_84N112W,G:\crater_flux_output_folders\output_-115_-110_50_85\G16_024479_2634_XN_83N102W_F01_036294_2649_XN_84N112W,output_-110_-100_60_85,84.3378,84.8995,513.3352,0.0
G16_024479_2634_XN_83N102W_F03_037085_2645_XN_84N107W,G:\crater_flux_output_folders\output_-115_-110_50_85\G16_024479_2634_XN_83N102W_F03_037085_2645_XN_84N107W,output_-110_-100_60_85,83.838,84.8995,427.8535,0.0
G16_024479_2634_XN_83N102W_F21_043903_2619_XN_81N102W,G:\crater_flux_output_folders\output_-110_-100_60_85\G16_024479_2634_XN_83N102W_F21_043903_2619_XN_81N102W,output_-110_-100_60_85,81.5498,83.363,10.3557,0.0
G16_024479_2634_XN_83N102W_F21_044193_2644_XN_84N107W,G:\crater_flux_output_folders\output_-110_-100_60_85\G16_024479_2634_XN_83N102W_F21_044193_2644_XN_84N107W,output_-110_-100_60_85,83.929,84.6607,448.2721,0.0
G16_024479_2634_XN_83N102W_F23_044861_2756_XN_84N107W,G:\crater_flux_output_folders\output_-110_-100_60_85\G16_024479_2634_XN_83N102W_F23_044861_2756_XN_84N107W,output_-110_-100_60_85,83.95,84.608,381.8891,0.0
G16_024479_2634_XN_83N102W_J02_045604_2644_XN_84N107W,G:\crater_flux_output_folders\output_-115_-110_50_85\G16_024479_2634_XN_83N102W_J02_045604_2644_XN_84N107W,output_-110_-100_60_85,83.889,84.8088,166.1016,0.0
G16_024479_2634_XN_83N102W_J03_046105_2645_XN_84N107W,G:\crater_flux_output_folders\output_-115_-110_50_85\G16_024479_2634_XN_83N102W_J03_046105_2645_XN_84N107W,output_-110_-100_60_85,83.737,84.8995,414.5786,0.0
G16_024374_2631_XN_83N111W_G15_024242_2631_XI_83N107W,G:\crater_flux_output_folders\output_-115_-110_50_85\G16_024374_2631_XN_83N111W_G15_024242_2631_XI_83N107W,output_-110_-100_60_85,82.1506,82.3646,202.0107,0.0
G16_024374_2631_XN_83N111W_G17_024730_2617_XN_81N110W,G:\crater_flux_output_folders\output_-115_-110_50_85\G16_024374_2631_XN_83N111W_G17_024730_2617_XN_81N110W,output_-110_-100_60_85,80.5,82.0767,739.7487,0.0
G16_024374_2631_XN_83N111W_G18_025363_2615_XN_81N112W,G:\crater_flux_output_folders\output_-115_-110_50_85\G16_024374_2631_XN_83N111W_G18_025363_2615_XN_81N112W,output_-110_-100_60_85,80.9247,81.2468,0.2562,0.0
G16_024374_2631_XN_83N111W_G20_026167_2613_XN_81N105W,G:\crater_flux_output_folders\output_-110_-100_60_85\G16_024374_2631_XN_83N111W_G20_026167_2613_XN_81N105W,output_-110_-100_60_85,80.814,81.4975,262.2089,0.0
G16_024374_2631_XN_83N111W_G23_027375_2787_XN_81N105W,G:\crater_flux_output_folders\output_-110_-100_60_85\G16_024374_2631_XN_83N111W_G23_027375_2787_XN_81N105W,output_-110_-100_60_85,80.9155,81.373,231.7121,0.0
G16_024374_2631_XN_83N111W_G21_026312_2613_XN_81N105W,G:\crater_flux_output_folders\output_-110_-100_60_85\G16_024374_2631_XN_83N111W_G21_026312_2613_XN_81N105W,output_-110_-100_60_85,80.814,81.495,267.8836,0.0
G16_024374_2631_XN_83N111W_D17_033881_2613_XN_81N105W,G:\crater_flux_output_folders\output_-110_-100_60_85\G16_024374_2631_XN_83N111W_D17_033881_2613_XN_81N105W,output_-110_-100_60_85,80.814,81.497,266.3813,0.0
G16_024374_2631_XN_83N111W_F19_043112_2607_XN_80N104W,G:\crater_flux_output_folders\output_-110_-100_60_85\G16_024374_2631_XN_83N111W_F19_043112_2607_XN_80N104W,output_-110_-100_60_85,80.598,80.9501,184.9876,0.0
G16_024374_2631_XN_83N111W_J20_052474_2607_XN_80N102W,G:\crater_flux_output_folders\output_-110_-100_60_85\G16_024374_2631_XN_83N111W_J20_052474_2607_XN_80N102W,output_-110_-100_60_85,80.6489,80.7332,1.7395,0.0
G15_024242_2631_XI_83N107W_G17_024901_2629_XI_82N104W,G:\crater_flux_output_folders\output_-115_-110_50_85\G15_024242_2631_XI_83N107W_G17_024901_2629_XI_82N104W,output_-110_-100_60_85,80.8902,83.9423,1807.0714,0.0
G15_024242_2631_XI_83N107W_G18_025178_2615_XN_81N101W,G:\crater_flux_output_folders\output_-110_-100_60_85\G15_024242_2631_XI_83N107W_G18_025178_2615_XN_81N101W,output_-110_-100_60_85,80.8657,82.7044,674.5471,0.0
G15_024242_2631_XI_83N107W_G20_025877_2652_XI_85N117W,G:\crater_flux_output_folders\output_-115_-110_50_85\G15_024242_2631_XI_83N107W_G20_025877_2652_XI_85N117W,output_-110_-100_60_85,83.9228,83.9423,1197.8337,0.0
G15_024242_2631_XI_83N107W_G20_026167_2613_XN_81N105W,G:\crater_flux_output_folders\output_-110_-100_60_85\G15_024242_2631_XI_83N107W_G20_026167_2613_XN_81N105W,output_-110_-100_60_85,80.8802,81.684,752.5927,0.0
G15_024242_2631_XI_83N107W_G23_027375_2787_XN_81N105W,G:\crater_flux_output_folders\output_-110_-100_60_85\G15_024242_2631_XI_83N107W_G23_027375_2787_XN_81N105W,output_-110_-100_60_85,80.865,81.704,770.2252,0.0
G15_024242_2631_XI_83N107W_D01_027710_2628_XN_82N107W,G:\crater_flux_output_folders\output_-115_-110_50_85\G15_024242_2631_XI_83N107W_D01_027710_2628_XN_82N107W,output_-110_-100_60_85,82.341,83.1632,0.4252,0.0
G15_024242_2631_XI_83N107W_G21_026312_2613_XN_81N105W,G:\crater_flux_output_folders\output_-110_-100_60_85\G15_024242_2631_XI_83N107W_G21_026312_2613_XN_81N105W,output_-110_-100_60_85,80.8832,81.694,759.1005,0.0
G15_024242_2631_XI_83N107W_G22_026866_2627_XN_82N108W,G:\crater_flux_output_folders\output_-110_-100_60_85\G15_024242_2631_XI_83N107W_G22_026866_2627_XN_82N108W,output_-110_-100_60_85,82.169,83.1897,1020.6101,0.0
G15_024242_2631_XI_83N107W_D17_033881_2613_XN_81N105W,G:\crater_flux_output_folders\output_-110_-100_60_85\G15_024242_2631_XI_83N107W_D17_033881_2613_XN_81N105W,output_-110_-100_60_85,80.8822,81.684,743.8378,0.0
G15_024242_2631_XI_83N107W_F19_043112_2607_XN_80N104W,G:\crater_flux_output_folders\output_-110_-100_60_85\G15_024242_2631_XI_83N107W_F19_043112_2607_XN_80N104W,output_-110_-100_60_85,80.763,81.067,239.0403,0.0
G15_024242_2631_XI_83N107W_F21_043903_2619_XN_81N102W,G:\crater_flux_output_folders\output_-110_-100_60_85\G15_024242_2631_XI_83N107W_F21_043903_2619_XN_81N102W,output_-110_-100_60_85,80.8799,83.2025,405.1647,0.0
G15_024242_2631_XI_83N107W_J20_052474_2607_XN_80N102W,G:\crater_flux_output_folders\output_-110_-100_60_85\G15_024242_2631_XI_83N107W_J20_052474_2607_XN_80N102W,output_-110_-100_60_85,80.763,81.1073,345.6924,0.0
G16_024585_2595_XN_79N110W_D01_027407_2600_XN_80N110W,G:\crater_flux_output_folders\output_-115_-110_50_85\G16_024585_2595_XN_79N110W_D01_027407_2600_XN_80N110W,output_-110_-100_60_85,79.4375,79.874,261.9471,0.0
G16_024585_2595_XN_79N110W_D21_035266_2595_XN_79N110W,G:\crater_flux_output_folders\output_-115_-110_50_85\G16_024585_2595_XN_79N110W_D21_035266_2595_XN_79N110W,output_-110_-100_60_85,79.0822,79.8398,694.4457,0.0
G16_024585_2595_XN_79N110W_F23_044866_2601_XN_80N112W,G:\crater_flux_output_folders\output_-115_-110_50_85\G16_024585_2595_XN_79N110W_F23_044866_2601_XN_80N112W,output_-110_-100_60_85,79.7689,79.8353,88.5773,0.0
G16_024585_2595_XN_79N110W_J16_051103_2596_XN_79N110W,G:\crater_flux_output_folders\output_-115_-110_50_85\G16_024585_2595_XN_79N110W_J16_051103_2596_XN_79N110W,output_-110_-100_60_85,79.0822,79.874,715.0769,0.0
G17_024901_2629_XI_82N104W_G18_025178_2615_XN_81N101W,G:\crater_flux_output_folders\output_-110_-100_60_85\G17_024901_2629_XI_82N104W_G18_025178_2615_XN_81N101W,output_-110_-100_60_85,80.551,82.8035,1498.2265,0.0
G17_024901_2629_XI_82N104W_G20_025877_2652_XI_85N117W,G:\crater_flux_output_folders\output_-115_-110_50_85\G17_024901_2629_XI_82N104W_G20_025877_2652_XI_85N117W,output_-110_-100_60_85,83.9228,84.3256,1055.6862,0.0
G17_024901_2629_XI_82N104W_D01_027710_2628_XN_82N107W,G:\crater_flux_output_folders\output_-110_-100_60_85\G17_024901_2629_XI_82N104W_D01_027710_2628_XN_82N107W,output_-110_-100_60_85,82.3876,83.211,188.8158,0.0
G17_024901_2629_XI_82N104W_G22_026813_2633_XN_83N103W,G:\crater_flux_output_folders\output_-110_-100_60_85\G17_024901_2629_XI_82N104W_G22_026813_2633_XN_83N103W,output_-110_-100_60_85,82.6242,83.9407,236.2958,0.0
G17_024901_2629_XI_82N104W_G22_026866_2627_XN_82N108W,G:\crater_flux_output_folders\output_-110_-100_60_85\G17_024901_2629_XI_82N104W_G22_026866_2627_XN_82N108W,output_-110_-100_60_85,82.241,83.211,44.4797,0.0
G17_024901_2629_XI_82N104W_G22_026958_2608_XN_80N098W,G:\crater_flux_output_folders\output_-110_-100_60_85\G17_024901_2629_XI_82N104W_G22_026958_2608_XN_80N098W,output_-110_-100_60_85,80.8275,81.2367,103.34,0.0
G17_024901_2629_XI_82N104W_G23_027077_2608_XN_80N097W,G:\crater_flux_output_folders\output_-110_-100_60_85\G17_024901_2629_XI_82N104W_G23_027077_2608_XN_80N097W,output_-110_-100_60_85,80.9676,81.2644,36.2721,0.0
G17_024901_2629_XI_82N104W_D21_035529_2646_XN_84N109W,G:\crater_flux_output_folders\output_-115_-110_50_85\G17_024901_2629_XI_82N104W_D21_035529_2646_XN_84N109W,output_-110_-100_60_85,84.1333,84.3256,447.2234,0.0
G17_024901_2629_XI_82N104W_D22_035595_2645_XN_84N108W,G:\crater_flux_output_folders\output_-115_-110_50_85\G17_024901_2629_XI_82N104W_D22_035595_2645_XN_84N108W,output_-110_-100_60_85,84.041,84.3256,184.3124,0.0
G17_024901_2629_XI_82N104W_F03_037085_2645_XN_84N107W,G:\crater_flux_output_folders\output_-110_-100_60_85\G17_024901_2629_XI_82N104W_F03_037085_2645_XN_84N107W,output_-110_-100_60_85,84.261,84.3256,1.2346,0.0
G17_024901_2629_XI_82N104W_F21_043903_2619_XN_81N102W,G:\crater_flux_output_folders\output_-110_-100_60_85\G17_024901_2629_XI_82N104W_F21_043903_2619_XN_81N102W,output_-110_-100_60_85,80.551,83.2861,1781.1021,0.0
G17_024901_2629_XI_82N104W_F23_044861_2756_XN_84N107W,G:\crater_flux_output_folders\output_-115_-110_50_85\G17_024901_2629_XI_82N104W_F23_044861_2756_XN_84N107W,output_-110_-100_60_85,84.0995,84.3256,42.8269,0.0
G17_024901_2629_XI_82N104W_J02_045604_2644_XN_84N107W,G:\crater_flux_output_folders\output_-115_-110_50_85\G17_024901_2629_XI_82N104W_J02_045604_2644_XN_84N107W,output_-110_-100_60_85,84.3185,84.3256,58.2765,0.0
G17_024901_2629_XI_82N104W_J03_046105_2645_XN_84N107W,G:\crater_flux_output_folders\output_-115_-110_50_85\G17_024901_2629_XI_82N104W_J03_046105_2645_XN_84N107W,output_-110_-100_60_85,84.2342,84.3256,200.7286,0.0
G17_024730_2617_XN_81N110W_G18_025363_2615_XN_81N112W,G:\crater_flux_output_folders\output_-115_-110_50_85\G17_024730_2617_XN_81N110W_G18_025363_2615_XN_81N112W,output_-110_-100_60_85,80.268,81.2468,1641.8861,0.0
G17_024730_2617_XN_81N110W_D01_027494_2798_XN_80N111W,G:\crater_flux_output_folders\output_-110_-100_60_85\G17_024730_2617_XN_81N110W_D01_027494_2798_XN_80N111W,output_-110_-100_60_85,80.268,80.4753,46.8824,0.0
G17_024730_2617_XN_81N110W_D01_027407_2600_XN_80N110W,G:\crater_flux_output_folders\output_-110_-100_60_85\G17_024730_2617_XN_81N110W_D01_027407_2600_XN_80N110W,output_-110_-100_60_85,80.268,80.329,6.7146,0.0
G17_024730_2617_XN_81N110W_D01_027697_2604_XN_80N110W,G:\crater_flux_output_folders\output_-110_-100_60_85\G17_024730_2617_XN_81N110W_D01_027697_2604_XN_80N110W,output_-110_-100_60_85,80.268,80.703,208.5245,0.0
G18_025178_2615_XN_81N101W_G23_027375_2787_XN_81N105W,G:\crater_flux_output_folders\output_-110_-100_60_85\G18_025178_2615_XN_81N101W_G23_027375_2787_XN_81N105W,output_-110_-100_60_85,81.3195,81.5917,18.7435,0.0
G18_025178_2615_XN_81N101W_D01_027710_2628_XN_82N107W,G:\crater_flux_output_folders\output_-110_-100_60_85\G18_025178_2615_XN_81N101W_D01_027710_2628_XN_82N107W,output_-110_-100_60_85,82.4704,82.7513,137.4939,0.0
G18_025178_2615_XN_81N101W_D01_027446_2602_XN_80N099W,G:\crater_flux_output_folders\output_-110_-100_60_85\G18_025178_2615_XN_81N101W_D01_027446_2602_XN_80N099W,output_-110_-100_60_85,80.126,80.4918,78.6471,0.0
G18_025178_2615_XN_81N101W_G22_026813_2633_XN_83N103W,G:\crater_flux_output_folders\output_-110_-100_60_85\G18_025178_2615_XN_81N101W_G22_026813_2633_XN_83N103W,output_-110_-100_60_85,82.452,82.887,267.951,0.0
G18_025178_2615_XN_81N101W_G22_026866_2627_XN_82N108W,G:\crater_flux_output_folders\output_-110_-100_60_85\G18_025178_2615_XN_81N101W_G22_026866_2627_XN_82N108W,output_-110_-100_60_85,82.311,82.7276,148.5493,0.0
G18_025178_2615_XN_81N101W_G22_026958_2608_XN_80N098W,G:\crater_flux_output_folders\output_-110_-100_60_85\G18_025178_2615_XN_81N101W_G22_026958_2608_XN_80N098W,output_-110_-100_60_85,80.8275,81.2367,103.3399,0.0
G18_025178_2615_XN_81N101W_G23_027077_2608_XN_80N097W,G:\crater_flux_output_folders\output_-110_-100_60_85\G18_025178_2615_XN_81N101W_G23_027077_2608_XN_80N097W,output_-110_-100_60_85,80.9676,81.2644,36.2721,0.0
G18_025178_2615_XN_81N101W_F21_043903_2619_XN_81N102W,G:\crater_flux_output_folders\output_-110_-100_60_85\G18_025178_2615_XN_81N101W_F21_043903_2619_XN_81N102W,output_-110_-100_60_85,80.45,82.8509,2951.1673,0.0
G18_025178_2615_XN_81N101W_J20_052474_2607_XN_80N102W,G:\crater_flux_output_folders\output_-110_-100_60_85\G18_025178_2615_XN_81N101W_J20_052474_2607_XN_80N102W,output_-110_-100_60_85,80.4167,81.1073,42.141,0.0
G18_025336_2665_XI_86N129W_G19_025481_2664_XI_86N118W,G:\crater_flux_output_folders\output_-110_-100_60_85\G18_025336_2665_XI_86N129W_G19_025481_2664_XI_86N118W,output_-110_-100_60_85,84.9267,85.0001,25.1824,0.0
G18_025336_2665_XI_86N129W_D21_035529_2646_XN_84N109W,G:\crater_flux_output_folders\output_-110_-100_60_85\G18_025336_2665_XI_86N129W_D21_035529_2646_XN_84N109W,output_-110_-100_60_85,84.812,85.0001,45.0303,0.0
G18_025336_2665_XI_86N129W_F01_036373_2652_XN_85N113W,G:\crater_flux_output_folders\output_-110_-100_60_85\G18_025336_2665_XI_86N129W_F01_036373_2652_XN_85N113W,output_-110_-100_60_85,84.812,85.0001,79.7038,0.0
G18_025336_2665_XI_86N129W_D22_035595_2645_XN_84N108W,G:\crater_flux_output_folders\output_-115_-110_50_85\G18_025336_2665_XI_86N129W_D22_035595_2645_XN_84N108W,output_-110_-100_60_85,84.812,84.931,0.0307,0.0
G18_025336_2665_XI_86N129W_F01_036294_2649_XN_84N112W,G:\crater_flux_output_folders\output_-110_-100_60_85\G18_025336_2665_XI_86N129W_F01_036294_2649_XN_84N112W,output_-110_-100_60_85,84.812,85.0001,38.2023,0.0
G18_025336_2665_XI_86N129W_F03_037085_2645_XN_84N107W,G:\crater_flux_output_folders\output_-110_-100_60_85\G18_025336_2665_XI_86N129W_F03_037085_2645_XN_84N107W,output_-110_-100_60_85,84.812,85.0001,86.7575,0.0
G18_025336_2665_XI_86N129W_J03_046105_2645_XN_84N107W,G:\crater_flux_output_folders\output_-110_-100_60_85\G18_025336_2665_XI_86N129W_J03_046105_2645_XN_84N107W,output_-110_-100_60_85,84.812,85.0001,85.9009,0.0
G18_025363_2615_XN_81N112W_D01_027494_2798_XN_80N111W,G:\crater_flux_output_folders\output_-115_-110_50_85\G18_025363_2615_XN_81N112W_D01_027494_2798_XN_80N111W,output_-110_-100_60_85,79.989,80.4888,359.5253,0.0
G18_025363_2615_XN_81N112W_D01_027407_2600_XN_80N110W,G:\crater_flux_output_folders\output_-110_-100_60_85\G18_025363_2615_XN_81N112W_D01_027407_2600_XN_80N110W,output_-110_-100_60_85,79.989,80.329,196.4178,0.0
G18_025363_2615_XN_81N112W_D01_027697_2604_XN_80N110W,G:\crater_flux_output_folders\output_-115_-110_50_85\G18_025363_2615_XN_81N112W_D01_027697_2604_XN_80N110W,output_-110_-100_60_85,79.989,80.703,415.6457,0.0
G19_025481_2664_XI_86N118W_F03_037085_2645_XN_84N107W,G:\crater_flux_output_folders\output_-110_-100_60_85\G19_025481_2664_XI_86N118W_F03_037085_2645_XN_84N107W,output_-110_-100_60_85,84.89,85.0001,10.3508,0.0
G19_025481_2664_XI_86N118W_J02_045604_2644_XN_84N107W,G:\crater_flux_output_folders\output_-110_-100_60_85\G19_025481_2664_XI_86N118W_J02_045604_2644_XN_84N107W,output_-110_-100_60_85,84.89,84.951,6.808,0.0
G19_025481_2664_XI_86N118W_J03_046105_2645_XN_84N107W,G:\crater_flux_output_folders\output_-110_-100_60_85\G19_025481_2664_XI_86N118W_J03_046105_2645_XN_84N107W,output_-110_-100_60_85,84.89,85.0001,8.2142,0.0
G20_025877_2652_XI_85N117W_D15_032905_2644_XN_84N107W,G:\crater_flux_output_folders\output_-115_-110_50_85\G20_025877_2652_XI_85N117W_D15_032905_2644_XN_84N107W,output_-110_-100_60_85,84.0218,84.3868,24.7794,0.0
G20_025877_2652_XI_85N117W_D19_034672_2644_XN_84N107W,G:\crater_flux_output_folders\output_-110_-100_60_85\G20_025877_2652_XI_85N117W_D19_034672_2644_XN_84N107W,output_-110_-100_60_85,84.0165,84.3868,58.0832,0.0
G20_025877_2652_XI_85N117W_D20_035173_2644_XN_84N107W,G:\crater_flux_output_folders\output_-110_-100_60_85\G20_025877_2652_XI_85N117W_D20_035173_2644_XN_84N107W,output_-110_-100_60_85,84.0173,84.3868,58.4772,0.0
G20_025877_2652_XI_85N117W_D21_035529_2646_XN_84N109W,G:\crater_flux_output_folders\output_-115_-110_50_85\G20_025877_2652_XI_85N117W_D21_035529_2646_XN_84N109W,output_-110_-100_60_85,84.1333,84.3868,373.6291,0.0
G20_025877_2652_XI_85N117W_F01_036004_2644_XN_84N106W,G:\crater_flux_output_folders\output_-110_-100_60_85\G20_025877_2652_XI_85N117W_F01_036004_2644_XN_84N106W,output_-110_-100_60_85,84.0339,84.111,2.381,0.0
G20_025877_2652_XI_85N117W_D22_035951_2644_XN_84N107W,G:\crater_flux_output_folders\output_-110_-100_60_85\G20_025877_2652_XI_85N117W_D22_035951_2644_XN_84N107W,output_-110_-100_60_85,84.0186,84.3868,55.3497,0.0
G20_025877_2652_XI_85N117W_D22_035595_2645_XN_84N108W,G:\crater_flux_output_folders\output_-115_-110_50_85\G20_025877_2652_XI_85N117W_D22_035595_2645_XN_84N108W,output_-110_-100_60_85,84.041,84.3868,151.4244,0.0
G20_025877_2652_XI_85N117W_F01_036294_2649_XN_84N112W,G:\crater_flux_output_folders\output_-115_-110_50_85\G20_025877_2652_XI_85N117W_F01_036294_2649_XN_84N112W,output_-110_-100_60_85,84.3378,84.3868,474.3252,0.0
G20_025877_2652_XI_85N117W_F03_037085_2645_XN_84N107W,G:\crater_flux_output_folders\output_-115_-110_50_85\G20_025877_2652_XI_85N117W_F03_037085_2645_XN_84N107W,output_-110_-100_60_85,84.0144,84.3868,92.3151,0.0
G20_025877_2652_XI_85N117W_F21_044193_2644_XN_84N107W,G:\crater_flux_output_folders\output_-115_-110_50_85\G20_025877_2652_XI_85N117W_F21_044193_2644_XN_84N107W,output_-110_-100_60_85,84.0113,84.3868,5.7243,0.0
G20_025877_2652_XI_85N117W_F23_044861_2756_XN_84N107W,G:\crater_flux_output_folders\output_-110_-100_60_85\G20_025877_2652_XI_85N117W_F23_044861_2756_XN_84N107W,output_-110_-100_60_85,84.0264,84.3868,118.5773,0.0
G20_025877_2652_XI_85N117W_J02_045604_2644_XN_84N107W,G:\crater_flux_output_folders\output_-110_-100_60_85\G20_025877_2652_XI_85N117W_J02_045604_2644_XN_84N107W,output_-110_-100_60_85,84.0149,84.3868,66.7773,0.0
G20_025877_2652_XI_85N117W_J03_046105_2645_XN_84N107W,G:\crater_flux_output_folders\output_-115_-110_50_85\G20_025877_2652_XI_85N117W_J03_046105_2645_XN_84N107W,output_-110_-100_60_85,84.0102,84.3868,97.7609,0.0
G20_025903_2619_XI_81N095W_G22_026813_2633_XN_83N103W,G:\crater_flux_output_folders\output_-110_-100_60_85\G20_025903_2619_XI_81N095W_G22_026813_2633_XN_83N103W,output_-110_-100_60_85,82.5815,83.1371,235.8728,0.0
G20_025903_2619_XI_81N095W_F23_044905_2634_XN_83N099W,G:\crater_flux_output_folders\output_-110_-100_60_85\G20_025903_2619_XI_81N095W_F23_044905_2634_XN_83N099W,output_-110_-100_60_85,82.958,83.1912,49.1713,0.0
G20_026167_2613_XN_81N105W_G23_027375_2787_XN_81N105W,G:\crater_flux_output_folders\output_-110_-100_60_85\G20_026167_2613_XN_81N105W_G23_027375_2787_XN_81N105W,output_-110_-100_60_85,80.8856,81.6443,1097.2365,0.0
G20_026167_2613_XN_81N105W_G21_026312_2613_XN_81N105W,G:\crater_flux_output_folders\output_-110_-100_60_85\G20_026167_2613_XN_81N105W_G21_026312_2613_XN_81N105W,output_-110_-100_60_85,80.8161,81.6822,1364.2952,0.0
G20_026167_2613_XN_81N105W_D17_033881_2613_XN_81N105W,G:\crater_flux_output_folders\output_-110_-100_60_85\G20_026167_2613_XN_81N105W_D17_033881_2613_XN_81N105W,output_-110_-100_60_85,80.8161,81.6834,1370.117,0.0
G20_026167_2613_XN_81N105W_F19_043112_2607_XN_80N104W,G:\crater_flux_output_folders\output_-110_-100_60_85\G20_026167_2613_XN_81N105W_F19_043112_2607_XN_80N104W,output_-110_-100_60_85,80.814,81.067,158.5152,0.0
G20_026167_2613_XN_81N105W_J20_052474_2607_XN_80N102W,G:\crater_flux_output_folders\output_-110_-100_60_85\G20_026167_2613_XN_81N105W_J20_052474_2607_XN_80N102W,output_-110_-100_60_85,80.8628,81.0629,77.6831,0.0
G23_027375_2787_XN_81N105W_G21_026312_2613_XN_81N105W,G:\crater_flux_output_folders\output_-110_-100_60_85\G23_027375_2787_XN_81N105W_G21_026312_2613_XN_81N105W,output_-110_-100_60_85,80.8873,81.6486,1100.1769,0.0
G23_027375_2787_XN_81N105W_D17_033881_2613_XN_81N105W,G:\crater_flux_output_folders\output_-110_-100_60_85\G23_027375_2787_XN_81N105W_D17_033881_2613_XN_81N105W,output_-110_-100_60_85,80.8866,81.644,1093.4029,0.0
G23_027375_2787_XN_81N105W_F19_043112_2607_XN_80N104W,G:\crater_flux_output_folders\output_-110_-100_60_85\G23_027375_2787_XN_81N105W_F19_043112_2607_XN_80N104W,output_-110_-100_60_85,80.865,81.0223,71.522,0.0
G23_027375_2787_XN_81N105W_F21_043903_2619_XN_81N102W,G:\crater_flux_output_folders\output_-110_-100_60_85\G23_027375_2787_XN_81N105W_F21_043903_2619_XN_81N102W,output_-110_-100_60_85,81.3873,81.5732,32.8921,0.0
G23_027375_2787_XN_81N105W_J20_052474_2607_XN_80N102W,G:\crater_flux_output_folders\output_-110_-100_60_85\G23_027375_2787_XN_81N105W_J20_052474_2607_XN_80N102W,output_-110_-100_60_85,80.865,80.9957,42.7762,0.0
D01_027494_2798_XN_80N111W_D01_027407_2600_XN_80N110W,G:\crater_flux_output_folders\output_-115_-110_50_85\D01_027494_2798_XN_80N111W_D01_027407_2600_XN_80N110W,output_-110_-100_60_85,79.8961,80.329,492.0431,0.0
D01_027494_2798_XN_80N111W_D01_027697_2604_XN_80N110W,G:\crater_flux_output_folders\output_-115_-110_50_85\D01_027494_2798_XN_80N111W_D01_027697_2604_XN_80N110W,output_-110_-100_60_85,79.901,80.4888,628.8615,0.0
D01_027494_2798_XN_80N111W_J16_051103_2596_XN_79N110W,G:\crater_flux_output_folders\output_-115_-110_50_85\D01_027494_2798_XN_80N111W_J16_051103_2596_XN_79N110W,output_-110_-100_60_85,79.8961,79.9229,75.1093,0.0
D01_027407_2600_XN_80N110W_D01_027697_2604_XN_80N110W,G:\crater_flux_output_folders\output_-110_-100_60_85\D01_027407_2600_XN_80N110W_D01_027697_2604_XN_80N110W,output_-110_-100_60_85,79.901,80.329,263.8788,0.0
D01_027407_2600_XN_80N110W_D21_035266_2595_XN_79N110W,G:\crater_flux_output_folders\output_-110_-100_60_85\D01_027407_2600_XN_80N110W_D21_035266_2595_XN_79N110W,output_-110_-100_60_85,79.4375,79.843,251.138,0.0
D01_027407_2600_XN_80N110W_F23_044866_2601_XN_80N112W,G:\crater_flux_output_folders\output_-115_-110_50_85\D01_027407_2600_XN_80N110W_F23_044866_2601_XN_80N112W,output_-110_-100_60_85,79.7689,79.8852,457.0895,0.0
D01_027407_2600_XN_80N110W_J16_051103_2596_XN_79N110W,G:\crater_flux_output_folders\output_-115_-110_50_85\D01_027407_2600_XN_80N110W_J16_051103_2596_XN_79N110W,output_-110_-100_60_85,79.4375,79.9545,336.6869,0.0
D02_028172_2567_XN_76N106W_J03_046053_2566_XN_76N106W,G:\crater_flux_output_folders\output_-110_-100_60_85\D02_028172_2567_XN_76N106W_J03_046053_2566_XN_76N106W,output_-110_-100_60_85,76.184,76.9782,545.6958,0.0
D02_028172_2567_XN_76N106W_J03_045855_2562_XN_76N105W,G:\crater_flux_output_folders\output_-110_-100_60_85\D02_028172_2567_XN_76N106W_J03_045855_2562_XN_76N105W,output_-110_-100_60_85,76.184,76.9656,487.9674,0.0
D01_027433_2597_XN_79N099W_D01_027446_2602_XN_80N099W,G:\crater_flux_output_folders\output_-110_-100_60_85\D01_027433_2597_XN_79N099W_D01_027446_2602_XN_80N099W,output_-110_-100_60_85,79.681,79.9769,146.5284,0.0
D01_027697_2604_XN_80N110W_J16_051103_2596_XN_79N110W,G:\crater_flux_output_folders\output_-110_-100_60_85\D01_027697_2604_XN_80N110W_J16_051103_2596_XN_79N110W,output_-110_-100_60_85,79.901,79.9545,4.9988,0.0
D01_027710_2628_XN_82N107W_G22_026866_2627_XN_82N108W,G:\crater_flux_output_folders\output_-115_-110_50_85\D01_027710_2628_XN_82N107W_G22_026866_2627_XN_82N108W,output_-110_-100_60_85,82.341,83.1855,57.9458,0.0
D01_027710_2628_XN_82N107W_F21_043903_2619_XN_81N102W,G:\crater_flux_output_folders\output_-110_-100_60_85\D01_027710_2628_XN_82N107W_F21_043903_2619_XN_81N102W,output_-110_-100_60_85,82.4833,83.211,348.2327,0.0
D01_027446_2602_XN_80N099W_F21_043903_2619_XN_81N102W,G:\crater_flux_output_folders\output_-110_-100_60_85\D01_027446_2602_XN_80N099W_F21_043903_2619_XN_81N102W,output_-110_-100_60_85,80.45,80.4918,3.5913,0.0
D01_027446_2602_XN_80N099W_J20_052474_2607_XN_80N102W,G:\crater_flux_output_folders\output_-110_-100_60_85\D01_027446_2602_XN_80N099W_J20_052474_2607_XN_80N102W,output_-110_-100_60_85,80.338,80.4486,10.7297,0.0
D01_027578_2579_XN_77N103W_G23_027341_2579_XN_77N103W,G:\crater_flux_output_folders\output_-110_-100_60_85\D01_027578_2579_XN_77N103W_G23_027341_2579_XN_77N103W,output_-110_-100_60_85,77.0891,78.5566,2565.9194,0.0
G21_026312_2613_XN_81N105W_D17_033881_2613_XN_81N105W,G:\crater_flux_output_folders\output_-110_-100_60_85\G21_026312_2613_XN_81N105W_D17_033881_2613_XN_81N105W,output_-110_-100_60_85,80.8182,81.6817,1355.1378,0.0
G21_026312_2613_XN_81N105W_F19_043112_2607_XN_80N104W,G:\crater_flux_output_folders\output_-110_-100_60_85\G21_026312_2613_XN_81N105W_F19_043112_2607_XN_80N104W,output_-110_-100_60_85,80.814,81.067,146.8328,0.0
G21_026312_2613_XN_81N105W_J20_052474_2607_XN_80N102W,G:\crater_flux_output_folders\output_-110_-100_60_85\G21_026312_2613_XN_81N105W_J20_052474_2607_XN_80N102W,output_-110_-100_60_85,80.8646,81.0671,68.4004,0.0
G22_026813_2633_XN_83N103W_D15_032905_2644_XN_84N107W,G:\crater_flux_output_folders\output_-110_-100_60_85\G22_026813_2633_XN_83N103W_D15_032905_2644_XN_84N107W,output_-110_-100_60_85,83.98,84.152,10.2916,0.0
G22_026813_2633_XN_83N103W_D19_034672_2644_XN_84N107W,G:\crater_flux_output_folders\output_-110_-100_60_85\G22_026813_2633_XN_83N103W_D19_034672_2644_XN_84N107W,output_-110_-100_60_85,83.98,84.152,9.2465,0.0
G22_026813_2633_XN_83N103W_D20_035173_2644_XN_84N107W,G:\crater_flux_output_folders\output_-110_-100_60_85\G22_026813_2633_XN_83N103W_D20_035173_2644_XN_84N107W,output_-110_-100_60_85,83.929,84.152,80.4628,0.0
G22_026813_2633_XN_83N103W_F01_036004_2644_XN_84N106W,G:\crater_flux_output_folders\output_-110_-100_60_85\G22_026813_2633_XN_83N103W_F01_036004_2644_XN_84N106W,output_-110_-100_60_85,83.909,84.152,136.2654,0.0
G22_026813_2633_XN_83N103W_D22_035951_2644_XN_84N107W,G:\crater_flux_output_folders\output_-110_-100_60_85\G22_026813_2633_XN_83N103W_D22_035951_2644_XN_84N107W,output_-110_-100_60_85,83.929,84.152,81.6358,0.0
G22_026813_2633_XN_83N103W_F01_036043_2644_XN_84N105W,G:\crater_flux_output_folders\output_-110_-100_60_85\G22_026813_2633_XN_83N103W_F01_036043_2644_XN_84N105W,output_-110_-100_60_85,83.889,84.152,138.4407,0.0
G22_026813_2633_XN_83N103W_F04_037296_2641_XN_84N101W,G:\crater_flux_output_folders\output_-110_-100_60_85\G22_026813_2633_XN_83N103W_F04_037296_2641_XN_84N101W,output_-110_-100_60_85,84.0287,84.152,2.9037,0.0
G22_026813_2633_XN_83N103W_F03_037085_2645_XN_84N107W,G:\crater_flux_output_folders\output_-110_-100_60_85\G22_026813_2633_XN_83N103W_F03_037085_2645_XN_84N107W,output_-110_-100_60_85,83.838,84.152,210.6047,0.0
G22_026813_2633_XN_83N103W_F04_037322_2641_XN_84N101W,G:\crater_flux_output_folders\output_-110_-100_60_85\G22_026813_2633_XN_83N103W_F04_037322_2641_XN_84N101W,output_-110_-100_60_85,83.9791,84.152,15.6788,0.0
G22_026813_2633_XN_83N103W_F21_043903_2619_XN_81N102W,G:\crater_flux_output_folders\output_-110_-100_60_85\G22_026813_2633_XN_83N103W_F21_043903_2619_XN_81N102W,output_-110_-100_60_85,82.452,83.363,404.2102,0.0
G22_026813_2633_XN_83N103W_F21_044193_2644_XN_84N107W,G:\crater_flux_output_folders\output_-110_-100_60_85\G22_026813_2633_XN_83N103W_F21_044193_2644_XN_84N107W,output_-110_-100_60_85,83.929,84.152,80.8032,0.0
G22_026813_2633_XN_83N103W_F23_044861_2756_XN_84N107W,G:\crater_flux_output_folders\output_-110_-100_60_85\G22_026813_2633_XN_83N103W_F23_044861_2756_XN_84N107W,output_-110_-100_60_85,83.95,84.1188,41.3343,0.0
G22_026813_2633_XN_83N103W_F23_044905_2634_XN_83N099W,G:\crater_flux_output_folders\output_-110_-100_60_85\G22_026813_2633_XN_83N103W_F23_044905_2634_XN_83N099W,output_-110_-100_60_85,83.5586,83.6064,0.094,0.0
G22_026813_2633_XN_83N103W_J02_045604_2644_XN_84N107W,G:\crater_flux_output_folders\output_-110_-100_60_85\G22_026813_2633_XN_83N103W_J02_045604_2644_XN_84N107W,output_-110_-100_60_85,83.889,84.152,136.6106,0.0
G22_026813_2633_XN_83N103W_J03_046105_2645_XN_84N107W,G:\crater_flux_output_folders\output_-110_-100_60_85\G22_026813_2633_XN_83N103W_J03_046105_2645_XN_84N107W,output_-110_-100_60_85,83.737,84.152,350.7126,0.0
G22_026866_2627_XN_82N108W_F21_043903_2619_XN_81N102W,G:\crater_flux_output_folders\output_-110_-100_60_85\G22_026866_2627_XN_82N108W_F21_043903_2619_XN_81N102W,output_-110_-100_60_85,82.3239,83.211,255.9864,0.0
G22_026958_2608_XN_80N098W_G23_027077_2608_XN_80N097W,G:\crater_flux_output_folders\output_-110_-100_60_85\G22_026958_2608_XN_80N098W_G23_027077_2608_XN_80N097W,output_-110_-100_60_85,80.9676,81.2367,28.5739,0.0
G22_026958_2608_XN_80N098W_F21_043903_2619_XN_81N102W,G:\crater_flux_output_folders\output_-110_-100_60_85\G22_026958_2608_XN_80N098W_F21_043903_2619_XN_81N102W,output_-110_-100_60_85,80.8275,81.2367,98.4405,0.0
G23_027077_2608_XN_80N097W_F21_043903_2619_XN_81N102W,G:\crater_flux_output_folders\output_-110_-100_60_85\G23_027077_2608_XN_80N097W_F21_043903_2619_XN_81N102W,output_-110_-100_60_85,80.9676,81.2644,26.0707,0.0
D15_032905_2644_XN_84N107W_D19_034672_2644_XN_84N107W,G:\crater_flux_output_folders\output_-115_-110_50_85\D15_032905_2644_XN_84N107W_D19_034672_2644_XN_84N107W,output_-110_-100_60_85,83.9866,84.8497,75.406,0.0
D15_032905_2644_XN_84N107W_D20_035173_2644_XN_84N107W,G:\crater_flux_output_folders\output_-115_-110_50_85\D15_032905_2644_XN_84N107W_D20_035173_2644_XN_84N107W,output_-110_-100_60_85,83.98,84.8132,54.2056,0.0
D15_032905_2644_XN_84N107W_D21_035529_2646_XN_84N109W,G:\crater_flux_output_folders\output_-110_-100_60_85\D15_032905_2644_XN_84N107W_D21_035529_2646_XN_84N109W,output_-110_-100_60_85,84.1908,84.7788,532.6025,0.0
D15_032905_2644_XN_84N107W_F01_036004_2644_XN_84N106W,G:\crater_flux_output_folders\output_-110_-100_60_85\D15_032905_2644_XN_84N107W_F01_036004_2644_XN_84N106W,output_-110_-100_60_85,83.9899,84.7216,969.8738,0.0
D15_032905_2644_XN_84N107W_D22_035951_2644_XN_84N107W,G:\crater_flux_output_folders\output_-115_-110_50_85\D15_032905_2644_XN_84N107W_D22_035951_2644_XN_84N107W,output_-110_-100_60_85,83.98,84.8051,53.0414,0.0
D15_032905_2644_XN_84N107W_F01_036043_2644_XN_84N105W,G:\crater_flux_output_folders\output_-110_-100_60_85\D15_032905_2644_XN_84N107W_F01_036043_2644_XN_84N105W,output_-110_-100_60_85,84.0203,84.766,956.6656,0.0
D15_032905_2644_XN_84N107W_D22_035595_2645_XN_84N108W,G:\crater_flux_output_folders\output_-110_-100_60_85\D15_032905_2644_XN_84N107W_D22_035595_2645_XN_84N108W,output_-110_-100_60_85,84.0813,84.8224,859.5699,0.0
D15_032905_2644_XN_84N107W_F01_036294_2649_XN_84N112W,G:\crater_flux_output_folders\output_-110_-100_60_85\D15_032905_2644_XN_84N107W_F01_036294_2649_XN_84N112W,output_-110_-100_60_85,84.3378,84.7686,289.8408,0.0
D15_032905_2644_XN_84N107W_F04_037296_2641_XN_84N101W,G:\crater_flux_output_folders\output_-110_-100_60_85\D15_032905_2644_XN_84N107W_F04_037296_2641_XN_84N101W,output_-110_-100_60_85,84.1403,84.3688,106.4958,0.0
D15_032905_2644_XN_84N107W_F03_037085_2645_XN_84N107W,G:\crater_flux_output_folders\output_-110_-100_60_85\D15_032905_2644_XN_84N107W_F03_037085_2645_XN_84N107W,output_-110_-100_60_85,83.98,84.8504,1196.0076,0.0
D15_032905_2644_XN_84N107W_F04_037322_2641_XN_84N101W,G:\crater_flux_output_folders\output_-110_-100_60_85\D15_032905_2644_XN_84N107W_F04_037322_2641_XN_84N101W,output_-110_-100_60_85,84.1236,84.3602,104.6664,0.0
D15_032905_2644_XN_84N107W_F21_044193_2644_XN_84N107W,G:\crater_flux_output_folders\output_-115_-110_50_85\D15_032905_2644_XN_84N107W_F21_044193_2644_XN_84N107W,output_-110_-100_60_85,83.98,84.7951,50.1158,0.0
D15_032905_2644_XN_84N107W_F23_044861_2756_XN_84N107W,G:\crater_flux_output_folders\output_-110_-100_60_85\D15_032905_2644_XN_84N107W_F23_044861_2756_XN_84N107W,output_-110_-100_60_85,83.9984,84.8184,1045.8592,0.0
D15_032905_2644_XN_84N107W_J02_045604_2644_XN_84N107W,G:\crater_flux_output_folders\output_-115_-110_50_85\D15_032905_2644_XN_84N107W_J02_045604_2644_XN_84N107W,output_-110_-100_60_85,83.98,84.86,80.37,0.0
D15_032905_2644_XN_84N107W_J03_046105_2645_XN_84N107W,G:\crater_flux_output_folders\output_-110_-100_60_85\D15_032905_2644_XN_84N107W_J03_046105_2645_XN_84N107W,output_-110_-100_60_85,83.98,84.8471,1178.6198,0.0
D17_033881_2613_XN_81N105W_F19_043112_2607_XN_80N104W,G:\crater_flux_output_folders\output_-110_-100_60_85\D17_033881_2613_XN_81N105W_F19_043112_2607_XN_80N104W,output_-110_-100_60_85,80.814,81.067,157.9291,0.0
D17_033881_2613_XN_81N105W_J20_052474_2607_XN_80N102W,G:\crater_flux_output_folders\output_-110_-100_60_85\D17_033881_2613_XN_81N105W_J20_052474_2607_XN_80N102W,output_-110_-100_60_85,80.865,81.0612,75.7555,0.0
D19_034672_2644_XN_84N107W_D20_035173_2644_XN_84N107W,G:\crater_flux_output_folders\output_-115_-110_50_85\D19_034672_2644_XN_84N107W_D20_035173_2644_XN_84N107W,output_-110_-100_60_85,83.981,84.82,46.2335,0.0
D19_034672_2644_XN_84N107W_D21_035529_2646_XN_84N109W,G:\crater_flux_output_folders\output_-110_-100_60_85\D19_034672_2644_XN_84N107W_D21_035529_2646_XN_84N109W,output_-110_-100_60_85,84.1894,84.7746,530.6657,0.0
D19_034672_2644_XN_84N107W_F01_036004_2644_XN_84N106W,G:\crater_flux_output_folders\output_-110_-100_60_85\D19_034672_2644_XN_84N107W_F01_036004_2644_XN_84N106W,output_-110_-100_60_85,83.9963,84.7266,972.8213,0.0
D19_034672_2644_XN_84N107W_D22_035951_2644_XN_84N107W,G:\crater_flux_output_folders\output_-115_-110_50_85\D19_034672_2644_XN_84N107W_D22_035951_2644_XN_84N107W,output_-110_-100_60_85,83.9825,84.809,45.4974,0.0
D19_034672_2644_XN_84N107W_F01_036043_2644_XN_84N105W,G:\crater_flux_output_folders\output_-110_-100_60_85\D19_034672_2644_XN_84N107W_F01_036043_2644_XN_84N105W,output_-110_-100_60_85,84.0238,84.7763,963.6367,0.0
D19_034672_2644_XN_84N107W_D22_035595_2645_XN_84N108W,G:\crater_flux_output_folders\output_-115_-110_50_85\D19_034672_2644_XN_84N107W_D22_035595_2645_XN_84N108W,output_-110_-100_60_85,84.077,84.8148,73.0302,0.0
D19_034672_2644_XN_84N107W_F01_036294_2649_XN_84N112W,G:\crater_flux_output_folders\output_-110_-100_60_85\D19_034672_2644_XN_84N107W_F01_036294_2649_XN_84N112W,output_-110_-100_60_85,84.3385,84.7651,289.689,0.0
D19_034672_2644_XN_84N107W_F04_037296_2641_XN_84N101W,G:\crater_flux_output_folders\output_-110_-100_60_85\D19_034672_2644_XN_84N107W_F04_037296_2641_XN_84N101W,output_-110_-100_60_85,84.1354,84.3651,107.1498,0.0
D19_034672_2644_XN_84N107W_F03_037085_2645_XN_84N107W,G:\crater_flux_output_folders\output_-115_-110_50_85\D19_034672_2644_XN_84N107W_F03_037085_2645_XN_84N107W,output_-110_-100_60_85,83.98,84.8408,73.0302,0.0
D19_034672_2644_XN_84N107W_F04_037322_2641_XN_84N101W,G:\crater_flux_output_folders\output_-110_-100_60_85\D19_034672_2644_XN_84N107W_F04_037322_2641_XN_84N101W,output_-110_-100_60_85,84.1202,84.355,106.2234,0.0
D19_034672_2644_XN_84N107W_F21_044193_2644_XN_84N107W,G:\crater_flux_output_folders\output_-115_-110_50_85\D19_034672_2644_XN_84N107W_F21_044193_2644_XN_84N107W,output_-110_-100_60_85,83.98,84.8031,48.5636,0.0
D19_034672_2644_XN_84N107W_F23_044861_2756_XN_84N107W,G:\crater_flux_output_folders\output_-115_-110_50_85\D19_034672_2644_XN_84N107W_F23_044861_2756_XN_84N107W,output_-110_-100_60_85,84.0021,84.8135,0.3103,0.0
D19_034672_2644_XN_84N107W_J02_045604_2644_XN_84N107W,G:\crater_flux_output_folders\output_-110_-100_60_85\D19_034672_2644_XN_84N107W_J02_045604_2644_XN_84N107W,output_-110_-100_60_85,83.98,84.853,1231.8944,0.0
D19_034672_2644_XN_84N107W_J03_046105_2645_XN_84N107W,G:\crater_flux_output_folders\output_-115_-110_50_85\D19_034672_2644_XN_84N107W_J03_046105_2645_XN_84N107W,output_-110_-100_60_85,83.98,84.8378,73.0302,0.0
D21_035266_2595_XN_79N110W_F23_044866_2601_XN_80N112W,G:\crater_flux_output_folders\output_-110_-100_60_85\D21_035266_2595_XN_79N110W_F23_044866_2601_XN_80N112W,output_-110_-100_60_85,79.7689,79.8104,3.7594,0.0
D21_035266_2595_XN_79N110W_J16_051103_2596_XN_79N110W,G:\crater_flux_output_folders\output_-115_-110_50_85\D21_035266_2595_XN_79N110W_J16_051103_2596_XN_79N110W,output_-110_-100_60_85,79.0723,79.8398,700.7519,0.0
D20_035173_2644_XN_84N107W_D21_035529_2646_XN_84N109W,G:\crater_flux_output_folders\output_-110_-100_60_85\D20_035173_2644_XN_84N107W_D21_035529_2646_XN_84N109W,output_-110_-100_60_85,84.1892,84.7357,492.189,0.0
D20_035173_2644_XN_84N107W_F01_036004_2644_XN_84N106W,G:\crater_flux_output_folders\output_-110_-100_60_85\D20_035173_2644_XN_84N107W_F01_036004_2644_XN_84N106W,output_-110_-100_60_85,83.9413,84.725,1062.0127,0.0
D20_035173_2644_XN_84N107W_D22_035951_2644_XN_84N107W,G:\crater_flux_output_folders\output_-115_-110_50_85\D20_035173_2644_XN_84N107W_D22_035951_2644_XN_84N107W,output_-110_-100_60_85,83.9306,84.809,50.1168,0.0
D20_035173_2644_XN_84N107W_F01_036043_2644_XN_84N105W,G:\crater_flux_output_folders\output_-110_-100_60_85\D20_035173_2644_XN_84N107W_F01_036043_2644_XN_84N105W,output_-110_-100_60_85,83.9774,84.7732,1038.5982,0.0
D20_035173_2644_XN_84N107W_D22_035595_2645_XN_84N108W,G:\crater_flux_output_folders\output_-110_-100_60_85\D20_035173_2644_XN_84N107W_D22_035595_2645_XN_84N108W,output_-110_-100_60_85,84.0774,84.7763,806.1055,0.0
D20_035173_2644_XN_84N107W_F01_036294_2649_XN_84N112W,G:\crater_flux_output_folders\output_-110_-100_60_85\D20_035173_2644_XN_84N107W_F01_036294_2649_XN_84N112W,output_-110_-100_60_85,84.3378,84.7255,253.5926,0.0
D20_035173_2644_XN_84N107W_F04_037296_2641_XN_84N101W,G:\crater_flux_output_folders\output_-110_-100_60_85\D20_035173_2644_XN_84N107W_F04_037296_2641_XN_84N101W,output_-110_-100_60_85,84.0877,84.3658,140.8279,0.0
D20_035173_2644_XN_84N107W_F03_037085_2645_XN_84N107W,G:\crater_flux_output_folders\output_-115_-110_50_85\D20_035173_2644_XN_84N107W_F03_037085_2645_XN_84N107W,output_-110_-100_60_85,83.929,84.804,50.8702,0.0
D20_035173_2644_XN_84N107W_F04_037322_2641_XN_84N101W,G:\crater_flux_output_folders\output_-110_-100_60_85\D20_035173_2644_XN_84N107W_F04_037322_2641_XN_84N101W,output_-110_-100_60_85,84.076,84.356,145.0369,0.0
D20_035173_2644_XN_84N107W_F21_044193_2644_XN_84N107W,G:\crater_flux_output_folders\output_-115_-110_50_85\D20_035173_2644_XN_84N107W_F21_044193_2644_XN_84N107W,output_-110_-100_60_85,83.9373,84.8007,46.2233,0.0
D20_035173_2644_XN_84N107W_F23_044861_2756_XN_84N107W,G:\crater_flux_output_folders\output_-110_-100_60_85\D20_035173_2644_XN_84N107W_F23_044861_2756_XN_84N107W,output_-110_-100_60_85,83.9678,84.7879,1060.181,0.0
D20_035173_2644_XN_84N107W_J02_045604_2644_XN_84N107W,G:\crater_flux_output_folders\output_-110_-100_60_85\D20_035173_2644_XN_84N107W_J02_045604_2644_XN_84N107W,output_-110_-100_60_85,83.929,84.816,1260.6832,0.0
D20_035173_2644_XN_84N107W_J03_046105_2645_XN_84N107W,G:\crater_flux_output_folders\output_-115_-110_50_85\D20_035173_2644_XN_84N107W_J03_046105_2645_XN_84N107W,output_-110_-100_60_85,83.929,84.8007,50.8702,0.0
D21_035529_2646_XN_84N109W_F01_036373_2652_XN_85N113W,G:\crater_flux_output_folders\output_-115_-110_50_85\D21_035529_2646_XN_84N109W_F01_036373_2652_XN_85N113W,output_-110_-100_60_85,84.7458,85.0001,221.2214,0.0
D21_035529_2646_XN_84N109W_F01_036004_2644_XN_84N106W,G:\crater_flux_output_folders\output_-110_-100_60_85\D21_035529_2646_XN_84N109W_F01_036004_2644_XN_84N106W,output_-110_-100_60_85,84.2229,84.6653,364.3905,0.0
D21_035529_2646_XN_84N109W_D22_035951_2644_XN_84N107W,G:\crater_flux_output_folders\output_-115_-110_50_85\D21_035529_2646_XN_84N109W_D22_035951_2644_XN_84N107W,output_-110_-100_60_85,84.1904,84.7299,54.1286,0.0
D21_035529_2646_XN_84N109W_F01_036043_2644_XN_84N105W,G:\crater_flux_output_folders\output_-110_-100_60_85\D21_035529_2646_XN_84N109W_F01_036043_2644_XN_84N105W,output_-110_-100_60_85,84.2205,84.6711,362.8615,0.0
D21_035529_2646_XN_84N109W_D22_035595_2645_XN_84N108W,G:\crater_flux_output_folders\output_-110_-100_60_85\D21_035529_2646_XN_84N109W_D22_035595_2645_XN_84N108W,output_-110_-100_60_85,84.1493,84.8851,638.0973,0.0
D21_035529_2646_XN_84N109W_F01_036294_2649_XN_84N112W,G:\crater_flux_output_folders\output_-115_-110_50_85\D21_035529_2646_XN_84N109W_F01_036294_2649_XN_84N112W,output_-110_-100_60_85,84.3378,85.0001,580.2922,0.0
D21_035529_2646_XN_84N109W_F03_037085_2645_XN_84N107W,G:\crater_flux_output_folders\output_-110_-100_60_85\D21_035529_2646_XN_84N109W_F03_037085_2645_XN_84N107W,output_-110_-100_60_85,84.1812,85.0001,665.9368,0.0
D21_035529_2646_XN_84N109W_F21_044193_2644_XN_84N107W,G:\crater_flux_output_folders\output_-110_-100_60_85\D21_035529_2646_XN_84N109W_F21_044193_2644_XN_84N107W,output_-110_-100_60_85,84.1875,84.7262,488.1223,0.0
D21_035529_2646_XN_84N109W_F23_044861_2756_XN_84N107W,G:\crater_flux_output_folders\output_-110_-100_60_85\D21_035529_2646_XN_84N109W_F23_044861_2756_XN_84N107W,output_-110_-100_60_85,84.1396,84.7639,461.7119,0.0
D21_035529_2646_XN_84N109W_J02_045604_2644_XN_84N107W,G:\crater_flux_output_folders\output_-115_-110_50_85\D21_035529_2646_XN_84N109W_J02_045604_2644_XN_84N107W,output_-110_-100_60_85,84.1858,84.8662,166.1015,0.0
D21_035529_2646_XN_84N109W_J03_046105_2645_XN_84N107W,G:\crater_flux_output_folders\output_-110_-100_60_85\D21_035529_2646_XN_84N109W_J03_046105_2645_XN_84N107W,output_-110_-100_60_85,84.1772,85.0001,669.0485,0.0
F01_036373_2652_XN_85N113W_D22_035595_2645_XN_84N108W,G:\crater_flux_output_folders\output_-110_-100_60_85\F01_036373_2652_XN_85N113W_D22_035595_2645_XN_84N108W,output_-110_-100_60_85,84.7458,84.931,39.4068,0.0
F01_036373_2652_XN_85N113W_F01_036294_2649_XN_84N112W,G:\crater_flux_output_folders\output_-115_-110_50_85\F01_036373_2652_XN_85N113W_F01_036294_2649_XN_84N112W,output_-110_-100_60_85,84.7458,85.0001,420.138,0.0
F01_036373_2652_XN_85N113W_F03_037085_2645_XN_84N107W,G:\crater_flux_output_folders\output_-115_-110_50_85\F01_036373_2652_XN_85N113W_F03_037085_2645_XN_84N107W,output_-110_-100_60_85,84.7458,85.0001,290.1204,0.0
F01_036373_2652_XN_85N113W_J02_045604_2644_XN_84N107W,G:\crater_flux_output_folders\output_-115_-110_50_85\F01_036373_2652_XN_85N113W_J02_045604_2644_XN_84N107W,output_-110_-100_60_85,84.7458,84.9224,25.0247,0.0
F01_036373_2652_XN_85N113W_J03_046105_2645_XN_84N107W,G:\crater_flux_output_folders\output_-110_-100_60_85\F01_036373_2652_XN_85N113W_J03_046105_2645_XN_84N107W,output_-110_-100_60_85,84.7458,85.0001,125.9028,0.0
F01_036004_2644_XN_84N106W_D22_035951_2644_XN_84N107W,G:\crater_flux_output_folders\output_-110_-100_60_85\F01_036004_2644_XN_84N106W_D22_035951_2644_XN_84N107W,output_-110_-100_60_85,83.9396,84.7235,1047.7444,0.0
F01_036004_2644_XN_84N106W_F01_036043_2644_XN_84N105W,G:\crater_flux_output_folders\output_-110_-100_60_85\F01_036004_2644_XN_84N106W_F01_036043_2644_XN_84N105W,output_-110_-100_60_85,83.9407,84.7376,1203.9034,0.0
F01_036004_2644_XN_84N106W_D22_035595_2645_XN_84N108W,G:\crater_flux_output_folders\output_-110_-100_60_85\F01_036004_2644_XN_84N106W_D22_035595_2645_XN_84N108W,output_-110_-100_60_85,84.1007,84.6934,620.3562,0.0
F01_036004_2644_XN_84N106W_F01_036294_2649_XN_84N112W,G:\crater_flux_output_folders\output_-110_-100_60_85\F01_036004_2644_XN_84N106W_F01_036294_2649_XN_84N112W,output_-110_-100_60_85,84.3771,84.6573,169.5919,0.0
F01_036004_2644_XN_84N106W_F04_037296_2641_XN_84N101W,G:\crater_flux_output_folders\output_-110_-100_60_85\F01_036004_2644_XN_84N106W_F04_037296_2641_XN_84N101W,output_-110_-100_60_85,84.0203,84.3942,250.6773,0.0
F01_036004_2644_XN_84N106W_F03_037085_2645_XN_84N107W,G:\crater_flux_output_folders\output_-110_-100_60_85\F01_036004_2644_XN_84N106W_F03_037085_2645_XN_84N107W,output_-110_-100_60_85,83.909,84.7147,1131.2763,0.0
F01_036004_2644_XN_84N106W_F04_037322_2641_XN_84N101W,G:\crater_flux_output_folders\output_-110_-100_60_85\F01_036004_2644_XN_84N106W_F04_037322_2641_XN_84N101W,output_-110_-100_60_85,84.0158,84.3943,259.0251,0.0
F01_036004_2644_XN_84N106W_F21_044193_2644_XN_84N107W,G:\crater_flux_output_folders\output_-110_-100_60_85\F01_036004_2644_XN_84N106W_F21_044193_2644_XN_84N107W,output_-110_-100_60_85,83.9492,84.7302,1046.1822,0.0
F01_036004_2644_XN_84N106W_F23_044861_2756_XN_84N107W,G:\crater_flux_output_folders\output_-110_-100_60_85\F01_036004_2644_XN_84N106W_F23_044861_2756_XN_84N107W,output_-110_-100_60_85,83.95,84.7256,985.2487,0.0
F01_036004_2644_XN_84N106W_J02_045604_2644_XN_84N107W,G:\crater_flux_output_folders\output_-110_-100_60_85\F01_036004_2644_XN_84N106W_J02_045604_2644_XN_84N107W,output_-110_-100_60_85,83.909,84.7223,1115.8561,0.0
F01_036004_2644_XN_84N106W_J03_046105_2645_XN_84N107W,G:\crater_flux_output_folders\output_-110_-100_60_85\F01_036004_2644_XN_84N106W_J03_046105_2645_XN_84N107W,output_-110_-100_60_85,83.909,84.7122,1111.7735,0.0
D22_035951_2644_XN_84N107W_F01_036043_2644_XN_84N105W,G:\crater_flux_output_folders\output_-110_-100_60_85\D22_035951_2644_XN_84N107W_F01_036043_2644_XN_84N105W,output_-110_-100_60_85,83.9761,84.7702,1039.9529,0.0
D22_035951_2644_XN_84N107W_D22_035595_2645_XN_84N108W,G:\crater_flux_output_folders\output_-110_-100_60_85\D22_035951_2644_XN_84N107W_D22_035595_2645_XN_84N108W,output_-110_-100_60_85,84.0788,84.7691,799.5802,0.0
D22_035951_2644_XN_84N107W_F01_036294_2649_XN_84N112W,G:\crater_flux_output_folders\output_-110_-100_60_85\D22_035951_2644_XN_84N107W_F01_036294_2649_XN_84N112W,output_-110_-100_60_85,84.3382,84.7199,249.955,0.0
D22_035951_2644_XN_84N107W_F04_037296_2641_XN_84N101W,G:\crater_flux_output_folders\output_-110_-100_60_85\D22_035951_2644_XN_84N107W_F04_037296_2641_XN_84N101W,output_-110_-100_60_85,84.0865,84.3657,143.2616,0.0
D22_035951_2644_XN_84N107W_F03_037085_2645_XN_84N107W,G:\crater_flux_output_folders\output_-110_-100_60_85\D22_035951_2644_XN_84N107W_F03_037085_2645_XN_84N107W,output_-110_-100_60_85,83.929,84.7961,1231.0834,0.0
D22_035951_2644_XN_84N107W_F04_037322_2641_XN_84N101W,G:\crater_flux_output_folders\output_-110_-100_60_85\D22_035951_2644_XN_84N107W_F04_037322_2641_XN_84N101W,output_-110_-100_60_85,84.0749,84.3559,147.7706,0.0
D22_035951_2644_XN_84N107W_F21_044193_2644_XN_84N107W,G:\crater_flux_output_folders\output_-115_-110_50_85\D22_035951_2644_XN_84N107W_F21_044193_2644_XN_84N107W,output_-110_-100_60_85,83.9388,84.7985,45.3074,0.0
D22_035951_2644_XN_84N107W_F23_044861_2756_XN_84N107W,G:\crater_flux_output_folders\output_-110_-100_60_85\D22_035951_2644_XN_84N107W_F23_044861_2756_XN_84N107W,output_-110_-100_60_85,83.9668,84.7829,1053.4725,0.0
D22_035951_2644_XN_84N107W_J02_045604_2644_XN_84N107W,G:\crater_flux_output_folders\output_-115_-110_50_85\D22_035951_2644_XN_84N107W_J02_045604_2644_XN_84N107W,output_-110_-100_60_85,83.929,84.8076,50.2584,0.0
D22_035951_2644_XN_84N107W_J03_046105_2645_XN_84N107W,G:\crater_flux_output_folders\output_-115_-110_50_85\D22_035951_2644_XN_84N107W_J03_046105_2645_XN_84N107W,output_-110_-100_60_85,83.929,84.7929,50.2584,0.0
F01_036043_2644_XN_84N105W_D22_035595_2645_XN_84N108W,G:\crater_flux_output_folders\output_-110_-100_60_85\F01_036043_2644_XN_84N105W_D22_035595_2645_XN_84N108W,output_-110_-100_60_85,84.1154,84.7189,629.724,0.0
F01_036043_2644_XN_84N105W_F01_036294_2649_XN_84N112W,G:\crater_flux_output_folders\output_-110_-100_60_85\F01_036043_2644_XN_84N105W_F01_036294_2649_XN_84N112W,output_-110_-100_60_85,84.3547,84.6579,157.8501,0.0
F01_036043_2644_XN_84N105W_F04_037296_2641_XN_84N101W,G:\crater_flux_output_folders\output_-110_-100_60_85\F01_036043_2644_XN_84N105W_F04_037296_2641_XN_84N101W,output_-110_-100_60_85,84.0098,84.4057,292.004,0.0
F01_036043_2644_XN_84N105W_F03_037085_2645_XN_84N107W,G:\crater_flux_output_folders\output_-110_-100_60_85\F01_036043_2644_XN_84N105W_F03_037085_2645_XN_84N107W,output_-110_-100_60_85,83.8928,84.7544,1129.9911,0.0
F01_036043_2644_XN_84N105W_F04_037322_2641_XN_84N101W,G:\crater_flux_output_folders\output_-110_-100_60_85\F01_036043_2644_XN_84N105W_F04_037322_2641_XN_84N101W,output_-110_-100_60_85,84.0039,84.4094,301.2783,0.0
F01_036043_2644_XN_84N105W_F21_044193_2644_XN_84N107W,G:\crater_flux_output_folders\output_-110_-100_60_85\F01_036043_2644_XN_84N105W_F21_044193_2644_XN_84N107W,output_-110_-100_60_85,83.9817,84.784,1040.7151,0.0
F01_036043_2644_XN_84N105W_F23_044861_2756_XN_84N107W,G:\crater_flux_output_folders\output_-110_-100_60_85\F01_036043_2644_XN_84N105W_F23_044861_2756_XN_84N107W,output_-110_-100_60_85,83.9551,84.7547,973.5454,0.0
F01_036043_2644_XN_84N105W_J02_045604_2644_XN_84N107W,G:\crater_flux_output_folders\output_-110_-100_60_85\F01_036043_2644_XN_84N105W_J02_045604_2644_XN_84N107W,output_-110_-100_60_85,83.9426,84.7683,1093.7619,0.0
F01_036043_2644_XN_84N105W_J03_046105_2645_XN_84N107W,G:\crater_flux_output_folders\output_-110_-100_60_85\F01_036043_2644_XN_84N105W_J03_046105_2645_XN_84N107W,output_-110_-100_60_85,83.889,84.7502,1111.2511,0.0
D22_035595_2645_XN_84N108W_F01_036294_2649_XN_84N112W,G:\crater_flux_output_folders\output_-115_-110_50_85\D22_035595_2645_XN_84N108W_F01_036294_2649_XN_84N112W,output_-110_-100_60_85,84.3378,84.876,273.9111,0.0
D22_035595_2645_XN_84N108W_F04_037296_2641_XN_84N101W,G:\crater_flux_output_folders\output_-110_-100_60_85\D22_035595_2645_XN_84N108W_F04_037296_2641_XN_84N101W,output_-110_-100_60_85,84.2477,84.3323,13.9262,0.0
D22_035595_2645_XN_84N108W_F03_037085_2645_XN_84N107W,G:\crater_flux_output_folders\output_-110_-100_60_85\D22_035595_2645_XN_84N108W_F03_037085_2645_XN_84N107W,output_-110_-100_60_85,84.0727,84.931,993.8145,0.0
D22_035595_2645_XN_84N108W_F04_037322_2641_XN_84N101W,G:\crater_flux_output_folders\output_-110_-100_60_85\D22_035595_2645_XN_84N108W_F04_037322_2641_XN_84N101W,output_-110_-100_60_85,84.2677,84.3112,1.0074,0.0
D22_035595_2645_XN_84N108W_F21_044193_2644_XN_84N107W,G:\crater_flux_output_folders\output_-110_-100_60_85\D22_035595_2645_XN_84N108W_F21_044193_2644_XN_84N107W,output_-110_-100_60_85,84.0725,84.762,806.883,0.0
D22_035595_2645_XN_84N108W_F23_044861_2756_XN_84N107W,G:\crater_flux_output_folders\output_-110_-100_60_85\D22_035595_2645_XN_84N108W_F23_044861_2756_XN_84N107W,output_-110_-100_60_85,84.0672,84.83,817.0,0.0
D22_035595_2645_XN_84N108W_J02_045604_2644_XN_84N107W,G:\crater_flux_output_folders\output_-110_-100_60_85\D22_035595_2645_XN_84N108W_J02_045604_2644_XN_84N107W,output_-110_-100_60_85,84.0746,84.911,967.5959,0.0
D22_035595_2645_XN_84N108W_J03_046105_2645_XN_84N107W,G:\crater_flux_output_folders\output_-110_-100_60_85\D22_035595_2645_XN_84N108W_J03_046105_2645_XN_84N107W,output_-110_-100_60_85,84.0683,84.931,1000.8092,0.0
F01_036294_2649_XN_84N112W_F03_037085_2645_XN_84N107W,G:\crater_flux_output_folders\output_-115_-110_50_85\F01_036294_2649_XN_84N112W_F03_037085_2645_XN_84N107W,output_-110_-100_60_85,84.3378,85.0001,456.4124,0.0
F01_036294_2649_XN_84N112W_F21_044193_2644_XN_84N107W,G:\crater_flux_output_folders\output_-110_-100_60_85\F01_036294_2649_XN_84N112W_F21_044193_2644_XN_84N107W,output_-110_-100_60_85,84.3402,84.717,243.2318,0.0
F01_036294_2649_XN_84N112W_F23_044861_2756_XN_84N107W,G:\crater_flux_output_folders\output_-110_-100_60_85\F01_036294_2649_XN_84N112W_F23_044861_2756_XN_84N107W,output_-110_-100_60_85,84.3378,84.7438,182.49,0.0
F01_036294_2649_XN_84N112W_J02_045604_2644_XN_84N107W,G:\crater_flux_output_folders\output_-110_-100_60_85\F01_036294_2649_XN_84N112W_J02_045604_2644_XN_84N107W,output_-110_-100_60_85,84.3378,84.8571,342.2091,0.0
F01_036294_2649_XN_84N112W_J03_046105_2645_XN_84N107W,G:\crater_flux_output_folders\output_-115_-110_50_85\F01_036294_2649_XN_84N112W_J03_046105_2645_XN_84N107W,output_-110_-100_60_85,84.3378,85.0001,449.0536,0.0
F04_037296_2641_XN_84N101W_F03_037085_2645_XN_84N107W,G:\crater_flux_output_folders\output_-110_-100_60_85\F04_037296_2641_XN_84N101W_F03_037085_2645_XN_84N107W,output_-110_-100_60_85,83.9926,84.3611,203.2916,0.0
F04_037296_2641_XN_84N101W_F04_037322_2641_XN_84N101W,G:\crater_flux_output_folders\output_-110_-100_60_85\F04_037296_2641_XN_84N101W_F04_037322_2641_XN_84N101W,output_-110_-100_60_85,83.6791,84.5008,1019.8075,0.0
F04_037296_2641_XN_84N101W_F21_044193_2644_XN_84N107W,G:\crater_flux_output_folders\output_-110_-100_60_85\F04_037296_2641_XN_84N101W_F21_044193_2644_XN_84N107W,output_-110_-100_60_85,84.0836,84.3625,132.9496,0.0
F04_037296_2641_XN_84N101W_F23_044861_2756_XN_84N107W,G:\crater_flux_output_folders\output_-110_-100_60_85\F04_037296_2641_XN_84N101W_F23_044861_2756_XN_84N107W,output_-110_-100_60_85,84.1738,84.3706,39.0461,0.0
F04_037296_2641_XN_84N101W_J02_045604_2644_XN_84N107W,G:\crater_flux_output_folders\output_-110_-100_60_85\F04_037296_2641_XN_84N101W_J02_045604_2644_XN_84N107W,output_-110_-100_60_85,84.048,84.364,164.069,0.0
F04_037296_2641_XN_84N101W_J03_046105_2645_XN_84N107W,G:\crater_flux_output_folders\output_-110_-100_60_85\F04_037296_2641_XN_84N101W_J03_046105_2645_XN_84N107W,output_-110_-100_60_85,83.8916,84.3573,268.3615,0.0
F03_037085_2645_XN_84N107W_F04_037322_2641_XN_84N101W,G:\crater_flux_output_folders\output_-110_-100_60_85\F03_037085_2645_XN_84N107W_F04_037322_2641_XN_84N101W,output_-110_-100_60_85,83.9892,84.35,224.2775,0.0
F03_037085_2645_XN_84N107W_F21_044193_2644_XN_84N107W,G:\crater_flux_output_folders\output_-110_-100_60_85\F03_037085_2645_XN_84N107W_F21_044193_2644_XN_84N107W,output_-110_-100_60_85,83.9362,84.7868,1231.0872,0.0
F03_037085_2645_XN_84N107W_F23_044861_2756_XN_84N107W,G:\crater_flux_output_folders\output_-110_-100_60_85\F03_037085_2645_XN_84N107W_F23_044861_2756_XN_84N107W,output_-110_-100_60_85,83.95,84.83,1056.1879,0.0
F03_037085_2645_XN_84N107W_J02_045604_2644_XN_84N107W,G:\crater_flux_output_folders\output_-115_-110_50_85\F03_037085_2645_XN_84N107W_J02_045604_2644_XN_84N107W,output_-110_-100_60_85,83.8912,84.9367,155.8779,0.0
F03_037085_2645_XN_84N107W_J03_046105_2645_XN_84N107W,G:\crater_flux_output_folders\output_-110_-100_60_85\F03_037085_2645_XN_84N107W_J03_046105_2645_XN_84N107W,output_-110_-100_60_85,83.838,85.0001,1697.3051,0.0
F04_037322_2641_XN_84N101W_F21_044193_2644_XN_84N107W,G:\crater_flux_output_folders\output_-110_-100_60_85\F04_037322_2641_XN_84N101W_F21_044193_2644_XN_84N107W,output_-110_-100_60_85,84.0732,84.3512,144.25,0.0
F04_037322_2641_XN_84N101W_F23_044861_2756_XN_84N107W,G:\crater_flux_output_folders\output_-110_-100_60_85\F04_037322_2641_XN_84N101W_F23_044861_2756_XN_84N107W,output_-110_-100_60_85,84.1379,84.3497,37.3686,0.0
F04_037322_2641_XN_84N101W_F23_044905_2634_XN_83N099W,G:\crater_flux_output_folders\output_-110_-100_60_85\F04_037322_2641_XN_84N101W_F23_044905_2634_XN_83N099W,output_-110_-100_60_85,83.646,83.6751,0.6113,0.0
F04_037322_2641_XN_84N101W_J02_045604_2644_XN_84N107W,G:\crater_flux_output_folders\output_-110_-100_60_85\F04_037322_2641_XN_84N101W_J02_045604_2644_XN_84N107W,output_-110_-100_60_85,84.0398,84.3537,178.8387,0.0
F04_037322_2641_XN_84N101W_J03_046105_2645_XN_84N107W,G:\crater_flux_output_folders\output_-110_-100_60_85\F04_037322_2641_XN_84N101W_J03_046105_2645_XN_84N107W,output_-110_-100_60_85,83.8972,84.3448,287.747,0.0
F19_043112_2607_XN_80N104W_J20_052474_2607_XN_80N102W,G:\crater_flux_output_folders\output_-110_-100_60_85\F19_043112_2607_XN_80N104W_J20_052474_2607_XN_80N102W,output_-110_-100_60_85,80.2937,81.0546,864.4191,0.0
F21_044193_2644_XN_84N107W_F23_044861_2756_XN_84N107W,G:\crater_flux_output_folders\output_-110_-100_60_85\F21_044193_2644_XN_84N107W_F23_044861_2756_XN_84N107W,output_-110_-100_60_85,83.9715,84.7772,1059.0677,0.0
F21_044193_2644_XN_84N107W_J02_045604_2644_XN_84N107W,G:\crater_flux_output_folders\output_-115_-110_50_85\F21_044193_2644_XN_84N107W_J02_045604_2644_XN_84N107W,output_-110_-100_60_85,83.9351,84.7972,44.33,0.0
F21_044193_2644_XN_84N107W_J03_046105_2645_XN_84N107W,G:\crater_flux_output_folders\output_-115_-110_50_85\F21_044193_2644_XN_84N107W_J03_046105_2645_XN_84N107W,output_-110_-100_60_85,83.9315,84.7839,44.33,0.0
F22_044233_2563_XN_76N103W_J19_052171_2539_XI_73N100W,G:\crater_flux_output_folders\output_-110_-100_60_85\F22_044233_2563_XN_76N103W_J19_052171_2539_XI_73N100W,output_-110_-100_60_85,75.6209,75.7349,18.8645,0.0
F22_044299_2580_XN_78N108W_F22_044457_2580_XN_78N108W,G:\crater_flux_output_folders\output_-110_-100_60_85\F22_044299_2580_XN_78N108W_F22_044457_2580_XN_78N108W,output_-110_-100_60_85,77.0968,78.6849,2543.0957,0.0
F22_044299_2580_XN_78N108W_F23_044853_2582_XN_78N109W,G:\crater_flux_output_folders\output_-115_-110_50_85\F22_044299_2580_XN_78N108W_F23_044853_2582_XN_78N109W,output_-110_-100_60_85,77.572,78.5746,181.6839,0.0
F22_044299_2580_XN_78N108W_J01_045011_2582_XN_78N108W,G:\crater_flux_output_folders\output_-110_-100_60_85\F22_044299_2580_XN_78N108W_J01_045011_2582_XN_78N108W,output_-110_-100_60_85,77.538,78.6,1565.1457,0.0
F22_044299_2580_XN_78N108W_J03_046053_2566_XN_76N106W,G:\crater_flux_output_folders\output_-110_-100_60_85\F22_044299_2580_XN_78N108W_J03_046053_2566_XN_76N106W,output_-110_-100_60_85,77.1328,77.8234,646.0199,0.0
F22_044299_2580_XN_78N108W_J03_045855_2562_XN_76N105W,G:\crater_flux_output_folders\output_-110_-100_60_85\F22_044299_2580_XN_78N108W_J03_045855_2562_XN_76N105W,output_-110_-100_60_85,77.1056,78.2194,1503.5882,0.0
F22_044457_2580_XN_78N108W_F23_044853_2582_XN_78N109W,G:\crater_flux_output_folders\output_-110_-100_60_85\F22_044457_2580_XN_78N108W_F23_044853_2582_XN_78N109W,output_-110_-100_60_85,77.577,78.5726,1530.0212,0.0
F22_044457_2580_XN_78N108W_J01_045011_2582_XN_78N108W,G:\crater_flux_output_folders\output_-110_-100_60_85\F22_044457_2580_XN_78N108W_J01_045011_2582_XN_78N108W,output_-110_-100_60_85,77.538,78.5988,1649.3506,0.0
F22_044457_2580_XN_78N108W_J03_046053_2566_XN_76N106W,G:\crater_flux_output_folders\output_-110_-100_60_85\F22_044457_2580_XN_78N108W_J03_046053_2566_XN_76N106W,output_-110_-100_60_85,77.1084,77.8403,900.6842,0.0
F22_044457_2580_XN_78N108W_J03_045855_2562_XN_76N105W,G:\crater_flux_output_folders\output_-110_-100_60_85\F22_044457_2580_XN_78N108W_J03_045855_2562_XN_76N105W,output_-110_-100_60_85,77.0729,78.2297,1847.2456,0.0
F23_044853_2582_XN_78N109W_J01_045011_2582_XN_78N108W,G:\crater_flux_output_folders\output_-110_-100_60_85\F23_044853_2582_XN_78N109W_J01_045011_2582_XN_78N108W,output_-110_-100_60_85,77.5784,78.5732,1514.334,0.0
F23_044853_2582_XN_78N109W_J03_046053_2566_XN_76N106W,G:\crater_flux_output_folders\output_-110_-100_60_85\F23_044853_2582_XN_78N109W_J03_046053_2566_XN_76N106W,output_-110_-100_60_85,77.6288,77.8202,123.8686,0.0
F23_044853_2582_XN_78N109W_J03_045855_2562_XN_76N105W,G:\crater_flux_output_folders\output_-110_-100_60_85\F23_044853_2582_XN_78N109W_J03_045855_2562_XN_76N105W,output_-110_-100_60_85,77.5995,78.2202,749.45,0.0
F23_044861_2756_XN_84N107W_J02_045604_2644_XN_84N107W,G:\crater_flux_output_folders\output_-115_-110_50_85\F23_044861_2756_XN_84N107W_J02_045604_2644_XN_84N107W,output_-110_-100_60_85,83.95,84.83,2.1966,0.0
F23_044861_2756_XN_84N107W_J03_046105_2645_XN_84N107W,G:\crater_flux_output_folders\output_-115_-110_50_85\F23_044861_2756_XN_84N107W_J03_046105_2645_XN_84N107W,output_-110_-100_60_85,83.95,84.83,5.6427,0.0
F23_044866_2601_XN_80N112W_J16_051103_2596_XN_79N110W,G:\crater_flux_output_folders\output_-115_-110_50_85\F23_044866_2601_XN_80N112W_J16_051103_2596_XN_79N110W,output_-110_-100_60_85,79.7689,79.8852,214.5664,0.0
J01_045011_2582_XN_78N108W_J03_046053_2566_XN_76N106W,G:\crater_flux_output_folders\output_-110_-100_60_85\J01_045011_2582_XN_78N108W_J03_046053_2566_XN_76N106W,output_-110_-100_60_85,77.6175,77.8348,144.3226,0.0
J01_045011_2582_XN_78N108W_J03_045855_2562_XN_76N105W,G:\crater_flux_output_folders\output_-110_-100_60_85\J01_045011_2582_XN_78N108W_J03_045855_2562_XN_76N105W,output_-110_-100_60_85,77.5706,78.2263,828.7706,0.0
J03_046053_2566_XN_76N106W_J03_045855_2562_XN_76N105W,G:\crater_flux_output_folders\output_-110_-100_60_85\J03_046053_2566_XN_76N106W_J03_045855_2562_XN_76N105W,output_-110_-100_60_85,75.2061,77.8534,4444.3719,0.0
J02_045499_2547_XN_74N100W_J19_052171_2539_XI_73N100W,G:\crater_flux_output_folders\output_-110_-100_60_85\J02_045499_2547_XN_74N100W_J19_052171_2539_XI_73N100W,output_-110_-100_60_85,74.052,75.061,279.315,262.9544
J02_045604_2644_XN_84N107W_J03_046105_2645_XN_84N107W,G:\crater_flux_output_folders\output_-115_-110_50_85\J02_045604_2644_XN_84N107W_J03_046105_2645_XN_84N107W,output_-110_-100_60_85,83.889,84.9338,149.9011,0.0
J02_045697_2566_XN_76N106W_J03_045855_2562_XN_76N105W,G:\crater_flux_output_folders\output_-110_-100_60_85\J02_045697_2566_XN_76N106W_J03_045855_2562_XN_76N105W,output_-110_-100_60_85,76.0953,77.003,249.9463,0.0
